user,bus_no,boarding_point_name,pincode,latitude,longitude,address
5907,36C,Porur signal ,600116,13.034217998602417,80.15595149008784,"No:7, First Floor, Kundrathur Main Rd, above Tamilnadu Textiles, Kungumam Nagar, Porur, Chennai, Tamil Nadu 600116, India"
1672,30c,Lakshmi nagar ,600116,13.038205654354806,80.16551587442969,"13-14, Arcot Rd, Sai Nagar, Thiruvium Nagar, Porur, Chennai, Tamil Nadu 600116, India"
2749,33C,Nesappaakkam ,600078,13.041830818222296,80.1932917503869,"18-764, Munusamy Salai, KK Nagar West, K. K. Nagar, Chennai, Tamil Nadu 600078, India"
5583,14,andarkuppum check post,600103,13.192100484954098,80.26949998155743,"1/130, Vaikkadu, Manali New Town, Manali, Chennai, Edayanchavadi, Tamil Nadu 600103, India"
1590,25C,Ramampuram,600125,13.0147876,80.1784375,"407, Link Rd, Ramapuram, River View Colony, Manapakkam, Chennai, Tamil Nadu 600125, India"
360,17,Uthukottai ,602026,13.333876837153309,79.88893964178972,"55, Tirupati Rd, Uthukkottai, Tamil Nadu 602026, India"
7411,11A,Ambattur Telephone Exchange,600058,13.10023096245851,80.16219728353664,"G29, Sidco Industrial Estate, Ambattur, Chennai, Tamil Nadu 600058, India"
515,43,Tirrutani,631209,13.183712354132505,79.61870389284107,"5JM9+G83, Kasinathapuram, Thiruttani, Tamil Nadu 631209, India"
3141,12B,Welding Shop,600099,13.1232845,80.2228044,"23/22, Red Hills Rd, Sri Ganapathi Rao Nagar, Kolathur, Chennai, Tamil Nadu 600082, India"
5819,12c,Retteri Petrol bunk,600099,13.1342176,80.20583810000001,"11, Vallikollaimedu, Bharathi Nagar, Thiruverkadu, Chennai, Tamil Nadu 600099, India"
5774,20a,Camp road,600073,12.922439876171532,80.14203034041822,"202, Velachery Rd, Rajeshwari Nagar, Selaiyur, Chennai, Tamil Nadu 600073, India"
5744,37c,Poonamalle bypass ,600056,13.0377051,80.0974341,"23A, Padmavathi Nagar, Lakshmipuram, Ramachandran Nagar, Poonamallee, Chennai, Tamil Nadu 600056, India"
6081,40C,Kanchipuram Bus Stand,631502,12.8477467,79.7052975,"RPX4+449, Kanchipuram Railway Station Rd, Iyankaran Nagar, Periya, Kanchipuram, Tamil Nadu 631502, India"
3642,35A,Gangai amman Kovil stop,600122,13.038160391624832,80.11313477047267,"Gangai Amman Kovil, Manali Saravana Nagar, Kamatchiamman Nagar, Poonamallee, Chennai, Tamil Nadu 600122, India"
5946,4c,Mehtanagar,600094,13.0605816,80.2261151,"8/17, Bajanai Koil St, Choolaimedu, Chennai, Tamil Nadu 600094, India"
3780,42A,Perambakkam ,631402,13.037480954328537,79.81347725270385,"1/377, Hospital Road, Perambakkam, Tamil Nadu 631402, India"
6397,27C,Pattinapakkam Signal,600028,13.0281016,80.2708074,"52/32, 12th Trust Cross St, Mandavelipakkam, Raja Annamalai Puram, Chennai, Tamil Nadu 600004, India"
8087,18D,Kollumedu ,600062,13.1389433,80.1353638,"36/13, Yamuna Nagar, Saraswati Nagar, Thirumullaivoyal, Chennai, Tamil Nadu 600062, India"
1929,5B,Shrivari Signal,600095,13.061413533306975,80.15128009430289,"2, Poonamallee High Rd, Ganapathy Nagar, Vanagaram, Chennai, Tamil Nadu 600095, India"
272,44,Panapakkam ,631052,12.918431,79.5682459,"11/4, Anna Nagar, Panapakkam, Nedumpuli, Tamil Nadu 631052, India"
6657,13C,Poompuhar Nagar,600099,13.1342176,80.20583810000001,"11, Vallikollaimedu, Bharathi Nagar, Thiruverkadu, Chennai, Tamil Nadu 600099, India"
6704,21C,Jayalakshmi theatre,600088,12.990346234492094,80.20021471603773,"3/2, Parthasarathi Nagar 1st St, Parthasarathy Nagar, Adambakkam, Chennai, Tamil Nadu 600088, India"
3152,20C,"669th 2nd part mylai Balaji nagar,Pallikaranai,Chennai-100",600100,12.9171412,80.1940972,"45, 3rd Street, Perumbakkam, Chennai, Tamil Nadu 600100, India"
3590,10,Vysarapadi jeeva,600039,13.108963469356611,80.25433063165423,"9, AA Rd, Gandhi Nagar, Vyasarpadi, Chennai, Tamil Nadu 600012, India"
7925,26,"Meesapet market, royapettah, chenai -14",600014,13.053364147950532,80.26965986946283,"88/2/195, Peter's Rd, Mirsahibpet, Royapettah, Chennai, Tamil Nadu 600014, India"
470,14,madhavaram ring road ,600060,13.1596214,80.22864589999999,"F1, Ring Road Housing Sector, Madhavaram, Chennai, Tamil Nadu 600060, India"
3176,15A,Bharat petrol bank ,600077,13.068114150314374,80.12784633546234,"349H+63X, Sivan Kovil Rd, Balaji Nagar, Thiruverkadu, Chennai, Tamil Nadu 600077, India"
5772,25C,Ramapuram signal,600089,13.020524,80.184243,"Old Survey No 32/21, Mount Poonamallee Rd, Parthasarathy Nagar, Manapakkam, Chennai, Tamil Nadu 600125, India"
225,11A,DRJ(Thathankuppam),600099,13.11888614225832,80.1987624246228,"200ft, Jawaharlal Nehru Salai, near HP Petrol Station, Thathan Kuppam, Villivakkam, Chennai, Tamil Nadu 600076, India"
6913,3c,Shenoy nagar ,600030,13.0786997,80.2251345,"Shenoy Nagar, 3rd Cross St E, Bharathi Puram, Shenoy Nagar, Chennai, Tamil Nadu 600030, India"
98,17A,"Manavalanagar, railway station",602002,13.1136444,79.9135912,"4W77+CF3, K K Nagar, Manavalanagar, Tamil Nadu 602002, India"
268,44,Sriperumbudur toll gate ,602105,12.981746073879885,79.96811404333944,"Karanthangal, Tamil Nadu 602117, India"
4326,3,Choolai ,600112,13.089709792323443,80.26082524229979,"Chettiar Complex, 41, Kalathiappa St, Choolai, Chennai, Tamil Nadu 600012, India"
2211,25c,Besant Nagar bus depot ,600090,13.0002927,80.2666982,"2728+4M8 Bessy, RBI Quarters, Besant Nagar, Chennai, Tamil Nadu 600090, India"
5773,5A,Maduravoyal Ration shop ,600095,13.066668345146216,80.17508844151078,"467, Nh48, Vishwas Nagar, Maduravoyal, Chennai, Tamil Nadu 600107, India"
1559,40,Tollgate,631501,12.8226415,79.7304573,"15/127, Thrivulluvar Nagar, Kanchipuram, Tamil Nadu 631601, India"
4323,37,Mgr statue ,600056,13.04425763831775,80.1154653648466,"8/127, Kundrathur Main Rd, MSS Nagar, Kumunanchavadi, Chennai, Tamil Nadu 600056, India"
4839,8C,Waves,600101,13.08711233010624,80.19510074262512,"31, West, Anna Nagar West, Anna Nagar, Chennai, Tamil Nadu 600040, India"
3140,28,Valluvarkottam ,600034,13.052629347217506,80.24026948490472,"Kodambakkam high road, no 154, Vaikundapuram 2nd St, Kakkan Colony, Darmapuram, Nungambakkam, Chennai, Tamil Nadu 600034, India"
4291,41A,Bagaveli koot road ,632508,12.906640013349968,79.41244590546873,"No 3 Near Tollgate, Walajapet, Walajapet, Bagaveli, Tamil Nadu 632513, India"
417,31,Srm hospital,600033,13.0418126,80.2247068,"Thambiah Road, 68, Duraiswamy Subway, Gokulam Colony, Ramakrishnapuram, West Mambalam, Chennai, Tamil Nadu 600033, India"
7009,3,Gangadeeswarar Koil,600012,13.093299456328054,80.25391836846451,"63/29, Kosapet, Purasaiwakkam, Chennai, Tamil Nadu 600012, India"
6009,18B,Sekkadu,600072,13.0915772,80.0702555,"43F4+7VWChennai - Thiruttani, Chennai - Thiruttani - Renigunta Hwy, Soranjeri, Tamil Nadu 600072, India"
2729,5,Razzak Garden Main Rd,600106,13.0716288,80.2148135,"85, Razzak Garden Main Rd, Pp Nagar, Arumbakkam, Chennai, Tamil Nadu 600106, India"
1592,40A,Ekanampettai busstand,631601,12.80432298561608,79.76856735487935,"Main Road, Tamil Nadu 631601, India"
3275,28C,Near Lakshman Shruthi,600083,13.044212717565213,80.21075736720788,"9, Flat -1, PT Rajan Road, 18th Ave, Sector 10, Sector 13, K. K. Nagar, Chennai, Tamil Nadu 600083, India"
3089,11c,Korattur police station,600080,13.1077972,80.1863353,"455P+4HJ, TNHB Colony, Korattur, Chennai, Tamil Nadu 600050, India"
7013,37B,Karaiyanchavadi ,600122,13.046634502116024,80.11155095177149,"60/36/351, Karayanchavadi, Chennai, Tamil Nadu 600056, India"
5806,15c,Chittukadu bus stop,600072,13.0895146,80.0491263,"32QX+XJ5, Sitharkadu, Soranjeri, Tamil Nadu 600072, India"
5752,15A,Vellappanchavadi ,600077,13.060691435706769,80.13648264846483,"346P+8JM, NH 48, Maccana Industrial Estate, Madhiravedu, Poonamallee, Chennai, Tamil Nadu 600077, India"
3120,15D,Ganesh Bhavan,600077,13.11467562075012,80.12617893850512,"447G+RCM, Station Rd, Jyothi Nagar, Annanur, Ambattur, Chennai, Tamil Nadu 600109, India"
6055,40B,"Mungil mandapam, Kanchipuram ",631501,12.8301941,79.7012218,"24g, Madam St, Pillaiyarpalayam, Kanchipuram, Tamil Nadu 631501, India"
2791,9A,DR super market ,600037,13.0835569,80.1730553,"Pukazhenthi Salai, No 2/335, Mogappair West, Mohanram Nagar, Mogappair, Chennai, Tamil Nadu 600037, India"
241,28,Valluvarkottam,600034,13.05960080195466,80.24775438786662,"Taj Coramandel, Tirumurthy Nagar, Nungambakkam, Chennai, Tamil Nadu 600034, India"
4261,5B,"Sri vari signal, Vanagaram",600095,13.061103,80.15136249999999,"27, Poonamallee High Rd, near Srivaaru Mahal Signal, Ganapathy Nagar, Vanagaram, Chennai, Tamil Nadu 600095, India"
228,41C,Puttuthaku,632517,12.941665846305463,79.2370547392859,"2/111b, Anna Nagar, Puttuthakku, Vellore, Tamil Nadu 632517, India"
4274,35,Pammal,600075,12.974679943746867,80.13276768758496,"213, Thiruneermalai Main Rd, Mgr Nagar, VOC Nagar, Pammal, Chennai, Tamil Nadu 600075, India"
8121,6,Anna nagar Post office / Anna nagar tower metro,600040,13.084882846171656,80.20795941147213,"36M5+X6F, 2nd Ave, A E Block, Block AE, Anna Nagar, Chennai, Tamil Nadu 600040, India"
6003,34,"Basic factory outlet, kattupakkam, chennai ",600056,13.040450989217378,80.12894068460731,"24RH+5HC, Pushpa Nagar, Kattupakkam, Chennai, Tamil Nadu 600056, India"
1637,20C,Ponniamman Koil ,600091,12.9644378,80.1952343,"1-352-353, Karthikeyapuram, Madipakkam, Chennai, Tamil Nadu 600091, India"
1606,17E,Gomathipuram ,602024,13.1171361,80.0312692,"9/6, Thiruninravur, Thandoor Nagar, Gomathipuram, Chennai, Tamil Nadu 602024, India"
6983,18,Ponnu supermarket,600054,13.12018903460939,80.09350995250824,"394, Chennai - Tiruvallur High Rd, Gandhi Nagar, Avadi, Tamil Nadu 600054, India"
6955,19C,Hastinapuram ,600044,12.9426891,80.1379797,"2nd floor, 12, Chitlapakkam Main Rd, Kamaraj Colony, Nehru Nagar, Chromepet, Chennai, Tamil Nadu 600044, India"
4448,40,Periyar Nagar kanchipuram ,631501,12.8181398,79.7341114,"17c, Karpagam Avenue, Periyar nagar, Thrivulluvar Nagar, Nattapettai, Tamil Nadu 631501, India"
3708,7c,TSK,600037,13.0852637,80.18608309999999,"1st floor, 2/23, Seethakathi Salai, TS Krishna Nagar, J J Nagar, Mogappair East, Chennai, Tamil Nadu 600037, India"
506,42A,Mappedu kootroad,631402,13.0086519,79.84087869999999,"2R5R+F9 Pillaiyarkuppam, Tamil Nadu, India"
6441,20,Pallikaranai jeyachandran,600100,12.92160644256398,80.19738022383422,"Jayachandran Textiles, 147, Jeyachandran Nagar 1st Main Rd, BHEL Nagar, Jeyachandran Nagar, Medavakkam, Chennai, Tamil Nadu 600100, India"
6942,29,Avichi school,600092,13.048788,80.1972469,"25XW+GV9, NSK Lane, AVM Nagar, Virugambakkam, Chennai, Tamil Nadu 600092, India"
250,35A,Kumananchavadi Nilgiris,600056,13.04779072783338,80.1200898063274,"Capricorne Enterprises, Jamals Luxor, No.137, Poonamallee High Rd, Jeevan Prakash Nagar, Kattupakkam, Chennai, Tamil Nadu 600056, India"
5002,33C,K.K.Nagar,600078,13.042689337672684,80.1953344420293,"917, Santhiniketan Colony, Sector 10, K. K. Nagar, Chennai, Tamil Nadu 600078, India"
4230,23,Kovilambakkam,600129,12.945821748678703,80.18310224854866,"3782-a, Medavakkam Main Rd, Rose Nagar, Kovilambakkam, Chennai, Tamil Nadu 600117, India"
6951,20E,Chrompet,600044,12.9514922,80.1408089,"X42R+VG3 Chrompet Train Station, Chrompet Train Station, Railway, Radha Nagar, Chromepet, Chennai, Tamil Nadu 600044, India"
4549,10C,Kambar Arangam,600038,13.099095456534792,80.21965228065848,"Kambar Aarangam, Ayanavaram, Chennai, Tamil Nadu 600038, India"
1289,2,Tondiarpet metro,600081,13.1238112,80.28819899999999,"Tondiarpet, Tondiarpet, Chennai, Tamil Nadu 600081, India"
7650,34C,Iyyappanthangal Bus Depot,600056,13.0369169,80.1356108,"2/36, Ramachandra Nagar, Iyyappanthangal, Chennai, Tamil Nadu 600056, India"
3000,42A,"Perambakkam,bus stand ",631402,13.037265697900096,79.81351738062395,"Parambakkam, Hospital Road, Perambakkam, Tamil Nadu 631402, India"
7311,18A,Paruthipattu Police Booth,600071,13.08467248803412,80.10079525268016,"Vgp Dynasty Vgn Dynasty, Vgp Dynasty, Avadi, Tamil Nadu 600077, India"
6038,13, Thiruvalluvar Kalyana Mandapam,600082,13.1181605,80.2203268,"4/3, Periyar Nagar West, Kolathur, Chennai, Tamil Nadu 600082, India"
3341,34C,Porur bus stop ,600095,13.0357263,80.1535789,"3/9A, SH 55, Jaya Nagar, Porur, Chennai, Tamil Nadu 600116, India"
235,17D,Kottambedu,602024,13.094175209022524,80.00661417349421,"32V4+QH3, Perumalpattu - Kottamedu Rd, Perumalpattu, Tamil Nadu 602024, India"
2467,30C,Chinmaya Nagar,600107,13.0620719,80.1923735,"T/B -99, Anna Fruit Market, Vedha Nagar, Chinmaya Nagar Stage II Extension, Kumaran Nagar, Virugambakkam, Chennai, Tamil Nadu 600092, India"
5919,17E,Vellavedu ,600124,13.06777371611906,80.03558558925107,"329P+25C, Vellavedu, Tamil Nadu 600124, India"
1601,17A,Putlur Bus Stop,602025,13.113321076073907,79.94111994640961,"5, Kizhandai St, Putlur, Tamil Nadu 602025, India"
2053,11A,Ambattur telephone exchange ,600053,13.103556,80.156609,"T.I Miller, Ksr Nagar, Ambattur, Chennai, Tamil Nadu 600053, India"
6033,30c,"Valasaravakkam, kesavarthini",600087,13.04177842001326,80.17885319138254,"No 137 A ramasamy street sridevikuppam kesavarthini bus stop valasaravakkam, Indira Nagar, Chennai, Tamil Nadu 600087, India"
4492,29c,Mega Mart,600087,13.0476386,80.1821011,"84-B, Indira St, Near Kalyaani Thirumana Mandapam, Ramakrishna Nagar, Valasaravakkam, Chennai, Tamil Nadu 600087, India"
497,9a,Velammal hall Mogappair ,600037,13.081080284655885,80.16094376686169,"Vasanth Apartment, Block A, Mel Ayanambakkam, Mogappair, Chennai, Tamil Nadu 600095, India"
2175,30C,Viveks and sathya porur ,600116,13.036348298705729,80.16097545664857,"4-30, Thirumurugan Nagar, Ramakrishna Nagar, Porur, Chennai, Tamil Nadu 600116, India"
3694,41,Boys shool,632513,12.92825243396304,79.36161412644579,"53, Swarnachetty St, Walajapet, Tamil Nadu 632513, India"
1581,13,Thiruvalluvar Kalyanamandabam,600082,13.109854982569756,80.2223241022855,"30, Anna St, G.K.M Colony, Gandhi Nagar, Chitharanjan Colony, Red Hills, Chennai, Tamil Nadu 600052, India"
576,7c ,MUGAPPAIR golden flats,600050,13.0876656,80.17891019999999,"1456/136, Garden Ave, Thiruvalluvar Nagar, Mogappair, Chennai, Tamil Nadu 600037, India"
5479,15C,Singapore Shopping Ambattur ,600053,13.123516165968502,80.14623455390625,"12, Ram Nagar, Vinayagapuram, Ambattur, Chennai, Tamil Nadu 600053, India"
3667,16B,"Oragadam, ambattur",600053,13.1228139,80.1517239,"70, Oragadam Rd, Vijayalakshmi Puram, Ambattur, Chennai, Tamil Nadu 600053, India"
5913,12,Mr Nagar ceelam bakery,600118,13.1362021,80.2585897,"257/8, Kodungaiyur (East), muthamil Nagar, Kodungaiyur, Chennai, Tamil Nadu 600118, India"
7803,9A,Mogappair west police booth opposite to velammal hall,600095,13.076688,80.1479962,"Ayanambakkam, Chennai, Tamil Nadu 600095, C Block, Agraharam, Kil Ayanambakkam, Chennai, Tamil Nadu 600095, India"
6167,40c,Rama's cafe ,631501,12.8278661,79.72316119999999,"13a, Thirukalimedu, 192Kanchipuram, Tamil Nadu 631501, India"
3716,35a,Mangadu bus stop,600122,13.031102662446472,80.11113502851194,"252, Kundrathur Main Rd, MGR Nagar, Mangadu, Chennai, Tamil Nadu 600122, India"
2384,37D,Nazarathpettai ,600123,13.0440585,80.0805417,"2/177, Nazarathpet, Chennai, Nazarathpettai, Tamil Nadu 600123, India"
6195,2,Tondiarpet,600081,13.1251842,80.289183,"67QF+QMF, 42, Thiruvottiyur High Rd, Sanjeevarayanpet, Tondiarpet, Kodakarai, Chennai, Tamil Nadu 600120, India"
4445,38,Dusi,631702,12.771110471484809,79.67882670036741,"QMCH+HF, Dusi, Tamil Nadu 631702, India"
7266,16,Outer ring road bridge ,600052,13.197251529045426,80.15678174783864,"55W4+VM, Gandhinagar, Red Hills, Chennai, Attanthangal, Tamil Nadu 600052, India"
4883,44,Nemili bus stand,631051,12.97810457826698,79.61735234548514,"XJH8+7W2, Nemili, Tamil Nadu 631051, India"
3913,9c,Mogappair west,600037,13.0814762,80.1669512,"DR Super Market, Mogappair West Main Rd, 4th Block, Mogappair West, Ambattur Industrial Estate, Chennai, Tamil Nadu 600037, India"
4025,24,Independence day park,600061,12.981521525661078,80.18563908554688,"X5JP+H7M, 45th St, Nanganallur, Chennai, Tamil Nadu 600061, India"
3306,19E,"Bharathinagar ,mudichur west Tambaram ",600048,12.92139081999735,80.09344369391913,"10, Ramani Nagar, Gandhi Nagar, Perungalattur, Chennai, Tamil Nadu 600045, India"
5959,16,"Padiyanalur,redhills ",600052,13.202972660673284,80.16736380231939,"6538+6W3, Padianallur, Chennai, Tamil Nadu 600052, India"
6133,16C,Omayal aachi nursing college,600066,13.1568679,80.195437,"No.52, Surapet Rd, Puzhal, Chennai, Kadirvedu, Tamil Nadu 600066, India"
1862,40C,Indra Nagar,631502,12.853265814130973,79.70657436857529,"171, near Ponneri Karai Bridge, Annai Indra Nagar, Konerikuppam, Kanchipuram, Tamil Nadu 631502, India"
6145,31,Srm hospital West Mambalam ,600033,13.0430169,80.2243674,"10, Ramakrishnapuram, West Mambalam, Chennai, Tamil Nadu 600033, India"
863,15E,Vinayagapuram ,600099,13.1398108,80.2058313,"46Q4+W8G, Vinayakapuram, Lakshmipuram, Chennai, Tamil Nadu 600099, India"
3837,4,Chintadripet,600002,13.0752459,80.269791,"22, Arunachallam St, Chintadripet, Chennai, Tamil Nadu 600002, India"
7403,16,Thachoor,600067,13.262291956330214,80.15518350289773,"7564+W4J, Janappanchatram, Tamil Nadu 600067, India"
2135,14,Minjur bus deport,601203,13.2837414,80.2445036,"01, Ramachandra Nagar, RAMACHANDRA NAGAR, Kesavapuram, Minjur, Nalur, Tamil Nadu 601203, India"
6121,20,Kamakshi hospital pallikaranai ,600100,12.932475,80.2130295,"W6J7+X65, Thiru Vi Ka St, Pallikaranai, Chennai, Tamil Nadu 600100, India"
6161,19B,Bharathamatha street,600059,12.924326431123871,80.12600722249366,"9, Subramania Siva St, Railway Colony, East Tambaram, Tambaram, Chennai, Tamil Nadu 600059, India"
3195,11A,Ambattur Telephone Exchange,600053,13.103556,80.156609,"T.I Miller, Ksr Nagar, Ambattur, Chennai, Tamil Nadu 600053, India"
3374,7C,TS Krishna Nagar,600050,13.087873331370556,80.18522019027162,"35QP+539, TS Krishna Nagar, J J Nagar, Mogappair East, Chennai, Tamil Nadu 600050, India"
5933,39C,ekambaranathar sannathi street,631502,12.8426879,79.6994601,"34, Pandavaperumal Koil St, Periya, Kanchipuram, Tamil Nadu 631502, India"
3397,13,70 feet road,600082,13.1087236,80.2282183,"13, Loco Scheme Colony, Perambur, Chennai, Tamil Nadu 600082, India"
3655,18,Ponnu bazar ,600054,13.11606777886851,80.10302362997729,"4483+C62, New Military Rd, Thirumalai Rajapuram, TNHB Mig V Block, Avadi, Tamil Nadu 600054, India"
5981,17B,Kadambathur ,631203,13.094894903857002,79.85941164432414,"3VW5+2RX, Kadambathur, Tamil Nadu 631203, India"
3953,15,near ot bus stand,600062,13.1158792,80.1384696,"448Q+79X, Brindavan Avenue, Ganapathi Nagar, Krishnapuram, Ambattur, Chennai, Tamil Nadu 600109, India"
1427,34c,Iyypanthangal depot,600122,13.0210902,80.12670240000001,"24CG+CMP, Paraniputhur, Iyyappanthangal, Chennai, Tamil Nadu 600122, India"
3412,7A,Velammal school,600037,13.0879659257836,80.18266439960108,"92, TS Krishna Nagar, Anna Nagar West, Mogappair East, Chennai, Tamil Nadu 600050, India"
970,1,Thiruvottiyur police station,600019,13.15491750369452,80.3008624637897,"5832+X95, 1st St, Chinna Mettupalaiyam, Rajakadai, Tiruvottiyur, Chennai, Tamil Nadu 600019, India"
5899,29c,"Mega mart, alwarthirunagar",600087,13.0373013,80.1776691,"New No.29/1, New Colony 5th Cross Street, Alwar Thirunagar, New Bethana Nagar, Chennai, Tamil Nadu 600087, India"
194,23,Pazhavanthangal subway ,600061,12.98764076679419,80.18537342574788,"X5QP+34G, Krishnaswamy Street, Pazavanthangal, Chennai, Tamil Nadu 600114, India"
6808,43,Tiruttani ,631208,13.1700717,79.6131864,"5JC7+3PP, SH58, Thiruthani Hill, Thiruttani, Tamil Nadu 631209, India"
4587,15C,Rakki theatre ,600053,13.1226034,80.14741479999999,"1, Ambattur Red Hills Rd, Ram Nagar, Ambattur, Chennai, Tamil Nadu 600053, India"
6695,32,Aranganathan Subway,600015,13.0247754,80.2245208,"95/3, Jenis Rd, Saidapet East, Suriyammapet, Saidapet, Chennai, Tamil Nadu 600015, India"
6105,13A,"DON BOSCO SCHOOL, PERAVALLUR, CHENNAI",600082,13.118218926253538,80.22712869030818,"2/27, Paper Mills Road, Chelliamman Colony, Peravallur, Perambur, Chennai, Tamil Nadu 600082, India"
1524,18A,JB Estate ,600054,13.110911372588024,80.10998725891113,"4466+92J, JB Estate, Avadi, Tamil Nadu 600054, India"
5815,19A,Krishna nagar,600045,12.917041027038406,80.0952279060787,"W38W+W53, Shakthi Nagar Main Rd, West Tambaram, Tambaram, Tamil Nadu 600063, India"
3179,41A,Police station ,632503,12.897675329837544,79.32017038379985,"17, Chetpet Rd, Indra Nagar, Arcot, Tamil Nadu 632503, India"
3985,24c,Thiruneer Malai,600044,12.9514818,80.131906,"32, First New St, Umayalpuram, New Colony, Chromepet, Chennai, Tamil Nadu 600044, India"
4573,28,Power house ,600024,13.0505832,80.2180265,"10/15, VOC Colony, Kodambakkam, Chennai, Tamil Nadu 600024, India"
7805,5b,Harsha Toyota,600077,13.060462988945524,80.13164516664152,"Jamals Caladium Block-A, Jamals Caladium, 7401, TNHB, Ayappakkam, Chennai, Tamil Nadu 600077, India"
1987,41c,Vellore ,632001,12.962426396294475,79.13104998751818,"X47J+284, Aruppumedu Rd, Suthanthira Ponvizha Nagar, Venkatraman Nagar, Katpadi, Vellore, Tamil Nadu 632006, India"
2503,15,Opposite to Kaveri Textiles,600053,13.120029922011314,80.14949480986321,"455, Madras Thiruvallur High Rd, Secretariat Colony, Vivek Nagar, Ambattur, Chennai, Tamil Nadu 600053, India"
7789,34C,Iyyappanthangal reliance smart,600056,13.038521343732768,80.13379555501709,"J Center Bus Depot, Mount Poonamallee Rd, near Iyyappanthangal, VGN Nagar, Iyyappanthangal, Chennai, Tamil Nadu 600056, India"
2328,4,Chetpet signal ,600031,13.069421440992102,80.24233346630363,"47, Spur Tank road, M.S. Nagar, Mukta Gardens, Chetpet, Chennai, Tamil Nadu 600031, India"
6126,20D,Selaiyur,600059,12.9228114,80.1273503,"175, East Tambaram, Selaiyur, Chennai, Tamil Nadu 600059, India"
4447,33C,Nesapakkam ,600078,13.0388246,80.1916145,"22/25, Bazaar St, KK Nagar West, Nesapakkam, Chennai, Tamil Nadu 600078, India"
4064,31,Bazuallah Road TNagar,600017,13.04658586969395,80.23756357727659,"38(74), 2nd Floor, Mass Tower's, Bazullah Rd, T. Nagar, Chennai, Tamil Nadu 600017, India"
886,3 ,Choolai,600007,13.0878912,80.2574072,"18/11, Bishop Ln, Perumalpet, Purasaiwakkam, Chennai, Tamil Nadu 600007, India"
3320,18c,Govardhanagiri,600071,13.0991952,80.1123352,"26/1, Govardanagiri, Avadi, Tamil Nadu 600071, India"
7796,20E,Chrompet Bus Stand,600044,12.953536,80.1443901,"X43V+CQ6, Lakshmi Nagar, Radha Nagar, Chromepet, Chennai, Tamil Nadu 600044, India"
1053,8c,IOB mogappair east,600037,13.081174938541636,80.18391013985196,"32, Pari Rd, J J Nagar, Mogappair East, Chennai, Tamil Nadu 600037, India"
6884,41,Ranipet ,632513,12.932411138880829,79.36214854869272,"37, Ambedkar Nagar Rd, Walajapet, Tamil Nadu 632513, India"
6300,37,Saravana stores porur,600116,13.0318529,80.16354199999999,"Solitaire Apartments, Trunk Rd, Somasundaram Avenue, Porur, Chennai, Tamil Nadu 600116, India"
7391,35A,Pattu Koot road,600122,13.027029739605496,80.11079897545807,"24G6+Q8W, Mangadu Rd, Then Colony, Mangadu, Chennai, Tamil Nadu 600122, India"
2306,37,Porur Saravana stores ,600116,13.032002077029263,80.16339730231319,"Porur Sakthi Nagar, SH 55, Theru Veedhi Amman Koil Streets, Porur, Chennai, Tamil Nadu 600116, India"
1624,43,Pattrai,602002,13.10336329208904,79.90776977944265,"111, SH 57, Venkathur, Tamil Nadu 602002, India"
3954,31,ayodhya mandapam west Mambalam ,600033,17.4463555,78.576438,"3-13-74, FCI Godown Rd, Surya Nagar, Mallapur, Hyderabad, Secunderabad, Telangana 500076, India"
7634,19F,Thailavaram signel ,603203,12.83128356690587,80.044793865278,"R2JV+HVP, Potheri, Thailavaram, Tamil Nadu 603203, India"
7777,34c,Iyyappanthangal - Reliance Smart,600056,13.0362072,80.1345897,"2/127, Venugopalapuram, Iyyappanthangal, Chennai, Tamil Nadu 600056, India"
2165,7,Anna Nagar East 6th avenue ,600040,13.094821456355223,80.20090558564453,"18th Main Road Gowtham Flats, Anna Nagar West, Anna Nagar, Chennai, Tamil Nadu 600040, India"
5332,13C,Grace super market ,600049,13.11417600235638,80.20884652615744,"14/8, Rajaji Nagar, Villivakkam, Chennai, Tamil Nadu 600049, India"
504,37,Porur saravana stores,600116,13.03219905489025,80.16341815356036,"Porur Sakthi Nagar, SH 55, Theru Veedhi Amman Koil Streets, Porur, Chennai, Tamil Nadu 600116, India"
4984,9a,Nolambur sbi bank ,600095,13.0807704,80.16441979999999,"HIG-1/67/3, Mogappair West Main Rd, Nolambur, Ambattur Industrial Estate, Chennai, Tamil Nadu 600037, India"
1832,5c,Nerkundrum,600107,13.0769295,80.1859808,"Pohs Apartment, A1-6, 2nd floor, 64, Justice Rathinavel Pandian Rd, Golden George Nagar, Mogappair East, Chennai, Tamil Nadu 600107, India"
212,39,Moongil Mandapam ,631501,12.8302487,79.7036408,"9, Vallal Pachaiyappan St, near Moongil mandapam, signal, Kanchipuram, Tamil Nadu 631501, India"
2294,16A,Redhills anjineer Kovil stoping ,600052,13.1915505,80.1860726,"PVR Ltd. PVR Cinemas 4th Floor Galaxy Mall Survey No. 93/IC, 2B, GNT Rd, Red Hills, Chennai, Padianallur, Tamil Nadu 600052, India"
5426,37c,Municipality ,600056,13.050465069794432,80.09329962383703,"Poonamallee, MG Nagar, Poonamallee, Chennai, Tamil Nadu 600056, India"
219,1,"Liftgate , Ennore ",600057,13.184718083995827,80.31293752802937,"58M7+V3H, Bharath Nagar, Neidhal Nagar, Tiruvottiyur, Chennai, Tamil Nadu 600057, India"
2970,38c,"Collector office, Kanchipuram.",631501,12.8217318,79.6966122,"91, Collector office, Kanchipuram, Tamil Nadu 631501, India"
4451,44,Sunguvarchatram ,602108,12.951415155081063,79.8161646104662,"XR28+HJJ, Madhura Mangalam Road, Maduramangalam, Tamil Nadu 602108, India"
3515,35,Kundrathur bus stand,600069,12.99741362561062,80.09634185336492,"600069, Jaganathapuram, Sikkarayapuram, Tamil Nadu 600069, India"
4685,15,Murugappa polytechnic college ,600062,13.1269534,80.117655,"Building-2, Police Quaters(Avadi), Poompozhil Nagar, Santhi Nagar, Avadi, Tamil Nadu 600062, India"
4871,9B,7M,600037,13.082329081109984,80.16964777511105,"Mogappair West, Ambattur Industrial Estate, 4th Block, Mogappair West, Ambattur Industrial Estate, Chennai, Tamil Nadu 600037, India"
5200,36,Kovur,600128,13.0101843,80.1189182,"60, Kovur, Chennai, Thandalam, Tamil Nadu 600128, India"
2161,19A,Perungalathur erri karai,600063,12.9076179,80.1035791,"30, 4th St, Devanesan Nagar, Peerkankaranai, New Perungalathur, Chennai, Tamil Nadu 600063, India"
4975,12,M.r.nagar ,600118,13.13039941549686,80.25080877069381,"116, Tondiarpet High Rd, Kodungaiyur (East), MR Nagar, Kodungaiyur, Chennai, Tamil Nadu 600118, India"
162,9,Spartan school ,600037,13.0868645,80.1796196,"1, Thiruvalluvar Salai, Thiruvalluvar Nagar, J J Nagar, Mogappair East, Chennai, Tamil Nadu 600037, India"
4508,14c,Madhavaram ,600060,13.14778626274732,80.2310571835662,"3, Bazaar St, Kanmal Nagar, Madhavaram, Chennai, Tamil Nadu 600060, India"
5460,13A,Retteri,600099,13.12728045798311,80.21050874107316,"234, Siva Sakthi Nagar, Kolathur, Chennai, Tamil Nadu 600082, India"
6462,35A,MGR Statue,600056,13.040045033854184,80.11306189178264,"26/A, Astha Lakshmi Nagar, Kamachi Nagar, Mangadu, Chennai, Tamil Nadu 600056, India"
6910,12C,Perambur Railway station ,600011,13.1122713,80.2378842,"Old No 74/1, New No 95, Perambur High Road, Perambur, Near Perambur Bus Terminus, Neelam Garden, Perambur, Chennai, Tamil Nadu 600011, India"
7809,34C,Iyyapanthangal bus stop,600056,13.0378524,80.1350401,"Iyyappanthangal, Iyyappanthangal, Chennai, Tamil Nadu 600056, India"
2680,5B,Erikarai,600095,13.0615449,80.1646353,"Ground Floor, 241, Poonamallee High Rd, Maduravoyal, Chennai, Tamil Nadu 600095, India"
5966,35D,Pammal,600075,12.97496058540053,80.13270274461551,"No.146, Pammal Main Rd, Pasumpon Nagar, Pammal, Chennai, Tamil Nadu 600075, India"
1670,12C,Eswari Mahal,600039,13.11544181340275,80.24950926311627,"K V Apartments, 160, M P M Street, MPM Street, Kakkanji Colony, Perambur, Chennai, Tamil Nadu 600039, India"
4153,29,AVM Colony ,600092,13.050605628935276,80.19631655796064,"9/8, Kamarajar Salai, AVM Colony, Virugambakkam, Chennai, Tamil Nadu 600093, India"
7521,17D,"Thirumalisai Shivan Temple,Thirumalisai",600124,13.055871654882049,80.0596424108706,"Plot no:19, Sri Aadhi Vinayagar Avenue, Ramachandra Nagar, Thirumazhisai, Tamil Nadu 600124, India"
6744,36,Kovur,600128,13.0101843,80.1189182,"60, Kovur, Chennai, Thandalam, Tamil Nadu 600128, India"
4534,15C,Singapore Shopping Ambattur,600053,13.1214371,80.148208,"125, Chennai - Thiruttani - Renigunta Hwy, Vivek Nagar, Ram Nagar, Ambattur, Chennai, Tamil Nadu 600053, India"
7444,31,SRM hospital,600033,13.040382346915528,80.22435356647648,"17/8, Thambiah Rd, Gokulam Colony, Ramakrishnapuram, West Mambalam, Chennai, Tamil Nadu 600033, India"
5853,5C,Thirunagar signal,600026,13.0557209,80.2111536,"79, Jawaharlal Nehru Salai, Thiru Nagar Colony, NGO Colony, Vadapalani, Chennai, Tamil Nadu 600026, India"
2883,36C,Vigneshwara Nagar Bus stop ,600116,13.0268937,80.1504006,"97/119, MS Nagar, Porur, Chennai, Tamil Nadu 600116, India"
1639,17D,Veppambattu ,602024,13.1139877,79.9846467,"37E, Venkateshwara Nilayam, near Vinayagar kovil, Rail Nagar, Perumalpattu, Tamil Nadu 602024, India"
1595,35C,Sikkarayapuram ,600069,13.0163411,80.1012022,"2482+8J3, Chikkarayapuram, Sikkarayapuram, Chennai, Tamil Nadu 600069, India"
7868,11A,Karukku bridge,600053,13.108981874501604,80.17386578332068,"455F+FH2, Dairy Rd, Pattara Vakkam, Sidco Industrial Estate, Ambattur, Chennai, Tamil Nadu 600098, India"
3033,15D,ICMR,600077,13.1006164,80.13964949999999,"7096, Ayapakkam, Annanur, Ambattur, Chennai, Tamil Nadu 600077, India"
3153,35,Krishna nagar pammal,600075,12.9731726,80.13773069999999,"167, Krishna Nagar, Aranganathan Nagar, Pammal, Chennai, Tamil Nadu 600075, India"
297,43,Petrol bunk byepass,631209,13.183027974185748,79.615798175942,"5JM8+385, Kalaignar Nagar, Thiruttani, Tamil Nadu 631209, India"
4978,9A,Near mogappair west  police booth,600037,13.08021022367498,80.16165348826212,"35J6+3JG Greater Chennai corporation park - Mogappair west main road, 6th Main Rd, near Chennai Bypass Road, Nolambur, Ambattur Industrial Estate, Chennai, Tamil Nadu 600095, India"
4936,44,Nemili panapakkam ,632508,12.925797629525732,79.56968602085249,"WHG9+5VX, Panapakkam, Tamil Nadu 631052, India"
5823,20D,Vadakupettu,600129,12.935370317564386,80.1825716153556,"11/395, Karpagam Nagar Main Rd, Kulattur, Chennai, Tamil Nadu 600129, India"
6801,42A,Illuppaithandalam gate,631151,13.013741915348398,79.67568677643843,"2M7G+G4W, Kanchipuram - Thirupathi Hwy, Poyyapakkam, Tamil Nadu 631151, India"
7677,42A,Mappedu ,631402,13.014943465045956,79.86713336457423,"2V78+XV Mappedu, Tamil Nadu, India"
5329,21,"All star sports, Brindavan Nagar Main Road, Adambakkam ",600088,12.9861073,80.2109952,"7, F2, Gunamangai Apartments, Radha Nagar, Adambakkam, Chennai, Tamil Nadu 600088, India"
3359,4,Halls road junction,600008,13.07181321221869,80.2541642067094,"42, SAIT Colony 2nd St, Egmore, Chennai, Tamil Nadu 600008, India"
405,7,Akshayam hotel ,600040,13.092355017730409,80.21065600704385,"2nd Floor, No:14/59, 5th Ave, above Sree Akshayam Sweets n Bakers, S Block, Anna Nagar, Chennai, Tamil Nadu 600040, India"
6547,24c,Pallavaram Bus-stand,600043,12.96687350169264,80.14907636914677,"26, Grand Southern Trunk Rd, Subramaniya, Pallavaram, Chennai, Tamil Nadu 600043, India"
6992,20D,Nanmangalam,600117,12.93551386650191,80.18254571350793,"3164, Medavakkam Main Rd, Nanmangalam, Chennai, Tamil Nadu 600117, India"
5809,13B,TVK Nagar,600082,13.119938,80.2342226,"506-242, Tiru Vi Ka Nagar, Perambur, Chennai, Tamil Nadu 600011, India"
6132,31,SRM hospital t.nagar,600017,13.0436237,80.2313679,"8, Vasan St, T Nagar, T. Nagar, Chennai, Tamil Nadu 600017, India"
2716,19C,Kumaran Kundram ,600064,12.940491564725844,80.14271297290767,"3, Tholkappiyam St, Anna Nagar, Hasthinapuram, Chromepet, Chennai, Tamil Nadu 600064, India"
1098,11A,Telephone exchange Ambattur ,600058,13.10056512095322,80.16221950928887,"OMR Food Street ambattur industrial estate, Opp Ambattur, 4526+8V8, Sai Nagar, Ambattur Industrial Estate, Chennai, Tamil Nadu 600058, India"
5468,18A,"Avadi,JB Estate ",600054,13.1108322,80.1044982,"1394, Vivekananda Nagar, TNHB Mig V Block, Avadi, Tamil Nadu 600054, India"
3042,19,Thirutheri ,603204,12.755750738832695,80.00156833288763,"Q242+6GJ, Singaperumal Koil, Tamil Nadu 603204, India"
2286,14c,madhavaram bus stand,600060,13.154308082745828,80.22817459303744,"46, Mettu Ma Nagar, Manthaveli, Kadirvedu, Chennai, Tamil Nadu 600060, India"
546,2,Maharani theatre ,600021,13.1153868,80.28308559999999,"1083, Thiruvottiyur High Rd, Mottai Garden, Washermanpet, Chennai, Tamil Nadu 600021, India"
7186,44,Sekkankulam,631561,12.880328084552769,79.78010650782963,"Service Rd, Attuputhur, Neervalur, Tamil Nadu 631561, India"
7197,44,Panapakkam ,631052,12.923399497383592,79.56812810439769,"09, Panapakkam, Tamil Nadu 631052, India"
5100,36c,Baikadai,600125,13.018338397201584,80.14306576329001,"163, Lawrence Nagar, Raja Gopal Puram, Moulivakkam, Chennai, Tamil Nadu 600116, India"
7552,15C,"Singapore Shopping, Ambattur ",600053,13.0083052,80.0056423,"2254+87 Mevalurkuppam, Tamil Nadu, India"
3401,9C,DR super market,600037,13.0814762,80.1669512,"DR Super Market, Mogappair West Main Rd, 4th Block, Mogappair West, Ambattur Industrial Estate, Chennai, Tamil Nadu 600037, India"
7090,35C,Mangadu,600122,13.03346251317036,80.1102203362718,"31, Sriram Nagar, Sri Chakra Nagar, Mangadu, Chennai, Tamil Nadu 600056, India"
7660,1C,Rajiv Gandhi hospital ( GATE 1),600003,13.0873157,80.278173,"320, Edapalaiyam, Park Town, Chennai, Tamil Nadu 600003, India"
6715,1,Kaladipet metro,600019,13.15102,80.2995,"Kaladipet, Rajakadai, Tiruchanankuppam, Chennai, Tamil Nadu 600019, India"
4995,35,Pammal police booth,600075,12.974879010407092,80.13270378241232,"X4FM+X32, Thiruneermalai Main Rd, Lakshmi Narayana Nagar, Pammal, Chennai, Tamil Nadu 600075, India"
7726,5B,Harsha toyota(madhiravedu),600077,13.063102971719966,80.13280131060101,"44/49, Mariamman Koil St, Kandasamy Nagar, Velappar Nagar, Thiruverkadu, Chennai, Tamil Nadu 600077, India"
6148,36,Gerugambakkam bus stop,600122,13.006310143129804,80.13796034930526,"445, Bharati Nagar, Ramachandra Nagar, Chennai, Tamil Nadu 600027, India"
2341,8c,Waves,600101,13.0823732,80.21731590000002,"2/142, AA Block, Shanthi Colony, Anna Nagar, Chennai, Tamil Nadu 600040, India"
8095,17C,Tiruvallur GRT,602003,13.124492563402043,79.91133918280221,"oil mill, 172, JN Rd, opp. I.R.N, mandapam, Kakkalur, Tamil Nadu 602003, India"
2550,17,Uthukottai bus stop ,602026,13.333751190382008,79.89171074415285,"21, NH 716A, Uthukkottai, Tamil Nadu 517588, India"
2266,18c,kendriya vihar avadi,600071,13.1042611,80.1037721,"76, 3rd Main Rd, Ram Nagar, Srinivasa Nagar, Alapakkam, Valasaravakkam, Chennai, Avadi, Tamil Nadu 600071, India"
2276,18A,Jb estate,600054,13.108527929696924,80.09539822765471,"7/6, 7th St, Kamaraj Nagar, Chennai, Avadi, Tamil Nadu 600071, India"
4840,8c,Waves,600101,13.087432871933329,80.19237784813231,"6, Ambattur Estate Rd, Gaingaiammaannagar, Natarajan Nagar, Anna Nagar West, Anna Nagar, Chennai, Tamil Nadu 600040, India"
3222,20B,Padur Roundtana ,603103,12.808729715006866,80.22664998385433,"R65G+HH4, Padur, Tamil Nadu 603103, India"
6962,21C,Dhandeeshwaram,600042,12.982855289492406,80.22192021818617,"No.28, 5, Velachery main road, Guru Nanak Rd, Ram Nagar, Ramnagar South, Dhadeswaram Nagar, Velachery, Chennai, Tamil Nadu 600042, India"
2317,28,Sekhar emporium ,600094,13.0539253813465,80.2279261234003,"Sekar Emporium, Taylor Estate, Kodambakkam, Chennai, Tamil Nadu 600024, India"
2672,35D,Pammal ,600075,12.974111252659464,80.12760554822614,"1, 7th Cross St, LIC Colony, Pammal, Chennai, Tamil Nadu 600075, India"
4628,5c,Koyambedu ,600095,13.067298830877307,80.17773252256795,"Inside namma veedu vasantha bhavan, 358H+W39, Kanchipuram - Chennai Rd, Vishwas Nagar, Venkateswara NAgar, Maduravoyal, Chennai, Tamil Nadu 600095, India"
8057,37,Porur Saravanan store ,600116,13.0262197,80.1590972,"17B, Udhaya Nagar Main Rd, Ramakrishna Nagar, Kavya Garden, Porur, Chennai, Tamil Nadu 600116, India"
1032,16C,Wireless ,600053,13.131936007236328,80.16575050462689,"159, Ambattur Red Hills Rd, Kallikuppam, Pudur, Ambattur, Chennai, Tamil Nadu 600053, India"
1270,1c,Tondiarpet depot ,600081,13.139487597551945,80.28848562774182,"Block-8, Police Colony, Sivan Nagar, Police Colony, Tondiarpet, Chennai, Tamil Nadu 600081, India"
5244,17c,papparambakkam bus stand,602002,13.05316321920616,79.95884460199154,"3X35+5F8, Papparambakkam, Tamil Nadu 602025, India"
1012,15,Canara bank,600053,13.1103367,80.1525261,"Zenith Complex, 4563+42J, Madras Thiruvallur High Rd, Ramapuram, Ambattur, Chennai, Tamil Nadu 600053, India"
991,12B,Welding shop,600099,13.12340772443285,80.22280361639336,"30, Red Hills Rd, Sri Ganapathi Rao Nagar, Kolathur, Store, Chennai, Tamil Nadu 600110, India"
7492,1c,ST. Anne's School,600021,13.110619408920623,80.29203076706469,"PRIMARY SECTION, ST. ANNE'S GIRLS HIGHER SECONDARY SCHOOL-PUDUMANI KUPPAM, 73, MS Koil St, Pudumanaikuppam, Royapuram, Chennai, Tamil Nadu 600013, India"
6619,13,Agaram,600011,13.115975013283432,80.23169136566239,"468J+CM3, Agaram, Perambur, Chennai, Tamil Nadu 600011, India"
1036,37C,Poonamallee byepass,600056,13.048865763682558,80.08719581045685,"Varadaraja Puram, Poonamallee, Chennai, Tamil Nadu 600123, India"
754,34C,Iyyapanthangal,600056,13.037387620189476,80.1372351460502,"1/447, Mount Poonamallee Rd, Kamatchi Nagar, Venugopal Nagar, Iyyappanthangal, Chennai, Tamil Nadu 600056, India"
4184,13C,Grace supermarket,600099,13.1198409,80.20922519999999,"42, Sashtri St, Venkateshwara Nagar, Kolathur, Chennai, Tamil Nadu 600099, India"
4293,26C,Saidapet Metro,600015,13.023618,80.22810799999999,"Saidapet, Nandanam, Chennai, Tamil Nadu 600015, India"
3887,28c,"Keshavardhini , near mc Donald’s",600087,13.042654871845352,80.1817083626826,"4, Arcot Rd, Janaki Nagar, Alwartirunagar, Valasaravakkam, Chennai, Tamil Nadu 600087, India"
1271,35A,Kozhumanivakkam,600122,13.0243185,80.1025504,"2/155, Sri Kamatchiamman Nagar, Kozhumanivakkam, Mangadu, Chennai, Tamil Nadu 600069, India"
5525,3C,Kallarai,600010,13.0856285,80.2301941,"6/11, 10, Inner Circular Rd, Police Colony, Kilpauk Garden Colony, Kilpauk, Chennai, Tamil Nadu 600010, India"
7448,15A,"Kendriya Vihar, Velappanchavadi",600077,13.0587069,80.13640339999999,"B16, 360, Kendriya Vihar, Poonamallee, Chennai, Tamil Nadu 600077, India"
3587,20A,Rajakilpakkam bus stand ,600073,12.92261903412922,80.1517888464298,"128, Velachery Rd, Sembakkam, Selaiyur, Chennai, Tamil Nadu 600073, India"
6945,29c,Valasaravakkam signal,600087,13.034557759415106,80.17538113187712,"E2, Balambigai Nagar, Ramapuram, Chennai, Tamil Nadu 600087, India"
4375,17D,Thiruninravur Rountana,602024,13.146847714087002,80.0355344282488,"Plot no 55, near velammal academy, Srinivasa Nagar, Pakkam, Palavedu, Tamil Nadu 602024, India"
1846,7,SBI Bank 6th Avenue ,600040,13.092640232738864,80.20682431304745,"1764, 6th Ave, P Block, Vasantham Colony, Anna Nagar, Chennai, Tamil Nadu 600040, India"
7481,29c,Valasaravakkam,600116,13.0375614,80.16862979999999,"P dot G Nest Apartments, PON VIDYASHRAM GROUP OF CBSE SCHOOL-2, Sai Nagar, Porur, Chennai, Tamil Nadu 600116, India"
7445,29C,Alwarthirunagar,600087,13.040859238009268,80.184255594003,"29-15, Poochi Athipedu, Thiru Nagar, Valasaravakkam, Chennai, Tamil Nadu 600087, India"
374,30,Chinmaya Nagar ,600092,13.0628306,80.19267669999999,"B1 Second Floor, No.16, 1st Main Rd, Sri Ayyappa Nagar, Chinmaya Nagar Stage II Extension, Kumaran Nagar, Virugambakkam, Chennai, Tamil Nadu 600092, India"
1439,31,Sangamam Hotel(now manoj bhavan),600083,13.038962337693713,80.2158616007273,"16/8, Sarvamangala Colony, Sri Devi Colony, Ashok Nagar, Chennai, Tamil Nadu 600083, India"
1033,17B,Athikulam,602002,13.078729,79.9093001,"12 SN PURAM POLIVAKKAM village, SH 57, Tamil Nadu 602002, India"
3959,11C,BAKTHAVATCHLAM SCHOOL SIGNAL,600080,13.11136862011762,80.18379098808286,"25A, Venkatraman Nagar, Korattur, Chennai, Tamil Nadu 600080, India"
2246,19C,Hasthinapuram ,600044,12.9403644,80.1506036,"Hasthinapuram, Dr Rajendra Prasad Road, B.H.E.L Nagar, Krishna Nagar, Chromepet, B.H.E.L Nagar, Krishna Nagar, Chromepet, Chennai, Tamil Nadu 600044, India"
2277,2,tondiarpet metro,600081,13.125076190950306,80.28913322424316,"Metro, 218, Thiruvottiyur High Rd, Sanjeevarayanpet, Tondiarpet, Chennai, Tamil Nadu 600081, India"
1688,13B,Senthil Nagar,600099,13.1215898,80.2025209,"75a, 13th Cross St, Periyarnagar, Senthil Nagar, Kolathur, Chennai, Tamil Nadu 600099, India"
6028,29C,Valasaravakkam,600116,13.0427340704945,80.16376597033789,"Alapakkam Jeeva Garden, Metro Nagar, Porur, Chennai, Tamil Nadu 600116, India"
1746,7A,Velammal matriculation mogappair branch,600037,13.088101183417129,80.18257741846942,"C4 DCC MAYURI APARTMENTS, next to DAV boys school, Anna Nagar West Extension, Chennai, Tamil Nadu 600101, India"
3956,20c,Ponniamman Kovil ,600091,12.964897130768678,80.19732979137461,"73, Madipakkam Main Rd, Balaiah Garden, Madipakkam, Chennai, Tamil Nadu 600091, India"
6747,37C,Poonamalle bus stand ,600056,13.048919817618335,80.08829601388157,"23XQ+J78, Poonamallee Bypass Rd, Poonamallee, Chennai, Tamil Nadu 600123, India"
256,10,Ayanavaram Sayani theatre,600023,13.095055891874276,80.23668902549947,"49/13, 2nd St, Venkatesapuram Colony, Ayanavaram, Chennai, Tamil Nadu 600023, India"
358,31,"Madras Coffee House, Bazullah Road, T Nagar",600017,13.042273075364296,80.24404960106149,"4/39, T. Nagar, Chennai, Tamil Nadu 600017, India"
5892,11A,DRJ,600076,13.118767237715527,80.19869533210407,"200feet, Jawaharlal Nehru Salai, Thathan Kuppam, Villivakkam, Chennai, Tamil Nadu 600049, India"
7765,37C,Poonamallee  Ambedkar Statue,600056,13.0448756,80.0975536,"40, Ramanujakoodam St, Raja Nagar, Vignesh Nagar, Poonamallee, Chennai, Tamil Nadu 600056, India"
6829,42A,Senthamangalam,631051,12.987384001978006,79.6755099055225,"XMPG+W6R, MDR577, Illuppaithandalam, Tamil Nadu 631051, India"
1480,39,"KK Nagar,Kanchipuram ",631502,12.815132170591804,79.70535119696021,"619, Asriyarnagar, Venkateswara Nagar, Sivapuram, Kanchipuram, Tamil Nadu 631501, India"
1675,15C,"Shopping Singapore,Ambattur(O.T)",600053,13.120711654549948,80.14948697987872,"29, Secretariat Colony, Venkatapuram, Ambattur, Chennai, Tamil Nadu 600053, India"
3785,12B,Welding Shop,600099,13.123367489919223,80.22285447821032,"134b, Red Hills Rd, Somanathapuram, Kolathur, Chennai, Tamil Nadu 600099, India"
2325,28,Power house,600024,13.0580952,80.2194678,"1, Subbarayan St, Easwar Nagar, Choolaimedu, Chennai, Tamil Nadu 600024, India"
301,37C,"Kattupakkam, Paradise Biriyani ",600056,13.046205691548687,80.12495752885769,"43, 1st Main Rd, MAC Nagar, Kattupakkam, Chennai, Tamil Nadu 600056, India"
3529,35,Kundrathur ,600069,12.9969765,80.0961198,"Kundrathur, Murugan Kovil Rd, Kundrathur, Sikkarayapuram, Tamil Nadu 600069, India"
6632,11A,Thathankuppam,600076,13.1127902,80.1896663,"73,NRS road, Sivalingapuram, korattur, New Colony, Korattur, Chennai, Tamil Nadu 600076, India"
283,3,Saravana stores purasaiwalkam ,600007,13.0860564,80.2563514,"28/51, near Super Saravana Stores - Purasaiwakkam, Pennagaram, Purasaiwakkam, Chennai, Tamil Nadu 600084, India"
3466,20C,Ponniamman kovil,600091,12.964867348987053,80.19692054275066,"9, Pillaiyar Koil St, Thilakar Nagar, Balaiah Garden, Madipakkam, Chennai, Tamil Nadu 600091, India"
629,16c,Wireless,600053,13.131637206136173,80.16345170160662,"2, Ambattur Red Hills Rd, Tirumalai Priya Nagar, Pudur, Ambattur, Chennai, Tamil Nadu 600053, India"
3601,20c,Ponniamman Koil,600091,12.964843859776227,80.19685550855984,"9, Pillaiyar Koil St, Thilakar Nagar, Balaiah Garden, Chennai, Tamil Nadu 600091, India"
6806,23,Kovilambakkam,600129,12.9458348,80.1785485,"465, Veeramani Nagar, Nanmangalam, Chennai, Tamil Nadu 600129, India"
2520,16C,Pudur Bus stop ,600053,13.13042879454524,80.15878276609996,"1, Ambattur Red Hills Rd, Pudur, Ambattur, Chennai, Tamil Nadu 600053, India"
3077,16C,Pudur Bus stop ,600053,13.130434599093029,80.15878959206484,"1, Ambattur Red Hills Rd, Pudur, Ambattur, Chennai, Tamil Nadu 600053, India"
3460,33C,Nesapakkam,600078,13.0417685,80.19341539999999,"Shop No, 886, Munusamy Salai, KK Nagar West, K. K. Nagar, Chennai, Tamil Nadu 600078, India"
2109,4c,Layola college ,600034,13.058181374454565,80.23876775939533,"No. 19, 8, Pushpa Nagar Main Rd, Pushpa Nagar, Nungambakkam, Chennai, Tamil Nadu 600034, India"
7614,23,Ganesh nagar ,600091,12.9615838,80.1820336,"Vivekha Enclave, Plot No. 26, Sri Venkateswara Nagar, Moovarasampet, Yashodha Nagar, Keelkattalai, Chennai, Tamil Nadu 600091, India"
4289,3C,Murugan hospital ,600010,13.086597910509774,80.23300289877761,"9 5/1, 5th St, Kilpauk Garden, Kumaran Nagar, Kilpauk, Chennai, Tamil Nadu 600010, India"
5848,19A,Irumbuliyur,600045,12.9172182,80.1077205,"W485+V3Q, Ponnan Nagar, East Tambaram, Irumbuliyur, Chennai, Tamil Nadu 600059, India"
6625,31,"West Mambalam, SRM Hospital",600024,13.0537861,80.2279923,"Sekar Emporium Textiles Pvt.Ltd, 22, Arcot Rd, Taylor Estate, Kodambakkam, Chennai, Tamil Nadu 600024, India"
2636,33c,Vembuliamman koil ,600078,13.046287,80.18935640000001,"25WQ+GP9, Vembuliamman Koil St, Udhayam Colony, Sankareswarar Nagar, Virugambakkam, Chennai, Tamil Nadu 600092, India"
4564,35A,D.R.R Bus Stop [M.G.R Statue],600056,13.0410129,80.1150469,"556, Astha Lakshmi Nagar, Thanthai Periyar Nagar, Poonamallee, Chennai, Tamil Nadu 600056, India"
6065,11A,DRJ,600076,13.1081798,80.1834167,"58/164, Venkatraman Nagar, Korattur, Tiruvallur, Chennai, Tamil Nadu 600060, India"
5930,17,GRT,602001,13.12155545629838,79.92329685445179,"4WCF+J78, பூஞ்சோலை தெரு, Old NGGO Colony, Kakkalur, Tamil Nadu 602003, India"
3041,35C,Pattu koot road,600122,13.026986744720933,80.11077394031547,"24G6+Q8W, Mangadu Rd, Then Colony, Mangadu, Chennai, Tamil Nadu 600122, India"
282,5C,Radiance koyambedu,600107,13.073817071088442,80.19078861366889,"1167, Poonamallee High Rd, Koyambedu, Chennai, Tamil Nadu 600107, India"
4353,6,Anna Nagar tower park metro,600040,13.085009,80.208891,"Anna Nagar Tower, Z Block, AD Block, Anna Nagar, Chennai, Tamil Nadu 600040, India"
5896,13B,T.V.K Nagar,600082,13.1228364,80.231862,"27, Andal Ave 2nd St, T V K Nagar, Vetri Nagar, Perambur, Chennai, Tamil Nadu 600082, India"
7474,16B,"Oragadam bus stand, Ambattur",600053,13.12730741469924,80.15380321612753,"4, Gandhi Main Rd, Vijayalakshmi Puram, Oragadam, ambatturChennai, Chennai, Tamil Nadu 600053, India"
900,8,Anna nagar West Depot,600040,13.093573345384582,80.19848184958141,"Anna Nagar -West Depot, Pioneer Colony, Anna Nagar West Extension, Chennai, Tamil Nadu 600101, India"
3872,29,"Kamatchi stores , saligramam",600093,13.0517578,80.2003063,"1/55, Logaiah Colony, Saligramam, Chennai, Tamil Nadu 600093, India"
4701,25,RTO Thiruvanmiyur,600041,12.9747569,80.2561617,"2/413 TO 2/406, 3rd Cross St, Kannappa Nagar Extension, Valmiki Nagar, Thiruvanmiyur, Chennai, Tamil Nadu 600041, India"
6487,32,Blue Tank,600083,13.03525054700498,80.20860898615891,"26P5+3FP, 84th St, Ashok Nagar, Chennai, Tamil Nadu 600083, India"
3063,40,Canara bank opposite side street,602105,12.9675201,79.95284509999999,"2.cakkte Street Teruprambadduor Teruvalluoor Road, Nenmeli, Sriperumbudur, Tamil Nadu 602105, India"
8109,19d,Vandalur Outer Ring Road,600048,12.880861432891248,80.08050984085193,"479a, Chennai - Theni Hwy, Otteri, Vandalur, Chennai, Peerakankaranai, Tamil Nadu 600048, India"
5193,19D,Vandalur outer ring road,600048,12.880874760531318,80.08050847752573,"479d, Chennai - Theni Hwy, Otteri, Vandalur, Chennai, Peerakankaranai, Tamil Nadu 600048, India"
5299,5A,ACS Medical College,600077,13.057067398163152,80.12803918130803,"ACS Medical College & Hospital, Goparasanallur, Chennai, Tamil Nadu 600077, India"
6524,20c,ponniamman koil,600091,12.964807301983612,80.1975059650818,"#11-B, Velacherry Mal Road, Madippakkam, Chennai- 600091., Balaiah Garden, Madipakkam, Chennai, Tamil Nadu 600091, India"
616,19D,guduvanchery bus stand ,603202,12.84506459494783,80.06060937471388,"107, Chennai - Theni Hwy, Jaibeemnagar, Guduvancheri, Tamil Nadu 603202, India"
6417,8,sidco,600049,13.1051726,80.2046582,"No.35, Keeranar Complex, Madras Thiruvallur High Rd, Ambedkar Nagar, Villivakkam, Chennai, Tamil Nadu 600049, India"
599,16C,Pudur Bus stop,600053,13.130420448100988,80.15879171632461,"1, Ambattur Red Hills Rd, Pudur, Ambattur, Chennai, Tamil Nadu 600053, India"
3544,19E,Bharathi Nagar ,600045,12.921496463356435,80.09214695281815,"89c, Mudichur Rd, Gandhi Nagar, Tambaram, Mudichur, Old Perungalathur, Tamil Nadu 600063, India"
4309,21,Prime Care Nursing Home,600088,12.979291,80.2040452,"2-34, 11th St, Cooperative Nagar, Balaji Nagar Extn-II, Nilamangai Nagar, Adambakkam, Chennai, Tamil Nadu 600088, India"
2348,7,Anna Nagar RTO,600023,13.095742717858784,80.2213871772395,"50, New Avadi Rd, Annai Sathya Nagar, Villivakkam, Chennai, Tamil Nadu 600049, India"
242,25,Palavakkam periyar street,600041,12.9610867,80.25918539999999,"4/600, Phase II, Palavakkam, Chennai, Tamil Nadu 600041, India"
2295,17D,Thiruninravur perumal temple bus stop,602024,13.113222,80.0256719,"47, Thiruninravur, Chennai, Tamil Nadu 602024, India"
2555,20c,Mylai balaji nagar ,600100,12.954420026708664,80.21196367872867,"Mali, 992, Balaji Nagar, Karapagambal Nagar, Pallikaranai, Chennai, Tamil Nadu 600117, India"
5212,9,Mogappair east Spartan school,600037,13.085296318866332,80.17970674917619,"1-1, Perumal Nagar, J J Nagar, Mogappair East, Chennai, Tamil Nadu 600037, India"
5908,8,Nadhamuni,600049,13.0997523,80.2029336,"14/36, 8th St, Block Q, Thiru Nagar, Villivakkam, Chennai, Tamil Nadu 600049, India"
713,40A,Walajabad bus stand ,631605,12.7937883,79.8182932,"9, Bojakara St, Walajabad, Tamil Nadu 631605, India"
3492,12B,Welding shop,600099,13.1237175,80.2220572,"33A, Anjugam Nagar, Kolathur, Chennai, Tamil Nadu 600082, India"
3425,3C,Murugan hospital ,600010,13.082628571482546,80.23707991886579,"5, 15, Parasu St, Kilpauk, Chennai, Tamil Nadu 600010, India"
3489,3C,Murugan hospital ,600010,13.085449229107,80.23429771034782,"15, New Avadi Rd, Kilpauk Garden Colony, Kilpauk, Chennai, Tamil Nadu 600010, India"
4550,15,Ambattur Canara Bank ,600053,13.110342513130302,80.15212051384154,"295, Chennai - Tiruvallur High Rd, Ayapakkam, Sidco Industrial Estate, Ambattur, Avadi, Chennai, Tamil Nadu 600054, India"
317,41,"Housing board, Walajapet ",632513,12.923981408681966,79.37162864484421,"W9FC+HMC, Madras Bombay Trunk Rd, Walajapet, Tamil Nadu 632513, India"
201,35D,A2B,600075,12.977772996258617,80.13348675659454,"19, Giri Gori St, Pammal, Chennai, Tamil Nadu 600074, India"
550,24,JK Mahal,600061,12.9761394,80.18305529999999,"150, Hindu Colony 23rd Cross St, Teachers Colony, Nanganallur, Chennai, Tamil Nadu 600061, India"
1591,37c,Poonamallee byepass,600059,12.9228114,80.1273503,"175, East Tambaram, Selaiyur, Chennai, Tamil Nadu 600059, India"
4526,16E,Avadi checkpost ,600054,13.121382785362984,80.09422226564753,"1, Vivekananda St, Gandhi Nagar, Avadi, Tamil Nadu 600054, India"
7596,29C,Valasaravakkam Signal ,600116,13.040615724047324,80.1720600006325,"No.95, Arcot Rd, Vani Nagar, Indira Nagar, Valasaravakkam, Chennai, Tamil Nadu 600087, India"
3895,3,Choolai post office ,600112,13.090416641626785,80.26151140265505,"RE Apartments, Flat No: 14, 2nd Floor 106, A.P Road, Choolai, Chennai - 6000112, Choolai, Chennai, Tamil Nadu 600112, India"
1793,22,"Murugan Kalyana Mandapam, vellachery ",600042,12.982887668666264,80.21776983218466,"32, Velachery Bypass Rd, opp. to GRT Gold House, Lakshmi Nagar, Velachery, Chennai, Tamil Nadu 600042, India"
3542,18a,JB estate ,600054,13.111514918964769,80.10872274057496,"4465+HF9, Poonamallee - Avadi High Rd, JB Estate, Avadi, Tamil Nadu 600054, India"
3533,36,Bai kadai,600116,13.019852,80.142631,"Bai Kadai, SH 113, Sulochana Nagar, Moulivakkam, Chennai, Tamil Nadu 600116, India"
1078,17B,"184/12G, Chennai Tiruvallur High Rd, Pungathur, SP Nagar, Tiruvallur, Tamil Nadu 602001",602001,13.148441910425396,79.91349850850018,"4WX7+999, Redhills - Thiruvallur High Rd, Chinnaekkadu, Ikkadu, Tamil Nadu 602021, India"
1411,16,Krishnapuram,601204,13.319716701149291,80.18251931804775,"No 143, KRISHNAPURAM, Kodur, Tamil Nadu 601204, India"
4828,22,Vijaya Nagar Kajana Jewlers,600042,12.978120268252972,80.21897696542418,"2, Velachery Bypass Rd, Officers Colony, Velachery, Chennai, Tamil Nadu 600042, India"
4282,17B,Vasanth bhavan near thiruvallur bus stand,602001,13.138435081082102,79.90770303344723,"90, JN Rd, Ma. Po. Si. Nagar, MGM Nagar, Tamil Nadu 602001, India"
1348,16,Karanodai ,600067,13.249300314095942,80.15664283934098,"65X4+PJM, GNT Rd, Karanodai, Tamil Nadu 600067, India"
3647,16C,Kavangarai ,600066,13.1615575,80.2004457,"5662+J5 Chennai, Tamil Nadu, India"
3983,18D,Kollumedu GH,600062,13.162022912542,80.12121864509564,"546C+PCX, New Vellanur, Tamil Nadu 600062, India"
7351,16B,Puzhal jail stop,600066,13.16488672345836,80.20427760457333,"5673+XPC, Gandhi Main Rd, St Anthony Nagar, Puzhal, Chennai, Lyon, Tamil Nadu 600066, India"
6214,21C,NGO colony,600032,12.9891813,80.2075557,"X6Q5+J2F, 14th Cross St, NGO Colony, Adambakkam, Chennai, Tamil Nadu 600042, India"
627,7C,TS Krishna Nagar ,600101,13.0873938,80.186049,"R-30A, TS Krishna Nagar, J J Nagar, Anna Nagar West Extension, Chennai, Tamil Nadu 600101, India"
2471,19C,Hasthinapuram ,600064,12.9387231,80.14607749999999,"W4QW+FCP, Venkataraman Nagar, MC Nagar, Hasthinapuram, Chromepet, Chennai, Tamil Nadu 600064, India"
2480,16,Ponneri (krishnapuram),601204,13.319627573493944,80.18305786053695,"859M+V8J, krishnapuram, Kodur, Tamil Nadu 601204, India"
2500,38C,SMG Opposite to Bharat petroleum,631502,12.817945833035688,79.6928496570909,"22, Vinobaji St, Vedachalam Nagar Extension, Thirumana, Kanchipuram, Tamil Nadu 631501, India"
1102,42C,Salai,632502,13.0557153,79.5640316,"16, Anvarthikanpet Rd, Anvarthikanpet, Avadham, Anverthikanpettai, Tamil Nadu 632502, India"
4315,40B,"Mungil Mandapam , kanchipuram",631501,12.830153401473185,79.7035713023807,"62, Vallal Pachaiyappan St, Ennaikaran, Kanchipuram, Tamil Nadu 631501, India"
4426,8,Anna nagar West depot,600040,13.093222140038073,80.19877170810395,"248, 6th St, Pioneer Colony, Anna Nagar West Extension, Chennai, Tamil Nadu 600101, India"
4458,6,Anna nagar tower ,600040,13.084873,80.2101753,"2038, AD Block, Anna Nagar, Chennai, Tamil Nadu 600040, India"
4733,5,"Water tank , MMDA",600106,13.068811206246382,80.21505515318886,"3698+H25, Razzak Garden Main Rd, Rani Anna Nagar, Arumbakkam, Chennai, Tamil Nadu 600106, India"
1827,12C,Ajantha bakery,600011,13.111914288357813,80.23817477250687,"Shop No: 10, Hemavathy Complex, 33, Paper Mills Road, Jagannathan Colony, Perambur, Chennai, Tamil Nadu 600011, India"
5174,11A,Thathankuppam DRJ ,600076,13.118156023855516,80.19453288047876,"13, Annai Nagar, Agraharam, Korattur, Chennai, Tamil Nadu 600076, India"
4018,5C,Vengaya Mandi,600107,13.069414781565678,80.18116833390484,"1/98, Nh48, Pallavan Nagar, Nerkundram, Chennai, Tamil Nadu 600107, India"
1641,35,"Hotel Mars, 768, Pammal Main Rd, Zamin Pallavaram, Kamaraj Nagar, Pallavaram, Chennai ",600043,12.970666244770788,80.1450159958222,"Six Thotti, Pallavaram, Chennai, Tamil Nadu 600043, India"
5021,5,Razack garden,600106,13.072053981426812,80.21558683570679,"No 11, pp nagar, 30, Razzak Garden Main Rd, Rani Anna Nagar, Arumbakkam, Chennai, Tamil Nadu 600106, India"
7047,2,Maharani(Singapore Shoppee),600021,13.117230633314298,80.2843064309876,"Sir Thiyagaraya College Metro, Mottai Garden, Old Washermanpet, Chennai, Tamil Nadu 600021, India"
5903,2,Maharani (Singapore shoppping),600021,13.118432415518624,80.28512948179774,"Thiyagaraya Park, Chellapa Colony, Sanjeevarayanpet, Old Washermanpet, Chennai, Tamil Nadu 600021, India"
4675,18C,Govardanagiri,600071,13.098583224946696,80.10847880527953,"34X5+C9G, Koliyar St, Govardanagiri, Avadi, Tamil Nadu 600071, India"
5325,23C,Palavanthangal Subway,600114,12.987093954621756,80.18570339163874,"16, Krishnaswamy Street, Pazhavanthangal, Chennai, Tamil Nadu 600114, India"
3774,20C,Ponniamman Kovil ,600091,12.96488431580826,80.19692006087853,"9, Pillaiyar Koil St, Thilakar Nagar, Balaiah Garden, Madipakkam, Chennai, Tamil Nadu 600091, India"
1059,34,"DLF IT SEZ Park Main Entrance, Ramapuram, Chennai, Tamil Nadu 600125",600125,13.0243823,80.1772356,"2, DLF IT Park Rd, Manapakkam, Chennai, Tamil Nadu 600125, India"
3194,34,"DLF IT SEZ Park Main Entrance, Ramapuram, Chennai, Tamil Nadu 600125",600125,13.0243823,80.1772356,"2, DLF IT Park Rd, Manapakkam, Chennai, Tamil Nadu 600125, India"
3588,7,Anna nagar RTO,600023,13.095771872296504,80.22140089231107,"50, New Avadi Rd, Annai Sathya Nagar, Villivakkam, Chennai, Tamil Nadu 600049, India"
6754,2c,Thiruvottiyur Metro Station,600019,13.172355578553118,80.30564841530412,"Public Park, 404 & 4, Thiruvottiyur High Rd, Rettai Malai Srinivasan Nagar, Jeevan Lal Nagar, Tiruvottiyur, Chennai, Tamil Nadu 600019, India"
1899,35B,"Metha nagar,kundrathur ",600069,12.995965874106655,80.10984033941959,"43, Pallavaram - Kundrathur Rd, Andan Kuppam, Tiruneermalai, Chennai, Kannadapalayam, Tamil Nadu 600069, India"
444,17D,Thiruninravur murugar kovil,602024,13.1225763,80.0113954,"Madha kovil, No.911, near Madha kovil, nehru nagar, Veppambaattu, Tamil Nadu 602024, India"
3435,7,"Kovai pazhamudi cholai , 18 th main road , anna nagar",600040,13.09467792365217,80.20380988449035,"36V3+VF5, 18th Main Rd, Aishwarya Colony, Thiruvalluvar Colony, Anna Nagar, Chennai, Tamil Nadu 600040, India"
1969,20E,Chrompet saravana stores ,600044,12.9558248,80.14331399999999,"159, Grand Southern Trunk Rd, Lakshmi Nagar, Chromepet, Chennai, Tamil Nadu 600044, India"
121,10C,Noor hotel,600023,13.098572891850408,80.2344729425142,"311, Konnur High Rd, next to NOOR HOTEL, Vasantha nagar, Chinna Chembarambakkam, Ayanavaram, Chennai, Tamil Nadu 600023, India"
2541,30,Sai nagar bus stop,600092,13.059683576668476,80.19521874412877,"355W+V3H, Chinmaya Nagar Stage 2, Natesan Nagar, Virugambakkam, Chennai, Tamil Nadu 600092, India"
2942,38C,"Near S.M.G Dhanalakshimi Mahal, Vedachalam Nagar Extension, Gem Nagar",631501,12.817914421618616,79.69280081373238,"22, Vinobaji St, Vedachalam Nagar Extension, Thirumana, Kanchipuram, Tamil Nadu 631501, India"
1776,38C,"SMG Mahal, kanchipuram ",631501,12.81789865735661,79.692688931774,"22, Vinobaji St, Vedachalam Nagar Extension, Thirumana, Kanchipuram, Tamil Nadu 631501, India"
2640,30,Sai nagar bus stop,600092,13.059677333238849,80.19529204030185,"56, Kaliamman Koil St, Chinmaya Nagar Stage 2, Chinmaya Nagar Stage 1, Virugambakkam, Chennai, Tamil Nadu 600092, India"
5318,11C,"Bhaktavatsalam School, Korattur ",600080,13.108069,80.18359799999999,"Central Avenue, TNHB Colony, Korattur, Chennai, Tamil Nadu 600050, India"
2124,20c,Ponniyamman kovil,600091,12.960620229470395,80.19680518470055,"11006, 4th St, Rajarajeswari Nagar, Kuberan Nagar, Madipakkam, Chennai, Tamil Nadu 600091, India"
2614,4C,Anna Arch,600106,13.066983499797088,80.21840312477394,"5, Kasturi Bai St, Kamarajar Nagar, Azad Nagar, Choolaimedu, Chennai, Tamil Nadu 600094, India"
1861,34,"Bharat Petroleum ,Sabari Nagar, Mugalivakkam",600116,13.027888873026445,80.17104214869161,"25HC+49C, Mount Poonamallee Rd, Venkateshwara Nagar, Sabari Nagar, Ramapuram, Chennai, Tamil Nadu 600087, India"
5399,1c,Royapuram bridge ,600013,13.1138424,80.2944637,"9/79, Pudumanaikuppam, Royapuram, Chennai, Tamil Nadu 600013, India"
532,10C,ICF,600038,13.0999331,80.2139104,"ICF HOSPITAL, 38, ICF West Colony, Konnur, Chennai, Tamil Nadu 600038, India"
1758,3C,Periyapalayyam Amman Temple,600030,13.0831594533771,80.22623906894715,"11/19-a, Link Rd, Shenoy Nagar, Chennai, Tamil Nadu 600030, India"
3932,21,Kakkanpalam,600088,12.991497,80.2033055,"6-6, Balakrishnapuram, Paramesh Nagar Ps, Chennai, Tamil Nadu 600016, India"
6475,2c,washernent metro,600001,13.106353050123449,80.280199616653,"Mint Terminus, METRO STATION-WASHERMENPET, Railway Quaters, Old Washermanpet, Chennai, Tamil Nadu 600001, India"
5799,33C,Virugambakkam Vembuliyamman koil ,600092,13.046403645221906,80.18932487465848,"219 (Old No 40, Arcot Rd, Udhayam Colony, Lambert Nagar, Virugambakkam, Chennai, Tamil Nadu 600092, India"
5134,20c,Ponniyaman kovil,600091,12.964954401920528,80.1968513224786,"9, Pillaiyar Koil St, Thilakar Nagar, Balaiah Garden, Chennai, Tamil Nadu 600091, India"
3430,7A,Golden Flats,600050,13.088066972440991,80.17928744702806,"120 Feet Road, Anna Nagar W Ext Rd, Mogappair, Chennai, Tamil Nadu 600050, India"
109,5A,ACS medical college,600077,13.0616201,80.122551,"78, Thiverkadu Co-operative Nagar, Senneer Kuppam, Chennai, Tamil Nadu 600056, India"
6458,22,murugan kalayana mandabam,600042,12.979120986161815,80.21386133820619,"15, M.G.R. Nagar, 1st, Main Rd, MGR Nagar, Venkateswara Nagar, Velachery, Chennai, Tamil Nadu 600042, India"
1836,20A,Santhosapuram Signal,600117,12.9001949,80.1724811,"W52C+3XH, Santhosapuram Cross Rd, Noothencheri, Vengavasal, Chennai, Tamil Nadu 600126, India"
397,36C,Madhanandapuram,600125,13.022901776537882,80.14634541501202,"96, Ponni Nagar, Madhanandapuram, Chennai, Tamil Nadu 600116, India"
6166,25,Thiruvanmiyur bus depot,600041,12.986369787398994,80.26080392192833,"No 1, Valmiki St, Kamaraj Nagar, Thiruvanmiyur, Chennai, Tamil Nadu 600021, India"
5995,3, super saravana Stores,600007,13.0925934,80.2542208,"27 Mooku, Muthiyal Naicken St, Kosapet, Purasaiwakkam, Chennai, Tamil Nadu 600012, India"
3855,12b,BP ROAD,600039,13.114387029995385,80.25278003808796,"203, School, MPM Street, Sriram Nagar, Vyasarpadi, Chennai, Tamil Nadu 600039, India"
331,30,Chinmaya Nagar,600092,13.065302062090192,80.19668296377478,"18/17, Bharathiyar Nagar, Chinmaya Nagar, Brundavan Nagar, Koyambedu, Chennai, Tamil Nadu 600092, India"
4805,20c,Sadhasivam Nagar,600091,12.964725610803889,80.19684452669001,"Velachery Main Road, 2/701, Bazaar Main Rd, Balaiah Garden, Madipakkam, Chennai, Tamil Nadu 600091, India"
1196,33,K.K.Nagar Pillaiyar koil,600078,13.0417753,80.2049487,"Sivan Park, PV Rajamannar Salai, Kannigapuram, Sector 3, K. K. Nagar, Chennai, Tamil Nadu 600078, India"
2762,13b,Tvk nagar,600082,13.117236992170424,80.23237943901948,"468J+WVV, Maniyammai Nagar, Venkatesan, Perambur, Chennai, Tamil Nadu 600011, India"
3816,12,MKB nagar,600039,13.12396616279699,80.2591704729192,"47F5+JPJ, 12th West Cross St, MKB Nagar, Mahakavi Bharathiyar Nagar West, Mahakavi Bharathi Nagar, Vyasarpadi, Chennai, Tamil Nadu 600039, India"
1273,1c,Beach station ,600001,13.0984303,80.2883617,"95/46, Muthialpet, George Town, Chennai, Tamil Nadu 600001, India"
3824,33c,	Virugampakkam Vempuliamman Koil,600092,13.046232604205612,80.1903756417726,"25WR+G5F, Arcot Rd, Sankareswarar Nagar, Virugambakkam, Chennai, Tamil Nadu 600092, India"
1669,9B,Velammal School (Mogappair west),600037,13.0776323,80.175713,"3, Mogappair Eri Scheme, Mogappair, Chennai, Tamil Nadu 600037, India"
5119,20E,Chrompet bus stop,600044,12.95187510420218,80.14076197510803,"Chrompet, Chromepet, Chennai, Tamil Nadu 600044, India"
1284,33,MGR Nagar Market ,600078,13.0367328,80.2014156,"26P2+MHM, RK Shanmugam Salai, Sangeetha Colony, Sector 6, K. K. Nagar, Chennai, Tamil Nadu 600078, India"
655,35D,Pammal police booth ,600044,12.972843664127096,80.12891759415653,"42, Panchayat Colony, Pammal, Chennai, Tamil Nadu 600075, India"
4243,20C,Ram nagar,600091,12.9698259,80.21083589999999,"X696+W8P, Srinivasa Nagar, Ram Nagar, Madipakkam, Chennai, Tamil Nadu 600091, India"
3877,13C,Temple school ,600099,13.124904608931072,80.20735504037009,"251, 3rd St, Ambedkar Nagar, Kolathur, Chennai, Tamil Nadu 600099, India"
7298,34C,kattupakkam muneeswaran temple,600056,13.0433052,80.121771,"2/24, Mount Poonamallee Rd, near by Adidas Outlet, Kattupakkam, Chennai, Tamil Nadu 600056, India"
3368,15D,Ayapakkam Selvi Mahal,600077,13.104452,80.1326952,"Bus Stop, 60/1, TNHB Rd, Near Govt.High School, Rajammal nagar, TNHB Colony, Annanur, Ayappakkam, Chennai, Tamil Nadu 600077, India"
6426,7C,Thirumangalam EB,600040,13.084873,80.2101753,"2038, AD Block, Anna Nagar, Chennai, Tamil Nadu 600040, India"
6438,20c,Indian Oil ( Balaiah Garden ),600091,12.967415387139676,80.2000582419062,"104, Balaiah Garden, Madipakkam, Chennai, Tamil Nadu 600091, India"
1081,42,"Sri Krishna polytechnic college,arakkonam",631003,13.0991519,79.6558404,"51/38, Jaya Nagar, Arakkonam, Tamil Nadu 631003, India"
7690,3C,Shenoy nagar Bus Stop,600030,13.077183837425412,80.22517476055381,"Shenoy Nagar, Shenoy Nagar, Chennai, Tamil Nadu 600030, India"
2751,20D,Mother's world vadakkapattu,600117,12.9362672,80.18363289999999,"Ganesh Villa, Durgai Amman Koil St, Susheela Nagar, 9, Kulattur, Chennai, Tamil Nadu 600117, India"
4386,17B,Vasanth Bhavan,602001,13.1033201,79.9075199,"4W35+82C, Venkathur, Tamil Nadu 602002, India"
2312,3c,Shenoy nagar,600030,13.077222135704316,80.22515604611226,"24A, Pulla Ave, Shenoy Nagar, Chennai, Tamil Nadu 600030, India"
965,24,JK Mahal,600061,12.9667047,80.1775673,"286, Amman Nagar Main Rd, Swamy Nagar, Tirusulam, Chennai, St.Thomas Mount-cum-Pallavaram, Tamil Nadu 600043, India"
5236,10C,Binny mill church,600012,13.103223855858175,80.25198633554125,"31/11, Hyder Garden Main Rd, Shanthi Nagar, Wadia Nagar, Jamalia, Chennai, Tamil Nadu 600012, India"
3390,20D,Camp road ,600073,12.923494934732908,80.14064079435485,"Sai Kripa, Sri Krishna St, Rajeshwari Nagar, Selaiyur, Chennai, Tamil Nadu 600073, India"
2605,34C,Iyyapathangal bus depot(near Mahindra showroom),600056,13.034023212343126,80.13790237293442,"71, Adithanar Nagar, Venugopal Nagar, Iyyappanthangal, Chennai, Tamil Nadu 600056, India"
6570,20,Sunambu Kolathur(S.Kolathur)Bus Stand,600117,12.9505744,80.19638890000002,"First Floor AF1, No-228, Bhagyalakshmi Nagar 1st St, S. Kolathur, Kovilambakkam, Chennai, Tamil Nadu 600117, India"
6756,34C,Iyyapanthangal ,600117,13.038673590515812,80.13371263519217,"24QM+FFQ, VGN Nagar, Iyyappanthangal, Chennai, Tamil Nadu 600056, India"
4080,15,Ambattur Canara Bank Bus Stop,600053,13.110864343950112,80.15429518028405,"44, Agasthiyar St, Ramapuram, Ambattur, Chennai, Tamil Nadu 600053, India"
660,2c,"Padmanabha old theatre,wall tax road, chennai -01",600001,13.101126,80.274931,"Padmanabha Theatre, Peddanaickenpet, George Town, Chennai, Tamil Nadu 600001, India"
1640,22,Tansi Nagar Velachery,600042,12.978520820551056,80.22560601739322,"9, 15th St, Tansi Nagar, Velachery, Chennai, Tamil Nadu 600042, India"
3898,18D,Kovilpathagai,600062,13.142861258701291,80.10599629349595,"29, Tirumullaivayal St, Kovil Pathagai, Poompozhil Nagar, Kalaingarnagar, Avadi, Tamil Nadu 600062, India"
1083,20B,Indira nagar,600073,12.9108354,80.1408298,"Harini's Aishwaryam Phase 2 Block-1b, Harini's Aishwaryam Phase 2, Selaiyur, Chennai, Tamil Nadu 600126, India"
4084,42C,SR Gate,631002,13.0759875,79.6728594,"3MGC+6V9, Bajanai Koil St, Arakkonam, Ammanur R.F., Tamil Nadu 631002, India"
3048,12B,Lakshmi Amman koil,600099,13.1225699,80.2155535,"4/2, Kaveri Nagar, Kolathur, Chennai, Tamil Nadu 600082, India"
6041,8,SIDCO,600049,13.1062507,80.2017458,"9/31, C-Type, B Type, Sidco Nagar, Villivakkam, Chennai, Tamil Nadu 600049, India"
2885,39C,Gori,631501,12.849844783508486,79.6932101223607,"67, Kanchipuram To Thirupathi Hwy, Oilmohammadpettai, Pillaiyarpalayam, Kanchipuram, Tamil Nadu 631502, India"
1717,12,MR Nagar,600118,13.1286844,80.2523822,"8/3, Kodungaiyur (East), MR Nagar, Kodungaiyur, Chennai, Tamil Nadu 600118, India"
6564,19E,Padmavathy kalyana Mandapam,600063,12.9144336,80.088412,"22, Lingam Nagar, New Perungalathur, Perungalathur, Tamil Nadu 600063, India"
4096,7C,Collector Nagar,600101,13.0865328,80.1892501,"24-29, 1st St, Collector Nagar, J J Nagar, Mogappair East, Chennai, Tamil Nadu 600050, India"
4102,3,"Mummy Daddy, Kilpauk Garden Road",600010,13.081909039287307,80.24409693201656,"87-27, 87-27, Manickeswari Rd, Davidpuram, Kilpauk, Chennai, Tamil Nadu 600084, India"
6703,20B,Bharat Engineering College ,600073,12.9081603,80.143796,"#51,F2,Moni Residency,Ranganathan nagar, Moni Residency, Balaji Nagar, Selaiyur, Chennai, Tamil Nadu 600073, India"
6596,2C,Lakshmi Koil,600081,13.13585154192955,80.29715908402889,"4/13, Market Farm 3rd St, Market Farm, Desai Nagar, Chennai, Tamil Nadu 600081, India"
3741,5C,Radiance Icon,600107,13.0732558,80.19116799999999,"1165/36, Koyambedu, Chennai, Tamil Nadu 600107, India"
1058,9C,"Mogappair West, DR Super Market",600037,13.080807324459196,80.16751173584099,"4/787, 4th Block, Mogappair West, Ambattur Industrial Estate, Chennai, Tamil Nadu 600037, India"
6999,2,"Mani Cycle Store, Kesavan St, Sanjeevarayanpet, Tondiarpet,",600081,13.1251842,80.289183,"67QF+QMF, 42, Thiruvottiyur High Rd, Sanjeevarayanpet, Tondiarpet, Kodakarai, Chennai, Tamil Nadu 600120, India"
5164,19B,Bharathamada Street,600064,12.928740081079363,80.12983249755612,"10, 37/10, Valmiki St, East Tambaram, Chitlapakkam, Chennai, Tamil Nadu 600064, India"
1972,20A,Rajakilpakkam signal,600126,12.905160404926056,80.15300587077178,"Sruthi Flats, 5, Manickam Avenue, ALS Nagar, Parvathy Nagar North, Yeswanth Nagar, Madambakkam, Chennai, Tamil Nadu 600126, India"
1868,39,"Orikkai, manimandapam",631502,12.8008364,79.708794,"RP25+CGX Adhi Sankara Nagar, near Maha Periyava Manimandapam, Arasu Nagar, Thandavaraya Nagar, Orikkai, Kanchipuram, Tamil Nadu 631502, India"
6063,20D,Tambaram railway station road,600059,12.924986464449676,80.12040113998046,"W4FC+V29, E Tambaram Railway Station Rd, Railway Colony, East Tambaram, Tambaram, Kamarajar Salai, Chennai, Tamil Nadu 600059, India"
7358,7C,collector Nagar,600037,13.086499531791008,80.18848652831733,"44-78, AC Block 2nd St, Collector Nagar, J J Nagar, Mogappair East, Chennai, Tamil Nadu 600050, India"
7464,17,GRT,602001,13.1236581,79.91159379999999,"74, JN Rd, near Oil Mill Bus Stop, Kakkalur, Tamil Nadu 602001, India"
7453,17,Grt,602001,13.1236581,79.91159379999999,"74, JN Rd, near Oil Mill Bus Stop, Kakkalur, Tamil Nadu 602001, India"
6571,15A,MGR nagar,600077,13.090906362669982,80.12456289163075,"599, Lakshmi Nagar, Ayappakkam, Chennai, Tamil Nadu 600077, India"
6089,43,Tiruttani Byepass,631209,13.184251018013208,79.61120235210923,"5JM6+JHV, SH 106, Senthamil Nagar, Thiruttani, Tamil Nadu 631209, India"
581,16A,"Oragadam bus stand , Ambattur ",600053,13.130896122781463,80.15402821249067,"45J3+CH4, Gandhi Main Rd, Oragadam, Chennai, Tamil Nadu 600053, India"
1344,39,Military road ,631501,12.810478456622388,79.70641936714311,"210, Arumugam complex,viswadoss nagar, Military Rd, Sivapuram, Orikkai, Tamil Nadu 631502, India"
2747,20C,Ponniyamman Kovil,600091,12.96479543366116,80.19751489994688,"703-706, Bazaar Main Rd, Balaiah Garden, Madipakkam, Chennai, Tamil Nadu 600091, India"
4264,19c,Hasthinapuram bus stand ,600064,12.9355184,80.1514421,"96, Elango St, Thiru-Vi-Ka Nagar, Chitlapakkam, Chennai, Tamil Nadu 600064, India"
6911,16A,Oragadam ,600053,13.12677638348421,80.15375500701282,"100, Pandiyan St, Vijayalakshmi Puram, Ambattur, Chennai, Tamil Nadu 600053, India"
477,20,"Pallikaranai, panchayat board",600100,12.9330275,80.2038593,"2, Thulukanathamman Koil St, New Colony, Selvam Nagar, Pallikaranai, Chennai, Tamil Nadu 600100, India"
2704,18,"Ramarathna,avadi",600054,13.117052,80.09688299999999,"Ramarathna Theatre, Kannigapuram, TNHB Mig V Block, Avadi, Tamil Nadu 600054, India"
4622,31,Sangamam hotel stop,600083,13.0350752,80.2162862,"New Door No.1, Old Door No.8, 52nd street, 7th Ave, Sarvamangala Colony, Manthope Colony, Ashok Nagar, Chennai, Tamil Nadu 600083, India"
159,34,ICICI Bank iyyapathanlgal branch,600056,13.0402131,80.1323547,"2/445, Mettu St, Iyyappanthangal, Chennai, Tamil Nadu 600056, India"
8073,24,Moovarasampet,600061,12.96934370699665,80.18615764871825,"Moovarasanpet, Moovarasampettai Main Road,, Nanganallur, Chennai, Tamil Nadu 600061, India"
4236,2C, Ajax,600019,13.17232900952274,80.30562749148577,"Govt. Park, Thiruvottiyur, 662, Thiruvottiyur High Rd, Manickam Nagar, Tiruvottiyur, Chennai, Tamil Nadu 600019, India"
1259,35A,Kumananchavadi ,600056,13.0490093,80.1161213,"12/349, Ethiraj Nagar, Karayanchavadi, Poonamallee, Chennai, Tamil Nadu 600056, India"
4731,5C,Radiance Icon,600107,13.0732558,80.19116799999999,"1165/36, Koyambedu, Chennai, Tamil Nadu 600107, India"
5621,29C,Megamart,600087,13.045087571748994,80.18654511330415,"189, Arcot Rd, Shakthi Nagar, Nolambur, Ambattur Industrial Estate, Chennai, Tamil Nadu 600083, India"
5635,11c,Bhaktavatsalam Vidyashram ,600080,13.1092554,80.1831636,"No 657, 27th St, near Bhaktavatsalam College For Women, Venkatraman Nagar, Korattur, Chennai, Tamil Nadu 600050, India"
6189,2,Manicycle,600081,13.1238112,80.28819899999999,"Tondiarpet, Tondiarpet, Chennai, Tamil Nadu 600081, India"
1612,2,Manicycle,600081,13.1238112,80.28819899999999,"Tondiarpet, Tondiarpet, Chennai, Tamil Nadu 600081, India"
3715,9B,Velammal vidhyalaya west,600037,13.0790083,80.1751505,"VELAMMAL VIDYALAYA(CBSE) MUGAPPAIR WEST Block no 7, Pearl Palace, Mogappair West, Mogappair, Chennai, Tamil Nadu 600037, India"
2308,6,gangai amman kovil ,600102,13.0910292,80.22742439999999,"Gujji Naicken Street, 94, New Avadi Rd, Kumaran Nagar, Annanagar East, Chennai, Tamil Nadu 600102, India"
5365,11A,Ambattur Telephone Exchange,600058,13.100472072853158,80.15487970873718,"4523+5XW, Ksr Nagar, Ambattur, Chennai, Tamil Nadu 600053, India"
6341,31,Srm hospital ,600017,13.046240957053604,80.23030015526426,"26/1, T. Nagar, Chennai, Tamil Nadu 600017, India"
2798,3,Sarvana Stores,600007,13.086273,80.256937,"10, Purasaivakkam High Rd, Purasaiwakkam, Chennai, Tamil Nadu 600007, India"
1295,7C,Thirumangalam EB bus stop ,600040,13.082948237535902,80.19609024787505,"35MW+499, Thirumangalam, Chennai, Tamil Nadu 600040, India"
4738,42C,SR GATE,631002,13.07490406230478,79.6710828791274,"80, Gandhi Rd, griblespet, Arakkonam, Ammanur R.F., Tamil Nadu 631002, India"
5662,40c,Kanchipuram Bus Stand (Rama's Cafe),631501,12.83393190757768,79.6892181229385,"35/5, Lingappan Palayam St, Pillaiyarpalayam, Kanchipuram, Tamil Nadu 631501, India"
1319,43,Pattarai - Indian oil petrol bank,602002,13.10318928041036,79.90772847565026,"4W35+74X, Shree Kothanda Ramar Temple Main Rd, Kumaran Nagar, Melnallathur, Venkathur, Tamil Nadu 631561, India"
4050,23C,Keelkattalai Bus stand,600117,12.957703198964532,80.18353814555951,"8, Gandhi Main Rd, Thiruvalluvar Nagar, Keelkattalai, Chennai, Tamil Nadu 600117, India"
6677,27c,Light house ,600004,13.038705152039912,80.27865781562679,"Shop No. 31, Light House, Kamarajar Promenade, Kamarj Salai, Kailasapuram, Mylapore, Chennai, Tamil Nadu 600004, India"
7871,11A,Karukku,600098,13.1151096,80.1663268,"26, Railway Station Rd, Gnanamoorthy Nagar Extension, Lakshmi Colony, Chennai, Tamil Nadu 600053, India"
2026,17A,Aranvoyal  bus Stop ,602025,13.1065377,79.95874719999999,"4X45+HFQ, Tirur, Tamil Nadu 602025, India"
6070,38c,Collectorate ,631502,12.8237643,79.6974132,"1, Vadivel Nagar, O K, R Complex, Sevlimedu, Kanchipuram, Tamil Nadu 631502, India"
5593,17A,Thiruvallur railway station,602001,13.112842828502703,79.91212469939762,"53, Poonamallee High Rd, Manavalanagar, Tamil Nadu 602002, India"
889,6,Anna Nagar Tower Park Metro,600040,13.0848065,80.2078935,"Post Office, 2nd Ave, A E Block, Block AE, Anna Nagar, Chennai, Tamil Nadu 600040, India"
2316,5A,Panchali Amman Koil,600106,13.0719924,80.208663,"4/8, 15th E St, Jai Nagar, Arumbakkam, Chennai, Tamil Nadu 600106, India"
5362,43,"Caterpillar, pattarai",602002,13.0795704,79.9080757,"3WH5+MFR, Manavalanagar, Tamil Nadu 602002, India"
3951,7,Anna nagar RTO ,600023,13.095754802122308,80.22143807746163,"50, New Avadi Rd, Annai Sathya Nagar, Villivakkam, Chennai, Tamil Nadu 600049, India"
3289,19,Chengalpattu ,602105,12.700929873089292,80.09217170977688,"5/26, Melaiyur R.F., Tamil Nadu 603108, India"
6978,2c,Periyar nagar ,600019,13.168768535358874,80.30347487167565,"7/3, Gangai Nagar, Periyar Nagar, Tiruvottiyur, Chennai, Tamil Nadu 600019, India"
6988,35A,Nilgiris ,600056,13.048048398928458,80.12021723368419,"Capricorne Enterprises, Jamals Luxor, No.137, Poonamallee High Rd, Jeevan Prakash Nagar, Kattupakkam, Chennai, Tamil Nadu 600056, India"
4953,36c,Madhanandhapuram bus stop,600128,13.022867956729096,80.1461926038375,"24FW+4GJ, Kundrathur Main Rd, Ponni Nagar, Madhanandapuram, Chennai, Tamil Nadu 600125, India"
3287,16,Outring road ,600052,13.217438792256033,80.08216039041017,"638J+WMX, 1st Street, Veppambaattu, Perumalpattu, Arikkambattu, Tamil Nadu 602024, India"
6904,20,"Jeyachandran, Pallikaranai ",600100,12.921891857970598,80.19739084849549,"Asan College, Velachery - Tambaram Main Rd, Jeyachandran Nagar, Green Court, Medavakkam, Chennai, Tamil Nadu 600100, India"
6333,7A,Golden Flats,600050,13.088097110897843,80.17937744548675,"35QH+6QP, E Mogappair Rd, Thiruvalluvar Nagar, J J Nagar, Mogappair, Chennai, Tamil Nadu 600050, India"
6313,21,Prime care,600088,12.9798895,80.2044523,"44, Balaji Nagar Main Rd, near D A V SCHOOL, Saraswathi Nagar, Balaji Nagar, Adambakkam, Chennai, Tamil Nadu 600088, India"
6338,37,"Saravana Stores - Super Home Store , Porur",600116,13.032178028131272,80.16340039755326,"Porur Sakthi Nagar, SH 55, Theru Veedhi Amman Koil Streets, Porur, Chennai, Tamil Nadu 600116, India"
4766,29c,Valasaravakkam ,600087,13.039994,80.17331469999999,"55, Subramanya Swamy Nagar, Sai Nagar, Chennai, Tamil Nadu 600089, India"
5295,9,mogappair east,600037,13.084444582573653,80.17839335846972,"321, Dakshinamoorthy St, Mohanram Nagar, Mogappair, Chennai, Tamil Nadu 600037, India"
5338,20A,Rajakilpakkam,600126,12.903226,80.1585618,"Kozhi Pannai, Madambakkam Main Rd, Madambakkam, Chennai, Tamil Nadu 600126, India"
5192,27C,New Woodlands,600004,13.035495996997208,80.26574729601744,"30, Pallakku Manickam St, Kapali Thottam, Mylapore, Chennai, Tamil Nadu 600004, India"
5442,5,Mmda,600094,13.061915392737212,80.214984987558,"1, Kamala Nehru Nagar 1 St, opposite New GG Mahal Kalyana Mandapam, Kamala Nehru Nagar, Vinayakapuram, Choolaimedu, Chennai, Tamil Nadu 600094, India"
7207,15A,Near Kendra vihar,600077,13.0620216,80.13692689999999,"40/128, Sanjay Gandhi Nagar, Thiruverkadu, Chennai, Tamil Nadu 600077, India"
6082,16A,LakeView Apartments,600066,13.153793624034568,80.19607109024354,"4/193, Puzhal, Kadirvedu, Chennai, Tamil Nadu 600066, India"
6091,18,Ponnu super bazar avadi,600054,13.1159932,80.1025032,"4482+FW4, New Military Rd, Thirumalai Rajapuram, TNHB Mig V Block, Avadi, Tamil Nadu 600054, India"
6484,15A,Near Kendra Vihar,600077,13.0619388,80.13704609999999,"40/128, Sanjay Gandhi Nagar, Thiruverkadu, Chennai, Tamil Nadu 600077, India"
6494,15A,Near kendra vihar,600077,13.0619388,80.13704609999999,"40/128, Sanjay Gandhi Nagar, Thiruverkadu, Chennai, Tamil Nadu 600077, India"
932,2,Maharani (Singapore Shoppee),600021,13.1153868,80.28308559999999,"1083, Thiruvottiyur High Rd, Mottai Garden, Washermanpet, Chennai, Tamil Nadu 600021, India"
5269,25C,Madhya Kailash ,600113,13.006659702855844,80.24562712323822,"64, Sardar Patel Rd, Sriram Nagar, Tharamani, Chennai, Tamil Nadu 600113, India"
586,37D,Nazarthpet ,600123,13.028637233136015,80.08045213082205,"17, Meppur Village, Chennai, Tamil Nadu 600123, India"
6062,15A,Thiruverkadu Bus Stand,600077,13.068436,80.1240708,"1/3, Karpagambal Nagar, Parasakthi Nagar, Thiruverkadu, Chennai, Tamil Nadu 600077, India"
5351,35A,Jamals Luxor apartments kattupakkam,600056,13.050896302371005,80.11630571408924,"116/20, Shanti Nagar, Senneer Kuppam, Chennai, Tamil Nadu 600056, India"
7757,15A,Thiruverkadu bus stand,600077,13.068436,80.1240708,"1/3, Karpagambal Nagar, Parasakthi Nagar, Thiruverkadu, Chennai, Tamil Nadu 600077, India"
6575,44,Thirumangalam ,602106,12.92895910462813,79.88750790565591,"WVHQ+M3G, Thirumangalam, Tamil Nadu 602106, India"
6639,17C,GRT,602001,13.129237245391952,79.91929256629841,"318, Kuvalai Malar St, Poonga Nagar, Kakkalur, Tamil Nadu 602003, India"
606,17D,Thirunindravaur,602024,13.137752186193412,80.03901061284178,"12A, Thiruninravur, Ganapathy Nagar, Nathamedu, Nadukuthagai, Tamil Nadu 602024, India"
2992,7,"Bougainvillea Park,Anna Nagar",600102,13.092051043682911,80.22362895128802,"36RF+RC9, Block K, Annanagar East, Chennai, Tamil Nadu 600039, India"
1895,18D,Nemilichery roundtana ,602024,13.1240131,80.0535524,"1, NH 716, Pattabiram, Tamil Nadu 602024, India"
8126,16e,AVADI CHECK POST,500054,13.11900283894044,80.09512358532518,"2, New Military Rd, Kasturba Nagar, Avadi, Tamil Nadu 600054, India"
4185,17D,Veppampattu Railway station ,602024,13.124902,79.997101,"Veppampattu Railway Station, Sudaraon Nagar, Veppambaattu, Tamil Nadu 602024, India"
373,17B,SBI,602001,13.13318096665542,79.91075743978685,"4WM6+77X, Hariram Nagar, Poonga Nagar, Kakkalur, Tamil Nadu 602001, India"
1695,7,A1 biriyani,600102,13.0846953,80.2251603,"62, 4th St, D Block, Annanagar East, Chennai, Tamil Nadu 600102, India"
2642,7,Boganvilla colony ,600102,13.092012399759112,80.22350209376705,"275, Block K, Annanagar East, Chennai, Tamil Nadu 600039, India"
145,16C,Pudur,600053,13.130468004613244,80.15889882795373,"23, Ambattur Red Hills Rd, Pudur, Ambattur, Chennai, Tamil Nadu 600053, India"
3376,35,"Krishna Nagar, Pammal,  Pallavaram ",600075,12.9730876,80.1374816,"73A, Pammal Main Rd, Krishna Nagar, Sambanthanar Nagar, Pallavaram, Chennai, Tamil Nadu 600075, India"
3950,7,Anna nagar RTO,600023,13.0957723109455,80.22140714874308,"50, New Avadi Rd, Annai Sathya Nagar, Villivakkam, Chennai, Tamil Nadu 600049, India"
1336,7,Anna Nagar RTO,600023,13.0958325433613,80.22137627959644,"50, New Avadi Rd, Annai Sathya Nagar, Villivakkam, Chennai, Tamil Nadu 600049, India"
6291,7,Anna nagar RTO,600023,13.095817750419384,80.22135642500807,"50, New Avadi Rd, Annai Sathya Nagar, Villivakkam, Chennai, Tamil Nadu 600049, India"
7129,3,Vepery police station,600007,13.085590301755715,80.26230587995872,"36, Periamet, Vepery, Chennai, Tamil Nadu 600007, India"
7150,42,Indira Gandhi Statue ,631001,13.100275,79.6568613,"4M24+4JG, Jaya Nagar, Arakkonam, Tamil Nadu 631001, India"
3215,42,"Old bus stand, Arakkonam ",631001,13.097376,79.65591189999999,"3MX4+4JF, Thiruthani Rd, Arakkonam, Tamil Nadu 631001, India"
4351,31,"Srm hospital,West Mambalam",600033,13.0416459,80.2227109,"62/30, Gokulam Colony, Ramakrishnapuram, West Mambalam, Chennai, Tamil Nadu 600033, India"
4070,4,Halls road junction ,600008,13.075949401974643,80.25458634380081,"62, Poosala Gangu St, Egmore, Chennai, Tamil Nadu 600008, India"
3585,1C ,Beach Station ,600001,13.0929471,80.2920097,"Burma Bazaar, 69a, Rajaji Rd, Chennai Port Trust, Chennai, Tamil Nadu 600001, India"
6738,42c,Salai,632510,13.08983760872069,79.57042038610606,"Major District Road 792 SALAI Arakkonam to Sholingar Road, Perumalrajapet, Tamil Nadu 631101, India"
7258,21,Amul icecream ,600088,12.984420014165533,80.20245723970038,"2-12, 3rd St, Kundrakudi Nagar, Shaw Wallace Colony, Nilmangal Nagar, Chennai, Tamil Nadu 600088, India"
4646,42C,Salai petrol bunk,632510,13.090188676102333,79.5699930824161,"SH 61, Perumalrajapet, Tamil Nadu 631101, India"
2965,18B,Pattabiram,600072,13.12080712380278,80.06519857586186,"43C8+837, Pattabiram, Tamil Nadu 600072, India"
24,13B,Senthil nagar,600099,13.1334144,80.2029568,"8, Sarathy Nagar Ext, Arul Nagar, Kolathur, Chennai, Tamil Nadu 600099, India"
2106,27C,Santhome Church ,600004,13.0319065,80.2755197,"25/8, Kuil Thoppu, Mylapore, Chennai, Tamil Nadu 600004, India"
7622,15A,Thiruverkadu,600077,13.0695939,80.1240011,"349F+RJJ, Koladi Rd, Munusamy Nagar, Parasakthi Nagar, Thiruverkadu, Tamil Nadu 600077, India"
7961,35,Krishna Nagar,600075,12.97309886290613,80.13754874570301,"92, Pammal Main Rd, near Pallavaram, Krishna Nagar, Sambanthanar Nagar, Pammal, Chennai, Tamil Nadu 600075, India"
4132,15c,singapore shopping,600053,13.1214371,80.148208,"125, Chennai - Thiruttani - Renigunta Hwy, Vivek Nagar, Ram Nagar, Ambattur, Chennai, Tamil Nadu 600053, India"
2899,32,"Blue tank, ashok nagar ",600083,13.0329757,80.2170647,"12, 60th St, Indira Colony, Ashok Nagar, Chennai, Tamil Nadu 600083, India"
542,4,Chetpet signal,600031,13.0714401,80.2439841,"13/7, sreenivasan street, School Rd, Mukta Gardens, Chetpet, Chennai, Tamil Nadu 600031, India"
4569,34,ICICI bank iyyapanthangal ,600056,13.0397546,80.1316621,"Prestige Bella Vista, 19151, Mount Poonamallee Rd, Iyyappanthangal, Chennai, Tamil Nadu 600056, India"
6668,28,	Taj Coromandel hotel(sterling road),600034,13.059395412969875,80.24780270239293,"Taj Coramandel, Tirumurthy Nagar, Nungambakkam, Chennai, Tamil Nadu 600008, India"
6636,32,Aranganathan Sub Way,600015,13.02857818742476,80.22404252024099,"1, Reddy Kuppam Rd, Panneerselvam Nagar, Saidapet, Chennai, Tamil Nadu 600098, India"
5793,25,"antony church, palavakkam",600041,12.96052687024802,80.25590857647788,"3/231, SH 49, Jai Sankara Nagar, Palavakkam, Chennai, Tamil Nadu 600041, India"
1891,13c,Poombukar nagar SBI bank ,600099,13.1187998,80.2124277,"1171A, Poompuhar Nagar South, Poompuhar Nagar, Kolathur, Chennai, Tamil Nadu 600082, India"
3558,25c,Ramapuram ,600089,13.0288496,80.1863415,"142, Ellamal Nagar, Rayala Nagar, Ramapuram, Chennai, Tamil Nadu 600089, India"
3865,25c,Butt road,600016,13.00736932502416,80.19803185121283,"45 Butt Road Parangi Malai, Ramapuram, Chakrapani Colony, St.Thomas Mount, Chennai, Tamil Nadu 600016, India"
7307,17A,Old collector office,602001,13.136959666729572,79.91747548068236,"196/2, Kakkalur Bypass Rd, V.M Nagar, Kakkalur, Tamil Nadu 602001, India"
1095,30,Natesan Nagar Bus Stand,600092,13.055664229401838,80.19132584706729,"4/15, Natesan Nagar, Virugambakkam, Chennai, Tamil Nadu 600092, India"
2678,37B,Karayanchavadi junctions ,600056,13.0468873,80.110815,"56/2, Trunk Rd, Karayanchavadi, Chennai, Tamil Nadu 600056, India"
1104,4,Pudupet,600002,13.072088905112585,80.26411150236818,"21, Velayutha Chetty St, Pudupet, Komaleeswaranpet, Egmore, Chennai, Tamil Nadu 600002, India"
1258,33C,"Nesapakkam bus stop , k.k.nagar",600078,13.0379733,80.192305,"No:9, 1st St, KK Nagar West, Nesapakkam, Chennai, Tamil Nadu 600078, India"
5098,3,Choolai Post Office,600112,13.0891581,80.2638429,"5, Thiru Narayana Guru Rd, Choolai, Chennai, Tamil Nadu 600112, India"
5743,40C,Kanchipuram Bus Stand ,631502,12.8372626,79.6985977,"46/15B, Pillaiyarpalayam, Kanchipuram, Tamil Nadu 631501, India"
2795,24,"Independence day park,nanganallur",600061,12.9812002,80.1858056,"Independence Day Park, 3, 6th Main Rd, TNGO Colony, Nanganallur, Chennai, Tamil Nadu 600061, India"
6673,16C,Pudur,600053,13.125992478693467,80.16062192306214,"17B/11, Abiramipuram Main Road, Devanampattu, Abhirampuram, Ambattur, Chennai, Tamil Nadu 600053, India"
3566,35c,Muthukumaran bus stop,600122,13.022537710350818,80.10683524589817,"Kozhumanivakkam, Melma Nagar, Mangadu, Chennai, Tamil Nadu 600128, India"
639,22,Tansi Nagar bus stop ,600042,12.977219479393536,80.22350408641462,"1-18, Taramani Link Rd, Varadharajapuram, Tansi Nagar, Velachery, Chennai, Tamil Nadu 600042, India"
4167,32,Aranganathan Subway ,600015,13.023997439481038,80.22118246397913,"33/13, Koothaadum Pillayar Koil St, Suriyammapet, Saidapet, Chennai, Tamil Nadu 600015, India"
7601,18A,Seneerkuppam petrol bunk ,600077,13.069631842147198,80.10170700247558,"117, Sameera Prime Gdn Rd, Viraraghavapuram, Tamil Nadu 600077, India"
7885,15C,Singapore Shopping Ambattur,600053,13.116700267865504,80.1433704490514,"14, No: 14, 2nd Cross St, Nehru Nagar, Krishnapuram, Ambattur, Chennai, Tamil Nadu 600053, India"
2192,13A,Don Bosco ,600099,13.1224507,80.218271,"21/1, Anjugam Nagar, Kolathur, Chennai, Tamil Nadu 600082, India"
7807,21,amul ice cream bus stop,600088,12.98748129440809,80.2014218169377,"29/11, 29/11, Lakshmi Nagar 1st St, Parthasarathy Nagar, Adambakkam, Chennai, Tamil Nadu 600088, India"
2587,7a ,Golden flats ,600050,13.0889225,80.181116,"1187, Anna Nagar West End Colony St, TS Krishna Colony, Chennai, Tamil Nadu 600050, India"
2418,36c,bai kadai,600128,13.0101843,80.1189182,"60, Kovur, Chennai, Thandalam, Tamil Nadu 600128, India"
5080,16B,Kallikuppam arch,600053,13.1336036,80.169587,"78, West Balaji Nagar Extension, Kallikuppam, Ambattur, Chennai, Tamil Nadu 600053, India"
5044,16b,Kallikuppam arch,600053,13.1143212,80.15447429999999,"4573+PQH, Ambattur, Chennai, Tamil Nadu 600053, India"
5066,9c,Dr supermarket,600037,13.08147975326898,80.1670479843885,"84, near DR Super Market, 4th Block, Mogappair West, Mogappair, Chennai, Tamil Nadu 600037, India"
4764,9c,Dr supermarket,600037,13.08151638330123,80.16691637380504,"No.4/744, Mogappair West Main Rd, 4th Block, Mogappair West, Ambattur Industrial Estate, Chennai, Tamil Nadu 600037, India"
1798,23,Ganesh Nagar ,600091,12.9615838,80.1820336,"Vivekha Enclave, Plot No. 26, Sri Venkateswara Nagar, Moovarasampet, Yashodha Nagar, Keelkattalai, Chennai, Tamil Nadu 600091, India"
8092,11,Moolakadai ,600118,13.1418716,80.243336,"40/7, Kattabomman Nagar, MRL Colony, Anbu Nagar, Kodungaiyur, Chennai, Tamil Nadu 600118, India"
5266,19A,Krishna nagar west tambaram ,600045,12.9233476,80.0971611,"Krishna Nagar metro station, Krishna Nagar, Tambaram, Tamil Nadu 600045, India"
8064,17D,Perumal Koil bus stop,602024,13.1032407,80.0267692,"423G+8FC, Thiruninravur, Tamil Nadu 602024, India"
64,16A,Surapet,600066,13.157749079341748,80.19674350981647,"Umayal Aachi College, New Central Jail, Surapet, Chennai, Tamil Nadu 600066, India"
295,16E,Saraswathi nagar ,600062,13.129256184140903,80.138780597809,"Vishnu Complex, Chennai - Tiruttani Hwy, Balaji Nagar, Thirumullaivoyal, Chennai, Tamil Nadu 600062, India"
6016,27,Adyar Gate Hotel,600018,13.033036686139493,80.25253130786317,"530, 1st Cross St, Cooperative Colony, Sri Ram Nagar, Alwarpet, Chennai, Tamil Nadu 600018, India"
239,15E,Kathirvedu,600066,13.148953239077336,80.20014282802056,"2, Collector Nagar Main Rd, INTUC Nagar, Puzhal, Kadirvedu, Chennai, Tamil Nadu 600066, India"
3933,42c,"SR gate, Arakkonam ",631002,13.070639814822178,79.66668907774563,"3MC8+CHJ, Arakkonam, Tamil Nadu 631002, India"
1926,17B,Sengadu,602002,13.030349857172553,79.91789093168164,"2WH9+X36, Sengadu, Tamil Nadu 602105, India"
2683,37,Porur Saravana stores,600116,13.02764172464132,80.16284635126101,"6-30, 6-30, 3rd Cross St, Ganga Nagar, Sakthi Nagar, Porur, Chennai, Tamil Nadu 600116, India"
5626,14C,Madhavaram New Bus stand,600060,13.15562661515331,80.22984755464148,"564H+6X2, Satya Sai Nagar, Madhavaram, Chennai, Tamil Nadu 600060, India"
5726,14C,Madhavaram Old Bus Stand,600060,13.147976857943515,80.2327575996726,"68, Rajaji St, Alex Nagar C Colony, Natesan Nagar, Rajaji Nagar, Madhavaram, Chennai, Tamil Nadu 600060, India"
6371,19E,Outer Ring Road,601301,12.916566941668473,80.0554882830507,"59 maningalam road, Mudichur Rd, Tambaram, Manimangalam, Tamil Nadu 602301, India"
2324,21C,Dhandeeswaram bus stop ,600042,12.9838049,80.2260867,"3rd Cross St, 6th Main Rd, Dhadeswaram Nagar, Velachery, Chennai, Tamil Nadu 600042, India"
3365,38,Housing board ,631501,12.821978259031004,79.69309800250257,"M/148 master manikam street, Gem Nagar, Tamil Nadu 631502, India"
7157,16E,"Stedford hospital, Ambattur ",600053,13.12444029035599,80.14282569968184,"5B, Shobha Nagar, Ambattur, Chennai, Tamil Nadu 600062, India"
2827,20c,Ponniyamman koil bus stop ,600091,12.964842533714982,80.19678842480812,"Ponniamman Kovil Road Junction, Balaiah Garden, Madipakkam, Chennai, Tamil Nadu 600091, India"
4505,17A,Old collector office ,602001,13.1326198,79.9196587,"67, Thendral St, Poonga Nagar, Kakkalur, Tamil Nadu 602025, India"
2468,13,Periyar nagar bus stand thiruvallur kalyana mandabam,600082,13.111825851350382,80.22285521518964,"18/315, G.K.M Colony, General Kumaramangalam Colony, Perambur, Chennai, Tamil Nadu 600082, India"
3261,39,Orikkai mani mandapam ,631502,12.803606612847217,79.71198432631547,"7, Kumaresan Nagar, Arasu Nagar, Thandavaraya Nagar, Orikkai, Tamil Nadu 631502, India"
6889,42C,Venkatespuram,631002,13.064472890892144,79.67280737427839,"388/T, second street, MKN Nagar, VENKATESAPURAM, Arakkonam, Ammanur R.F., Tamil Nadu 631002, India"
4877,42,Indira Gandhi statue,631003,13.09252684016029,79.65960807474515,"3MV5+3V5, Arakkonam, Tamil Nadu 631001, India"
6933,17D,Thiruninravur ,602024,13.126202443163915,80.02106707271308,"1/2A, Lakshmipuram Rd, Thiruninravur, Chennai, Tamil Nadu 602024, India"
5543,4C,Metha Nagar,600094,13.0676286,80.2267091,"No. 360, 17th, West St, Metha Nagar, Thiruvalluvar Puram, Kundrathur, Chennai, Tamil Nadu 600069, India"
4312,17B,602002,602002,13.0795704,79.9080757,"3WH5+MFR, Manavalanagar, Tamil Nadu 602002, India"
6071,27c,Stella Maris college ,600086,13.0488323,80.2558288,"No. 278, Avvai Shanmugham Lane, Gopalpuram, Royapettah, near AIADMK Office, Gopalapuram, Chennai, Tamil Nadu 600086, India"
5222,2,Maharani,600021,13.116270820551742,80.28370743121694,"356, Thiruvottiyur High Rd, Mottai Garden, Old Washermanpet, Chennai, Tamil Nadu 600021, India"
4847,1,Wimco Nagar ,600057,13.179768788963791,80.30755097263877,"591, Thiruvottiyur High Rd, Sakthi Puram, Tiruvottiyur, Chennai, Tamil Nadu 600019, India"
1110,10C,ICF Signal,600038,13.0986177,80.2139972,"179/5, West colony, icf, Chennai, Tamil Nadu 600038, India"
3406,20A,MEDAVAKKAM,600100,12.9209733,80.1856183,"No. 248, 2A, Velachery Rd, United Colony, Medavakkam, Chennai, Tamil Nadu 600100, India"
7548,17,Government hospital ,602001,13.13318096665542,79.91075743978685,"4WM6+77X, Hariram Nagar, Poonga Nagar, Kakkalur, Tamil Nadu 602001, India"
1343,16C,wireless kallikuppam,600053,13.131902945362222,80.16548660984829,"45J8+Q57, Chennai - Thiruttani - Renigunta Hwy, Kallikuppam, Ambattur, Chennai, Tamil Nadu 600053, India"
5978,18E,Veltech junction ,600062,13.008419,80.002196,"Rajalakshmi Engineering College - Automobile, Biomedical, Civil and 1st Year Block, National Highway 4, Rajalakshmi Nagar, Chennai, Mevalurkuppam, Tamil Nadu 602105, India"
5346,10,Jeeva Station,600039,13.109682603357854,80.25728743922474,"17, Stephenson Rd, Avvai Nagar, Vyasar Nagar Colony, Vyasarpadi, Chennai, Tamil Nadu 600039, India"
945,41A,Arani,632508,12.883672101942455,79.45386860641784,"32, Perumal Koil St, Thiruparkadal, Kadapperi, Tamil Nadu 632508, India"
7145,34C,"Reliance SMART Superstore, Iyyappanthangal",600056,12.976128,80.2095104,"X6G5+CR5, 1st Cross St, Srinivasa Nagar Extension, Devi Karumariamman Nagar, Ram Nagar, Velachery, Chennai, Tamil Nadu 600042, India"
5961,27c,Light House,600004,13.0387037,80.2793415,"86, Nochikuppam Main Rd, A-Block, Nochi Nagar, Mylapore, Chennai, Tamil Nadu 600004, India"
7097,21,Kakkan Bridge,600088,12.987557748535735,80.20077230958255,"10/16, Shanthi Nagar, Adambakkam, Chennai, Tamil Nadu 600088, India"
2708,17,Uthukottai ,602026,13.334003051791642,79.89130902322701,"8VMR+JJW, Uthukkottai, Tamil Nadu 517588, India"
6247,32,Srinivasa theatre ,600033,13.031161454276337,80.2240743098401,"60/24, Govindan Road, West Mambalam, Panneerselvam Nagar, West Mambalam, Chennai, Tamil Nadu 600033, India"
7802,37b,E.B  office,600056,13.045459164110529,80.11583653378067,"27, Karayanchavadi, Poonamallee, Chennai, Tamil Nadu 600056, India"
3745,32c,"Kalaimagal Nagar,Ekkattuthangal",600032,13.0263166,80.2063355,"54, Kalaimagal Nagar, Ekkatuthangal, Pazhanthandalam, Chennai, Tamil Nadu 600044, India"
3786,20A,rajakilpakkam,600073,12.922632676888316,80.15146639036384,"23, Velachery - Tambaram Main Rd, Ambedkar Nagar, Sembakkam, Chennai, Tamil Nadu 600073, India"
3775,11,Madhavaram,600060,13.1413643,80.22391809999999,"Radiance Suprema, 131, Grand Northern Trunk Rd, near Madhavaram, Roundana, Madhavaram, Chennai, Tamil Nadu 600110, India"
3560,1c,"266, S.N, Thambu Chetty St, Kasi Garden, Chennai, Tamil Nadu 600013",600013,13.1138424,80.2944637,"9/79, Pudumanaikuppam, Royapuram, Chennai, Tamil Nadu 600013, India"
6646,13A,Britannia,600050,13.095170108661982,80.18090089400653,"5/47, Arunagiri St, Mathiyazhagan Nagar, TMP Nagar, Padi, Chennai, Tamil Nadu 600050, India"
3849,11,MOOLAIKADAI,600118,13.128465478508572,80.24196353496815,"No 1, thiruvalluvar street, Moolakadai, Kodungaiyur, Chennai, Tamil Nadu 600118, India"
7776,15A,"MGR NAGAR,AYAPPAKKAM",600077,13.091218385132166,80.12406088244373,"12, Tiruverkadu Rd, Ambigai Nagar, Mgr Puram, Ayappakkam, Chennai, Tamil Nadu 600077, India"
7786,6,Hot Chips,600040,13.085128585922112,80.20331443673226,"43, 2nd Ave, Block AF, Anna Nagar, AF Block, Anna Nagar, Chennai, Tamil Nadu 600040, India"
5369,38,"Punjaiarasanthangal, Kanchipuram ",631502,12.7932378,79.6678724,"QMV9+844, Punjarasanthangal, Tamil Nadu 631502, India"
1984,30,Sai nagar,600107,13.059668340069358,80.1953228990877,"56, Kaliamman Koil St, Chinmaya Nagar Stage 2, Chinmaya Nagar Stage 1, Virugambakkam, Chennai, Tamil Nadu 600092, India"
6127,17D,PS4 Thiruninravur,602024,13.127393428746476,80.0305301252759,"32, Thiruninravur, Nadukuthagai, Tamil Nadu 602024, India"
568,18C,Moorthynagar ,600071,13.102669,80.108437,"Moorthy Nagar, Avadi, Tamil Nadu 600071, India"
753,9c,DR super market. Mogappair West,600095,13.076540602006697,80.14966999887703,"34GX+HRG, Padaslai Rd, Ayyapakkam, Kil Ayanambakkam, Chennai, Tamil Nadu 600095, India"
3386,22,Tharamani Bharathi nagar,600113,12.981123801302871,80.23429589747829,"Bharathi Nagar, Bharathi Nagar, Tharamani, Chennai, Tamil Nadu 600113, India"
2697,27c,Pattinampakam Signal,600028,13.022972413639485,80.26753556564138,"127, Karpagam Avenue, Raja Annamalai Puram, Chennai, Tamil Nadu 600028, India"
5149,31,Postal colony,600033,13.035364728500063,80.21947155189173,"4/177, Postal Colony, Ashok Nagar, Chennai, Tamil Nadu 600033, India"
5956,23,Kovilambakkam,600129,12.945792035849848,80.18309275987166,"3782-a, Medavakkam Main Rd, Rose Nagar, Kovilambakkam, Chennai, Tamil Nadu 600117, India"
2774,15c,Chithukadu bus stop ,600072,13.0891517,80.0568316,"33Q4+MP8, Service Rd, Soranjeri, Tamil Nadu 600072, India"
6643,34c,Mugalivakam Petrol Bunk ,600125,13.021922138768666,80.17070638711803,"Plot 1B,Kothandam, Nagar, Ranga Ave, near Yak sports academy, Kumudam Nagar, Mugalivakkam, Chennai, Tamil Nadu 600125, India"
7899,18D,Nimilichery Rountana ,600044,13.123731158681403,80.0528503769292,"2, Chennai - Tiruvallur High Rd, Pattabiram, Chennai, Tamil Nadu 600072, India"
5281,17,papparambakkam bus stand,602025,13.053010891526217,79.95893767921675,"3X35+5F8, Papparambakkam, Tamil Nadu 602025, India"
258,33c,Vembulli amman Koil bus stop ,600092,13.046316066160362,80.18993511051258,"37-1, Sankareswarar Nagar, Sankareswar Nagar, Chennai, Tamil Nadu 600083, India"
1733,41,Walajapet bus stand ,632513,12.92534775673549,79.36389604634235,"W9G7+4HC, Madras Bombay Trunk Rd, Walajapet, Tamil Nadu 632513, India"
4933,23,Independence Day park,600061,12.984660493889098,80.19225887391896,"X5MR+RWW, Kannan Nagar 2nd Main Rd, NCBS Colony, Nanganallur, Chennai, Tamil Nadu 600061, India"
3514,10,Otteri,600012,13.097819945669556,80.24985761659448,"30/375, Santhiyaappa St, Otteri, Jamalia, Chennai, Tamil Nadu 600012, India"
3535,13,Thiruvalluvar Kalyana Mandapam,600082,13.114336460522148,80.22450714659614,"Thirunamandapam, Periyar Nagar West, Perambur, Chennai, Tamil Nadu 600082, India"
790,40c,"Rama's cafe , kanchipuram ",631502,12.837261511668755,79.70708464703849,"8/34, Melkathirpur, Periya, Kanchipuram, Tamil Nadu 631501, India"
2665,36,"Moondram kattalai, kundrathur ",600069,13.006968535890858,80.10842235184504,"Babu Garden, 1/124A, Kovur, Lakhsmi Nagar, Chennai, Tamil Nadu 600069, India"
5008,13,Thiruvalluvar kalyanam mandapam,600082,13.114417290628891,80.22454648908365,"38, Karthikeyan Rd, Masakkalipalayam, Periyar Nagar West, Perambur, Chennai, Tamil Nadu 600082, India"
6977,12C,Perambur bus depot ,600011,13.1112605,80.2472274,"10, Bharathi Road, Chinnaiyan Colony, Perambur, Chennai, Tamil Nadu 600011, India"
4061,13c,Temple School,600099,13.126421580027218,80.20410341811325,"11, Rajiv Gandhi Nagar, Venus Nagar, Kolathur, Chennai, Tamil Nadu 600099, India"
3910,20C,Ponniamman Kovil,600091,12.964877820099389,80.1968917571343,"9, Pillaiyar Koil St, Thilakar Nagar, Balaiah Garden, Chennai, Tamil Nadu 600091, India"
248,19D,Tea stop urapakkam ,603211,12.866196486293347,80.07505482180142,"972, Chennai - Theni Hwy, Bharathi Nagar, Vurapakkam, Urapakkam, Chennai, Tamil Nadu 603211, India"
3081,20E,"MEPZ Special Economic Zone, Tambaram, Chennai-45",600045,12.933947820223876,80.12429236332092,"8, Rajagopal St, Kadaperi, Tambaram, Chennai, Tamil Nadu 600045, India"
3030,20E,"MEPZ Special Economic Zone,Tambaram, Chennai-600045",600045,12.933959500922342,80.12437272226306,"No 5 Anuda homes Rajagopal street Kadaperi, RV Garden, West Tambaram, Tambaram, Chennai, Tamil Nadu 600045, India"
7068,23C,Pazhavanthangal Subway,600061,12.98796806513851,80.18526210354723,"Pazavanthangal Road Jn, Krishnaswamy Street, Pazavanthangal, Chennai, Tamil Nadu 600114, India"
3095,44,"Eta Globevill, Mambakkam",602106,12.933848586983068,79.90860376841474,"WWM5+MGG, Nenmeli, Sriperumbudur, Tamil Nadu 602105, India"
2800,39C,Gori,631501,12.850891667026286,79.69046385639793,"25, Varathappan St, Haji Nagar, Pillaiyarpalayam, Kanchipuram, Tamil Nadu 631502, India"
5510,18B,Hindu college,600054,13.119065579710584,80.07463107366696,"Hindu College, Pattabiram, Tamil Nadu 600072, India"
3832,40c,"Ramas cafe, kanchipuram bus stand ",631501,12.8390596,79.7228102,"RPQF+Q26, Kanchipuram, Tamil Nadu 631501, India"
922,43,Indian oil - pattrai,602002,13.103261166859182,79.9077685792655,"4W35+74X, Shree Kothanda Ramar Temple Main Rd, Kumaran Nagar, Melnallathur, Venkathur, Tamil Nadu 631561, India"
2728,43,Pattarai,602002,13.1032096,79.9076198,"4W35+82C, Venkathur, Tamil Nadu 602002, India"
1397,17B,"Uzahvar santhai,Thiruvallur ",602001,13.1393298,79.9073439,"184/12G, Chennai Tiruvallur High Rd, Pungathur, SP Nagar, Tiruvallur, Tamil Nadu 602001, India"
206,18b,Hindu college ,600072,13.119090400963994,80.07444468416597,"Hindu College, Pattabiram, Tamil Nadu 600072, India"
1299,36C,Baikadai,600128,13.01907923212318,80.14247422029487,"No.62, Kundrathur Main Rd, Sulochana Nagar, Moulivakkam, Chennai, Tamil Nadu 600125, India"
1941,18B,Hindu college ,600072,13.11903774437579,80.07453703672496,"Hindu College, Pattabiram, Tamil Nadu 600072, India"
2554,15D,Icf church  ayyapakkam,600077,13.0983046,80.13665110000001,"No.9384, TNHB, TNHB Colony, Annanur, Ayappakkam, Chennai, Tamil Nadu 600077, India"
1478,18B,Hindu College ,600072,13.1196407,80.0749822,"439F+RX7, 1st Cross St, Modern City, Deena Dayalan Nagar, Pattabiram, Tamil Nadu 600054, India"
6982,18,Ponnu super bazzar,600054,13.116072913616724,80.1030599761685,"4483+C62, New Military Rd, Thirumalai Rajapuram, TNHB Mig V Block, Avadi, Tamil Nadu 600054, India"
238,29c,Mega Mart ,600087,13.044656671248998,80.18634010238814,"187, Arcot Rd, near Unlimited Fashion Store - Valasaravakkam, Tiruvallur, New Colony, Valasaravakkam, Chennai, Tamil Nadu 600087, India"
7156,19F,Thailavaram ,603203,12.831164973806546,80.04616482850018,"3, Grand Southern Trunk Rd, Pandian Nagar, SRM Nagar, Thailavaram, Tamil Nadu 603203, India"
2003,31,Jubilee Road(West Mambalam) Near Bus Stand,600033,13.041677916587252,80.22248773204376,"Anjugam School, Gokulam Colony, Ramakrishnapuram, West Mambalam, Chennai, Tamil Nadu 600033, India"
674,25,Thiruvanmiyur RTO office,600041,12.9781879,80.2643721,"X7H7+7Q7, 21st Cross St, Valmiki Nagar, Thiruvalluvar Nagar, Thiruvanmiyur, Chennai, Tamil Nadu 600041, India"
2229,14,Manali new town,600103,13.208902136324555,80.27376196306128,"17/21, Pudhu Nagar, Manali New Town, Chennai, Edayanchavadi, Tamil Nadu 600103, India"
3171,40c,"Kanchipuram bus stand, near rama's lodge ",631501,12.8374724,79.70306529999999,"29/1, Bavaji Nagar, Nellukara st, Kanchipuram, Tamil Nadu 631502, India"
6117,18E,Vel Tech junction ,600055,13.166659297791035,80.09846970478202,"Veltech South Junction, Alamadhi Rd, Bharathi Nagar, New Vellanur, Tamil Nadu 600065, India"
5373,32,Ashok nagar ( blue tank),600083,13.0302992,80.21766219999999,"17/3/4, Ethiraj Nagar, Saidapet, Chennai, Tamil Nadu 600033, India"
681,38,Housing board ,631502,12.817036852429252,79.69213685607521,"RM8R+WRF, Pallavan Nagar, Gem Nagar, Sevlimedu, Tamil Nadu 631502, India"
2733,40c,"Kori, Kanchipuram ",631501,12.849818092720032,79.69322635864997,"67, Kanchipuram To Thirupathi Hwy, Oilmohammadpettai, Pillaiyarpalayam, Kanchipuram, Tamil Nadu 631502, India"
5350,27c,Stella Maris,600086,13.047403251360636,80.255984855321,"15, 6th St, Chokkalingam Nagar, Gopalapuram, Chennai, Tamil Nadu 600086, India"
3570,32,CIT Nagar,600035,13.0300327,80.2306347,"2, CIT Nagar West, Nandanam, Chennai, Tamil Nadu 600035, India"
3825,27C,Santhome,600004,13.030836504200051,80.27346828724376,"18-52, 18-52, Thatchi Arunachalam Street, Sankarapuram, Mylapore, Chennai, Tamil Nadu 600004, India"
613,37C,Poonamallee byepass,600056,13.0489683,80.08913299999999,"Old Sundar Theatre Complex,, 795C, Poonamallee - Avadi High Rd, Rukmani Nagar, Poonamallee, Chennai, Tamil Nadu 600056, India"
1898,37C,Poonamallee Bypass ,600056,13.049711021843253,80.09225682435938,"7C/7B/7A, Rukmani Nagar Main Rd, MG Nagar, Poonamallee, Chennai, Tamil Nadu 600056, India"
4959,3,Murugan Hospital,600010,13.0833879,80.2342535,"264, 125, Kilpauk Garden Road, Kilpauk, Chennai, Tamil Nadu 600010, India"
1905,9c,DR Supermarket Mogappair West (Opp. to Waves),600037,13.0814762,80.1669512,"DR Super Market, Mogappair West Main Rd, 4th Block, Mogappair West, Ambattur Industrial Estate, Chennai, Tamil Nadu 600037, India"
996,5c,Nerkundram ,600107,13.063063063063064,80.18309584928826,"4-162, Bharathiyar St, Netaji Avenue, Kanniamman Nagar, Nerkundram, Chennai, Tamil Nadu 600107, India"
7112,23C,Keelkattalai Bus Stand ,600117,12.9558781,80.1870754,"Shop No.29/54, 1st Floor, Sarojammal Complex, Medavakkam Main Rd, Kumaran Nagar, Keelkattalai, Chennai, Tamil Nadu 600117, India"
8015,19E,Bharathi Nagar,600063,12.921422514375484,80.0923395310452,"103, Mudichur Rd, Bharathi Nagar, Tambaram, Chennai, Old Perungalathur, Tamil Nadu 600063, India"
7999,39C,Gori,631502,12.849829679551258,79.6931767345459,"17, Oilmohammadpettai, Pillaiyarpalayam, Kanchipuram, Tamil Nadu 631502, India"
6053,27,Kotturpuram ,600085,13.018524686279234,80.24137930831073,"ADMIN BLOCK, A M M MATRICULATION HIGHER SECONDARY SCHOOL, Gandhi Mandapam Rd, Avvai Colony, Kotturpuram, Chennai, Tamil Nadu 600085, India"
4743,13c,Grace super market villivakkam,600049,13.1191632,80.2092952,"68 Durugalayam apartment, Ram Nagar 2nd Cross St, Sri Venkatesa Nagar, Venkateshwara Nagar, Kolathur, Chennai, Tamil Nadu 600099, India"
5939,25,"RTO Office , Thiruvanmiyur",600041,12.9811194,80.2599079,"18-4, Lalitha Nagar, Thiruvanmiyur, Chennai, Tamil Nadu 600041, India"
2065,32c,Ekkatuthangal ,600032,13.0177153,80.2056743,"27, SIDCO Industrial Estate, Guindy, Chennai, Tamil Nadu 600032, India"
5033,12C,Ajantha bakery ,600011,13.11189906557248,80.23825635650083,"38, Paper Mills Road, opp. to Gandhi Statue, Jagannathan Colony, Perambur, Chennai, Tamil Nadu 600011, India"
2247,41,AAA College,632513,12.922221643465246,79.37683954632784,"W9CG+RR3, Madras Bombay Trunk Rd, Walajapet, Tamil Nadu 632513, India"
1728,41c,Melvisharam ,632517,12.9300792,79.2618531,"W7H7+P4G, AH45, Melvisharam, Tamil Nadu 632517, India"
4723,5B,Vanagarm srivaari signal ,600095,13.071433,80.1531476,"37/ 55, Mahatma Gandhi Street, Kil Ayanambakkam, Near Apollo hospital Vanagaram, Maduravoyal, Kil Ayanambakkam, Chennai, Tamil Nadu 600095, India"
5345,5c,Vallavan hotel,600106,13.0624223,80.2090788,"185/1, Annai Sathya Nagar, Arumbakkam, Chennai, Tamil Nadu 600026, India"
5046,20B,"Indra Nagar, selaiyur ",600073,12.9124137,80.14252619999999,"6/2, Camp Rd, Uma Nagar, Selaiyur, Chennai, Tamil Nadu 600073, India"
5349,25,Palavakkam Anthony Church,600041,12.96071,80.25649299999999,"4/5, Bharathiyar St, Palavakkam, Chennai, Tamil Nadu 600041, India"
5077,31,Postal colony ,600033,13.035896975051015,80.2202741120467,"West Mambalam, 3rd St, Postal Colony, West Mambalam, Chennai, Tamil Nadu 600033, India"
7707,25,THIRUVANMIYUR RTO ,600041,12.97888928714726,80.25781768301293,"3/23, Rajaji Nagar Main Rd, Rajaji Nagar, Thiruvanmiyur, Chennai, Tamil Nadu 600041, India"
2475,37,Porur (Near Anjappar),600116,13.034362287544228,80.16250589098624,"179, Lakshmi Nagar, Porur, Chennai, Tamil Nadu 600116, India"
2318,20C,PONNIAMMAN KOIL,600091,12.9701107,80.1962476,"2/27, Kalaimagal St, Murugappa Nagar, Madipakkam, Chennai, Tamil Nadu 600091, India"
6809,42,Indira Gandhi,631003,13.09251596078782,79.65963305214706,"3MV5+3V5, Arakkonam, Tamil Nadu 631001, India"
841,44,"ETA Globevill, Mambakkam",602106,12.933861385959558,79.9085884134822,"WWM5+MGG, Nenmeli, Sriperumbudur, Tamil Nadu 602105, India"
687,18b,Hinducollege ,600072,13.123516,80.07397259999999,"43FG+952, Deena Dayalan Nagar, Pattabiram, Tamil Nadu 600054, India"
2864,5,"Chintamani, Anna Nagar ",600102,13.084653825997508,80.22337309390291,"C, 48, 2nd Ave, C Block, Annanagar East, Chennai, Tamil Nadu 600102, India"
8036,39,orrikai,631502,12.810553992665293,79.70638929615326,"210, Arumugam complex,viswadoss nagar, Military Rd, Sivapuram, Orikkai, Tamil Nadu 631502, India"
1374,13,Periyar nagar bus stand,600082,13.116412836164615,80.22498642010366,"1-261, Kandasamy Salai, Masakkalipalayam, Periyar Nagar, Chennai, Tamil Nadu 600049, India"
8042,39,Orikkai,631502,12.81053306910535,79.70638929615326,"210, Arumugam complex,viswadoss nagar, Military Rd, Sivapuram, Orikkai, Tamil Nadu 631502, India"
6399,29,Dasarathapuram,600093,13.0588074,80.20193569999999,"3652+FRF, 9, Alagappan St, Devaraja Nagar, Dasaratha Puram, Saligramam, Chennai, Tamil Nadu 600093, India"
1329,16E,Paruthipattu,600071,13.089891971670978,80.10991920055883,"SH 55, Avadi, Tamil Nadu 600071, India"
6698,9,7H,600037,13.0799688,80.18047969999999,"01 Everest Colony, Mogappair East, Chennai, Tamil Nadu 600037, India"
7042,19D,Urappakkam School Stop,603211,12.86634773569101,80.07495433853204,"972, Chennai - Theni Hwy, Bharathi Nagar, Vurapakkam, Urapakkam, Chennai, Tamil Nadu 603211, India"
6925,38,Mamandur ,631702,12.7527204,79.6753972,"QM3G+357, Vembakkam, Tamil Nadu 604410, India"
269,17B,Thiruvallur,602001,13.1393298,79.9073439,"184/12G, Chennai Tiruvallur High Rd, Pungathur, SP Nagar, Tiruvallur, Tamil Nadu 602001, India"
3740,37,"Saravana Stores, Mount Poonamallee Rd",600116,13.032038684412552,80.16363143185343,"62, Sakthi Nagar, Porur, Chennai, Tamil Nadu 600116, India"
7594,4C,Mehta Nagar,600029,13.0711141,80.2311533,"7/11, Aminjikarai, Chennai, Tamil Nadu 600030, India"
2626,26,Meesapet market,600014,13.053366001534776,80.26960324808168,"88/2/195, Peter's Rd, Mirsahibpet, Royapettah, Chennai, Tamil Nadu 600014, India"
1753,16E,paruthipattu,600071,13.088847305607027,80.10924234647736,"VGN apartments, Hazel Apartment, Poonamallee - Avadi High Rd, Avadi, Tamil Nadu 600071, India"
106,20d,Nanmangalam ,600117,12.938458,80.1772328,"88, Perumal Koil St, Vijayalakshmi Nagar, Nanmangalam, Adambakkam, Chennai, Tamil Nadu 600088, India"
3060,20D,Kamarajapuram,600073,12.92229713192662,80.15504062234706,"W5C4+V2V, 2nd Cross St, Sembakkam, Chennai, Tamil Nadu 600073, India"
3426,9B,7M Bus Stop,600037,13.070651429926729,80.1681895251312,"Block-C, FOMRA TRIBHUVAN, Nolambur, Ambattur Industrial Estate, Chennai, Tamil Nadu 600095, India"
4746,6,Anna Nagar Tower Metro - Luke's Church,600040,13.084873,80.2101753,"2038, AD Block, Anna Nagar, Chennai, Tamil Nadu 600040, India"
6603,20D,Selaiyur police station,600073,12.925399494272902,80.13946101222606,"3/39, East Tambaram, Selaiyur, Chennai, Tamil Nadu 600059, India"
522,37B,E.B. OFFICE KARAYANCHAVADI,600056,13.0528066,80.1107544,"4, Kumaran Chawadi, Ambal Nagar, Ponniamman Nagar, Poonamallee, Chennai, Tamil Nadu 600056, India"
7718,13C,Grace Super Market Villivakam,600049,13.11694214902744,80.20517305571501,"210, 1st Main Rd, Dayalu Nagar, Baba Nagar, Valluvar Nagar, Villivakkam, Chennai, Tamil Nadu 600049, India"
6170,28C,"KARAMBAKKAM,PORUR",600116,13.0377692,80.1593461,"3, Arcot Rd, Karambakkam, Rajeswari Nagar, Porur, Chennai, Tamil Nadu 600116, India"
7799,19A,Irumpuliyur,600059,12.91824,80.1102744,"No 6 shelliamman koil st 2nd Cross st Irumbuliyur, East Tambaram, Tambaram, Chennai, Tamil Nadu 600059, India"
5703,13c,Grace supermarket ,600099,13.118767742356903,80.20746518393048,"6, Kolathur Main Rd, Ganesh Nagar, Villivakkam, Chennai, Tamil Nadu 600099, India"
6464,19A,Irumpuliyur,600059,12.91824,80.1102744,"No 6 shelliamman koil st 2nd Cross st Irumbuliyur, East Tambaram, Tambaram, Chennai, Tamil Nadu 600059, India"
7591,14,"Manali New Town, Milkbooth",600103,13.208845,80.2719972,"7/14, Pudhu Nagar, Manali New Town, Chennai, Edayanchavadi, Tamil Nadu 600103, India"
203,14,Infant Jesus church ,600103,13.2150952,80.2710087,"11/53, Vichoor, Vichoor Village, Tamil Nadu 600103, India"
1075,26c,Teynampet,600018,13.040367103080191,80.24741989377796,"401-202, Anna Salai, Subbarayan Nagar Postal Colony, Subbaravan Nagar, Chennai, Tamil Nadu 600018, India"
7566,27,bilroth hospital,600018,13.033366,80.2570913,"No2, Dr Ranga Rd, Alwarpet, Chennai, Tamil Nadu 600018, India"
7823,34C,iyyapanthangal bus stop,600056,13.0381912269876,80.13475513801679,"Iyyappanthangal, VGN Nagar, Iyyappanthangal, Chennai, Tamil Nadu 600056, India"
2454,39,Thaluk Office,631501,12.832940219570215,79.70514335499729,"83/38, Sheikpet Nadu St, Ennaikaran, Kanchipuram, Tamil Nadu 631501, India"
294,35D,Anakaputhur Indian bank,600070,12.981735392198102,80.13180948626767,"7A, Padmanabha Nagar, Balaji Nagar, Anakaputhur, Chennai, Tamil Nadu 600070, India"
4879,19E,"Sri Padmavathy Mahal, SH 110, Gandhi Nagar, Mudichur, Old Perungalathur, Tamil Nadu 600063",600063,12.919661232434075,80.08724886298235,"11/29, Mudichur Rd, Gandhi Nagar, Old Perungalathur, Chennai, Tamil Nadu 600063, India"
6223,45,Padappai bus stand point,601301,12.886688281172123,80.0218204446436,"Padappai, Padappai, Tamil Nadu 602301, India"
4160,7A,Velammal signal,600050,13.089615386722633,80.18179190151906,"8A, 6th Cross St, Olympic Nagar, Padi, Chennai, Tamil Nadu 600050, India"
7489,2,Maharani (Singapore Shoppee),600021,13.1159028,80.283499,"Singapore Mall, 28/2, Thiruvottiyur High Rd, Mottai Garden, Washermanpet, Chennai, Tamil Nadu 600021, India"
7434,37A,Porur ,600116,13.036083880068231,80.15314616401209,"1st, Mount Poonamallee Rd, Jaya Nagar, Porur, Chennai, Tamil Nadu 600116, India"
7413,37A,Porur,600116,13.03524737919764,80.15467360578407,"26, SH 55, Devi Nagar, Porur, Chennai, Tamil Nadu 600116, India"
5123,39,Military Road,631502,12.8103978,79.7071457,"546, Military Rd, Venkateshwara Nagar, Sivapuram, Kanchipuram, Tamil Nadu 631501, India"
575,9,Spartan school,600036,13.0852608,80.1791694,"372 A, Paneer Nagar Main Rd, Mohanram Nagar, Mogappair, Chennai, Tamil Nadu 600037, India"
3044,10C,ICF Signal,600049,13.1006285,80.2147232,"201, 4th St, ICF North Colony, Konnur, Chennai, Tamil Nadu 600049, India"
3200,16B,"Omayal achi nursing college ,near puzhal camp",600066,13.156536879026222,80.19739375348378,"554X+J3H, Puzhal, Kadirvedu, Chennai, Tamil Nadu 600066, India"
5462,17D,Veppempattu Railway Station,602024,13.124858146098864,79.99712853380329,"Veppampattu Railway Station, Sudaraon Nagar, Veppambaattu, Tamil Nadu 602024, India"
2335,26,The New college ,600014,13.05353861475786,80.26352510483441,"No:81/61, Peter's Rd, Ganapathy Colony, Royapettah, Chennai, Tamil Nadu 600014, India"
771,44,Vella gate,631502,12.873607433740869,79.6956690826631,"VMFW+95X, NH 132B, Enathur, Tamil Nadu 631502, India"
1618,44,Vellai Gate,631502,12.873603595717611,79.69563750036237,"VMFW+95X, NH 132B, Enathur, Tamil Nadu 631502, India"
1044,22,"Tansi nagar , Velachery",600042,12.9740128,80.2245699,"5, Anna Nagar 3rd Main Rd, Balamurugan Nagar, VGP Selva Nagar, Velachery, Chennai, Tamil Nadu 600042, India"
7993,40B,"Gujarat Chatram , Kanchipuram ",631502,12.8455087,79.6962433,"RMWW+6FX, 64, Salai St, Karuppadithattadai, Tamil Nadu 631502, India"
2159,36c,"Vigneshwara nagar,porur",600116,13.027850940864434,80.15323741510161,"7/3, Balamurugan Nagar, Duraisamy Nagar, Porur, Chennai, Tamil Nadu 600116, India"
5030,6,Nalli silks anna nagar,600040,13.0835105,80.2154089,"AA Block 3rd Main Rd, AB Block, Shanthi Colony, Anna Nagar, Chennai, Tamil Nadu 600040, Lapis lagoon, AA Block, Shanthi Colony, Anna Nagar, Chennai, Tamil Nadu 600040, India"
7496,40b,Rangasamykulam ,631501,12.8242347,79.70975039999999,"11/23, Chinna Kanchipuram, நாகலாந்து தெரு மடம், ரங்கசாமி குளம், Kanchipuram, Arappanacheri, Tamil Nadu 631501, India"
2138,35,Anakaputhur,600070,12.976922010428744,80.12599863493635,"X4GG+MF3, Ambedkar Nagar, Anakaputhur, Chennai, Tamil Nadu 600075, India"
1269,9,Mogappair east,600037,13.082000874267331,80.17691450823244,"Varun apartments, 50/20, Venugopal St, near Mogappair, VGP Nagar, Mogappair, Chennai, Tamil Nadu 600037, India"
1262,16C,"Ammbatur-redhills road,Oragadam",600053,13.127308259000875,80.15399075782366,"46/1, Rajiv Gandhi Nagar, Vijayalakshmi Puram, Ambattur, Chennai, Tamil Nadu 600053, India"
7758,37D,Ambedkar Statue,600056,13.05053403917025,80.09731408413185,"26, Trunk Rd, Mullai Thottam, Poonamallee, Chennai, Tamil Nadu 600056, India"
2862,43,Manavala nagar ,602002,13.108862717803689,79.91001815500383,"PARIMALA ENTERPRISES, 29, SPH ROAD, near Dck mahal, Manavalanagar, Tamil Nadu 602002, India"
7127,27C,Light house,600004,13.0368548,80.2676463,"27P9+P3R, Kapali Thottam, Mylapore, Chennai, Tamil Nadu 600004, India"
7289,35A,Kumananchavadi ,600056,13.041293533685232,80.11394935034032,"124, Indrani Nagar Main Rd, Astha Lakshmi Nagar, Indrani Nagar, Poonamallee, Chennai, Tamil Nadu 600056, India"
7463,17B,Thiruvallur post office ,602001,13.131271888054629,79.90965312639621,"4WJ5+FV2, JN Rd, Hariram Nagar, Poonga Nagar, Tiruvallur, Kakkalur, Tamil Nadu 602001, India"
5633,37D,Nazarthpet petrol bank,600123,13.0444818,80.0788007,"494, Pasupathi St, Poonamallee, Nazarathpettai, Chennai, Tamil Nadu 600123, India"
4053,30C,Sai ram flats valasaravakkam ,600087,13.038986956279505,80.16941793554159,"94, Arcot Rd, Venkata Subramanya Nagar, Jai Garden, Valasaravakkam, Chennai, Tamil Nadu 600087, India"
8082,26,New college ,600014,13.0541684,80.2590183,"New No. 147, Old No. 87, Peter's Rd, Peters Colony, Royapettah, Chennai, Tamil Nadu 600014, India"
3315,27c,New Woodlands hotel,600004,13.041805317548402,80.26805930624822,"182, Royapettah High Rd, Rangaiah Garden, Mylapore, Chennai, Tamil Nadu 600004, India"
3520,7A,Velammal,600050,13.089453481482622,80.18161136251595,"1215, 17th St, behind Appu Flats, Bhagyathammal Nagar, West End Colony, Padi, Chennai, Tamil Nadu 600050, India"
7734,27C,New Woodlands,600004,13.044481745155515,80.26636276872095,"61/63, PS Siva Swamy Rd, Sullivan Garden, Mylapore, Chennai, Tamil Nadu 600004, India"
2734,16A,surapet,600066,13.145731716969353,80.18985179238126,"MAHADWARAKA FLATS. G2 SRI THULUKANATHAMMAN, 2nd St, Surapet, Chennai, Tamil Nadu 600066, India"
1989,41A,Arcot Bus stand ,632503,12.907050390835286,79.32527900123652,"Bus stop, 65B, Anna Salai, near Arcot, Chandapet, Ranipet, Arcot, Tamil Nadu 632503, India"
4231,5,MMDA bus depo,600106,13.0629999,80.2134197,"J, 138, Vinayagapuram Main Rd, I Block, SIDCO Industrial Estate, MMDA Colony, Arumbakkam, Chennai, Tamil Nadu 600106, India"
5747,31,SRM hospital ,600033,13.037716972802514,80.22573329109535,"15/6/1, Kuppaiah St, West Mambalam, Chennai, Tamil Nadu 600033, India"
3948,37,Saravana stores,600116,13.0340466851093,80.16011760811357,"1-1, 1-1, Mount Poonamallee Rd, Kungumam Nagar, Theru Veedhi Amman Koil Streets, Porur, Chennai, Tamil Nadu 600116, India"
2675,28,Kodambakkam ,600024,13.0531863,80.22306499999999,"383, near Gokulam Chit Fund Signal, Trustpuram, Kodambakkam, Chennai, Tamil Nadu 600024, India"
1505,5,MMDA bus depot,600094,13.061405358863,80.22112481827304,"3/2, Anna Nedum Pathai, Veerapandi Nagar, Choolaimedu, Chennai, Tamil Nadu 600094, India"
6994,27C,CITY CENTRE ,600004,13.043339181333565,80.27410195954104,"104, PV Koil St, Loganathan Colony, Purasaiwakkam, Chennai, Tamil Nadu 600007, India"
6836,26,Ratna cafe ,600005,13.0639677,80.2805753,"377J+H6P, PWD Estate, Chepauk, Triplicane, Chennai, Tamil Nadu 600005, India"
3202,40B,kachapeshwarar temple,631501,12.8320059,79.6952388,"1, Sengalvarayan Othavadai St, Pillaiyarpalayam, Kanchipuram, Tamil Nadu 631501, India"
6935,27C,Yellowpages,600004,13.043423862003156,80.27399651471724,"121/46, Dr Radha Krishnan Salai, near Chennai City Centre, Jagadambal Colony, Othavadi, Mylapore, Chennai, Tamil Nadu 600004, India"
7794,4,Chintadripet fish market,600002,13.07498936361757,80.27131941283751,"15/29, Arunachalam Rd, Chintadripet, Chennai, Tamil Nadu 600002, India"
5713,5,mmda colony,600106,13.06345188810665,80.2145729287014,"1-13, SIDCO 1st St, N Block, SIDCO Industrial Estate, MMDA Colony, Arumbakkam, Chennai, Tamil Nadu 600106, India"
5734,27c,Santhome,600004,13.0354099137718,80.27775998175265,"23, Papanasam Sivan Salai, Kangayarpuram, Basha Garden, Mylapore, Chennai, Tamil Nadu 600004, India"
1510,40c,Kanchipuram bus stand ,631501,12.84409379655004,79.70470862184557,"171/51, Melkathirpur, Periya, Kanchipuram, Tamil Nadu 631501, India"
1547,20D,Tambaram MCC,600059,12.9248313,80.1201658,"W4FC+V29, E Tambaram Railway Station Rd, Railway Colony, East Tambaram, Tambaram, Kamarajar Salai, Chennai, Tamil Nadu 600059, India"
7958,27c,Woodlands ,600004,13.0368548,80.2676463,"27P9+P3R, Kapali Thottam, Mylapore, Chennai, Tamil Nadu 600004, India"
5263,11,Korattur police station ,600080,13.103259073997815,80.18581920866279,"49/79, 2nd St, TNHB Colony, Korattur, Chennai, Tamil Nadu 600080, India"
7623,12b,Kolathur ,600099,13.12727806099852,80.21759833448354,"7, Vivek Nagar Main Rd, Vivek Nagar, Kolathur, Tiruvallur, Chennai, Tamil Nadu 600050, India"
5032,14c,Manali market ,600051,13.163515121378708,80.25844798584002,"154, Kamaraj Salai, next to Khadi Bhavan, Avurikollaimedu, Manali, Chennai, Tamil Nadu 600068, India"
6019,34,Kattupakkam bus stand,600056,13.041078321423209,80.12724612399904,"2/346, Mount Poonamallee Rd, Swaminatha Nagar, Kattupakkam, Chennai, Tamil Nadu 600056, India"
4178,17C,GRT,602001,13.1078055,79.9128995,"35, Dr Mu.Varadharasanar St, Manavalanagar, Tamil Nadu 602002, India"
4567,7A,Golden flats - Mogappair,600037,13.088088021487737,80.17928053372954,"120 Feet Road, Anna Nagar W Ext Rd, Mogappair, Chennai, Tamil Nadu 600050, India"
2321,9B,Grace super market,600037,13.0785923,80.1805661,"A-10, Mogappair Industrial Estate, Paneer Nagar, Mogappair East, Chennai, Tamil Nadu 600037, India"
7710,32,Mettupalayam ,600033,13.02713210737345,80.21965228809752,"75, Kodambakkam Rd, Subramania Salai, Mettuppalayam, Saidapet, Chennai, Tamil Nadu 600033, India"
2313,3,Choolai Bus stop,600112,13.08991282059024,80.26517666262185,"bus stand, 90/177, Choolai High Rd, opp. to RAMALINGAA VILAS HOTEL , ( LANDMARK, Periyamedu, Choolai, Chennai, Tamil Nadu 600112, India"
5358,35A,"Kumananchavadi , d Mart Nilgiris stopping ",600056,13.050783615950882,80.11637706269978,"12/64, Periyar Nagar, Poonamallee, Chennai, Tamil Nadu 600056, India"
5017,19E,"Sri Padmavathy Mahal, SH 110, Gandhi Nagar, Mudichur, Old Perungalathur, Tamil Nadu 600063",600063,12.91969801412492,80.08730968055477,"11/29, Mudichur Rd, Gandhi Nagar, Old Perungalathur, Chennai, Tamil Nadu 600063, India"
4988,19E,Padmavathy mandabam,600063,12.919701519604368,80.08734368687988,"W39P+WW4, Mudichur Rd, Gandhi Nagar, Old Perungalathur, Tamil Nadu 600063, India"
6621,5A,PANCHALLI AMMAN,600106,13.077062621781431,80.21064218175295,"paanchali amman koil opp., arumbakkam post office bus stop, koyambedu, 36G6+R65, Panchali Amman Koil Street, Amaravathi Nagar, Arumbakkam, Chennai, Tamil Nadu 600106, India"
4945,14c,Madhavaram ,600060,13.151851530738243,80.22822757737076,"2, Madavaram Red Hills Rd, Kilburn Nagar, Madhavaram, Chennai, Tamil Nadu 600060, India"
4133,16B,Velammal engineering college ,600066,13.150478461461516,80.19117616501742,"Velammal College, Ambattur Red Hills Rd, Puzhal, Kadirvedu, Chennai, Tamil Nadu 600066, India"
7782,39C,Gori,631501,12.84989995511918,79.69322462431165,"67, Kanchipuram To Thirupathi Hwy, Oilmohammadpettai, Pillaiyarpalayam, Kanchipuram, Tamil Nadu 631502, India"
2149,16,Padiyanallur signal,600052,13.204473130620338,80.17517356085203,"653G+R37, Mondiamman St, Padianallur, Chennai, Tamil Nadu 600052, India"
4817,16b,Surapet ,600066,13.1443412,80.1883403,"1/152, Surapet Main Rd, Shanmugapuram, Shivaparakasam Nagar, Surappattu, Chennai, Tamil Nadu 600066, India"
4976,16B,Surapet ,600066,13.144392813767087,80.18839252159533,"1/152, Surapet Main Rd, Shanmugapuram, Shivaparakasam Nagar, Surappattu, Chennai, Tamil Nadu 600066, India"
780,12,Kkd nagar,600118,13.136586668860607,80.25557827492045,"3/2, Tondiarpet High Rd, Kaviarasu Kannadhasan Nagar, Kodungaiyur, Chennai, Tamil Nadu 600118, India"
4897,10C,ICF,600049,13.1051726,80.2046582,"No.35, Keeranar Complex, Madras Thiruvallur High Rd, Ambedkar Nagar, Villivakkam, Chennai, Tamil Nadu 600049, India"
4387,42C,SR GATE,631002,13.074832903576906,79.671005893799,"80, Gandhi Rd, griblespet, Arakkonam, Ammanur R.F., Tamil Nadu 631002, India"
3168,15B,Thirumullaivoyal,600062,13.1389433,80.1353638,"36/13, Yamuna Nagar, Saraswati Nagar, Thirumullaivoyal, Chennai, Tamil Nadu 600062, India"
6116,35A,Kumananchavadi ,600056,13.041420130638784,80.1146151793261,"16, Mangadu, Astha Lakshmi Nagar, Thanthai Periyar Nagar, Kamaraj Nagar, Mangadu, Chennai, Tamil Nadu 600056, India"
5120,38,"Housing board, kanchipuram",631501,12.8190871,79.6938828,"14, SH 116, Vedachalam Nagar Extension, Gem Nagar, Kanchipuram, Tamil Nadu 631502, India"
6101,37,DLF,600089,13.0243823,80.1772356,"2, DLF IT Park Rd, Manapakkam, Chennai, Tamil Nadu 600125, India"
6222,9A,Mogappair West ,600095,13.072786088955178,80.16406093146678,"60, Vgn Nagar, Phase 4, Nolambur, Ambattur Industrial Estate, Chennai, Tamil Nadu 600095, India"
6361,37,Mugalivakkam petrol bunk,600125,13.0280170968807,80.17069242977651,"2-76, Sabari Nagar, Mugalivakkam, Chennai, Tamil Nadu 600125, India"
2391,4,Rajarathinam stadium,600002,13.0675072,80.2617137,"3786+XMW, Rukmani Lakshmipathi Rd, opposite to vijaya bank, Pudupet, Komaleeswaranpet, Egmore, Chennai, Tamil Nadu 600002, India"
6312,18B,Pattabiram,600072,13.120759885447082,80.06531179367266,"401, Pattabiram, Tamil Nadu 600072, India"
856,1c,Royapuram ,600013,13.106190040642764,80.29293984445725,"97, N Terminus Rd, Chetty Thottam, Royapuram, Chennai, Tamil Nadu 600013, India"
2739,21C,Alandur Court ,600016,12.997232,80.19328999999999,"Alandur Court, Ramapuram, Alandur, Chennai, Tamil Nadu 600016, India"
7814,37,Porur Saravana Stores ,600125,13.032101969295468,80.16337648206986,"Porur Sakthi Nagar, SH 55, Theru Veedhi Amman Koil Streets, Porur, Chennai, Tamil Nadu 600116, India"
4521,18D,Kovilpadhagai,600062,13.142310176965182,80.10723949883234,"44R4+WX9, Poompozhil Nagar, Kalaingarnagar, Avadi, Tamil Nadu 600062, India"
3961,26,Ratna Cafe Triplicane ,600005,13.0545783,80.2728964,"25/36, Pallapan St, Triplicane, Chennai, Tamil Nadu 600014, India"
4273,37B,Parivakam signal,600056,13.054451,80.1024399,"74, Thirumal Nagar, Ekavalli Nagar, Poonamallee, Chennai, Tamil Nadu 600056, India"
32,15C,Anaikattucheri Junction ,600072,13.1037917,80.0586131,"4335+CCP, Anaikattucherry, Avadi, Tamil Nadu 600072, India"
1716,34C,Iyyapanthangal Reliance mart,600056,13.03862068279128,80.13373621344343,"24QM+FFQ, VGN Nagar, Iyyappanthangal, Chennai, Tamil Nadu 600056, India"
1565,34c,Iyyapanthangal ,600056,13.038548535691982,80.13375503237765,"J Center Bus Depot, Mount Poonamallee Rd, near Iyyappanthangal, VGN Nagar, Iyyappanthangal, Chennai, Tamil Nadu 600056, India"
2816,15D,Ayapakkam chruch,600077,13.094658878926564,80.14433640032941,"53, Seetha Patabi Nagar, Maruthi Nagar, Ayappakkam, Chennai, Tamil Nadu 600077, India"
4098,26,Ratna Cafe,600005,13.0587341,80.2740342,"1, Triplicane High Rd, Triplicane, Chennai, Tamil Nadu 600014, India"
2647,3,Choolai post office,600012,13.089885688079857,80.26512338116038,"bus stand, 90/177, Choolai High Rd, opp. to RAMALINGAA VILAS HOTEL , ( LANDMARK, Periyamedu, Choolai, Chennai, Tamil Nadu 600112, India"
1859,18,Avadi Ramarathna ,600071,13.117041675420074,80.0968651578537,"Ramarathna Theatre, Kannigapuram, TNHB Mig V Block, Avadi, Tamil Nadu 600054, India"
1995,30C,Valasaravakkam ,600087,13.038910758186228,80.1693591394237,"96, Arcot Rd, Venkata Subramanya Nagar, Chennai, Tamil Nadu 600087, India"
7312,19E,Mudichur Outer Ring Road,600048,12.89834779049841,80.06482654986377,"390, Mudichur Rd, Shanmuga Nagar, Mannivakkam, Chennai, Tamil Nadu 600048, India"
4007,18,Ponnu super market ,600054,13.1159932,80.1025032,"4482+FW4, New Military Rd, Thirumalai Rajapuram, TNHB Mig V Block, Avadi, Tamil Nadu 600054, India"
3584,18,Ramarathna theatre ,600054,13.117052,80.09688299999999,"Ramarathna Theatre, Kannigapuram, TNHB Mig V Block, Avadi, Tamil Nadu 600054, India"
2946,18,Avadi Ramarathna,600071,13.11706775893269,80.09700401078074,"123/128, New Military Rd, Kannigapuram, TNHB Mig V Block, Avadi, Tamil Nadu 600071, India"
1338,18E,mittanamalli,600055,13.1521192,80.0687898,"5329+R9F, Avadi, Tamil Nadu 600055, India"
7565,18E,Mittanemilee ,600055,13.1521573,80.0688011,"5329+R9F, Avadi, Tamil Nadu 600055, India"
4277,15,Ambattur OT bus stand ,600053,13.120454698445188,80.15478543624573,"43/25, Old Post Office St, Venkatapuram, Ambattur, Chennai, Tamil Nadu 600053, India"
4625,35C,Pattur koot road,600122,13.026736,80.110957,"Pattur Koot Road, Then Colony, Mangadu, Chennai, Tamil Nadu 600122, India"
7429,20E,Chromepet bus stand ,600044,12.95163829669266,80.14062493079695,"Chrompet, Chromepet, Chennai, Tamil Nadu 600044, India"
563,18,Avadi Ponnu super market ,600054,13.1161979113755,80.10336313035633,"252, New Military Rd, Nehru Bazaar, Kannigapuram, TNHB Mig V Block, Avadi, Tamil Nadu 600071, India"
2444,13A,Don Bosco Peravallur Kolathur,600099,13.121233907223836,80.22106227617473,"19/10, Santhi Nagar Main Rd, Santhi Nagar, Kolathur, Chennai, Tamil Nadu 600099, India"
3422,9B,7M bus stand near Amutha matric school,600037,13.0823724,80.1696177,"35J9+WVJ, 4th Block, Mogappair West, Ambattur Industrial Estate, Chennai, Tamil Nadu 600037, India"
4960,40,Casagrande Sriperumbudur  oragadam road,602105,12.951629448448417,79.93940510194119,"XW2Q+MMW, V.R.P. Chatram, Sriperumbudur, Tamil Nadu 602105, India"
6688,39,Keeramandabam ,631501,12.82362890054416,79.70383517087423,"23, Vallal Pachaiyappan St, Ennaikaran, Kanchipuram, Tamil Nadu 631501, India"
3919,19A,New Perungalathur ,600063,12.9057722,80.0953897,"Perungulattur, NH 45, New Perungalathur, Perungalathur, Tamil Nadu 600063, India"
1521,35,Krishna nagar ,600075,12.9731411,80.1374925,"73A, Pammal Main Rd, Krishna Nagar, Sambanthanar Nagar, Pallavaram, Chennai, Tamil Nadu 600075, India"
7189,20C,Sadasivam Nagar,600091,12.965600859847896,80.20464486384034,"521, Bazaar Main Rd, Sadasiva Nagar, Madipakkam, Chennai, Tamil Nadu 600091, India"
541,33C,"Nesapakkam, Chennai - 78",600078,13.0314445,80.1913417,"25JR+HGF, T. Ponnambalam Salai, Nehru Nagar, Nesapakkam, Chennai, Tamil Nadu 128, India"
1272,35,Krishna nagar ,600075,12.9730617,80.1375868,"73/5, Pammal Main Rd, Krishna Nagar, Aranganathan Nagar, Pammal, Chennai, Tamil Nadu 600075, India"
2512,35,Krishna Nagar,600075,12.9730333,80.138148,"79, Pammal Main Rd, Allapakkam, Krishna Nagar, Aranganathan Nagar, Pammal, Chennai, Tamil Nadu 600075, India"
6008,20c,Ponniyamman Koil,600091,12.964789944120191,80.19694725989109,"294, Building, Balaiah Garden, Madipakkam, Chennai, Tamil Nadu 600091, India"
23,3,Veperi Police Station,600007,13.0843953,80.2669361,"4/5, Naval Hospital Rd, Periamet, Poongavanapuram, Chennai, Tamil Nadu 600003, India"
4900,38,Iyyangarkulam koot road,631702,12.783709004170028,79.67718771819995,"QMMG+FRG, Abdulapuram Koot Road, Tamil Nadu 631702, India"
7909,18D,Kovilpathagai ,600062,13.1499583,80.1038765,"44X3+VJ3, Kovilpadagai Main Rd, Kovil Pathagai, Poompozhil Nagar, Kannadapalayam, Tamil Nadu 600062, India"
281,40c,Ponnerikarai bridge,631502,12.8538827,79.7066406,"VP34+9P4, Kannakulam, Konerikuppam, Kanchipuram, Tamil Nadu 631561, India"
1121,15E,VINAYAGAPURAM ,600099,13.138109454153923,80.20366351677377,"9/1B, Palavarai, Madhavan Nagar, Vinayakapuram, Kolathur, Chennai, Tamil Nadu 600099, India"
6917,39,Magaral ,631603,12.718710208674612,79.75378106492387,"PQ93+FGC, SH 118A, Magaral, Tamil Nadu 631603, India"
1679,15C,Ambattur(Singapore shopping),600053,13.121855048361866,80.14782176190184,"125b, Madras Thiruvallur High Rd, Krishnapuram Extension, Vivek Nagar, West Krishnapuram, Ambattur, Chennai, Tamil Nadu 600053, India"
311,2C,Padmanabha ,600001,13.101462235346805,80.27463754065789,"No12,Wall Tax Road, Mint St, Tansi, George Town, Chennai, Tamil Nadu 600001, India"
4829,26,New college ,600014,13.0541684,80.2590183,"New No. 147, Old No. 87, Peter's Rd, Peters Colony, Royapettah, Chennai, Tamil Nadu 600014, India"
1232,26,Ratna Cafe,600005,13.0587341,80.2740342,"1, Triplicane High Rd, Triplicane, Chennai, Tamil Nadu 600014, India"
2477,26,Ratna cafe,600005,13.0587341,80.2740342,"1, Triplicane High Rd, Triplicane, Chennai, Tamil Nadu 600014, India"
4822,1C,Beach Station ,600001,13.0943129,80.2923716,"Chennai Beach, Beach Rd, George Town, Chennai, Tamil Nadu 600001, India"
1537,1C,Kalmandapam signal,600013,13.1138067,80.29247459999999,"7, MS Koil St, Pudumanaikuppam, Royapuram, Chennai, Tamil Nadu 600013, India"
4484,1C,Kasimedu,600013,13.120971961733307,80.29507417921917,"27/4, Kasima Nagar 2nd St, Kasi Garden, Royapuram, Chennai, Tamil Nadu 600013, India"
6437,1,Wimco nagar,600019,13.1768451,80.3129655,"58G7+P5Q, KVK Kuppam Road, Palagai Thotti Kuppam, Kasi Viswanathar Koil Kuppam, Tiruvottiyur, Chennai, Tamil Nadu 600019, India"
3963,8c,"Anna nagar,corner waves mugappair",600107,13.087244875513978,80.19285052071427,"32, Mellavellar Street, Jayankondam, Ariyalur(TK, Thirumangalam, Govt Officers Colony, Chennai, Tamil Nadu 600040, India"
197,22,Vijaya Nagar Kajana Jewlers,600042,12.9764434,80.2155084,"1st Floor, 10, 2nd St, Sri Devi Karumari Amman Nagar Devi, Devi Karumariamman Nagar Extension, Velachery, Chennai, Tamil Nadu 600042, India"
4742,22,"Tansi nagar, Velachery",600042,12.97746148747352,80.22389297404213,"24/5C, Varadharajapuram, Tansi Nagar, Velachery, Chennai, Tamil Nadu 600042, India"
117,32C,"Hyundai showroom,ekkattuthangal",600032,13.0250682,80.20244579999999,"26G2+2XG, Jothy Nagar 2nd Street, Kalaimagal Nagar, Ekkatuthangal, Chennai, Tamil Nadu 600032, India"
7628,16E,saraswathi nagar,600062,13.1350516,80.1432237,"44PV+27H, Saraswati Nagar, Thirumullaivoyal, Chennai, Tamil Nadu 600062, India"
3454,29,Parvati Bhavan(Nithya Amirtham) Saligramam ,600093,13.051820030786494,80.20397970901188,"32/7, Arunachalam Rd, Pushpa Colony, Saligramam, Chennai, Tamil Nadu 600093, India"
2919,26,Ratna Cafe,600005,13.0587341,80.2740342,"1, Triplicane High Rd, Triplicane, Chennai, Tamil Nadu 600014, India"
4841,35A,gangai amman kovil,600056,13.040260833010644,80.1126560976032,"24R7+422, Kamachi Nagar, Poonamallee, Chennai, Tamil Nadu 600056, India"
4785,29,Avichi School Bus Stop,600093,13.0447423,80.2103716,"17/161, Ottagapalayam, Sector 15, Vadapalani, Chennai, Tamil Nadu 600026, India"
4994,8,SIDCO Villivakkam,600049,13.103080175724784,80.19927234194601,"247A, Kumarasamy Nagar, Agathiyar Nagar, Villivakkam, Chennai, Tamil Nadu 600049, India"
1267,18,Avadi ponnu super market,600054,13.11621487480372,80.1032647594519,"253, New Military Rd, Nehru Bazaar, Thirumalai Rajapuram, TNHB Mig V Block, Avadi, Tamil Nadu 600054, India"
1963,3C,Kallarai-kilpauk,600010,13.0856795,80.2452474,"1, Medavakkam Tank Rd, Davidpuram, Kilpauk, Chennai, Tamil Nadu 600010, India"
4278,15A,Pallavan nagar stop,600077,13.06805648551624,80.12788962825282,"No.28/4, Pallavar nagar, Near Bharath Petrol Bunk, Thiruverkadu, Sakthi Vinayagar Nagar, Balaji Nagar, Thiruverkadu, Chennai, Tamil Nadu 600077, India"
6440,37B,Karayanchavadi ,600056,13.0468142062763,80.1118343897909,"9, Poonamallee High Rd, Karayanchavadi, Chennai, Tamil Nadu 600056, India"
3001,18A,Kaduvetti New bridge ,600077,13.077015387305051,80.11388413242321,"49, Ram Nagar, Thiruverkadu, Chennai, Tamil Nadu 600077, India"
3379,20E,Chromepet Saravana stores,600044,12.953517472313704,80.14178416021396,"195/166, Grand Southern Trunk Rd, near Railway Station, Lakshmi Nagar, Chromepet, Chennai, Tamil Nadu 600044, India"
1924,28C,Lakshman Shruthi ,600026,13.0478618,80.2099572,"14, Lingan Salai, Ottagapalayam, Somasundara Bharathi Nagar, Vadapalani, Chennai, Tamil Nadu 600026, India"
2374,4,Ampa skyone,600029,13.0736821,80.2212825,"1, Nelson Manickam Rd, Aminjikarai, Chennai, Tamil Nadu 600029, India"
3622,18E,Vel Tech Junction ,600062,13.1654618,80.0970199,"SENBAGAM NAGAR, opposite BCT hall, A/C, Bharathi Nagar, Morai, New Vellanur, Tamil Nadu 600062, India"
1277,5B,"Maduravoyal erikarai , Granite house",600095,13.0532103,80.1599146,"3535+7XM, Odamanagar, Vanagaram, Chennai, Tamil Nadu 600095, India"
1763,5A,Arumbakkam Panchali amman koil,600106,13.0723224,80.2110191,"7-5, 7-5, Sanjeevi St, Nehru Nagar, Arumbakkam, Chennai, Tamil Nadu 600106, India"
1792,42A,Mappedu junction,631402,13.033353831389926,79.85335933008716,"2VM3+79J, Arakkonam Hwy, Kilacheri, Tamil Nadu 631402, India"
1677,17a, thiruvallur kakkalur bus stop,602001,13.12863,79.932716,"202, Teachers Colony, Putlur, Tamil Nadu 602025, India"
210,35B,Kundrathur theradi,600069,12.998008559962583,80.0966094688457,"72, Palla St, Kundrathur, Chennai, Tamil Nadu 600069, India"
4495,20A,Rajakilpakkam ,600073,12.9170001,80.1541985,"Sri Nivas, 75, Gokul Nagar, Chennai, Rajakilpakkam, Tamil Nadu 600126, India"
5000,10C,ICF Signal,600038,13.105578,80.214664,"21/40, Seeyalam St, Murugesan Nagar, Villivakkam, Chennai, Tamil Nadu 600049, India"
5500,25,Thiruvanmiyur signal ,600041,12.987339093589013,80.2564648240683,"7 1, Thiruvalluvar Salai, Kamaraj Nagar, Thiruvanmiyur, Chennai, Tamil Nadu 600041, India"
7764,7c,collector Nagar,600101,13.087623359560832,80.18882073183391,"68/11, Collector Nagar, J J Nagar, Anna Nagar West Extension, Chennai, Tamil Nadu 600101, India"
4075,9C,DR supermarket ,600037,13.085000611742036,80.16187778882671,"Ana Avenue, 61, Service Rd, TNHB Phase I, Reddipalaiyam, Mogappair, Chennai, Tamil Nadu 600037, India"
5071,12B,Welding shop ,600099,13.1295,80.2226167,"39, 4th Main Rd, Thirupathi Nagar, Kolathur, Chennai, Tamil Nadu 600099, India"
6048,13C,Poombukar Nagar Post Office,600099,13.121284,80.2074117,"17, Rajan Nagar, Kolathur, Chennai, Tamil Nadu 600099, India"
2577,19c,kumaran kundram,600044,12.9438238,80.1430373,"W4VV+G6F, Hastinapuram Main Rd, Nehru Nagar, Chromepet, Chennai, Tamil Nadu 600044, India"
1195,15E,"RC EDEN CREST,Vinayagapuram,Kolathur",600099,13.1375952,80.2080489,"46P5+X76, Perambur High Rd, Akbar Nagar, Kalpalayam, Madhavaram, Chennai, Tamil Nadu 600099, India"
1922,20C,Ponniamman Koil,600091,12.9712838,80.1995963,"1A, Sarathy Nagar, Murugappa Nagar, Madipakkam, Chennai, Tamil Nadu 600091, India"
4052,32,Cit nagar,600035,13.0297239,80.23375279999999,"16/54, Canal Bank Rd, CIT Nagar East, CIT Nagar, Chennai, Tamil Nadu 600035, India"
240,14c,Manali Market ,600068,13.164317012418328,80.25546692889478,"6, Srinivasa Perumal Koil St, Periya Thoppu, Manali, Chennai, Tamil Nadu 600068, India"
3411,17B,"Opposite to Municipality office,Tiruvallur",602001,13.134397058955503,79.90887266308643,"4WM5+VG4, V.M Nagar, Kakkalur, Tamil Nadu 602001, India"
6004,35A,aravind eye hospital,600077,13.0532824,80.12492820000001,"343F+7RG, Goparasanallur, Chennai, Tamil Nadu 600077, India"
7389,10,Erikkarai,600039,13.113293755871853,80.25938465366876,"365, Melpatti Ponnappa St, Saliman Colony, Perambur, Chennai, Tamil Nadu 600039, India"
4576,6,Madina Mosque,600023,13.0910292,80.22742439999999,"Gujji Naicken Street, 94, New Avadi Rd, Kumaran Nagar, Annanagar East, Chennai, Tamil Nadu 600102, India"
1168,8c,Waves ,600040,13.0842624,80.1898496,"16-42, Padi Pudur Nagar, Anna Nagar West, Anna Nagar West Extension, Chennai, Tamil Nadu 600050, India"
7385,42c,Perumuchi ,631004,13.0879699,79.689499,"3MQQ+5Q Arakkonam, Tamil Nadu, India"
350,14C,Arul Nagar ,600060,13.1463254,80.24432940000001,"21/7, Periyar Nagar, RV Nagar, Madhavaram Milk Colony, Chennai, Tamil Nadu 600118, India"
6964,15B,Thirumullaivoyal ,600062,13.130589397006936,80.13175987980888,"69, Chennai - Tiruvallur High Rd, Venugopal Nagar, Cholambedu, Chennai, Tamil Nadu 600062, India"
4027,33c,"Pondicherry Guest House, K K Nagar ",600078,13.041812434350676,80.19339882229733,"Shop No, 886, Munusamy Salai, KK Nagar West, K. K. Nagar, Chennai, Tamil Nadu 600078, India"
6997,7,Bata Showroom ,600040,13.094701556385536,80.20370257313411,"1834, Thiruvalluvar Colony, Anna Nagar, Chennai, Tamil Nadu 600040, India"
2117,8c,The pentacostal mission church,600050,13.098319036132494,80.19083133431987,"ICC, 78, TVS Nagar Main Rd, Pandu Ranga Puram, Anna Nagar West, Chennai, Tamil Nadu 600101, India"
3631,21C,Jayalakshmi Theatre,600088,12.991844473310575,80.19898431524656,"54,G4, Padmavathy Apartments, Vellalar St, Paramesh Nagar, Adambakkam, Chennai, Tamil Nadu 600088, India"
3394,30,Chinmaya Nagar,600092,13.056945163500176,80.19272658825896,"312, 2nd Main Rd, Natesan Nagar, Virugambakkam, Chennai, Tamil Nadu 600092, India"
3934,22,"MGR Road,Kandanchavadi",600096,12.96741274745969,80.24579469370524,"38, MGR Main Rd, near Raja Super Market, Kandhanchavadi, Perungudi, Chennai, Tamil Nadu 600096, India"
3858,6,Ayyappan Temple ,600040,13.0868511942859,80.21341003059278,"478, 6th Main Rd, beside Anna Nagar, X Block, Tower Park, Anna Nagar, Chennai, Tamil Nadu 600040, India"
5798,6,Thirumangalam GRT,600040,13.085270109944828,80.20043351685791,"10, 13th Main Rd, Anna Nagar, Nehru Nagar, Anna Nagar, Chennai, Tamil Nadu 600040, India"
4530,12,sidco bus stop,600118,13.129833111234554,80.2527006165873,"206, 1st Main Rd, Kodungaiyur (East), MR Nagar, Kodungaiyur, Chennai, Tamil Nadu 600118, India"
3781,13,Jawahar Nagar Bus Stop,600082,13.110970840961688,80.23132110382802,"25/4, Agaram, Perambur, Chennai, Tamil Nadu 600082, India"
3026,23,Kovilambakkam ,600129,12.942737801352754,80.18254264855196,"plot no 2/278, near Sindhu Manor, Krishna Nagar, Nanmangalam, Kovilambakkam, Chennai, Tamil Nadu 600129, India"
3469,44,Sriperumpudur tollgate ,602105,12.981071,79.9677048,"Chennai - Sriperambadur Toll (W), Tamil Nadu 602105, India"
5761,34C,Iyyapanthangal,600056,13.038339034237234,80.13436506758215,"24QM+8MV, VGN Nagar, Iyyappanthangal, Chennai, Tamil Nadu 600056, India"
1938,13c,Grace super market,600049,13.111726556924213,80.20595978813415,"Jains Abhineet, 3/03, Rajamangalam, Villivakkam, Chennai, Tamil Nadu 600049, India"
4775,34C,Iyyappanthangal bus depot ,600077,13.0459619582046,80.13506654478776,"27, Phase-2, Subbiah Nagar, Maruti Nagar, Iyyappanthangal, Chennai, Tamil Nadu 600116, India"
243,14c,Arul Nagar ,600060,13.1463254,80.24432940000001,"21/7, Periyar Nagar, RV Nagar, Madhavaram Milk Colony, Chennai, Tamil Nadu 600118, India"
2331,9,7H bus stand mugappair east ,600037,13.0782037099312,80.18271762078618,"Thaans Enclave, 1/39, Kamadhenu 3rd St, near Fireball School of Badminton, Golden George Nagar, Mogappair East, Chennai, Tamil Nadu 600037, India"
4389,26,Rathna Cafe,600014,13.058716760305744,80.27417901617476,"Old No: 230/1, New 257/1, Bharathi Road, Triplicane High Rd, opposite to MI Store, Triplicane, Chennai, Tamil Nadu 600005, India"
603,34,Hyundai showroom ayyapanthangal ,600056,13.039390682126395,80.13150717058527,"2/396, Mount Poonamallee Rd, Pushpa Nagar, Iyyappanthangal, Chennai, Tamil Nadu 600056, India"
4321,9A,SBI bank Mogappair West,600095,13.0851829,80.17468939999999,"96, near State Bank of India MOGAPPAIR, VGP Nagar, Mogappair, Chennai, Tamil Nadu 600037, India"
2698,9C,DRJ Supermarket,600095,13.08158236569824,80.16698725225307,"107, Bus Stand Rd, 4th Block, Mogappair West, Ambattur Industrial Estate, Chennai, Tamil Nadu 600037, India"
3322,43,Manavalanagar ,602002,13.106567261404942,79.90947984375269,"7, Alagiri St, Kabilar Nagar, Manavalanagar, Tamil Nadu 602002, India"
1676,14c,Arul nagar ,600051,13.145496367992644,80.2399353196496,"1/A, Palaniappa Nagar Main Rd, Annai Velankanni Nagar, Kodungaiyur, Chennai, Tamil Nadu 600118, India"
3487,18,ramarathna,600072,13.117372821928356,80.09704450693233,"124, Nelson Manickam Rd, opp. to Ramarathna Theatre, Thirumalai Rajapuram, Avadi, Tamil Nadu 600054, India"
7426,13A,Brittania,600098,13.09816960839946,80.18111221505299,"200, Madras Thiruvallur High Rd, Tass Industrial Estate, Ambattur, Chennai, Tamil Nadu 600058, India"
5302,2C,Mint Old Bus stand,600021,13.1075288,80.2801779,"77/34, Basin Bridge, Old Washermenpet, Chennai, Tamil Nadu 600021, India"
5988,21C,Dhandeeshwaram bus stop,600042,12.9828008,80.226693,"11, Selvi St, VGP Seetapathi Street, VGP Seethapathy Nagar, Velachery, Chennai, Tamil Nadu 600042, India"
1638,17A,Thirumazhisai bus stand ,600124,13.047118682336006,80.05216454106763,"23W2+RV Thirumazhisai, Tamil Nadu, India"
5268,20A,Rajakilpakkam,600126,12.90660038948078,80.15938275248415,"no.02, Madambakkam Main Rd, Maruthi Nagar, Madambakkam, Chennai, Tamil Nadu 600126, India"
1577,5C,Vengaya Mandi,600107,13.069762,80.181714,"Vengaya Mandi, Poonamallee High Rd, VGP Amudha Nagar, Koyambedu, Chennai, Tamil Nadu 600107, India"
2283,33C,Pondicherry Guest House ,600078,13.044864,80.1960282,"5/22, Ayyavupuram, Navarathna Colony, K. K. Nagar, Chennai, Tamil Nadu 600078, India"
4546,45,Karasangal,601301,12.898499,80.040922,"Karasangal Erikarai, Karasangal, Tamil Nadu 602301, India"
5092,23C,Pazhavanthaangal subway ,600114,12.9876987,80.1853376,"X5QP+34G, Krishnaswamy Street, Pazavanthangal, Chennai, Tamil Nadu 600114, India"
2633,6,Santhosh Supermarket ,600040,13.084781388526345,80.21056424811891,"268, 2nd Ave, Z Block, Anna Nagar, Chennai, Tamil Nadu 600040, India"
5976,27c,Yellow pages ,600004,13.044137590554593,80.27028017368897,"5th Floor, Bannari Amman Towers Block-A, Bannari Amman Towers, 29, Dr Radha Krishnan Salai, Dwarka Colony, Mylapore, Chennai, Tamil Nadu 600004, India"
2725,2,"Mani cycle, tondiarpet ",600081,13.1251842,80.289183,"67QF+QMF, 42, Thiruvottiyur High Rd, Sanjeevarayanpet, Tondiarpet, Kodakarai, Chennai, Tamil Nadu 600120, India"
2778,10,Sayani Theatre,600023,13.0986486,80.2396062,"43, Pilkington Rd, Vasantha nagar, Chinna Chembarambakkam, Ayanavaram, Chennai, Tamil Nadu 600023, India"
4155,34,Porur ramachandra,600116,13.036461475954262,80.14867336702754,"14/15, State Highway 55, Karambakkam, Padmavati Nagar, Porur, Gandhi Nagar, Porur, Chennai, Tamil Nadu 600116, India"
7508,10,Sayani Theatre ,600023,13.0980435,80.2379826,"D105, Sunnyvale, 351, K.H Road, Vasantha nagar, Chinna Chembarambakkam, Ayanavaram, Chennai, Tamil Nadu 600023, India"
6840,33,Mgr nagar market ,600078,13.0354636,80.2024684,"26P2+5XP, Mullai St, MGR Nagar, Nesapakkam, Chennai, Tamil Nadu 600078, India"
3531,40C,Kancheepuram bus stand(Rama's Cafe),631501,12.832842911510555,79.69456491774788,"57, Pudhupalayam St, Pillaiyarpalayam, Kanchipuram, Tamil Nadu 631501, India"
3384,5,Razack garden ,600106,13.068583984752191,80.2196862038654,"41, Collectorate Colony 6th Cross St, Collectorate Colony, Aminjikarai, Chennai, Tamil Nadu 600094, India"
4823,40A,"Iyyampettai, Walajabad, kanchipuram",631601,12.804544,79.7640426,"RQ37+RJ7, Ayyampettai, Tamil Nadu 631601, India"
6409,15E,Kathirvedu ,600066,13.148414809229786,80.20411496193239,"43b, Perambur Red Hills High Rd, Puzhal, Kadirvedu, Chennai, Tamil Nadu 600066, India"
3889,39c,Gori,631502,12.854085214236116,79.69577523222709,"VM3W+G8, Pillaiyarpalayam, Pappankuzhi, Tamil Nadu 631502, India"
4668,6,Gangaiamman koil,600023,13.092783059425088,80.23196160033754,"No 1, 2 and, 3rd Cross St, Kuppusamy Nagar, Ayanavaram, Chennai, Tamil Nadu 600023, India"
1614,18C,Ayyankulam,600071,13.096129563675724,80.10326090819004,"40/1, Kannampalayam, Avadi, Tamil Nadu 600071, India"
1389,17C,Sevvapet Bus stand (Near government school),602025,13.1202485,79.9654324,"4XC8+35V, Sevvapet, Tamil Nadu 602025, India"
1376,15C,Singapore shopping ,600053,13.1226034,80.14741479999999,"1, Ambattur Red Hills Rd, Ram Nagar, Ambattur, Chennai, Tamil Nadu 600053, India"
6192,15C,SINGAPORE SHOPPING ,600053,13.1214371,80.148208,"125, Chennai - Thiruttani - Renigunta Hwy, Vivek Nagar, Ram Nagar, Ambattur, Chennai, Tamil Nadu 600053, India"
3192,15c,Singapore shopping ,600053,13.1196904,80.1439051,"449V+VHC, Indira Nagar 2nd St, Cholapuram, Ambattur, Chennai, Tamil Nadu 600053, India"
1438,15c,Singapore shopping ,600053,13.11983926696876,80.1436952720607,"17/19, Cholapuram, Ambattur, Chennai, Tamil Nadu 600053, India"
1916,15C,Singapore shopping ,600053,13.119932053710048,80.14358832463246,"21/9A, Cholapuram, Ambattur, Chennai, Tamil Nadu 600053, India"
346,39,Mungil mandapam,631501,12.830039336819766,79.70359911195634,"62, Vallal Pachaiyappan St, Ennaikaran, Kanchipuram, Tamil Nadu 631501, India"
1368,5,Razack garden,600106,13.071379019899007,80.21567595661216,"46, Razzak Garden Main Rd, Rani Anna Nagar, Arumbakkam, Chennai, Tamil Nadu 600106, India"
6212,9A,Greater Chennai Corporation Park,600037,13.0835569,80.1730553,"Pukazhenthi Salai, No 2/335, Mogappair West, Mohanram Nagar, Mogappair, Chennai, Tamil Nadu 600037, India"
2289,4,Skywalk ,600029,13.068818959695834,80.21846640933673,"110, Ayyavoo Colony, Aminjikarai, Chennai, Tamil Nadu 600029, India"
1451,27,Nandanam Park,600035,13.0311403,80.239795,"487, Anna Salai, Lotus Colony, Nandanam, Chennai, Tamil Nadu 600035, India"
3137,27,Billroth hospital ra puram,600028,13.025676846608029,80.25876325991536,"5/3, 4th Main Rd, Raja Annamalai Puram, Chennai, Tamil Nadu 600028, India"
800,25C,Ramapuram Signal,600089,13.023352606556577,80.18512636752202,"4/67, Sathya Nagar, Manapakkam, Chennai, Tamil Nadu 600089, India"
3369,26,Ratna cafe ,600005,13.0587341,80.2740342,"1, Triplicane High Rd, Triplicane, Chennai, Tamil Nadu 600014, India"
4519,13,Agaram ,600082,13.112552374928317,80.23153532923753,"140-46, Jawahar Nagar 1st Main Rd, Agaram, Perambur, Chennai, Tamil Nadu 600082, India"
6207,26,Triplicane ,600005,13.0531338,80.2723052,"12, Peter's Rd, Royapettah, Chennai, Tamil Nadu 600014, India"
6719,42C,Thakkolan railway station ,631151,13.0260742,79.70633169999999,"2PG4+CG Perumuchi, Tamil Nadu, India"
4475,19B,Varatharaja theatre,600064,12.94162792837935,80.13849809949151,"3/3, Kamaraj Colony, Nehru Nagar, Chitlapakkam, Chennai, Tamil Nadu 600044, India"
5312,40,Periyar Nagar ,631501,12.817489078357186,79.73550109747904,"69, Kanchipuram - Chengalpattu Rd, Periyar nagar, Thrivulluvar Nagar, Kanchipuram, Nattapettai, Tamil Nadu 631501, India"
6600,39,Orikkai,631501,12.803543243672568,79.71055248618633,"15/2, Uthramerur Main Rd, Kumaresan Nagar, Netaji Nagar, Thandavaraya Nagar, Kanchipuram, Orikkai, Tamil Nadu 631501, India"
8068,15C,"AMBATTUR OT, SINGAPORE SHOPPING ",600053,13.1147824,80.159362,"SPS BREEZY APARTMENT No 91, 2nd Cross Street, 3rd Cross St, Chandrasekhar Nagar, Ambattur, Chennai, Tamil Nadu 600053, India"
7819,42C,Venkataspuram ,631002,13.063000774553975,79.66945939930926,"27/14, MKN Nagar, Arakkonam, Ammanur R.F., Tamil Nadu 631006, India"
5357,42A,Pinnavaram,631051,12.991764365550967,79.67709231631586,"SH58, Illuppaithandalam, Tamil Nadu 631051, India"
2319,3,Mummy daddy,600010,13.0856795,80.2452474,"1, Medavakkam Tank Rd, Davidpuram, Kilpauk, Chennai, Tamil Nadu 600010, India"
2355,10c,Villivakkam Kalpana Hotel,600049,13.103206,80.207732,"Kalpana Hotel, Villivakkam, Chennai, Tamil Nadu 600049, India"
7741,16C,Pudur,600053,13.130685764043475,80.15945778079595,"67, Ambattur Red Hills Rd, Pudur, Ambattur, Chennai, Tamil Nadu 600053, India"
7739,32,Mettupalayam,600033,13.02713097768928,80.21973022334886,"159/63 KODAMBAKKAM ROAD WEST MAMBALAM, Karpaga Vinayaka Nagar, Saidapet, Chennai, Tamil Nadu 600033, India"
8101,2,Maharani (Singapore shoppee),600021,13.117824694941635,80.28369627786542,"122/51, Mayor Basudev St, Korukkupet, Old Washermanpet, Chennai, Tamil Nadu 600021, India"
2548,4c,Choolaimedu ,600030,13.066264024920562,80.23133166435292,"368J+GGH, 10/9, Nelson Manickam Rd, Sowrashtra Nagar, Choolaimedu, Chennai, Tamil Nadu 600094, India"
1839,22,Vijaya nagar kajana jewellers,600042,12.973533023916188,80.21366842257484,"X6F7+CFH, 11/284B, 4th St, Srinivasa Nagar Extension, Murugu Nagar, Velachery, Chennai, Tamil Nadu 600042, India"
198,5B,"Maduravoyal, Errikarai",600095,13.061128438121594,80.1632611601853,"16, Kamaraj Nagar, Maduravoyal, Chennai, Tamil Nadu 600095, India"
1845,3,Choolai post office ,600112,13.090459349655893,80.2612666804043,"102, Avadhanam Papier Road, Choolai, Chennai, Tamil Nadu 600112, India"
3586,16C,Kallikuppam arch,600053,13.1322915,80.16946089999999,"234, Ambattur Red Hills Rd, Kallikuppam, Ambattur, Chennai, Tamil Nadu 600053, India"
4229,18B,Kavarapalayam,600054,13.118721819212942,80.08721477191929,"17, Chennai - Tiruvallur High Rd, Kavarapalayam, Gandhi Nagar, Avadi, Chennai, Tamil Nadu 600054, India"
2371,33C,"MGR statue,Nesapakkam",600089,13.0180773,80.18702239999999,"NO:3/61 1st Floor, Ramapuram, Valluvar Salai, Near (Punjab National Bank), opposite to Thirchenthur Murugan Traders, Tulasingapuram, Chennai, Nandambakkam, Tamil Nadu 600089, India"
5578,13,Jawahar Nagar ,600082,13.112799579652972,80.22983071819976,"26-351, Jawahar Nagar 1st Main Rd, Jawahar Nagar, Perambur, Chennai, Tamil Nadu 600082, India"
1805,3C,Shenoy Nagar bus stop,600030,13.077825324632334,80.22872662993615,"27, Gajapathy St, Venkatasamy Nagar, Shenoy Nagar, Chennai, Tamil Nadu 600030, India"
7595,29c,Aavin Junction ,600087,13.04497,80.1860672,"175, Arcot Rd, Alwartirunagar, Valasaravakkam, Chennai, Tamil Nadu 600095, India"
2794,9B,Mogappair water tank road ,600037,13.074705775226672,80.17387543054002,"Mogappair Eri Scheme, Mogappair East, 35FF+WC8, Mogappair Eri Scheme, Mogappair, Chennai, Tamil Nadu 600095, India"
7202,11A,Thathankuppam,600080,13.118291952935335,80.19830889293875,"Agrakaram, Thathan Kuppam, Villivakkam, Chennai, Tamil Nadu 600076, India"
3257,13A,"Kolathur,Donbosco",600099,13.1189858,80.2072457,"4694+HVX, Kolathur Main Rd, Srinivasa Nagar, Kolathur, Chennai, Tamil Nadu 600099, India"
4344,20,Nilgiris Supermarket ,600100,12.913534159282015,80.18850752581784,"33, Babu Nagar, Krishnaveni Nagar, Medavakkam, Chennai, Tamil Nadu 600126, India"
2711,5A,Panchali amman kovil,600106,13.077031270127286,80.21048183986422,"479d, Poonamallee High Rd, Amaravathi Nagar, Arumbakkam, Chennai, Tamil Nadu 600106, India"
2340,19A,Perungalathur railway station,600063,12.9054176,80.0949806,"2, Rajamanickam St, near Railwaystation ticket counter, New Perungalathur, Chennai, Tamil Nadu 600063, India"
7135,43,Manavalanagar Bus stop,602002,13.108102483566254,79.91214964001156,"5, Dr Mu.Varadharasanar St, Manavalanagar, Tamil Nadu 602002, India"
1954,9B,7H bus stand ,600037,13.079226016869134,80.17890211568591,"46, Paneer Nagar, Mogappair West, Mogappair, Chennai, Tamil Nadu 600037, India"
2259,25,Thiruvanmiyur depot,600041,12.983893356487568,80.26739506217696,"10, Jayaram St, Tirumudivakkam, Thiruvanmiyur, Chennai, Tamil Nadu 600041, India"
3268,27c,Santhome,600004,13.030929244163255,80.26924432807908,"27J9+9PM, TSV Koil St, Alamelu Manga Puram, Sankarapuram, Mylapore, Chennai, Tamil Nadu 600004, India"
2279,13C,Grace Super Market,600082,13.1170122,80.21359989999999,"55C, Vv Nagar, Kolathur, Chennai, Tamil Nadu 600082, India"
3826,24,Ezhur Amman kovil ,600043,12.96553400696074,80.17490194935749,"P36, JJ Nagar, Rajiv Gandhi Nagar, Pallavaram, Chennai, St.Thomas Mount-cum-Pallavaram, Tamil Nadu 600043, India"
4262,13b,Tiruvika nagar bus stand ,601111,13.12173672376713,80.23651680360788,"Pallavan Salai, Kennedy Square, Perambur, Chennai, Tamil Nadu 600011, India"
6099,10,"Lassi shop, konnur high road, ayanavaram, chennai ",600023,13.098097119698773,80.23695072304,"43/113, Konnur High Rd, Venkatesapuram Colony, Ayanavaram, Chennai, Tamil Nadu 600023, India"
7581,13B,TVK nagar Bus stop,600082,13.121638330423185,80.23227759110941,"12-26, T V K Nagar, Kamaraj Nagar, Sekar Nagar, Chennai, Tamil Nadu 600011, India"
5277,16e,AVADI CHECKPOST,600054,13.119007876618364,80.09511588204141,"2, New Military Rd, Kasturba Nagar, Avadi, Tamil Nadu 600054, India"
4609,29C,"Valasaravakkam,Saravana Ideal Home",600087,13.040503542711347,80.17210369155822,"No.95, Arcot Rd, Vani Nagar, Indira Nagar, Valasaravakkam, Chennai, Tamil Nadu 600087, India"
3413,16,Ponneri (Krishnapuram),601204,13.3864454865324,80.21835189409516,"96P9+7JF, Methur, Tamil Nadu 601204, India"
5688,9B,Grace super market ,600037,13.0785923,80.1805661,"A-10, Mogappair Industrial Estate, Paneer Nagar, Mogappair East, Chennai, Tamil Nadu 600037, India"
4662,39,military road,631501,12.810422929399676,79.7065719812328,"13A, Thandavaraya Nagar, Orikkai, Tamil Nadu 631502, India"
3750,31,Srm hospital West Mambalam ,600017,13.044415926490634,80.23268531077552,"20, N Usman Rd, T. Nagar, Chennai, Tamil Nadu 600017, India"
223,17A,"Kakkalur,old collector office ",602001,13.1359139,79.91772,"3572, Old Collector Office Rd, Ma. Po. Si. Nagar, Kakkalur, Tamil Nadu 602001, India"
2994,20B,Pudupakkam Bus stop,603103,12.8101456,80.2039885,"R663+3M2, Bharathiyar St, B Block, Pudupakkam, Tamil Nadu 603103, India"
6592,39,Orikkai,631502,12.800225629229264,79.71389660083749,"6, Mariamman Kovil St, Annai Kasturbai Nagar, Thandavaraya Nagar, Orikkai, Chinnaiyankulam, Tamil Nadu 631502, India"
4571,15,Ambattur OT Cake world,600053,13.1199510689317,80.14963396140259,"398, N Park St, Secretariat Colony, Vivek Nagar, Ambattur, Chennai, Tamil Nadu 600053, India"
5657,5B,Erikarai,600095,13.0537462,80.1715292,"244, Sri Krishna Nagar 22nd St, Rukmani Nagar, Seemathamman Nagar, Maduravoyal, Chennai, Tamil Nadu 600095, India"
6186,16,Thachoor koot road,601204,13.298755954702749,80.15323106826644,"1/7, Thatchoor, Tamil Nadu 601204, India"
6216,16,Thachoor,601204,13.29871159501199,80.15393617485532,"75X3+GM7, Thatchoor, Tamil Nadu 601204, India"
5629,20E,Vels University bus stop,600044,12.954414277065172,80.15885581146836,"X535+QG8, Ganapathipuram, Pallavaram, Chennai, Tamil Nadu 600044, India"
5632,34c,Reliance mart entrance ,600077,13.04615478313944,80.13826307148234,"3, Padmavathi Nagar, Mahalakshmi Nagar, Iyyappanthangal, Chennai, Tamil Nadu 600116, India"
5625,29c,Aavin junction ,600087,13.0466012,80.1805655,"6-2, Fathima Nagar, Valasaravakkam, Chennai, Tamil Nadu 600087, India"
1946,5B,RWD Grand corridor ,600077,13.061121222813142,80.14389317634402,"346V+QM5, Ganga Nagar, Maduravoyal, Chennai, Tamil Nadu 600095, India"
2456,34,prestige bella vista opposite ,600056,13.039482843181348,80.13157626931152,"395, Mount Poonamallee Rd, Pushpa Nagar, Iyyappanthangal, Chennai, Tamil Nadu 600056, India"
1696,40,Sriperumbudur ,602105,12.963212510778442,79.94563532216794,"XW7W+C85, Nenmeli, Sriperumbudur, Tamil Nadu 602105, India"
1483,1,"Kaladipet metro, thiruvottriyur ",600019,13.1501255,80.29936359999999,"91, Thiruvottiyur High Rd, Thangal, Thyagarajapuram, Tiruvottiyur, Chennai, Tamil Nadu 600019, India"
6753,2c,Mint,600021,13.106199384838854,80.28011847245536,"Mint Terminus, METRO STATION-WASHERMENPET, Railway Quaters, Old Washermanpet, Chennai, Tamil Nadu 600001, India"
5873,17,meera theatre,602001,13.1441076,79.8988313,"No.65A, C.V Naidu Road Meera Theatre, opposite Thiruvallur, Tamil Nadu 602001, India"
7759,16E,Stedford Hospital ,600053,13.124276729200783,80.1438121696985,"Stedford Hospital, Lenin Nagar, West Krishnapuram, Thirumullaivoyal, Chennai, Tamil Nadu 600062, India"
7678,15D,Ayapakkam church ,600053,13.100637274560912,80.14926243483359,"610, Ayyappakkam Main Rd, Paruthippattu, KK Nagar, Ambattur, Chennai, Tamil Nadu 600053, India"
7769,20D,Selaiyur,600059,12.922509391976096,80.13519345295309,"254, Velachery Main Rd selaiyur, opp. Police station, East Tambaram, Tambaram, Chennai, Tamil Nadu 600073, India"
7315,19B,Bharathamatha Street,600059,12.936130310942447,80.12737593713477,"45, Chennai - Theni Hwy, Subramaniam Rail Nagar, Mahalakshmi Colony, Chromepet, Chennai, Tamil Nadu 600045, India"
7837,15B,Vaishnavi nager bus stand ,600062,13.12945278287793,80.12491907697101,"1/2, Tiruvallur Main Road, Vaishnavi Nagar, Santhipuram, Cholambedu, Chennai, Tamil Nadu 600062, India"
1199,3,Motcham theatre,600012,13.085627547312887,80.25039710622617,"1, Millers Rd, near Old Motcham Theatre, Kilpauk, Chennai, Tamil Nadu 600010, India"
5523,17A,Manavalanagar ,602002,13.11285890003226,79.91204773271912,"53, Poonamallee High Rd, Manavalanagar, Tamil Nadu 602002, India"
7756,2C,Cemetery Road,600021,13.110534305776184,80.28135744018022,"40, Cemetery Rd, Washermanpet, Chennai, Tamil Nadu 600021, India"
7684,19B,Bharathamatha street ,600059,12.92744290232696,80.12676947632667,"W4GG+XP7, Bharathamadha St, Railway Colony, East Tambaram, Tambaram, Chennai, Tamil Nadu 600059, India"
3869,20C,"Sadasiva nagar, Madipakkam ",600091,12.9640567,80.203685,"26, Meenatchi Sundareswarar Koil, Sadasiva Nagar, Madipakkam, Chennai, Tamil Nadu 600091, India"
3311,30C,Elango nagar bus stop,600092,13.052578130716554,80.19208285026622,"32, Kaliamman Koil St, Bhaskar Colony, Virugambakkam, Chennai, Tamil Nadu 600092, India"
4385,20A,Rajakilpakkam,600126,12.908953802335024,80.15723947788783,"42, Madambakkam Main Rd, Shanthi Nikethan Colony, Balaji Nagar, Selaiyur, Chennai, Tamil Nadu 600126, India"
6675,20E,Mepz signal,600045,12.934719701196643,80.12487035777298,"15, West, RV Garden, Tambaram, Chennai, Tamil Nadu 600045, India"
2884,9,Spartans school ,600037,13.0835569,80.1730553,"Pukazhenthi Salai, No 2/335, Mogappair West, Mohanram Nagar, Mogappair, Chennai, Tamil Nadu 600037, India"
3325,1,Lift gate,600057,13.18472425296409,80.31206206288422,"34/3, Thiruvottiyur High Rd, Bharath Nagar, Sathyamoorthy Nagar, Neidhal Nagar, Tiruvottiyur, Chennai, Tamil Nadu 600019, India"
2549,29C,Mega Mart,600087,13.038014667302356,80.17796950740967,"22-40, 2nd Cross St, Majestic Colony, Valasaravakkam, Chennai, Tamil Nadu 600087, India"
4023,40C,Kanchipuram bus stand ,631502,12.831537519995894,79.69836708263982,"25, Ananthoji St, Pallavarmedu, Pillaiyarpalayam, Kanchipuram, Tamil Nadu 631501, India"
7985,34C,IYYAPANTHANGAL,600056,13.0378524,80.1350401,"Iyyappanthangal, Iyyappanthangal, Chennai, Tamil Nadu 600056, India"
2663,32,Srinivasa Theatre ,600033,13.031147016609149,80.22428541708075,"45, 10, Govindan Rd, Panneerselvam Nagar, West Mambalam, Chennai, Tamil Nadu 600033, India"
3890,15,Ambattur OT,600053,13.121793425904627,80.14803533472731,"178c, Madras Thiruvallur High Rd, Venkatapuram, Ram Nagar, Ambattur, Chennai, Tamil Nadu 600053, India"
8012,14C,Madhavaram Bus Stand,600060,13.151734030276431,80.22829145310625,"Madhavaram New, Kilburn Nagar, Madhavaram, Chennai, Tamil Nadu 600060, India"
4471,16,"Ganesh Electronic Weight Bridge,Gandhi nagar,Redhills",600052,13.195129388068084,80.1675887474978,"1/165, behind Ganesh Weigh Mount, Gandhi Nagar, Indira Nagar, Red Hills, Naravarikuppam, Thiruvallur, Tamil Nadu 600052, India"
6649,20E,Mepz,600045,12.935869129611865,80.12705758086942,"Tambaram, Subramaniam Rail Nagar, Kadaperi, Tambaram, Chennai, Tamil Nadu 600045, India"
5874,5C,Thirunagar (Ambica Empire Hotel),600094,13.059088124577388,80.21212231640666,"Sangeetha Villa, No: 3, Annal Kamarajar Street, Jawaharlal Nehru Salai, Senthil Nagar, Padmanabha Nagar, Choolaimedu, Chennai, Tamil Nadu 600094, India"
6671,20E,Tambaram mepz signal,600045,12.93497757219939,80.12407942802815,"17, Ranga St, RV Garden, Tambaram, Chennai, Tamil Nadu 600045, India"
6696,17c,Veppampattu (Ajwa tea stall),602024,13.12897497652554,79.98864848062699,"4XHQ+PH8, Annamalai Nagar, Tamil Nadu 602024, India"
6678,20E,MEPZ signal,600045,12.9349450478163,80.12410968236492,"17, Ranga St, RV Garden, Tambaram, Chennai, Tamil Nadu 600045, India"
7932,15B,THIRUMULLAIVOYAL ,600062,13.1307837,80.131779,"69, Madras Thiruvallur High Rd, Pachaiamman Nagar, Thirumullaivoyal, Chennai, Tamil Nadu 600062, India"
5693,1C ,Beach Station ,600001,13.095090772369256,80.2926519023758,"37WV+442, Chennai Port Trust, Chennai, Tamil Nadu 600001, India"
7611,20E,Vels university ,600044,12.954969380784515,80.154935924581,"255/1b, 200 Feet Radial Rd, Ganapathipuram, Chromepet, Chennai, Tamil Nadu 600044, India"
816,1C,Kalmandapam Police Station ,600013,13.1143331,80.2926014,"62/15E, E Kal Mandapam Rd, Kalmandapam, Royapuram, Chennai, Tamil Nadu 600013, India"
7387,4c,Mehta Nagar,600029,13.068177487706464,80.22635051205158,"369G+6GW, Nelson Manickam Rd, Railway Colony, Aminjikarai, Chennai, Tamil Nadu 600029, India"
2580,15E,Kathirvedu ,600066,13.148477724388904,80.20415644732563,"43b, Perambur Red Hills High Rd, Puzhal, Kadirvedu, Chennai, Tamil Nadu 600066, India"
5239,2,Manicycle tondairpet ,600021,13.125234572923768,80.2891547082585,"217/683, Thiruvottiyur High Rd, Sanjeevarayanpet, Tondiarpet, Chennai, Tamil Nadu 600081, India"
2593,2,Maharani (Singapore shopee),600021,13.11706742928387,80.28225842401176,"22/29, Arumugam St, Meenambal Nagar, Korukkupet, Old Washermanpet, Chennai, Tamil Nadu 600021, India"
3965,5A,Ration Shop,600095,13.0638935,80.17371229999999,"357F+HF5, Chokkanathan Nagar 3rd St, Pallavan Nagar, Maduravoyal, Chennai, Tamil Nadu 600037, India"
5879,41A,Timiri Bus stand,632512,12.828980341468846,79.30689104504279,"R8H4+JM3, Vilari, Tamil Nadu 632512, India"
2761,27C,Pattinapakkam,600004,13.025097828081922,80.2745772896814,"124, Santhome High Rd, Pattinapakkam, Mandavelipakkam, Raja Annamalai Puram, Chennai, Tamil Nadu 600028, India"
1255,35B,"Royal,palla street",600069,12.99808802881724,80.09663925650688,"71, Palla St, Kundrathur, Chennai, Tamil Nadu 600069, India"
2754,27c,Pattinapakkam,600004,13.025033288836102,80.27462366857868,"124, Santhome High Rd, Pattinapakkam, Mandavelipakkam, Raja Annamalai Puram, Chennai, Tamil Nadu 600028, India"
3450,15,Murugappa polytechnic college ,600109,13.1259402,80.1173524,"MAIN BLOCK, MURUGAPPA POLYTECHNIC COLLEGE, Avadi, Tamil Nadu 600109, India"
3952,36c,Baikadai,600116,13.02067343827006,80.14909053690342,"3/1381, Annai Velankanni Nagar Phase 1, Madhanandapuram, Chennai, Tamil Nadu 600116, India"
1732,1C,Royapuram Bridge,600021,13.101504644432252,80.29418632450586,"472V+JMV N.R.T Park, Ebrahim Shahib St, Bharati Dock II, Royapuram, Chennai, Tamil Nadu 600001, India"
1472,1,Rajakadai(KALADIPET metro),600019,13.15010567928486,80.29931792184904,"91, Thiruvottiyur High Rd, Thangal, Thyagarajapuram, Tiruvottiyur, Chennai, Tamil Nadu 600019, இந்தியா"
3804,35,St Theresa Girls Higher Secondary School,600075,12.970760968705264,80.14536998710003,"7, Tannery St, Pallavaram, Chennai, Tamil Nadu 600043, India"
5296,40A,Sriperumbudur 2nd arch,602105,12.975452580520898,79.95539661432943,"XXG3+4XM, Sri Ram Nagar, Nemili, Tamil Nadu 602105, India"
5408,37D,Nazarathpettai ,600123,13.047061110136422,80.08056039218134,"23WJ+R66, Nazarathpettai, Tamil Nadu 600069, India"
4035,17D,Thirumazhisai sivan koil,600124,13.054615207172128,80.06149435917922,"Thirumazhisai Koil, Ramachandra Nagar, Thirumazhisai, Tamil Nadu 600124, India"
2435,33C,"Mgr statue, Nesapakkam, chennai -78",600078,13.0314445,80.1913417,"25JR+HGF, T. Ponnambalam Salai, Nehru Nagar, Nesapakkam, Chennai, Tamil Nadu 128, India"
1147,27c,Pattinapakkam,600004,13.02505297482349,80.27455636389122,"124, Santhome High Rd, Pattinapakkam, Mandavelipakkam, Raja Annamalai Puram, Chennai, Tamil Nadu 600028, India"
2518,34,Munisvaran koil(kattupakam),600056,13.044511140793633,80.12197677687396,"Suthery Shelters, D7, Kattupakkam, Chennai, Tamil Nadu 600056, India"
2812,34,Porur Ramachandra ,600116,13.043695199579268,80.14783021957284,"179, Rajas Garden Main Rd, Rajas Garden, Vanagaram, Chennai, Tamil Nadu 600116, India"
877,9A,SBI,600037,13.080811059833792,80.1643783977683,"35J7+8Q6, 13th Cross St, Nolambur, Ambattur Industrial Estate, Chennai, Tamil Nadu 600037, India"
6924,19E,Barathi Nagar ,600063,12.92134635737578,80.09226124170151,"89c, Mudichur Rd, Gandhi Nagar, Tambaram, Mudichur, Old Perungalathur, Tamil Nadu 600063, India"
1245,35B,Kundrathur theradi,600069,12.998079751919098,80.09662565389459,"71, Palla St, Kundrathur, Chennai, Tamil Nadu 600069, India"
6205,18,Ramarathana,600052,13.117165291951368,80.09691036642158,"183, Thirumalai Rajapuram, Avadi, Tamil Nadu 600054, India"
6002,18,Ponnu super market ,600054,13.116165316879934,80.103214402968,"262, New Military Rd, Vivekananda Nagar, TNHB Mig V Block, Avadi, Tamil Nadu 600054, India"
2004,8c,Dharma fancy store ,600050,13.0826774,80.1877556,"1/579, Valayapathi Salai, Block 2, J J Nagar, Mogappair East, Chennai, Tamil Nadu 600037, India"
6587,19E,Barathi Nagar,600063,12.92134755472308,80.09224513533758,"89c, Mudichur Rd, Gandhi Nagar, Tambaram, Mudichur, Old Perungalathur, Tamil Nadu 600063, India"
914,17A,Hotel sangeetha ondikuppum thiruvallur ,602002,13.109643302732293,79.92086719702897,"4W5C+W94, SH-50, Tamil Nadu 602002, India"
6864,19E,Barathi nagar,600063,12.921373623735697,80.09226124043144,"89c, Mudichur Rd, Gandhi Nagar, Tambaram, Mudichur, Old Perungalathur, Tamil Nadu 600063, India"
6868,19E,"Bharathi Nagar, Mudichur Road",600063,12.9213485458201,80.09214971863548,"89c, Mudichur Rd, Gandhi Nagar, Tambaram, Mudichur, Old Perungalathur, Tamil Nadu 600063, India"
6872,19E,"Bharathi Nagar ,mudichur road ,west tambaram ",600063,12.9075909,80.0953942,"337, vadughar colony, Srinivasa Nagar, Ambattur, Old Perungalathur, Tamil Nadu 600063, India"
4864,5B,Maduravoyal Errikarai,600053,13.061216096339717,80.16332498639386,"NO.3/18-C,EARIKKARAI BUS STOP,MADHURVAYAL,, Kamaraj Nagar, Maduravoyal, Chennai, Tamil Nadu 600095, India"
6841,15,Ambattur OT bus stand ,600053,13.119558495786064,80.1496387656884,"397, Madras Thiruvallur High Rd, Secretariat Colony, Vivek Nagar, Ambattur, Chennai, Tamil Nadu 600053, India"
5091,26,Triplicane ,600005,13.058731249696883,80.27412441974849,"No 215, Triplicane High Rd, Triplicane, Chennai, Tamil Nadu 600005, India"
5038,5c,"Ambica empire, Vadapalani ",600026,13.05405609911664,80.21143937913764,"59, Jawaharlal Nehru Salai, Dharan Singh Colony, Vadapalani, Chennai, Tamil Nadu 600026, India"
4658,16B,Oragadam,600053,13.130688369564163,80.15389162308864,"45J3+6HM, Gandhi Main Rd, Banu Nagar West, Oragadam, Chennai, Tamil Nadu 600053, India"
7371,15C,Singapore shopping Ambattur ,600053,13.1226034,80.14741479999999,"1, Ambattur Red Hills Rd, Ram Nagar, Ambattur, Chennai, Tamil Nadu 600053, India"
1186,9,Mogappair East bus stand 7H,600037,13.080237168169496,80.18049904908915,"Second Floor, Plot No.10/PC-3, Church Rd, Mogappair East, Chennai, Tamil Nadu 600037, India"
299,42A,Senthamangalam,631051,12.987340196182728,79.67574752099637,"XMPG+W6R, MDR577, Illuppaithandalam, Tamil Nadu 631051, India"
3212,9,"7H bus stand , mogappair east ",600037,13.0785923,80.1805661,"A-10, Mogappair Industrial Estate, Paneer Nagar, Mogappair East, Chennai, Tamil Nadu 600037, India"
6952,5,MMDA,600029,13.069458699956089,80.21544250730432,"89/30, near S.S.E Mahal, Ayyavoo Colony, Aminjikarai, Chennai, Tamil Nadu 600106, India"
1937,13,Axis bank,600082,13.113373892355622,80.22728983970104,"Murugan Temple, Agaram, Perambur, Chennai, Tamil Nadu 600082, India"
4208,8c,IOB,600037,13.0810959,80.1838368,"32, Pari Rd, J J Nagar, Mogappair East, Chennai, Tamil Nadu 600037, India"
2558,5,Mmda depo,600106,13.062714599376976,80.21359174528013,"20, MMDA Colony Main Rd, Kamala Nehru Nagar, MMDA Colony, Vinayagapuram, Chennai, Tamil Nadu 600106, India"
5335,33,Sivan park,600078,13.0417753,80.2049487,"Sivan Park, PV Rajamannar Salai, Kannigapuram, Sector 3, K. K. Nagar, Chennai, Tamil Nadu 600078, India"
2144,40C,Rama's cafe ,631502,12.839414096337896,79.70610613085765,"Tcs silks and sarees, RPQ4+QCF, Tcs silks and sareed, 131, Kamakshi Amman Sannathi St, near KAMAKSHI AMMAN TEMPLE, Periya, Kanchipuram, Tamil Nadu 631502, India"
2131,36,Kovur ,600128,13.00979435443481,80.12121561532166,"5/102, Sannadhi St, Kovur, Chennai, Kolathuvancheri, Tamil Nadu 600128, India"
2183,5,Mmda colony ,600094,13.0635202,80.2234146,"Guineers' Apartments, no. 97, 3rd Cross St, Kamarajar Nagar, Gill Nagar, Choolaimedu, Chennai, Tamil Nadu 600094, India"
2422,40C,RAM'S CAFE,631502,12.832109118247818,79.69450439358401,"39, Pudhupalayam St, Pillaiyarpalayam, Kanchipuram, Tamil Nadu 631501, India"
2412,15c,Shopping Singapore ,600053,13.1214371,80.148208,"125, Chennai - Thiruttani - Renigunta Hwy, Vivek Nagar, Ram Nagar, Ambattur, Chennai, Tamil Nadu 600053, India"
1437,33,Sivan park,600078,13.0410254,80.2000596,"175, Ramaswamy Salai, Sector 4, K. K. Nagar, Chennai, Tamil Nadu 600078, India"
389,20A,Rajakilpakkam ,600073,12.922624568161345,80.15176984590869,"128, Velachery Rd, Sembakkam, Selaiyur, Chennai, Tamil Nadu 600073, India"
2586,36,Gerugambakkam ,600122,13.01557415979226,80.13662668392013,"Gerugambakkam, Anna St, Periyapanicheri, Gerugambakkam, Chennai, Tamil Nadu 600116, India"
2951,20A,Rajakilpakkam ,600126,12.908871480405992,80.15736714774008,"78, Madambakkam Main Rd, Shanthi Nikethan Colony, Madambakkam, Chennai, Tamil Nadu 600126, India"
1930,40c,Ram's cafe,631502,12.838004037363005,79.71296193868857,"RPQ7+263, Indra Ave, Shanmuga Nagar, Kanchipuram, Tamil Nadu 631501, India"
6043,33,Sivan Park,600078,13.04300528256123,80.20381046053656,"139/3, PV Rajamannar Salai, Kannigapuram, Sector 14, K. K. Nagar, Chennai, Tamil Nadu 600078, India"
2779,33,Sivan park ,600026,13.042570136563464,80.20063093383789,"18/594, 15th St, Sector 4, K. K. Nagar, Chennai, Tamil Nadu 600078, India"
1420,32,Blue tank ,600083,13.0310747,80.2157924,"100/3, 65th St, 11th Avenue, Mettuppalayam, Ashok Nagar, Chennai, Tamil Nadu 600083, India"
7959,3c,Kellys ,600010,13.085231881167774,80.24541749764862,"6, Balfour Road, Pawa Pani Colony, Kilpauk, Chennai, Tamil Nadu 600010, India"
5056,25,Kottivakkam ,600041,12.970134979251226,80.25781807628618,"554, SH 49, Swaminathan Nagar, Kottivakkam, Chennai, Tamil Nadu 600041, India"
1892,26,Ice house mosque,600005,13.050130279661778,80.28077181691897,"V. House, Marina Beach, Triplicane, Chennai, Tamil Nadu 600005, India"
4854,9B,Amutha matriculation school ,600037,13.0822908,80.16955209999999,"4, Mogappair West Main Rd, 4th Block, Mogappair West, Ambattur Industrial Estate, Chennai, Tamil Nadu 600037, India"
5435,36,Periyapanichery,600122,13.002391110304366,80.13011424663624,"465, Rajaji St, Akash Nagar, Tharapakkam, Gerugambakkam, Chennai, Tamil Nadu 600122, India"
5352,7C,TSK Nagar,600050,13.0936967,80.1876723,"180/7A, Dr Rajendra Prasad St, Kumaran Nagar Extention 2, Jagadambika Nagar, Sakthi Nagar, Padi, Chennai, Tamil Nadu 600050, India"
2506,32,Mettupalayam ,600033,13.03218402155887,80.22038255771542,"9, Govindan Rd, Kodambakkam Rd, opposite to ECI Church, Panneerselvam Nagar, West Mambalam, Chennai, Tamil Nadu 600033, India"
3621,27C,Music academy ,600004,13.045353205623345,80.25995853437884,"1, Cathedral Rd, Parthasarathypuram, Teynampet, Chennai, Tamil Nadu 600018, India"
2865,14,Manjampakkam Ring Road,600060,13.1555912,80.22472549999999,"42, Kilburn Nagar, Kannan Nagar, Madhavaram, Chennai, Manjampakkam, Tamil Nadu 600060, India"
6839,12B,Welding shop,600099,13.1232696621559,80.2228103589487,"20, Red Hills Rd, Sri Ganapathi Rao Nagar, Kolathur, Chennai, Tamil Nadu 600082, India"
1770,27,Billroth,600004,13.029938623829784,80.2598339266503,"11-6, Vidhya Thirtha Nagar, Abiramapuram, Chennai, Tamil Nadu 600004, India"
4944,13A,Don Bosco Kolathur ,600082,13.1181605,80.2203268,"4/3, Periyar Nagar West, Kolathur, Chennai, Tamil Nadu 600082, India"
5439,26c,Teynampet ,600018,13.040389390842757,80.25043210989006,"93, Poes Rd, Subbarayan Nagar, Teynampet, Chennai, Tamil Nadu 600018, India"
2712,40B,Oli Mohamed Pettai (Kori),631502,12.849875928016766,79.69083401978116,"VM2R+25H, Varathappa Nagar, Pillaiyarpalayam, Sirukaveripakkam, Tamil Nadu 631502, India"
3436,12,MR nagar ,600118,13.1251568,80.2490782,"24, Erukkanchery, Rajiv Gandhi Nagar, Kodungaiyur, Chennai, Tamil Nadu 600118, India"
266,27,Billroth hospital ,600028,13.02920853086366,80.26401981966352,"8/28, Mandaveli St, Jeth Nagar, Raja Annamalai Puram, Chennai, Tamil Nadu 600028, India"
2290,27,Billroth hospital ra puram,600004,13.038288731564958,80.25747046835131,"191, Luz Church Rd, next to RSR trinity hospital, Kapali Thottam, Mylapore, Chennai, Tamil Nadu 600004, India"
853,3,Gangadeeswarar Koil,600007,13.0855363,80.2503463,"2, Millers Rd, Purasaiwakkam, Chennai, Tamil Nadu 600010, India"
4790,1,Kaladipet metro ,600019,13.150127044587425,80.29936945684655,"91, Thiruvottiyur High Rd, Thangal, Thyagarajapuram, Tiruvottiyur, Chennai, Tamil Nadu 600019, India"
1912,11,ABR mahal,600039,13.1182996,80.2594762,"4795+8Q9, MKB Nagar, Nagammai Nagar, Vyasarpadi, Chennai, Tamil Nadu 600039, India"
3247,26,"Rathna cafe, Triplicane ",600005,13.0587341,80.2740342,"1, Triplicane High Rd, Triplicane, Chennai, Tamil Nadu 600014, India"
2330,12B,Ajantha bakery perambur,600011,13.1158265,80.2461067,"131, 132, Melpatti Ponnappa St, next to Reliance Fresh, Perambur, Chennai, Tamil Nadu 600011, India"
213,12B,Ajantha backery Perambur ,600011,13.1158265,80.2461067,"131, 132, Melpatti Ponnappa St, next to Reliance Fresh, Perambur, Chennai, Tamil Nadu 600011, India"
185,12B,Ajantha bakery perambur,600011,13.1158265,80.2461067,"131, 132, Melpatti Ponnappa St, next to Reliance Fresh, Perambur, Chennai, Tamil Nadu 600011, India"
5483,11,Moolakadai ,600118,13.128710831985344,80.24158688465576,"645, Periyar Nagar, Moolakadai, Kodungaiyur, Chennai, Tamil Nadu 600060, India"
3371,3,Choolai ,600112,13.089752,80.265034,"Periamedu / Choolai, Periyamedu, Choolai, Chennai, Tamil Nadu 600012, India"
143,19,Singaperumalkovil bus stand ,603204,12.760956153547012,80.00332818095094,"Q263+F7C, NH Service Road, Singaperumal Koil, Tamil Nadu 603204, India"
2637,10,Bine  mills,600012,13.098633,80.2596083,"37X5+FRG, New Farrance Rd, Pattalam, Jamalia, Chennai, Tamil Nadu 600012, India"
7569,10,Bunny mills,600012,13.097583181173563,80.25614272065101,"157, Strahans Rd, Dadashamakan, Jamalia, Chennai, Tamil Nadu 600012, India"
4123,20,Kamatchi hospital ,600129,12.948758109280623,80.19937366089393,"Sunnambu Kolathur, S. Kolathur, S.Kolathur, Kovilambakkam, Chennai, Tamil Nadu 600129, India"
1755,1C,Beach station ,600001,13.095204334862222,80.29271133962602,"37WV+442, Chennai Port Trust, Chennai, Tamil Nadu 600001, India"
1813,20,Kamatchi Hospital ,600129,12.948666441384807,80.19929213866703,"Sunnambu Kolathur Puliyamaram Bus Stop, SH 109, S. Kolathur, S.Kolathur, Sakthi Nagar, Kovilambakkam, Chennai, Tamil Nadu 600091, India"
2984,12B,Easwari Mahal,600011,13.1155387,80.24951279999999,"468X+6R6, Subramaniam St, MPM Street, Kakkanji Colony, Perambur, Chennai, Tamil Nadu 600039, India"
1204,38,Iyyangarkulam koot road bus stop,631702,12.783768133691533,79.67709965573705,"QMMG+FRG, Abdulapuram Koot Road, Tamil Nadu 631702, India"
4364,2C,MINT OLD BUS STAND,600072,13.1061299,80.2801429,"474J+93V Metro Station-Washermenpet, METRO STATION-WASHERMENPET, Vijayaraghavalu Rd, Railway Quaters, Old Washermanpet, Chennai, Tamil Nadu 600001, India"
186,17,"Uthukottai, Anna salai",602026,13.333503993033627,79.89161380005498,"8VMR+9JP, Uthukkottai, Tamil Nadu 517588, India"
3381,1,Rajakadai (Kaladipet Metro),600019,13.150134410133244,80.29919190661914,"75, Thiruvottiyur High Rd, Thangal, Thyagarajapuram, Tiruvottiyur, Chennai, Tamil Nadu 600019, India"
5708,36,Periyapannicherry,600122,13.011896378959207,80.12925700169181,"4/296, Kovur, Periyapanicheri, Chennai, Tamil Nadu 600122, India"
3554,38,AyyangarkulamXroad ,631502,12.7839574,79.6771175,"QMMG+FRG, Abdulapuram Koot Road, Tamil Nadu 631702, India"
7972,16,Thachoor road,601202,13.44493723529331,80.00301559586737,"C2V3+V65, Madaharpakkam, Tamil Nadu 601202, India"
3016,16,Thatchoor,601201,13.4109557,80.11697079999999,"45, Ketnamallee, Gummidipoondi, Tamil Nadu 601201, India"
7735,15c,"Singapore shopping, Ambattur ",600053,13.1143212,80.15447429999999,"4573+PQH, Ambattur, Chennai, Tamil Nadu 600053, India"
6976,18A,JB Estate ,600054,13.1114133,80.10850099999999,"Om Shakthi Kovil JB Estate, Poonamallee - Avadi High Rd, JB Estate, Vivekananda Nagar, TNHB Mig V Block, Avadi, Tamil Nadu 600071, India"
6230,15A,VGN platina ,600077,13.093735689162196,80.12583009678619,"ASSET INTEGRITY INDIA MANAGEMENT SERVICES VGN PLATINA, Plot No. 132, Villa No. G1, Ambigai Nagar, MGR Nagar, Ayappakkam, Chennai, Tamil Nadu 600077, India"
7975,1c,Kasimedu Petrol Bunk,600013,13.125114,80.295542,"No.91,S.n chetty street,fishing harbour, Kasimedu, Royapuram, Chennai, Tamil Nadu 600013, India"
2832,5,Mmda,600106,13.071271140948788,80.21562881286746,"46, Razzak Garden Main Rd, Rani Anna Nagar, Arumbakkam, Chennai, Tamil Nadu 600106, India"
419,17B,Vasatha Bhavan,602001,13.139348199048948,79.90747685766702,"55, 155, Tamil Nadu 602001, India"
7638,34C,Iyyappanthangal Bus Stand ,600056,13.0378524,80.1350401,"Iyyappanthangal, Iyyappanthangal, Chennai, Tamil Nadu 600056, India"
3490,36,periyapanicheri,600128,13.0117712,80.1317763,"3, 41, Anna St, Periyapanicheri, Chennai, Tamil Nadu 600128, India"
502,23,Kovilambakkam,600129,12.940910024244449,80.18717885644159,"8/57, Vedachalam Nagar, Kovilambakkam, Chennai, Tamil Nadu 600117, India"
5648,9,Grace,600037,13.0835569,80.1730553,"Pukazhenthi Salai, No 2/335, Mogappair West, Mohanram Nagar, Mogappair, Chennai, Tamil Nadu 600037, India"
1549,16,"Nel arisi kalyana mandabam(signal), Redhills ",600052,13.184160134614274,80.19176643901542,"Ayurveda Ashramam, Vedakarai, Chennai, Tamil Nadu 600066, India"
370,34C,Iyyapanthangal ,600122,13.0210902,80.12670240000001,"24CG+CMP, Paraniputhur, Iyyappanthangal, Chennai, Tamil Nadu 600122, India"
1278,14C,Mathur 3rd Main road,600068,13.166765292409234,80.25030125845426,"Manalai Seekadu, Shastri Nagar, Manali, Chennai, Tamil Nadu 600051, India"
6401,32c,Hyundai Motor Plaza,600032,13.0182093,80.20638199999999,"Thiru – Vi – Ka Industrial Estate, Ekkatuthangal, 54, Grand Southern Trunk Rd, SIDCO Industrial Estate, Guindy, Chennai, Tamil Nadu 600032, India"
6272,37,"Near Anjappar hotel,porur",600116,13.03411131690375,80.15992896477086,"1-1, 1-1, Mount Poonamallee Rd, Kungumam Nagar, Theru Veedhi Amman Koil Streets, Porur, Chennai, Tamil Nadu 600116, India"
7153,37,"Near Anjappar Hotel, Porur",600116,13.034022865903308,80.16000042696147,"1-1, 1-1, Mount Poonamallee Rd, Kungumam Nagar, Theru Veedhi Amman Koil Streets, Porur, Chennai, Tamil Nadu 600116, India"
6710,3,Muthumari amman Koil- Pursaiwakkam,600112,13.086544306140066,80.25726660166534,"1/1, Purasaivakkam High Rd, near Super Saravana Stores - Purasaiwakkam, Purasaiwakkam, Chennai, Tamil Nadu 600084, India"
6981,12C,Ajantha Bakers ,600011,13.1119067,80.2380634,"73, Paper Mills Road, Jagannathan Colony, Perambur, Chennai, Tamil Nadu 600011, India"
5270,8,Sidco bustop,600049,13.102984577082667,80.1987507538276,"108, Madras Thiruvallur High Rd, Thiru Nagar, Villivakkam, Chennai, Tamil Nadu 600049, India"
5888,23c,Keelkattalai Bus stop,600117,12.959528408034886,80.18695820003364,"63, Medavakkam Main Rd, Gandhi Nagar, Keelkattalai, Chennai, Tamil Nadu 600117, India"
508,14,"Periya Eechanguzhi, Manali new town ",600103,13.2123325,80.2717625,"1/1, Pudhu Nagar, Manali New Town, Chennai, Tamil Nadu 600103, India"
1787,16B,ORAGADAM,600053,13.123394888784222,80.15739445523114,"F1, KVK Swamy St, Venkatapuram, Vijayalakshmi Puram, Ambattur, Chennai, Tamil Nadu 600053, India"
5227,21C,"Dhandeeswaram Bus Stop, Velachery",600042,12.982923763535648,80.22193211191406,"Dhandeeswaram, Velachery Rd, Ram Nagar, Murugapakkam, Dhadeswaram Nagar, Velachery, Chennai, Tamil Nadu 600042, India"
7839,27,Bilroth hospital ,600028,13.023740517273222,80.26464135933057,"6, Appavu Gramani 1st St, Raja Annamalai Puram, Chennai, Tamil Nadu 600028, India"
4683,13A,Saravana store,600050,13.100489239959174,80.18903462630502,"233, Madras Thiruvallur High Rd, Moorthy Nagar, ICF West Colony, Villivakkam, Chennai, Tamil Nadu 600049, India"
7338,42,Poonamalle ambedkar statue ,600123,13.0392556,80.093125,"23QV+P66, Mangadu Rd, Mahalakshmi Nagar, Lakshmipuram, Poonamallee, Chennai, Tamil Nadu 600056, India"
5542,40C,Kanchipuram Bus Stand,631501,12.831314077994396,79.72418795269616,"RPJF+GH8, Thirukalimedu, Kanchipuram, Tamil Nadu 631501, India"
1920,13,Periyar Nagar vegetable market ,600082,13.117876,80.220899,"B-138, Jagannathan Salai, Periyar Nagar, Chennai, Tamil Nadu 600048, India"
2771,2c,"Peddu street , padmanabha theater ",600001,13.0986663,80.2767338,"5/3, Sundram Street, Peddanaickenpet, Old Washermanpet, Chennai, Tamil Nadu 600001, India"
4031,40A,Sriperumbudur 2nd arch,602105,12.97765626859255,79.95721773735582,"XXH4+2WW, Sri Ram Nagar, Sriperumbudur, Nemili, Tamil Nadu 602105, India"
6311,21C,Dhandeeswaram Bus Stand,600042,12.98260819174282,80.22405443760617,"No. 19, Dandeeshwaram Main Rd, Astalakshmi Nagar, Dhadeswaram Nagar, Velachery, Chennai, Tamil Nadu 600042, India"
123,32c,KasiTheatre ,600083,13.0294896,80.2084704,"92, Jawaharlal Nehru Salai, near Kasi Theatre, Kasi Estate, Ashok Nagar, Chennai, Tamil Nadu 600083, India"
943,19b,bharathamatha street,600059,12.928596366413888,80.12812781904691,"8/25, East Tambaram, Tambaram, Chennai, Tamil Nadu 600059, India"
1458,3,Motcham Theatre,600012,13.0936672,80.2513742,"51/21/2, Thiru Vi Ka St, Otteri, Purasaiwakkam, Chennai, Tamil Nadu 600084, India"
1906,1,Wimco nagar metro,600057,13.17927000000001,80.3074823518814,"58H4+MXW, Thiruvottiyur High Rd, Sakthi Puram, Tiruvottiyur, Chennai, Tamil Nadu 600019, India"
6685,19C,Hasthinapuram,600064,12.939687215460768,80.14845820945234,"W4QX+V9Q, Venkataraman Nagar, Hasthinapuram, Chromepet, Chennai, Tamil Nadu 600064, India"
7006,19C,Hasthinapuram,600064,12.944271501411038,80.14788385463932,"13/6, Purushotham Nagar, Chromepet, Chennai, Tamil Nadu 600064, India"
6297,21,Sakthi cars,600091,12.9797792,80.20000139999999,"3, Jawaharlal Nehru Salai, Usha Nagar, Vanuvampet, Velachery, Chennai, Tamil Nadu 600088, India"
3393,34c,Iyyapanthangal depot,600056,13.038237619425496,80.13439434124378,"Iyyappanthangal, VGN Nagar, Iyyappanthangal, Chennai, Tamil Nadu 600056, India"
5135,34C,iyappanthangal bus depot,600056,13.034301740870724,80.13420962016882,"2/166, Rajarathinam Nagar, KK Nagar, Iyyappanthangal, Chennai, Tamil Nadu 600056, India"
1849,34c,Iyyapanthagal depot,600056,13.038198641689034,80.1347259972725,"Iyyappanthangal, VGN Nagar, Iyyappanthangal, Chennai, Tamil Nadu 600056, India"
4241,13B,Senthil nagar,600099,13.122965554440428,80.2014791001808,"plot no 14b, 15th cross street, 3rd -99, Main Rd, Senthil Nagar, Kolathur, Chennai, Tamil Nadu 600099, India"
6250,30C,Elango Nagar,600092,13.05318818973267,80.1920730925903,"128/74, Kaliamman Koil St, Elango Nagar, Virugambakkam, Chennai, Tamil Nadu 600092, India"
7443,30C,Kesavardhini,600087,13.04183493631421,80.17874466581497,"6, Arcot Rd, Indira Nagar, Valasaravakkam, Chennai, Tamil Nadu 600087, India"
1031,39,"Keera mandapam, Kanchipuram ",631501,12.82397351540484,79.70375290262217,"RPF3+HGP, Ennaikaran, Kanchipuram, Tamil Nadu 631501, India"
371,27,"Kaliappa Billroth Hospital bus stop, 52, 2nd Main Rd, RA Puram,",600028,13.032828,80.2561772,"No 47, 3rd St, opposite to Citi Bank lane, Sriram Colony, Abiramapuram, Chennai, Tamil Nadu 600018, India"
2905,35,Theresa School,600043,12.988069,80.143324,"4/249, Kalliamman Nagar, Pozhichalur, Chennai, Tamil Nadu 600074, India"
7509,15C,Singapore Shopping Ambattur Chennai,600053,13.1214371,80.148208,"125, Chennai - Thiruttani - Renigunta Hwy, Vivek Nagar, Ram Nagar, Ambattur, Chennai, Tamil Nadu 600053, India"
1398,34C,Iyyappanthangal,600056,13.0346208,80.1327951,"2/242, Rajarathinam Nagar, Iyyappanthangal, Chennai, Tamil Nadu 600056, India"
7395,18A,J.B.Estate,600054,13.1116575,80.1097207,"3/2, 1st Main Rd, opposite Vel Driving School, JB Estate, Avadi, Tamil Nadu 600054, India"
3482,27c,Santhome,600004,13.0335957,80.27768940000001,"38, Santhome High Rd, Santhome, Mylapore, Chennai, Tamil Nadu 600004, India"
7787,11c,Bv school,600049,13.105920999227214,80.18115153524309,"15, Kuppu Reddy Nagar, Korattur, Chennai, Tamil Nadu 600080, India"
7422,35D,Pammal,600075,12.972818850030876,80.12730796229901,"16, Ambedkar Nagar, Pammal, Chennai, Tamil Nadu 600075, India"
6885,11C,Korattur Police Station,600080,13.103440836734537,80.18527046865604,"6/238, Periyar Nagar, TNHB Colony, Vanchi Nagar, Korattur, Chennai, Tamil Nadu 600080, India"
2534,22,"Siva Murugan stores, 60, MGR Main road, Chennai",600096,12.967509928928544,80.24579635593108,"38, MGR Main Rd, near Raja Super Market, Kandhanchavadi, Perungudi, Chennai, Tamil Nadu 600096, India"
4776,32c,KasiTheatre ,600083,13.0294896,80.2084704,"92, Jawaharlal Nehru Salai, near Kasi Theatre, Kasi Estate, Ashok Nagar, Chennai, Tamil Nadu 600083, India"
6667,18A,J.B.ESTATE,600054,13.11152114344636,80.10873833726606,"4465+HF9, Poonamallee - Avadi High Rd, JB Estate, Avadi, Tamil Nadu 600071, India"
1409,22,dollar bus stop,600119,12.9069634,80.228504,"W64H+QCJ, Laxmi Nagar Extension, Sholinganallur, Chennai, Tamil Nadu 600097, India"
5216,40B,Rangasamy kulam,631501,12.828083766421727,79.72218237100334,"1/32, Thirukalimedu, Kanchipuram, Tamil Nadu 631501, India"
7168,12C,"Ajantha Bakers, Perambur ",600011,13.1119067,80.2380634,"73, Paper Mills Road, Jagannathan Colony, Perambur, Chennai, Tamil Nadu 600011, India"
4696,19D,Guduvanchery ,603202,12.8540886,80.0679272,"V339+J5M, Guduvancheri, Tamil Nadu 603210, India"
2372,26,ICE HOUSE,600005,13.0529793,80.2736524,"No. 184/2, Quaiade Millath, Triplicane High Road, Chennai - 600005., Ice House, Triplicane, Chennai, Tamil Nadu 600014, India"
1843,18a,Jb estate,600051,13.1109113,80.110055,"7/1, Sivan Koil St, JB Estate, Chennai, Avadi, Tamil Nadu 600054, India"
4599,38C,Collectorate ,631501,12.8214008,79.6985172,"3, 2nd St, Ellappa Nagar, Gem Nagar, Sevlimedu, Tamil Nadu 631501, India"
617,22,Bharathi nagar bus stop,600113,12.981144535636568,80.23427899762594,"Bharathi Nagar, Bharathi Nagar, Tharamani, Chennai, Tamil Nadu 600113, India"
3827,36C,Porur EB,600116,13.03114315429206,80.15551592572555,"19, Eswaran Koil Street, RE Nagar, Porur, Chennai, Tamil Nadu 600116, India"
6471,41c,"Head office ,Vellore .",632009,12.941371867431773,79.18246117897891,"W5RJ+FXW, Alamelumangapuram, Sathuvachari, Vellore, Perumugai, Tamil Nadu 632009, India"
4858,32C,Kasi theatre ,600083,13.02902483476024,80.20886364555831,"India, Tamil Nadu, Chennai, West Jafferkhanpet, Anjugam Nagar, 랑가라자프람 3rd 스트리트 73"
7300,15C,"Singapore shopping,Ambattur",600053,13.1214371,80.148208,"125, Chennai - Thiruttani - Renigunta Hwy, Vivek Nagar, Ram Nagar, Ambattur, Chennai, Tamil Nadu 600053, India"
7057,15C,"Singapore Shopping, Ambattur",600053,13.1214371,80.148208,"125, Chennai - Thiruttani - Renigunta Hwy, Vivek Nagar, Ram Nagar, Ambattur, Chennai, Tamil Nadu 600053, India"
216,14c,Mathur mmda 1st main road,600068,13.1708813,80.2451294,"4795, Chinnamattur Rd, Periyamathur, TNHB Layout, Chennai, Mathur, Tamil Nadu 600051, India"
2029,7A,Velammal school,600050,13.0869841,80.1822485,"1-1488, TS Krishna Nagar, J J Nagar, Mogappair East, Chennai, Tamil Nadu 600037, India"
4705,8C,Waves,600040,13.084873,80.2101753,"2038, AD Block, Anna Nagar, Chennai, Tamil Nadu 600040, India"
4971,4C,Loyola College ,600034,13.05980494645528,80.24318668449033,"39, Noor Veerasamy St, Ponnangipuram, Tirumurthy Nagar, Nungambakkam, Chennai, Tamil Nadu 600034, India"
3967,13C,Grace super market Kolathur (Villivakkam),600099,13.11873293794687,80.20078362837862,"4/26, SRB Nagar, Kolathur, Chennai, Tamil Nadu 600049, India"
6328,5C,Hotel Ambica Empire - Thirunagar ,600026,13.0557209,80.2111536,"79, Jawaharlal Nehru Salai, Thiru Nagar Colony, NGO Colony, Vadapalani, Chennai, Tamil Nadu 600026, India"
3822,17A,"Bharat petroleum, CNG,Petrol Pump- Sri kamatchi enterprises Opposite",602002,13.109692169835808,79.92051636491142,"4W5C+W5W, Tamil Nadu 602002, India"
694,20,Kamatchi Hospital,600100,12.948436042061012,80.20536099602361,"129, 200 Feet Radial Road, Pallavaram-Thuraipakkam Rd, Ganesh Avenue, Rose Avenue, Pallikaranai, Chennai, Tamil Nadu 600100, India"
155,20A,Medavakkam koot road ,600100,12.9220014,80.1850461,"W5CP+Q2V, 4/245, 1st Main Rd, United Colony, BHEL Nagar, Medavakkam, Chennai, Tamil Nadu 600100, India"
1484,9,7H Bus stop Mogappair,600037,13.0818914,80.1679107,"4-752, 4th Block, Mogappair West, Ambattur Industrial Estate, Chennai, Tamil Nadu 600037, India"
1342,35D,Anagaputhur indian bank ,600070,12.9813452,80.12934539999999,"75, Pammal Main Rd, Guruswamy Nagar, Anakaputhur, Chennai, Tamil Nadu 600070, India"
4704,40c,kanchipuram Bus Stand,631502,12.83189642076691,79.70864947472195,"83, PSK St, near Kathri Matriculation School, Ennaikaran, Kanchipuram, Tamil Nadu 631501, India"
7694,13B,T V K Nagar cemetry,600011,13.122178379987393,80.23870357340397,"9, Pallavan Salai, Sembiyan, Perambur, Chennai, Tamil Nadu 600011, India"
29,34,Mugalivakkam ,600116,13.0283783,80.1688038,"1/2, Adithi Colony, Aditi Colony, Mugalivakkam, Chennai, Tamil Nadu 600125, India"
4592,43,Pandur,631203,13.15841732277,79.85436336838006,"528, Pandur, Tamil Nadu 631203, India"
3791,39,K.K.nagar bus stand,631501,12.814686174720244,79.7054008178604,"1, Uthramerur Main Rd, Asriyarnagar, Kamatchi Amman Colony, Sivapuram, Kanchipuram, Tamil Nadu 631501, India"
6395,26C,Nandhanam,600032,13.0182093,80.20638199999999,"Thiru – Vi – Ka Industrial Estate, Ekkatuthangal, 54, Grand Southern Trunk Rd, SIDCO Industrial Estate, Guindy, Chennai, Tamil Nadu 600032, India"
4173,6,Anna Nagar Tower Park Metro,600040,13.08481233480397,80.20831651171204,"36M5+W8M, 2nd Ave, AD Block, Anna Nagar, Chennai, Tamil Nadu 600040, India"
5922,15A,Udavum Karangal,600077,13.074596876092572,80.12330275913848,"KKA Complex, Therodum St, Anandam Nagar, Thiruverkadu, Tamil Nadu 600077, India"
5451,27c,Santhome,600028,13.0223022,80.25913709999999,"123, Krishnapuri, velacheri, Chennai, Tamil Nadu 600028, India"
5455,4,Chintadripet ,600002,13.075115881228038,80.26971983208455,"51, Iyya Mudali St, Chintadripet, Chennai, Tamil Nadu 600002, India"
3944,44,Baluchetty Chatram,631551,12.87404688549807,79.62125972918922,"VJFC+JG Sirunaiperugal, Tamil Nadu, India"
3214,19c,Hastinapuram bus stand,600064,12.9355622,80.156197,"30/2, 1st main road, first floor, chitlapakkam, Chakrapani Nagar, Thirumalai Nagar, Sembakkam, Chennai, Tamil Nadu 600064, India"
486,16C,"Pudur, ambattur",600053,13.1299346,80.1603018,"39, Pudur, Ambattur, Chennai, Tamil Nadu 600053, India"
5413,33c,nessapakkam bus stand,600078,13.037945947668044,80.1948554945057,"42,44, 77th St, Sector 12, K. K. Nagar, Chennai, Tamil Nadu 600078, India"
5858,22,Brigade Residences at WTC perungudi,600096,12.95712433126543,80.24025515091503,"36/64, 2nd Cross St, Phase-1, Rajiv Nagar, Perungudi, Chennai, Tamil Nadu 600096, India"
6164,30,Natesan Nagar,600092,13.057089124250322,80.19403204453941,"320, Kaliamman Koil St, Natesan Nagar, Virugambakkam, Chennai, Tamil Nadu 600092, India"
6155,24,Independence park,600061,12.9812002,80.1858056,"Independence Day Park, 3, 6th Main Rd, TNGO Colony, Nanganallur, Chennai, Tamil Nadu 600061, India"
5393,18D,Nemilichery roundtana,602024,13.1076239,80.0473994,"6, Sree Mahaveer Nagar, Annambedu, Tamil Nadu 600072, India"
314,30C,Friends park hotel ,600087,13.041677718534403,80.17597126144801,"33, Arcot Rd, Rajaji Avenue, Valasaravakkam, Chennai, Tamil Nadu 600087, India"
7951,13A,Kolathur Mc Rennett,600099,13.1239583,80.2121332,"Mariamman Koil, Anusuya Nagar, Kolathur, Chennai, Tamil Nadu 600082, India"
7398,19D,Vandalur,600048,12.880856761552868,80.08053944676098,"479a, Chennai - Theni Hwy, Otteri, Vandalur, Chennai, Peerakankaranai, Tamil Nadu 600048, India"
5366,5C,Thirunagar,600026,13.058670057101704,80.21144138843798,"36, Jawaharlal Nehru Salai, Senthil Nagar, Thiru Nagar Colony, Tiru Nagar, Vadapalani, Chennai, Tamil Nadu 600026, India"
3009,16,Krishnapuram ,601204,13.3434102,80.1895547,"105, Chinnakavanam, Tamil Nadu 601204, India"
6059,19D,Vandalur zoo stop,603210,12.866862477448583,80.07507514042905,"No:104, Grand Southern Trunk Rd, Bharathi Nagar, Urapakkam, Tamil Nadu 603210, India"
6860,5A,Maduravoyal Post Office ,600095,13.064354540604278,80.17165039417834,"429, Poonamallee High Rd, Karthikeyan Nagar, Maduravoyal, Chennai, Tamil Nadu 600095, India"
2136,34,Ambedkar statue,600077,13.047897757276694,80.14076369588687,"1/67, Thiru Vika Nagar, Chettiyar Agaram, TVK Nagar, Iyyappanthangal, Thandalam, Chennai, Tamil Nadu 600116, India"
7747,11C,Karuk Signal,600080,13.116964376843942,80.17118627953815,"445, Krishna, Gnanamurthi Nagar, Ambattur, Chennai, Tamil Nadu 600053, India"
4401,6,Thirumangalam signal ,600040,13.0837552,80.1958841,"CPWD Quarters, 46, Thillaiyadi Valliammai Nagar, Anna Nagar West, Chennai, Tamil Nadu 600040, India"
2185,29c,Alwarthirunagar ,600087,13.045360953786888,80.18674437447675,"285, Arcot Rd, Lambert Nagar, Virugambakkam, Chennai, Tamil Nadu 600092, India"
6098,5A,Maduravoyal post office,600096,13.064322947604444,80.17164030650777,"Maduravoyal Post Office, Pallavan Nagar, Maduravoyal, Chennai, Tamil Nadu 600095, India"
2916,42,Jothi nagar,631003,13.1380541,79.6614376,"4MQ6+6H Polur, Tamil Nadu, India"
181,4,Chindatripet  podikadai,600002,13.075770234043322,80.2681830642509,"109/54, Arunachalam Rd, Chintadripet, Chennai, Tamil Nadu 600002, India"
6950,37,Saravana stores,600116,13.0324123,80.1640371,"106, Mount Poonamallee Rd, Porur, Chennai, Tamil Nadu 600116, India"
4482,17D,Pandian rice mill,602024,13.125430993376924,80.03955667183939,"88, Chennai - Tiruvallur High Rd, Thiruninravur, Nadukuthagai, Tamil Nadu 602026, India"
151,1,Thangal ,600019,13.146157913658037,80.29770502956323,"47WX+C4J, 1065, Thiruvottiyur High Rd, Thangal, Thyagarajapuram, Tiruvottiyur, Chennai, Tamil Nadu 600019, India"
3949,13C,Grace Super Market Kolathur (Villivakkam),600099,13.1189741,80.2009921,"1049, SRB Nagar, Kolathur, Chennai, Tamil Nadu 600049, India"
3866,13C,"Grace supermarket, kolathur, Villivakkam ",600099,13.1189732,80.2009828,"1049, SRB Nagar, Kolathur, Chennai, Tamil Nadu 600049, India"
4603,3,Motcham Theatre,600007,13.085694125170852,80.2503332114375,"1, Millers Rd, near Old Motcham Theatre, Kilpauk, Chennai, Tamil Nadu 600010, India"
6366,19D,Vandalur zoo,600048,12.8817218,80.0713071,"V3JC+MHR, Sunshine Nagar, Perungalathur, Tamil Nadu 600048, India"
5315,34,Kattupakkam ,600056,13.041010893776694,80.12742561004806,"Kattupakkam, 2/53D, Main Rd, Swaminatha Nagar, Kattupakkam, Chennai, Tamil Nadu 600056, India"
1243,11,M1 Madhavaram police station ,600110,13.1315848,80.2373844,"46JP+HXJ, Kanakan Chatram, Ponniammanmedu, Chennai, Tamil Nadu 600110, India"
49,19D,VANDALUR ZOO,600048,12.882136047589963,80.06271558305261,"9/145, Krishna Nagar, Mannivakkam, Tamil Nadu 603211, India"
2451,5B,Vanagram fish market opposite (prestige apartments),600095,13.061930595276555,80.14954984304482,"1/113, Poonamallee High Rd, Ganapathy Nagar, Vanagaram, Chennai, Tamil Nadu 600095, India"
2378,3,Motcham theatre ,600007,13.085664394711586,80.25034885664748,"1, Millers Rd, near Old Motcham Theatre, Kilpauk, Chennai, Tamil Nadu 600010, India"
4332,38,Dusi,631702,12.7588793,79.70072110000001,"QP52+H7 Vadakalpakkam, Tamil Nadu, India"
1615,40C,Pookadaichathiram,631502,12.8392405,79.7191293,"RPQ9+JJV Rudra Koteswara, Street, Pambaganapathy Nagar, Konerikuppam, Kanchipuram, Tamil Nadu 631561, India"
3823,10,Otteri,600012,13.098019543609864,80.25103294297799,"Otteri, TNHB Colony, Purasaiwakkam, Chennai, Tamil Nadu 600012, India"
2682,13A,Donbosco school,600082,13.1308227,80.2316959,"59A, Thanikachalam Nagar, Anna Ayyar Thottam, Ponniammanmedu, Chennai, Tamil Nadu 600110, India"
3591,25c,Madhya Kailash bus stop,600085,13.006637519581572,80.24587396456803,"64, Sardar Patel Rd, Sriram Nagar, Tharamani, Chennai, Tamil Nadu 600113, India"
6630,2c,Mint,600001,14.6506981,121.0039373,"14 Joy St, Quezon City, Metro Manila, Philippines"
2281,15D,"Ayapakkam, chruch",600077,13.094816803289383,80.14550635089955,"35, ICF Employees Colony, Ambattur, Chennai, Tamil Nadu 600077, India"
7537,13A,Padi,600050,13.10128229963926,80.19077319143655,"N0 26-27,2nd Floor,Kuppusamy Street,Balaji Nagar, Near Saravana Stores,Padi, TVS Industries, Padi, Chennai, Tamil Nadu 600050, India"
2674,13c,Grace,600099,13.1182463,80.2112019,"36-32, Poompuhar Nagar South, Boombugar Nagar, Jayaram Nagar, Kolathur, Chennai, Tamil Nadu 600048, India"
5284,35A,Sai baba kovil / Aravind hospital,600056,13.052283391443622,80.12296090614232,"Raj wedding hall, 70/7, Poonamallee High Rd, opp. to Senneer Kuppam, Abirami Nagar, Poonamallee, Chennai, Tamil Nadu 600056, India"
5319,32,Blue tank,600015,13.023348372227831,80.21815177282653,"41, Kavarai St, West Saidapet, Saidapet, Chennai, Tamil Nadu 600015, India"
8029,18,Ramarathinam,600071,13.117052,80.09688299999999,"Ramarathna Theatre, Kannigapuram, TNHB Mig V Block, Avadi, Tamil Nadu 600054, India"
3981,41c,Vellore ,632001,12.9416984,79.1711773,"3/1, Velluvar St, Phase 5, Alamelumangapuram, Sathuvachari, Vellore, Venkatapuram, Tamil Nadu 632009, India"
6871,9c,Dr super market,600037,13.084500733881004,80.16287826502008,"Shree Prasad Apartments Block-A, SHREE PRASAD APARTMENTS, TNHB Phase I, Reddipalaiyam, Ambattur Industrial Estate, Chennai, Tamil Nadu 600037, India"
741,40B,Rangaswamy Kulam,631501,12.823927258324852,79.71013676679266,"45, Vilakadi Koil St, near Rangaswamy Kulam, Chinna Kanchipuram, Ennaikaran, Kanchipuram, Arappanacheri, Tamil Nadu 631501, India"
4095,17D,"Jaya Matriculation Higher Secondary School, Thiruninravur, Tamil Nadu, India",602024,13.125041312546475,80.0445177806077,"8, Balaji Nagar, Thiruninravur, Veppambaattu, Tamil Nadu 602024, India"
2625,13,Periyar Nagar ,600082,13.1181605,80.2203268,"4/3, Periyar Nagar West, Kolathur, Chennai, Tamil Nadu 600082, India"
6826,18D,Kovipathagai ,600062,13.140595773579555,80.10436528562961,"No.8 kambar Street, Main Road, 62, Kovilpathagai, Poompozhil Nagar, Kalaingarnagar, Avadi, Tamil Nadu 600062, India"
2619,23,Kovilambakkam ,600117,12.94346429440972,80.18610428507172,"6/409, MGR Nagar Main Rd, Rose Nagar, Kovilambakkam, Chennai, Tamil Nadu 600129, India"
4246,32,Metupalayam,600033,13.032193519099994,80.22016263328383,"9/21, Kodambakkam Road, West Mambalam ,Chennai, Pin-600033, Panneerselvam Nagar, West Mambalam, Chennai, Tamil Nadu 600033, India"
4145,17B,"Vasantha bhavan hotel, Thiruvallur ",601103,13.236372234370451,79.9817909415038,"397, Kanimozhi Nagar, Sembedu, Tamil Nadu 601103, India"
3762,4,Pantaloons ,600030,13.0698294,80.2242248,"No: 126, bnt connection building, 4 the floor, Landmark, Nelson Manickam Rd, above pantaloons showroom, Railway Colony, Aminjikarai, Chennai, Tamil Nadu 600029, India"
4265,19A,Krishna nagar ,600045,12.9233996,80.0972239,"No.600, Krishna Nagar, Mudichur Road, (Near Krishna Nagar Bus Stop) West Tambaram, Chennai - 600045., Subash Nagar, Krishna Nagar, Tambaram, Tamil Nadu 600045, India"
2497,3,Motcham theatre ,600007,13.085474951513532,80.25007404781144,"37P2+528, Millers Rd, Pava Puri Colony, Purasaivakkam, Kilpauk, Chennai, Tamil Nadu 600010, India"
300,5A,Maduravoyal post office stop,600095,13.062451122350302,80.17357226933541,"1/1, Karthikeyan Nagar, Maduravoyal, Chennai, Tamil Nadu 600095, India"
199,16c,Pudur,600053,13.130418434142962,80.15868539987927,"122, 6, Ambattur Red Hills Rd, Pudur, Ambattur, Chennai, Tamil Nadu 600053, India"
5515,16,Ponneri (Andarkuppam),601204,13.301555221796404,80.1605940209412,"5, Ponneri Hwy, Andarkuppam, Tiruvallur, Tamil Nadu 601204, India"
4253,18B,Kavarapalayam,600054,13.12194442186661,80.08547405429961,"43CP+V4J, Rajiv Gandhi Nagar, Pattabiram, Avadi, Tamil Nadu 600054, India"
5722,35A,"Sai Baba Kovil , Raj Wedding hall , kumnanchavadi",600077,13.0523937,80.1228485,"Raj wedding hall, 70/7, Poonamallee High Rd, opp. to Senneer Kuppam, Abirami Nagar, Poonamallee, Chennai, Tamil Nadu 600056, India"
1468,15C,Ambattur (Shopping Singapore),600053,13.1214371,80.148208,"125, Chennai - Thiruttani - Renigunta Hwy, Vivek Nagar, Ram Nagar, Ambattur, Chennai, Tamil Nadu 600053, India"
1508,15C,"Shopping Singapore,Chennai",600053,13.121687142691655,80.14819961763011,"178c, Madras Thiruvallur High Rd, Venkatapuram, Ram Nagar, Ambattur, Chennai, Tamil Nadu 600053, India"
842,13C,Grace Super Market,600049,13.114114916822826,80.21141758544546,"No 1, 1/16, main road, Shastri Nagar, Kolathur, Chennai, Tamil Nadu 600049, India"
1966,13,Thiruvalluvar Kalyanamandabam,600082,13.1107144,80.2210435,"21m, Jambulingam Main Rd, G.K.M Colony, Annai Anjugam Nagar, Kolathur, Chennai, Tamil Nadu 600082, India"
1268,20c,Ponniamman kovil,600091,12.969365798398156,80.19316632450527,"14/33, Arul Jyothi Rd, Puzhuthivakkam, Madipakkam, Chennai, Tamil Nadu 600091, India"
6958,35,Pozhichalur church ,600074,12.9834839,80.13995369999999,"12/192, Kootaravu Colony, Venkateswara Nagar, Agastheeswarar Nagar, Anakaputhur, Chennai, Tamil Nadu 600074, India"
4529,20c,Ponniamman kovil,600091,12.96991933970177,80.19473207657998,"14, Puzhuthivakkam, Madipakkam, Chennai, Tamil Nadu 600091, India"
960,21,Puzhutivakkam road,600091,12.9617233,80.19937159999999,"5045, Madipakkam, Chennai, Tamil Nadu 600091, India"
3196,21,Amul ice cream ,600088,12.983893858231658,80.20496794631264,"87a, 1st Main Rd, Okkiayam, Thouraipakkam, Mahalakshmi Nagar, Adambakkam, Chennai, Tamil Nadu 600088, India"
3178,21,Amul ice cream ,600088,12.987683663815735,80.20094840128904,"11, 8th St, Parthasarathy Nagar, Adambakkam, Chennai, Tamil Nadu 600088, India"
1225,3,Gangadeshwarar Koil,600084,13.083792503823023,80.25458442698363,"93, Gangadeeshwar Koil St, next to Gangadeeswar Temple, Purasaiwakkam, Chennai, Tamil Nadu 600084, India"
758,18,Avadi ramratna,600071,13.117052,80.09688299999999,"Ramarathna Theatre, Kannigapuram, TNHB Mig V Block, Avadi, Tamil Nadu 600054, India"
2305,2c,"Peddu street , padmanabhan theatre ",600001,13.1036719,80.27368059999999,"103/2, Wall Tax Rd, Kondithope, George Town, Chennai, Tamil Nadu 600001, India"
1057,20A,rajakilpakam,600073,12.922376280113056,80.15152395565576,"No:120-A velachery Main road,Rajakilpakkam,Chennai-73, Ambedkar Nagar, Selaiyur, Chennai, Tamil Nadu 600073, India"
220,4,Chetpet. Signal,600008,13.071604,80.2493904,"10-4, Mayor Ramanathan Salai, M.S. Nagar, Mangalapuram, Chetpet, Chennai, Tamil Nadu 600008, India"
439,38C,Collectorate Kanchipuram,631501,12.821614491297405,79.69820513877426,"36,A, Vandavasi Rd, opp. Collecter Office, Thaiyar Kullam, Kanchipuram, Tamil Nadu 631501, India"
4885,19B,Varadharaja theater,600064,12.938484083331367,80.13842075051528,"No.27 KL Tower, Chitlapakkam Main Rd, Jothi Nagar, Chitlapakkam, Chennai, Tamil Nadu 600064, India"
768,38c,Vandavasi,631701,12.678086679772424,79.66393755688215,"MMH7+7F8, Vellamalai, Tamil Nadu 631701, India"
1239,13c,Temple school,600099,13.124778132244726,80.20493563766792,"200 Feet Road, 82, 2nd Main Rd, Thillai Nagar, Mahavir Nagar, Kolathur, Chennai, Tamil Nadu 600099, India"
4518,19C,Bharathi Nagar Auto Stand,600044,12.943633,80.1669586,"W5V8+CQX, Srinivasan 2nd St, Arul Murugan Nandavanam Nagar, Vignesh Nagar, Nemilichery, Chromepet, Chennai, Tamil Nadu 600044, India"
4861,19C,Bharathi Nagar Auto Stand,600044,12.9534824,80.1559735,"Plot No.21, Natesan Nagar, 3rd Cross St, Ganapathipuram, Chromepet, Chennai, Tamil Nadu 600044, India"
5689,17,meera theatre,602001,13.147199,79.895017,"265, Jaya Nagar, Ikkadu, Tamil Nadu 602001, India"
4881,19c,Bharathi nagar auto stand,600044,12.942504499631566,80.14154804523763,"MAIN BLOCK, NSN MATRICULATION HIGHER SECONDARY SCHOOL-NEHRU NAGAR, Nehru Nagar, Chromepet, Chennai, Tamil Nadu 600044, India"
1467,38C,Collectorate ,631501,12.821678477256732,79.69821090652094,"36,A, Vandavasi Rd, opp. Collecter Office, Thaiyar Kullam, Kanchipuram, Tamil Nadu 631501, India"
310,23c,Keelkattalai bus stop,600117,12.9560647,80.18629539999999,"Kilkattalai, Arulmurugan Nagar Extention, Thiruvalluvar Nagar, Keelkattalai, Chennai, Tamil Nadu 600117, India"
3441,19c,Kumaran kundram,600064,12.93594562775709,80.14504956083766,"No. 1, Extn, Gandhi St, Vivek Nagar, Chitlapakkam, Chennai, Tamil Nadu 600064, India"
1620,5c,Vengaya mandi,600107,13.069762,80.181714,"Vengaya Mandi, Poonamallee High Rd, VGP Amudha Nagar, Koyambedu, Chennai, Tamil Nadu 600107, India"
7501,37C,Poonamallee bypass,600056,13.050048404506256,80.0884214146549,"332Q+258, Poonamallee, Chennai, Tamil Nadu 600123, India"
2275,11,Kanakan chathiram,600110,13.1340789,80.23143429999999,"55/2, Near Rto, subhash nagar, Ponniammanmedu, Chennai, Tamil Nadu 600110, India"
306,37,DLF,600089,13.031541017595917,80.17953695539127,"5/14, Bharathi Salai, Mullai Nagar, Ramapuram, Chennai, Tamil Nadu 600089, India"
108,15C,Singapore shopping Ambattur,600053,13.1214371,80.148208,"125, Chennai - Thiruttani - Renigunta Hwy, Vivek Nagar, Ram Nagar, Ambattur, Chennai, Tamil Nadu 600053, India"
3878,4C,Anna Arch,600029,13.0714084,80.2188212,"1, Ammai Ammal St, Ayyavoo Colony, Aminjikarai, Chennai, Tamil Nadu 600029, India"
3883,4,Pantaloons,600029,13.064349345201803,80.22263474543841,"27/105A, 3rd St, Kamarajar Nagar, Gill Nagar, Choolaimedu, Chennai, Tamil Nadu 600094, India"
1160,5,Chinthamani signal,600102,13.084797,80.22426899999999,"Chinthamani, 2nd Ave, C Block, Annanagar East, Chennai, Tamil Nadu 600102, India"
5372,42,Vimal school,631003,13.100228078694656,79.65511098905739,"4M24+32 Arakkonam, Tamil Nadu, India"
1576,15A,Sivan temple Thiruverkadu koldi road,600077,13.087023012939092,80.1254201960877,"34PG+V43, Annanur, Ambattur, Chennai, Tamil Nadu 600077, India"
6544,9,spartan school,600037,13.0852022,80.1797022,"PN 1, BlK 5, Pari Salai, Mogappair, Perumal Nagar, Thiruvalluvar Nagar, J J Nagar, Mogappair East, Chennai, Tamil Nadu 600037, India"
4773,36c,Madhanathapuram ,600116,13.023325880153251,80.14679581457395,"3/568, Himachal Nagar, Ponni Nagar, Moulivakkam, Chennai, Tamil Nadu 600116, India"
7653,13C,"Grace Super Market, kolathur",600049,13.1026852,80.2084187,"chinna krishna towers 168, 176, Madras Thiruvallur High Rd, Villivakkam, Chennai, Tamil Nadu 600049, India"
7604,36,Kovur High School,600128,13.012642553853032,80.12016661640365,"1/111, Kovur, Chennai, Tamil Nadu 600128, India"
327,26,Triplicane ,600005,13.0529793,80.2736524,"No. 184/2, Quaiade Millath, Triplicane High Road, Chennai - 600005., Ice House, Triplicane, Chennai, Tamil Nadu 600014, India"
6866,15D,ICMR stop,600077,13.1006164,80.13964949999999,"7096, Ayapakkam, Annanur, Ambattur, Chennai, Tamil Nadu 600077, India"
4275,9B,"Grace super market,mogappair",600037,13.078286914057898,80.18061540164098,"2-A-11, 1st Main Rd, Sector 7, Ambattur Industrial Estate, Chennai, Tamil Nadu 600037, India"
7528,15D,Ayapakkam Church,600058,13.097503907341109,80.14655909797207,"10, Ayyappakkam Main Rd, Ayappakkam, Chennai, Tamil Nadu 600053, India"
6379,42C,Venkateshpuram ,631006,13.067540673155424,79.67285879914112,"344, Kanchipuram - Thirupathi Hwy, Arakkonam, Ammanur R.F., Tamil Nadu 631006, India"
2613,16A,Surapet bus stand,600066,13.144228127762586,80.19363333578232,"37, Taluka, J P Nagar, Ambattur, Surapet, Chennai, Tamil Nadu 600066, India"
4779,40,"Chetty Street, Little Kanchipuram, Kanchipuram",631501,12.819353323177818,79.72105565748127,"RP9C+P98, CV Rajagopal St, Nethaji Nagar, Kanchipuram, Arappanacheri, Tamil Nadu 631501, India"
625,1c,Kalmandapam,600021,13.11612790570376,80.28928992232431,"8th Street, Gollavar Agraharam Rd, GA Nagar, Washermanpet, Chennai, Tamil Nadu 600021, India"
6656,29C,Valasaravakkam signal,600087,13.041727037809975,80.17566734304955,"16, Arcot Rd, opp) indus ind bank, East Kamakoti Nagar, Valasaravakkam, Chennai, Tamil Nadu 600087, India"
2251,26,ICE HOUSE ,600005,13.0529523,80.2736192,"Ice House, Peter's Rd, Ice House, Triplicane, Chennai, Tamil Nadu 600014, India"
1996,23c,Keelkatalai bus stop,600117,12.960773953261588,80.18456198316413,"69, Yashodha Nagar, Keelkattalai, Chennai, Tamil Nadu 600043, India"
4863,9,Grace,600107,13.0782663549589,80.18058481408217,"2-A-11, 1st Main Rd, Sector 7, Ambattur Industrial Estate, Chennai, Tamil Nadu 600037, India"
7372,2c,"Ajax busstand stand, THIRUVOTTIYUR ",600019,13.17247757893074,80.30534408576659,"71, Thiruvottiyur High Rd, Rettai Malai Srinivasan Nagar, Jeevan Lal Nagar, Kaladipet, Tiruvottiyur, Chennai, Tamil Nadu 600019, India"
5327,40B,Moongilmandabam,631501,12.83012291707745,79.70359438777848,"62, Vallal Pachaiyappan St, Ennaikaran, Kanchipuram, Tamil Nadu 631501, India"
1064,3,Mummy Daddy,600010,13.0921885,80.2466816,"36RW+VM Chennai, Tamil Nadu, India"
5679,3c,Shenoy nagar bus stop,600030,13.0786616,80.22508529999999,"Flat 2, SRIJEES 6, Second Main Road, Shenoy Nagar West, Bharathi Puram, Shenoy Nagar, Chennai, Tamil Nadu 600030, India"
623,14C,Mathur 1st Main Road,600068,13.1670287,80.2459015,"4461, Mattur, Periyamathur, TNHB Layout, Chennai, Mathur, Tamil Nadu 600051, India"
715,15,Canara bank,600053,13.110263759048236,80.15225059035745,"295, Chennai - Tiruvallur High Rd, Ayapakkam, Sidco Industrial Estate, Ambattur, Avadi, Chennai, Tamil Nadu 600054, India"
156,19D,"Guduvanchery,Eb",603202,12.8547672,80.0677639,"Akshaya Safa, Guduvancheri, Tamil Nadu 603210, India"
1528,40B,RANGASWAMY KULAM,631501,12.8242347,79.70975039999999,"11/23, Chinna Kanchipuram, நாகலாந்து தெரு மடம், ரங்கசாமி குளம், Kanchipuram, Arappanacheri, Tamil Nadu 631501, India"
3467,15E,Vinayagapuram ,600099,13.138674991700531,80.20684358939984,"34, Perambur redhills road, Vinayakapuram, Kolathur, Chennai, Tamil Nadu 600099, India"
1752,18E,MITTANAMALLI,600055,13.147792119189331,80.06385453887603,"34, Avadi, Tamil Nadu 600055, India"
483,28,Liberty ,600024,13.0537519,80.22798949999999,"Sekar Emporium Textiles Pvt.Ltd, 22, Arcot Rd, Taylor Estate, Kodambakkam, Chennai, Tamil Nadu 600024, India"
1379,9,7H  BUS STOP MOGAPPAIR,600037,13.0796288,80.1835108,"Indira Grandeur, Indir Grandroum, 10/1094, EB Office Rd, Golden George Nagar, Mogappair East, Chennai, Tamil Nadu 600037, India"
5533,16E,Paruthipattu ,600077,13.08677506482296,80.10873043461514,"125, Avadi Rd, Paruthippattu, Avadi, Chennai, Tamil Nadu 600071, India"
4962,4c,Loyola college ,600034,13.05820567458088,80.23726195200707,"100, Mahalingapuram Main Rd, Mahalingapuram, Nungambakkam, Chennai, Tamil Nadu 600034, India"
3596,15A,Vgn mahalakshmi nagar ,600077,13.0701717,80.1381572,"34CQ+37, Rani Anna Nagar, Thiruverkadu, Chennai, Tamil Nadu 600077, India"
478,5B,Maduravoyal Errikari,600095,13.058186518718513,80.1728044562278,"19, Ayyavu Nagar Extension, Ayyavoo Nagar, Maduravoyal, Chennai, Tamil Nadu 600095, India"
4285,11C,Police station ,600080,13.103354,80.1852232,"238, 4th St, Periyar Nagar, Siva Sakthi Nagar, Kannagi Nagar, Korattur, Chennai, Tamil Nadu 600080, India"
4419,9B,(7 M) Amutha Matri. School,600037,13.0835569,80.1730553,"Pukazhenthi Salai, No 2/335, Mogappair West, Mohanram Nagar, Mogappair, Chennai, Tamil Nadu 600037, India"
5683,12,KKD Nagar,600118,13.12838041238482,80.25493758085473,"4/18-3, Thiruvalluvar Nagar, Ayanavaram, Chennai, Tamil Nadu 600118, India"
1049,4c,Nungambakkam Railway Station,600094,13.0645942,80.232567,"Nungambakkam, Railway Border Rd, Sowrashtra Nagar, Choolaimedu, Chennai, Tamil Nadu 600094, India"
4414,15,Cake world Ambattur ,600053,13.1203163846808,80.14921895131113,"44CX+4M7, Madras Thiruvallur High Rd, Secretariat Colony, Vivek Nagar, Ambattur, Chennai, Tamil Nadu 600053, India"
384,29c,AAVIN JUCTION ALWARTHIRUNAGAR,600092,13.0460115,80.1871742,"no:336, 65, Arcot Rd, New Colony, Virugambakkam, Chennai, Tamil Nadu 600087, India"
4418,45,Manimangalam Ganesh temple ,601301,12.9093129,80.0246655,"W25F+PVF, Pushpagiri, Tamil Nadu 602301, India"
4679,40B,Gujarathi Chithiram,631502,12.8451076,79.696377,"57, Salai St, Gujarathi Chathram, Periya, Kanchipuram, Tamil Nadu 631502, India"
5493,16E,Sir Ivan Stedford Hospital,600062,13.11634762435957,80.1385047829343,"9, Sree Nagar Colony, Ganapathi Nagar, Krishnapuram, Thirumullaivoyal, Chennai, Tamil Nadu 600062, India"
4934,20C,Ponniyamman Kovil,600091,12.96491742457611,80.19694688305053,"Velachery Main Road, No 8, Bazaar Main Rd, Balaiah Garden, Madipakkam, Chennai, Tamil Nadu 600091, India"
4194,10c,Icf kambar arangam,600038,13.0986274,80.2173956,"Kambar Arangam, 22/2, 2nd Street, opposite Dr.Ambedkar Auditorium, ICF East Colony, Konnur, Chennai, Tamil Nadu 600038, India"
4177,11,Moolakadai ,600118,13.128505190075268,80.24192754165341,"4/133, Moolakadai, Kodungaiyur, Chennai, Tamil Nadu 600011, India"
4199,14C,Shastri nagar,600051,13.165482357421707,80.2530309455078,"Bus Stop, 24, Kamaraj Salai, near Mgr Nagar, Shastri Nagar, Manali, Chennai, Tamil Nadu 600068, India"
5384,15,canara bank ambattur,600053,13.110664015690698,80.15192083701783,"3, Madras Thiruvallur High Rd, Ayapakkam, Mannurpet, Padi, Chennai, Tamil Nadu 600050, India"
5686,27C,Santhome ,600004,13.035449926465692,80.27776590766003,"No.33, Old No.14, Santhome High Road, Mylapore, Santhome, Chennai, Tamil Nadu 600004, India"
6420,8c,Waves,600040,13.087077997133743,80.19304134881287,"R23/A, Anna Nagar West, Govt Officers Colony, Chennai, Tamil Nadu 600040, India"
6562,21,Kakkan bridge ,600088,12.98795797036588,80.20505149472046,"21,20, Mohanapuri, NGO Colony, Adambakkam, Chennai, Tamil Nadu 600088, India"
8002,40,"Tolgate,Little Kanchipuram.",631501,12.8187987,79.72932449999999,"Tolgate, 22 C, Pattala St, Thrivulluvar Nagar, Kanchipuram, Nattapettai, Tamil Nadu 631501, India"
6549,22,Vijayanagar bus stand,600042,12.97614085522245,80.22123120377425,"No 22,Lakshmi Nagar main rd,100 ft bye pass,Near Murugan temple, Velachery, Chennai, Tamil Nadu 600042, India"
5699,9B,Grace Super market,600037,13.078314678963784,80.18060269816507,"2-A-11, 1st Main Rd, Sector 7, Ambattur Industrial Estate, Chennai, Tamil Nadu 600037, India"
3867,42,Jothi nagar ,631003,13.1380541,79.6614376,"4MQ6+6H Polur, Tamil Nadu, India"
2696,19C,Kumaran Kundram,600044,12.94597919831037,80.14446187108611,"Jayam's Sri Krishna Apartment, 7/14, 1st Main Rd, State Bank Staff Colony, Chromepet, Chennai, Tamil Nadu 600044, India"
4224,5,MMDA,600106,13.070978153142118,80.21555118215252,"171, Razaak Garden, Rani Anna Nagar, Arumbakkam, Chennai, Tamil Nadu 600106, India"
2228,16c,Pudhur,600053,13.130473450695815,80.15896611197837,"168, Ambattur Red Hills Rd, Pudur, Oragadam, Chennai, Tamil Nadu 600053, India"
858,41A,Arcot Bus Stand,632503,12.9082785,79.3216874,"38/6/13B, Annai Nagar, Arcot, Tamil Nadu 632503, India"
2703,22,Vijaya Nagar Kajana Jewlers,600042,12.976006248853269,80.21996922443275,"69, N Extension Main Rd, Vijaya Nagar, Velachery, Chennai, Tamil Nadu 600042, India"
2720,25C,Madhya kailash,600113,13.006598391530328,80.24601655635374,"Madhya Kailash Temple, Sriram Nagar, Tharamani, Chennai, Tamil Nadu 600113, India"
4593,32,Metupalayam,600033,13.033570690178951,80.2226449243283,"75/22 83/23, Srinivasa Iyengar St, Reddi Kuppam, West Mambalam, Chennai, Tamil Nadu 600033, India"
5234,12,pavithra hospital,600118,13.1261096,80.2491749,"8/4, Ethiraj Samy Salai Rd, Erukkanchery, Rajiv Gandhi Nagar, Kodungaiyur, Chennai, Tamil Nadu 600118, India"
214,37b,Karayanchavadi,600056,13.0497218,80.1136999,"24X7+VG6, 1st Cross St, Ethiraj Nagar, Chennai, Tamil Nadu 600056, India"
6204,37,DLF,600089,13.024947260726377,80.17640707390018,"25FG+WGJ, Ramapuram, Chennai, Tamil Nadu 600125, Manapakkam, Chennai, Tamil Nadu 600089, India"
2935,42,Jothi nagar arakkonam,631003,13.0949446,79.658699,"Jothi Nagar, 1, Bharathidasan Rd, Jothi Nagar, Arakkonam, Tamil Nadu 631003, India"
6616,16,padiyanallur,600052,13.2070203214098,80.17341654743304,"654F+V9P, Service Rd, Padianallur, Chennai, Tamil Nadu 600052, India"
6760,18E,Kendriya Vidyalaya CRPF school,600055,13.1519315,80.0802047,"CRPF School Or Kuttavaili Colony, Avadi, Tamil Nadu 600055, India"
6782,16C,Kavankarai,600052,13.170819926438128,80.19923513655436,"150, Chennai - Kolkata Hwy, Kannappasamy Nagar, Puzhal, Chennai, Tamil Nadu 600066, India"
6838,10C,ICF,600049,13.103495062893588,80.21336871031478,"4637+987, S Thirumalai Nagar, South Thirumalai Nagar, Villivakkam, Chennai, Tamil Nadu 600049, India"
7099,6,Anna Nagar Tower park Metro station,600040,13.084858733158844,80.20976366868837,"16/12, 2nd Ave, Block AD, AD Block, Anna Nagar, Chennai, Tamil Nadu 600040, India"
1454,38,Cheyyar,604407,12.67252,79.5387631,"MGFQ+2GQ, Cheyyar, Tamil Nadu 604407, India"
7688,13c,poompuhar nagar police booth,600099,13.120553707066794,80.21230893379557,"Poompuhar Nagar, Thanigai Nagar, Kolathur, Chennai, Tamil Nadu 600099, India"
2235,32,Cit nagar,600017,13.0311989,80.2277232,"32/24, Kannammapet, CIT Nagar, Chennai, Tamil Nadu 600017, India"
4501,16E,saraswathi nagar,600062,13.1417175,80.1416732,"44RR+QHM, Eswaran Nagar, Saraswati Nagar, Thirumullaivoyal, Chennai, Tamil Nadu 600062, India"
1303,8C,Waves signal ,600040,13.0827783,80.19178939999999,"Pace Prana, Padikuppam Main Rd, Kamaraj Nagar, Anna Nagar West, Anna Nagar West Extension, Chennai, Tamil Nadu 600050, India"
8044,9B,DR supermarket ,600037,13.081678809055234,80.16671012202846,"35J8+MPR, Ramalingam Salai St, TNHB Phase I, 4th Block, Mogappair West, Ambattur Industrial Estate, Chennai, Tamil Nadu 600037, India"
3396,16C,pudur,600053,13.12816467388472,80.1578780935013,"72/1 & 434, CP Chirtarsu St, Bharati Nagar, Ambattur, Chennai, Tamil Nadu 600053, India"
6896,34c,Iyypathangal bus depot ,600056,13.038657685436082,80.13359493900393,"Velayuthapuram,arulachi - kudaloor Rd,vasuthevanallur, 24QM+GC8, VGN Nagar, Iyyappanthangal, Chennai, Tamil Nadu 600056, India"
462,16,Janapanchathram,600067,13.26239210837736,80.155192190452,"7564+W4J, Janappanchatram, Tamil Nadu 600067, India"
6750,19D,Urappakkam tea kadai stop,603210,12.861387631359865,80.07288062984703,"1001, Grand Southern Trunk Rd, Urapakkam, Chennai, Tamil Nadu 603211, India"
673,40C,Ramas Cafe,631502,12.837555196324027,79.70350317836593,"90, Nellukara St, Bavaji Nagar, Nellukara st, Kanchipuram, Tamil Nadu 631501, India"
6742,43,Bypass road tiruttani ,631209,13.184251976985063,79.61138123110804,"5JM6+JHV, SH 106, Senthamil Nagar, Thiruttani, Tamil Nadu 631209, India"
5177,5c,Thirunagar,600026,13.0557209,80.2111536,"79, Jawaharlal Nehru Salai, Thiru Nagar Colony, NGO Colony, Vadapalani, Chennai, Tamil Nadu 600026, India"
6124,21,Arun Ice parlour - Brindavan nagar,600088,12.986873675706738,80.20535718683729,"4/5,Mohanapuri 2nd street, 37, Brindavan Nagar Main Rd, Okkiayam, Brindavan Nagar, Adambakkam, Chennai, Tamil Nadu 600088, India"
6651,2C,Ajax,600019,13.175637,80.304791,"835 & 406, Jeevan Lal Nagar, Tiruvottiyur, Chennai, Tamil Nadu 600019, India"
3073,18E,Mittanamalli ,600055,13.152400862923422,80.06737013346854,"5328+XV4, Avadi, Tamil Nadu 600055, India"
2329,28,Valluvar kottam,600034,13.052521898714437,80.24042775392061,"Kodambakkam high road, no 154, Vaikundapuram 2nd St, Kakkan Colony, Darmapuram, Nungambakkam, Chennai, Tamil Nadu 600034, India"
4169,35A,Aravind eye hospital ,600077,13.0532824,80.12492820000001,"343F+7RG, Goparasanallur, Chennai, Tamil Nadu 600077, India"
6707,1,Ennore,600057,13.220193883110731,80.32007279092606,"442, Valluvar Garden, Kathivakkam, Ennore, Chennai, Tamil Nadu 600057, India"
4279,17A,Putlur,602025,13.107873310696055,79.9379631828355,"Putlur, Chennai Tiruvallur High Rd, Tamil Nadu 602025, India"
5230,27C,Music Academy ,600014,13.046651453102829,80.25974241324145,"22, Ganapathy St, Pudupet, Royapettah, Chennai, Tamil Nadu 600014, India"
5007,18A,JB estate,600054,13.1109113,80.110055,"7/1, Sivan Koil St, JB Estate, Chennai, Avadi, Tamil Nadu 600054, India"
2179,27,billroth,600018,13.034931061410084,80.25618920213594,"Old No :14 , New No :27, Sir, CV Raman Rd, Sriram Colony, Alwarpet, Chennai, Tamil Nadu 600018, India"
3144,36C,Madhanandapuram Petrol bunk,600116,13.028162091294668,80.1511508251723,"Vigneshwara Nagar, MS Nagar, Madhanandapuram, Chennai, Tamil Nadu 600116, India"
4009,17B,"Vasantha bhavan , Thiruvallur ",602021,13.129696584331892,79.90964608404218,"168/344, V.M Nagar, Kakkalur, Tamil Nadu 602003, India"
5488,5B,Vanagaram,600095,13.06578327801622,80.15209330920807,"Dugar Sky City, 394, Phase-2, Vanagaram, Chennai, Tamil Nadu 600095, India"
6146,19D,Vandalur zoo,600048,12.88040753853253,80.0800653494518,"V3JJ+63R, Peerakankaranai, Tamil Nadu 600048, India"
735,41A,Kaveripakkam ,632508,12.936048014025118,79.46514663850839,"WFP8+F2H, Ayyampettai, Tamil Nadu 632508, India"
5862,12,M.R nagar,600118,12.8623509,80.03637660000001,"V26P+WHR, M R Nagar, Tamil Nadu 603202, India"
4496,6,New avadi road madina mosque,600102,13.09629037665538,80.21955843194044,"64 New Avadi Road, Anna Nagar East Chennai 600102, Annai Sathya Nagar, Annanagar East, Chennai, Tamil Nadu 600038, India"
3918,35,"Metha Nagar, Kundrathur, Chennai",600069,12.995607575675605,80.10269420990322,"No.20, Vinayaga avenue, opposite HP petrol bunk, Kundrathur, Manancherry, Tamil Nadu 600069, India"
6967,37,"Near anjappar hotel, Porur",600116,13.0324123,80.1640371,"106, Mount Poonamallee Rd, Porur, Chennai, Tamil Nadu 600116, India"
4753,4c,Metha nagar,600094,13.068062101637029,80.22640411270437,"30/2, Vada Agaram Rd, Metha Nagar, Railway Colony, Aminjikarai, Chennai, Tamil Nadu 600029, India"
5255,20,Pallikaranai Jayachandran,600100,12.9227730774814,80.19730907848957,"The Riviera THE RIVIERA, 193/6B, Velachery Rd, Pallikaranai, Chennai, Tamil Nadu 600100, India"
4516,13,Thiruvallur kalyanam mandappam,600082,13.1148534,80.2231238,"3, B25/3, Karthikeyan Rd, Periyar Nagar West, Perambur, Chennai, Tamil Nadu 600082, India"
3204,16,Thatchoor,601204,13.3425842,80.2209773,"15, ANNUGRAHA NAGAR, Ponneri, Tamil Nadu 601204, India"
7989,19E,TAMBARAM OUTER RING ROAD ,600048,12.91696247775535,80.06191259745748,"Bus Stop, 2, Manimangalam Rd, near PTC Quarters, Vijaynagar, Varadharajapuram, Mudichur, Tamil Nadu 600048, India"
4325,3C,Kallarai road,600010,13.082841768294852,80.2276321970109,"205, KVN Puram, Kilpauk, Chennai, Tamil Nadu 600030, India"
879,24C,Pallavaram Bus stand,600043,12.964270417682066,80.14379024744417,"70, Essa, Periyar Nagar, Pallavaram, Chennai, Tamil Nadu 600044, India"
5313,13,"Murugan koil, 70 feet road",600082,13.110503470479866,80.22699209758744,"NO 1773A,GKM COLONY 8TH SRIDHAR STREET, 6th Main Rd, Jawahar Nagar, Perambur, Chennai, Tamil Nadu 600082, India"
7666,18,Ramarathna Theatre avadi,600071,13.117036523076628,80.09708604415631,"121, New Military Rd, Kannigapuram, TNHB Mig V Block, Avadi, Tamil Nadu 600071, India"
5643,6,Annanagar newavadi road madina mosque ,600102,13.0910292,80.22742439999999,"Gujji Naicken Street, 94, New Avadi Rd, Kumaran Nagar, Annanagar East, Chennai, Tamil Nadu 600102, India"
661,19,Chengalpattu ,603001,12.6778963,79.97988869999999,"53, Chengalpattu Main Rd, Alagesan Nagar, Varadharaja Nagar, Chengalpattu, Ammanambakkam, Tamil Nadu 603001, India"
4604,3,Motcham theatre,600007,13.085694312075042,80.25035448078248,"1, Millers Rd, near Old Motcham Theatre, Kilpauk, Chennai, Tamil Nadu 600010, India"
1541,10,Binny mills ,600012,13.1022289,80.2528038,"4723+W4X, Shanthi Nagar, Buckingham Carnatic Mills, Jamalia, Chennai, Tamil Nadu 600012, India"
6078,20C,Sada sivam nagar ,600091,12.96551259976574,80.20465864219983,"63, Bazaar Main Rd, Meenatchi Sundareswarar Koil, Sadasiva Nagar, Madipakkam, Chennai, Tamil Nadu 600091, India"
4547,19E,Padmavati mahal,600063,12.919698817567507,80.08733733928159,"W39P+WW4, Mudichur Rd, Gandhi Nagar, Old Perungalathur, Tamil Nadu 600063, India"
3828,8c,IOB,600037,13.0810959,80.1838368,"32, Pari Rd, J J Nagar, Mogappair East, Chennai, Tamil Nadu 600037, India"
3851,19A,Perungalathur,600063,12.904753986950622,80.09468414540825,"11/6, Kambar St, Balaji Nagar, New Perungalathur, Perungalathur, Tamil Nadu 600063, India"
2387,10,Otteri TB hospital ,600023,13.096769266710115,80.24595504336243,"1, Subbaraya Chetty 3rd St, Nammalwarpet, Purasaiwakkam, Chennai, Tamil Nadu 600012, India"
699,20A,Sembakkam Bus Stand,600073,12.9155116,80.1521428,"226, Indira Nagar, Selaiyur, Chennai, Tamil Nadu 600073, India"
1530,20D,Selaiyur ,600073,12.9155116,80.1521428,"226, Indira Nagar, Selaiyur, Chennai, Tamil Nadu 600073, India"
423,2c,periyar nagar Thiruvottiyur Chennai-19 ,600019,13.1637859,80.29839179999999,"724, Tiruvottiyur, Chennai, Tamil Nadu 600019, India"
7367,9b,DR SUPER MARKET,600037,13.085460815206735,80.17970126508301,"11, Thiruvalluvar Salai, Thiruvalluvar Nagar, J J Nagar, Mogappair East, Chennai, Tamil Nadu 600037, India"
7087,35D,Pammal,600075,12.974767730995383,80.13293843816083,"Pammal Sankar Nagar, Pasumpon Nagar, Pammal, Chennai, Tamil Nadu 600075, India"
5784,32c,Kasi theatre,600083,13.026567292973516,80.21048776696296,"Muruthu Rangam Block, 11/1, Pari Nagar, West Jafferkhanpet, Chennai, Tamil Nadu 600083, India"
4732,21,Adambakkam prime care nursing home,600088,12.986691648234462,80.20534858331622,"4/5,Mohanapuri 2nd street, 37, Brindavan Nagar Main Rd, Okkiayam, Brindavan Nagar, Adambakkam, Chennai, Tamil Nadu 600088, India"
1461,20D,Covent bus stop,600059,12.92265974469907,80.13065516449454,"Selaiyur, Leela Colony, East Tambaram, Tambaram, Chennai, Tamil Nadu 600059, India"
3810,35,Metha nagar,600069,12.99589561641064,80.10968364217054,"Andarkuppam, Pammal Main Rd, Seven Hills Nagar, Thandalam, Paraniputhur, Tamil Nadu 600069, India"
5789,2C,Washermanpet metro (mint),600001,13.106733194182109,80.2807421361885,"474J+M7 Chennai, Tamil Nadu, India"
4322,37C,Poonamallee Ambedkar statue,600056,13.0489683,80.08913299999999,"795C, Poonamallee - Avadi High Rd, Rukmani Nagar, Poonamallee, Chennai, Tamil Nadu 600056, India"
3807,26,Ratna cafe,600005,13.0587341,80.2740342,"1, Triplicane High Rd, Triplicane, Chennai, Tamil Nadu 600014, India"
285,42c,SR gate ,631005,13.0721356,79.6681119,"3MC9+P8P, Arakkonam - Ocheri Rd, Arakkonam, Ammanur R.F., Tamil Nadu 631002, India"
4867,15,Ambattur OT Bus stand,600053,13.120389320348098,80.15456458242858,"32, Old Post Office St, Venkatapuram, Ambattur, Chennai, Tamil Nadu 600053, India"
4949,15A,Ayapakkam,600077,13.0965075,80.1345322,"P42, D3/P42, Tiruverkadu Rd, Ayappakkam, Chennai, Tamil Nadu 600077, India"
765,21,Adambakkam police booth,600091,12.9726132,80.1995053,"33, Bajanai Koil St, Hindu Colony, Vanuvampet, Madipakkam, Chennai, Tamil Nadu 600091, India"
3149,6,Anna Nagar Tower Park Metro,600040,13.0852696,80.2098457,"Z-291, Z Block, Ranganathan Garden, Anna Nagar, Chennai, Tamil Nadu 600040, India"
1797,32C,Ekkatuthangal,600032,13.0177107,80.2058256,"25-A, Ambal Nagar, Ekkatuthangal, Chennai, Tamil Nadu 600032, India"
1172,18A,Paruthipattu checkpost,600077,13.082853250151944,80.10887029822086,"34M5+4H9, Viraraghavapuram, Avadi, Tamil Nadu 600077, India"
5994,15b,Thirumulaivoyal ,600062,13.1307405,80.1314386,"41A, Arunanagar, Pachaiamman Nagar, Thirumullaivoyal, Chennai, Tamil Nadu 600062, India"
4327,12B,Welding shop ,600082,13.123358282233232,80.22278674972766,"23/22, Red Hills Rd, Sri Ganapathi Rao Nagar, Kolathur, Chennai, Tamil Nadu 600082, India"
6096,9B,"Ambedkar Ground, Mogappair",600037,13.077987021247193,80.17851534807697,"85, Dr Ambedkar St, Nagar, Mogappair Eri Scheme, Mogappair, Chennai, Tamil Nadu 600037, India"
7844,40B,Kachapeshwarar temple,631502,12.844794186995331,79.70483921581129,"138/25, Angallamman St, Melkathirpur, Periya, Kanchipuram, Tamil Nadu 631501, India"
253,13,Thiruvalluvar Kalyanamandabam,600082,13.114330232751742,80.2245386809471,"Thirunamandapam, Periyar Nagar West, Perambur, Chennai, Tamil Nadu 600082, India"
2838,13,Agaram BPCL Bunk,600082,13.1141389,80.2243742,"29, Karthikeyan Rd, Periyar Nagar West, Perambur, Chennai, Tamil Nadu 600082, India"
7893,42,Krishna Poly Techncic,631003,13.125991211145957,79.64252682724512,"4JGV+92V, Polur, Tamil Nadu 631003, India"
6456,25C,Butt Road,600016,13.0021286,80.2004924,"21, Ramapuram, Avvai Nagar, Selaiyur, Chennai, Tamil Nadu 600016, India"
7927,37,Saravana Stores Porur,600116,13.0342004,80.16497629999999,"8-172, 7th Main Rd, Lakshmi Nagar, Porur, Chennai, Tamil Nadu 600116, India"
7455,2,singapore shopee,600021,13.116160022939322,80.28374005899965,"350, Thiruvottiyur High Rd, Mottai Garden, Washermanpet, Chennai, Tamil Nadu 600021, India"
7697,35a,Kumananchavidi Niligiris,600056,13.048017134968134,80.12027738361473,"24XC+744, Jeevan Prakash Nagar, Chennai, Tamil Nadu 600056, India"
2309,25,marutheswarar koil,600041,12.9903533,80.2604673,"Nataraja Nilayam, 1, Kalakshetra Avenue 1st Street, Kalakshetra Ave 2nd St, Radhakrishnan Nagar, Thiruvanmiyur, Chennai, Tamil Nadu 600041, India"
3682,13,Thiruvallur kalyana mandapam ,600082,13.111052562163598,80.21397801126173,"4667+CJ7, 1st St, Vasantham Nagar, Kumaran Nagar, Kolathur, Chennai, Tamil Nadu 600082, India"
5845,27c,Santhome ,600004,13.0289717,80.2761551,"2, Thandavarayan St, Pattinapakkam, Santhome, Mylapore, Chennai, Tamil Nadu 600004, India"
3072,16A,Kalikuppam arc,600053,13.13202267377606,80.17014636345499,"237, Ambattur Red Hills Rd, Kallikuppam, Ambattur, Chennai, Tamil Nadu 600053, India"
5664,13,Periyar nagar ,600082,13.1181605,80.2203268,"4/3, Periyar Nagar West, Kolathur, Chennai, Tamil Nadu 600082, India"
2227,14c,Madhavaram ringroad,600060,13.16498008352244,80.22991568832734,"4/271, Assisi Nagar, Madhavaram Milk Colony, Chennai, Tamil Nadu 600060, India"
4154,13,Lens kart Periyar nagar,600082,13.114622,80.2242876,"No.B, 125/44, Karthikeyan Rd, opp. to Lenskart, Masakkalipalayam, Periyar Nagar West, Perambur, Chennai, Tamil Nadu 600082, India"
208,25,kottivakkam,600041,12.968178198821564,80.26457831870117,"3/90, Kottivakkam Kuppam, Kottivakkam, Chennai, Tamil Nadu 600041, India"
7260,33C,"Pondicherry guesthouse ,nesapakkam",600078,13.04187813943848,80.19341674299378,"886/A, Munusamy Salai, opposite to Pondicherry Guest House, KK Nagar West, K. K. Nagar, Chennai, Tamil Nadu 600078, India"
313,36,Kovur High School,600128,13.0068145,80.1211443,"244C+PF Chennai, Tamil Nadu, India"
7245,4,Sterling road Indian bank,600034,13.06826556475337,80.24350289284867,"12-15, 1st St, Mangalapuram, Nungambakkam, Chennai, Tamil Nadu 600031, India"
7214,37b,EB OFFICE,600056,13.05247844064199,80.11274165191548,"6/100, Bharathi St, Periyar Nagar, Dasan Nagar, Poonamallee, Chennai, Tamil Nadu 600056, India"
3565,11A,DRJ ,600099,13.115983024719313,80.19850478350249,"9, Thathan Kuppam, Villivakkam, Chennai, Tamil Nadu 600049, India"
448,16C,Oragadam,600053,13.12839592338356,80.15560588911492,"82g, 116, Ambattur Red Hills Rd, Bharati Nagar, Ambattur, Chennai, Tamil Nadu 600053, India"
6548,14C,Mathur,600051,13.1643263,80.2554586,"6, Srinivasa Perumal Koil St, Periya Thoppu, Manali, Chennai, Tamil Nadu 600068, India"
4416,2C,Periyar nagar (Thiruvottiyur),600019,13.167826,80.3043618,"No:758/386, Thiruvottiyur High Rd, Periyar Nagar, Tiruvottiyur, Chennai, Tamil Nadu 600019, India"
5183,22,Kalyana jewellers velachery bus stand ,600042,12.9756547037202,80.2200322563446,"5/1, 1st Cross St, Vijaya Nagar, Velachery, Chennai, Tamil Nadu 600042, India"
6751,7,K4 Police station ,600038,13.09241457862562,80.21392697147941,"NIRUPA PALACE, GARDEN VIEW, P56, 6th Ave, P Block, Anna Nagar, Chennai, Tamil Nadu 600040, India"
6465,10,Lassi shop,600023,13.097988709752718,80.23546718411313,"2/1 Somasundaram, 5th St, Venkatesapuram Colony, Ayanavaram, Chennai, Tamil Nadu 600023, India"
7921,3C,Kellys bus stop,600023,13.08536652836453,80.24548626077268,"126, Purasaivakkam High Rd, Kellys, Purasaiwakkam, Chennai, Tamil Nadu 600010, India"
3358,40A,Muthiyal pettai,631601,12.811553666584327,79.75308845279626,"RQ63+M68, Nattapettai, Tamil Nadu 631601, India"
3504,17,New bus stand thiruvallur ,602001,13.155315345013616,79.89124054375384,"5V4R+38G, Pullarambakkam, Tamil Nadu 602001, India"
820,17B,SBI,602001,13.134455086144015,79.90884411639654,"4WM5+RH7, V.M Nagar, Kakkalur, Tamil Nadu 602001, India"
5972,21C,Jayalakshmi Theatre ,600088,12.992043015877972,80.1988599882501,"57, Vellalar St, Paramesh Nagar, Adambakkam, Chennai, Tamil Nadu 600088, India"
3812,18C,Kendriya vihar ,600071,13.092148234677628,80.10509241267967,"36, Paruthippattu, JS Nagar, Avadi, Tamil Nadu 600071, India"
6555,29C,"Saravana ideal,valasaravakkam",600087,13.040434497129985,80.17196970694094,"78, Arcot Road, Valasaravakkam, Chennai, Valasaravakkam Signal, Vani Nagar, Jai Nagar, Chennai, Tamil Nadu 600087, India"
8045,10c,Joint office ,600023,13.098754112413776,80.2326573294713,"veerasamy, 2nd St, Vasantha nagar, Chinna Chembarambakkam, Ayanavaram, Chennai, Tamil Nadu 600023, India"
7936,40B,Gujarat chatiram,631502,12.845007251858906,79.69669478535693,"54, Salai St, Periya, Kanchipuram, Tamil Nadu 631502, India"
1011,15A,Aparna nagar,600077,13.092373452285326,80.12418788654361,"46, Tiruverkadu Rd, Chennai, Tamil Nadu 600071, India"
4366,39c,Ekambaranathar temple bus stop ,631502,12.843745456166834,79.6995955673397,"60, Ekambaranathar Sannathi St, Kanchipuram, Tamil Nadu 631502, India"
4369,39c,Ekambaranathar temple bus stop,631502,12.844557200204486,79.69977397154015,"117/43, Vellaikulam St, Kanchipuram, Tamil Nadu 631501, India"
7916,18A,Jp Estate,600054,13.111331133491424,80.10877148892145,"Om Shakthi Kovil JB Estate, JB Estate, Avadi, Tamil Nadu 600071, India"
3181,5c,Nerkundram ,600107,13.069512402430782,80.18134385318567,"1/98, Nh48, Pallavan Nagar, Nerkundram, Chennai, Tamil Nadu 600107, India"
6050,34C,"Reliance Mart, Iyyapanthangal ",600077,13.0372987,80.1346324,"24PM+WV6, Iyyappanthangal, Chennai, Tamil Nadu 600056, India"
3814,40B,Ekambaranathar temple bus stop,631502,12.845180644474995,79.6964709554974,"119, Kamarajar St, Periya, Kanchipuram, Tamil Nadu 631502, India"
1345,42,"Arakonam,Krishna polytechnic college ",631003,13.09926114815454,79.65604486944697,"51/38, Jaya Nagar, Arakkonam, Tamil Nadu 631003, India"
4395,34,Katupakkam ,600056,13.0409665,80.12731629999999,"2nd floor, 2/65, Mount Poonamallee Rd, Swaminatha Nagar, Kattupakkam, Chennai, Tamil Nadu 600056, India"
5090,23,Kovilambakkam,600117,12.939051032469314,80.18177608927283,"9, Vaithiyalingam Nagar, Nanmangalam, Chennai, Tamil Nadu 600129, India"
1127,42,Arakkonam krishna polytechnic ,631003,13.09919866045477,79.6560620211761,"51/38, Jaya Nagar, Arakkonam, Tamil Nadu 631003, India"
845,39,"Keel Gate, Kanchipuram ",631501,12.8207457,79.7075451,"66/26, Bavapettai St, Ennaikaran, Kanchipuram, Tamil Nadu 631501, India"
4417,35B,Kundrathur Theradi,600069,12.998288742845624,80.09680280799599,"32, Palla St, Kundrathur, Chennai, Tamil Nadu 600069, India"
4384,35B,Kundrathur theradi,600069,12.998200048461678,80.09661289661628,"69, Palla St, Kundrathur, Chennai, Tamil Nadu 600069, India"
1282,42,Arakkonam krishna polytechnic ,631003,13.099166621565494,79.65600087161475,"51/38, Jaya Nagar, Arakkonam, Tamil Nadu 631003, India"
849,37D,Nazarethpet,600123,13.046926601021262,80.07845323613776,"19, Mumbai Hwy, Nazarathpettai, Tamil Nadu 600123, India"
7353,18A,"Vasantham nagar, avadi ",600054,13.106950645749825,80.10958702347673,"7, Kambar St, opposite Manjula Mahal, Vivekananda Nagar,, Vasantham Nagar, Avadi, Tamil Nadu 600054, India"
2064,17E,Thirumazhisai bus stand,600124,13.059121839004144,80.06419861158031,"3357+JHM, Thirumazhisai, Tamil Nadu 600124, India"
5985,9A,Velammal Hall ,600037,13.07678505546966,80.16620713501331,"270, Lig Colony, LIG, Mogappair West, Ambattur Industrial Estate, Chennai, Tamil Nadu 600095, India"
1309,25C,Butt road,600016,13.0072577083424,80.19690701977733,"Butt Road, Mount Poonamallee Rd, Ramapuram, Chakrapani Colony, St.Thomas Mount, Chennai, Tamil Nadu 600016, India"
5531,35,pammal,600075,12.970464607211802,80.13807611499269,"4, Ponni Nagar 1st St, near Signal Office Road, Ponni Nagar, Pammal, Chennai, Tamil Nadu 600075, India"
6084,15A,VGN Mahalakshmi Nagar ,600077,13.065793291963097,80.13776022042538,"VGN, Thiruverkadu, Chennai, Tamil Nadu 600077, India"
2441,30,Sai Nagar Bus Stop,600092,13.059726339520116,80.19530416915178,"56/33, Kaliamman Koil St, Chinmaya Nagar Stage 2, Natesan Nagar, Virugambakkam, Chennai, Tamil Nadu 600092, India"
592,19B,Parvathy nagar,600063,12.917984810868564,80.08100244793886,"111, Mudichur Rd, Mudichur, Old Perungalathur, Chennai, Old Perungalathur, Tamil Nadu 600048, India"
6357,37A,"Maaran Gardens , Kattupakkam ",600056,13.04246392387846,80.12405097572537,"Audco Nagar, Mount Poonamallee Rd, Saminathan Nagar, Swaminatha Nagar, Kattupakkam, Chennai, Tamil Nadu 600056, India"
6500,34c,Iyyapanthangal depot,600056,13.038555143042355,80.13382245934054,"J Center Bus Depot, Mount Poonamallee Rd, near Iyyappanthangal, VGN Nagar, Iyyappanthangal, Chennai, Tamil Nadu 600056, India"
6588,9B,7M - Amutha matric school,600037,13.0822908,80.16955209999999,"4, Mogappair West Main Rd, 4th Block, Mogappair West, Ambattur Industrial Estate, Chennai, Tamil Nadu 600037, India"
6729,43,Manavalanagar ,602002,13.106616095860163,79.90919159453276,"4W45+MM7, Manavalanagar, Tamil Nadu 602002, India"
2103,17C,GRT Tiruvallur,602001,13.12299316846556,79.93148663828589,"4WFJ+4J5, Teachers Colony, Tiruvallur, Tamil Nadu 602003, India"
6364,37,"Maaran gardens, Kattupakkam ",600056,13.042456968956143,80.12378944634438,"1b, Mount Poonamallee Rd, Saminathan Nagar, Swaminatha Nagar, Kattupakkam, Chennai, Tamil Nadu 600056, India"
1072,18A,JB.state,600054,13.111497709696684,80.10867480437736,"4465+HF9, Poonamallee - Avadi High Rd, JB Estate, Avadi, Tamil Nadu 600054, India"
1382,17C,Thiruvallur GRT,602001,13.1236581,79.91159379999999,"74, JN Rd, near Oil Mill Bus Stop, Kakkalur, Tamil Nadu 602001, India"
1073,35,"Krishna nagar,pammal",600075,12.973073055816808,80.1375107144806,"73A, Pammal Main Rd, Krishna Nagar, Sambanthanar Nagar, Pallavaram, Chennai, Tamil Nadu 600075, India"
1450,18B,Kavarapalayam ,600054,13.118727556848322,80.08590772388877,"Kavarapalayam (Avadi), Avadi, Tamil Nadu 600054, India"
6745,18E,Mittanamalli,600055,13.1534666,80.0641443,"3, Mittanemili, Raghava Nagar, Periyar Nagar, Avadi, Tamil Nadu 600055, India"
1399,18A,JB.state,600054,13.11149915915457,80.10874048287384,"4465+HF9, Poonamallee - Avadi High Rd, JB Estate, Avadi, Tamil Nadu 600071, India"
4837,17D,"Murugan temple, thiruninravur ",602024,13.1248843,80.0244385,"42FF+XQ4, Thiruninravur, Thiruvenkada Nagar, Tamil Nadu 602024, India"
5125,26c,AG DMS,600086,13.0446825,80.24803290000001,"AG - DMS, Thiru Vi Ka Kudiyiruppu, Teynampet, Chennai, Tamil Nadu 600018, India"
5952,8C,Variety centre (opp to jj nagar police station),600037,13.08400849765556,80.1862862093936,"2-335, Pugazhendhi Rd, Block 12, Dudhiya, J J Nagar, Mogappair East, Chennai, Tamil Nadu 600050, India"
6830,42,"Krishna polytechnic, Arakkonam ",631003,13.0991519,79.6558404,"51/38, Jaya Nagar, Arakkonam, Tamil Nadu 631003, India"
3841,17D,Bala murugan temple Thiruninravur,602024,13.124804365171643,80.02459079941337,"2, 3rd Main St, Lakshmi Puram, Thiruvenkada Nagar, Tamil Nadu 602024, India"
6303,5,MMDA DEPOT ,600094,13.062695987611194,80.21380188855814,"28A, Vinayagapuram Main Rd, SIDCO Industrial Estate, Vinayakapuram, Arumbakkam, Chennai, Tamil Nadu 600106, India"
2657,9C,Dr Super Market,600095,13.0814762,80.1669512,"DR Super Market, Mogappair West Main Rd, 4th Block, Mogappair West, Ambattur Industrial Estate, Chennai, Tamil Nadu 600037, India"
3628,16A,Kallikuppam Arch,600053,13.13203193450036,80.17024687244707,"4, Surapet Main Rd, Kallikuppam, Ambattur, Chennai, Tamil Nadu 600053, India"
1167,24,Jk Mahal ,600061,12.9761394,80.18305529999999,"150, Hindu Colony 23rd Cross St, Teachers Colony, Nanganallur, Chennai, Tamil Nadu 600061, India"
628,15B,Vaishnavi Nagar ,600062,13.12934188666702,80.12482451766499,"1/2, Tiruvallur Main Road, Vaishnavi Nagar, Santhipuram, Cholambedu, Chennai, Tamil Nadu 600062, India"
4122,11A,DRJ thathankuppam ,600076,13.116517695460091,80.1987265641184,"28/23, Thathan Kuppam, Villivakkam, Chennai, Tamil Nadu 600049, India"
1016,35,Krishna Nagar ,600075,12.973145206610903,80.13747553972524,"NEW, 72, Pammal Main Rd, Krishna Nagar, Aranganathan Nagar, Pammal, Chennai, Tamil Nadu 600075, India"
1721,5c,Nerkundram,600107,13.0729976,80.1857793,"1/215, Justice Rathinavel Pandian Rd, Golden George Nagar, Mogappair East, Chennai, Tamil Nadu 600037, India"
915,24,Ranga theatre ,600114,12.980328779480056,80.18280952005837,"X5JM+438, Viswanathapuram, Vishvanathapuram, Telegraph Colony, Nanganallur, Chennai, Tamil Nadu 600061, India"
1197,13,Thiruvalluvar kalyana mandapam,600082,13.1125576,80.2241985,"B105, 33/B105, 7th St, Periyar Nagar West, Perambur, Chennai, Tamil Nadu 600082, India"
1149,40A,Ekanampet,631601,12.804274555878644,79.76865525229626,"86, Ekanampettai, Tamil Nadu 631601, India"
6224,26c,Teynampet signal,600018,13.038867616840108,80.24825374027981,"4/31, Teynampet, Chennai, Tamil Nadu 600018, India"
5187,27,Billroth hospital ,600018,13.0274281,80.256635,"52, 2nd Main Rd, RA Puram, Trustpakkam, Raja Annamalai Puram, Chennai, Tamil Nadu 600028, India"
630,13A,"Don Bosco,peravellur",600082,13.1184545,80.2243012,"1-85, S R P Colony 4th St, SRP Colony, Kolathur, Chennai, Tamil Nadu 600011, India"
4947,12c,"Venus bus stop,perambur",600011,13.113549707533735,80.23558772287802,"81, Paper Mills Road, near venus bus stop, Gopal Colony, Perambur, Chennai, Tamil Nadu 600011, India"
2224,24,Ezhur Amman Kovil,600061,12.971032311116378,80.18310872076943,"MMC Colony, South Bakthavatsalam Nagar, Nanganallur, Chennai, Tamil Nadu 600061, India"
7495,10c,Railway quaters ,600023,13.0991092,80.2278939,"3, Duraiswamy St, Vadapalani, Ramanuja Nagar, United India Nagar, Virugambakkam, Chennai, Tamil Nadu 600092, India"
1495,39,"Keeramandabam, Kanchipuram ",631501,12.8242089,79.7038006,"8A, Vilakadi Koil St, opposite to pktk thirumana mandapam, Ennaikaran, Kanchipuram, Tamil Nadu 631502, India"
7292,17D,Veppampattu railway station ,602024,13.124709664676724,80.00632137412374,"Veppumpattu Puliyamaram, Veppambaattu, Tamil Nadu 602024, India"
3313,5,MMDA,600106,13.0683843,80.2144736,"33/34, MMDA Colony Main Rd, R Block, SIDCO Industrial Estate, Vinayakapuram, Arumbakkam, Chennai, Tamil Nadu 600106, India"
4328,24,Moovarasempet lake,600061,12.969231281877136,80.1896785638744,"2, Moovarasapet Main Road, Kannan Nagar, Madipakkam, Chennai, Tamil Nadu 600061, India"
6640,10C,Railway quarters ,600023,13.1000027,80.2267596,"74/75, Parasurama Eswaran Koil Main St, United India Nagar, Ayanavaram, Chennai, Tamil Nadu 600023, India"
6302,38c,SMG,631501,12.817933442165137,79.69279387684159,"22, Vinobaji St, Vedachalam Nagar Extension, Thirumana, Kanchipuram, Tamil Nadu 631501, India"
6373,24,Jk mahal,600061,12.976003096256283,80.18324750710084,"Amman Kovil, M.G.R. Rd, Hindu Colony, Nanganallur, Chennai, Tamil Nadu 600061, India"
5106,26c,Saidapet metro,600015,13.021566701725156,80.22395057775256,"109, Bazaar Rd, Saidapet, Chennai, Tamil Nadu 600015, India"
1180,38C,SMG,631501,12.8175186,79.6931881,"S.M.G Dhanalakshmi Thirumana Mandapam, Vinobaji St, Vedachalam Nagar Extension, Gem Nagar, Kanchipuram, Tamil Nadu 631502, India"
1313, 11,M1 mathavaram police station ,600110,13.1288146,80.23196109999999,"No.91/4, VPC Nagar, Madhavaram, Ponniamman Medu, Srinivasa Nagar, Ponniammanmedu, Chennai, Tamil Nadu 600110, India"
3974,23,Kovilambakkam ,600117,12.9398389,80.1863376,"8/300, Vedachalam Nagar, Kovilambakkam, Chennai, Tamil Nadu 600117, India"
6362,12B,BPCL petrol bunk,600099,13.1276793,80.2173766,"26/1, 2nd Cross St, Sri Nagar, Kolathur, Chennai, Tamil Nadu 600099, India"
426,22,Tharamani railway ,600113,12.981252617567574,80.24262451858122,"St. Antonys Charch, Perungudi, Chennai, Tamil Nadu 600113, India"
4222,42C,SR Gate,631002,13.0749497,79.6706507,"79, Gandhi Rd, near SR Gate, Griblespet, Arakkonam, Vellore, Tamil Nadu 631002, India"
2531,40B,Kachabeshwarar temple,631501,12.832150304241331,79.6937585098103,"134, Pillaiyarpalayam, Kanchipuram, Tamil Nadu 631501, India"
4400,23c,Keelkattali ,600117,12.9562098,80.1868721,"Kilkattalai, Arulmurugan Nagar Extention, Thiruvalluvar Nagar, Keelkattalai, Chennai, Tamil Nadu 600117, India"
2111,12,Mkb nagar,600039,13.1182996,80.2594762,"4795+8Q9, MKB Nagar, Nagammai Nagar, Vyasarpadi, Chennai, Tamil Nadu 600039, India"
6572,2c,New washermenpet metro,600081,13.0950257,80.2927862,"8, Rajaji Rd, Chennai Port Trust, Chennai, Tamil Nadu 600001, India"
4392,1C,Kalmandapam signal,600013,13.113642449713916,80.29249135335316,"7, MS Koil St, above Jockey Showroom, adjacent to Zum Zum Elite, Somu Nagar, Royapuram, Chennai, Tamil Nadu 600013, India"
574,1C,Kalmandapam Police Station ,600013,13.1143331,80.2926014,"62/15E, E Kal Mandapam Rd, Kalmandapam, Royapuram, Chennai, Tamil Nadu 600013, India"
4333,42,Old bus stand ,631001,13.0870681,79.6670506,"37a, Tahsildar St, Stuartpet, Arakkonam, Tamil Nadu 631001, India"
5511,12b,Lakshmi amman koil,600011,13.116334293357232,80.24261420253745,"122, Madhavaram High Rd, North, Subramania Garden, Siruvallur, Perambur, Chennai, Tamil Nadu 600011, India"
5031,13B,Senthil Nagar,600099,13.123140943805645,80.20341252028066,"46F3+788, 15th Cross St, Periyarnagar, Senthil Nagar, Kolathur, Chennai, Tamil Nadu 600099, India"
4137,15b,thirumullaivoyal,600062,13.130633210007872,80.13022249959072,"12,2nd street, Chennai - Tiruvallur High Rd, Santhipuram, Thirumullaivoyal, Chennai, Tamil Nadu 600062, India"
5829,9,Spartan School ,600037,13.0852022,80.1797022,"PN 1, BlK 5, Pari Salai, Mogappair, Perumal Nagar, Thiruvalluvar Nagar, J J Nagar, Mogappair East, Chennai, Tamil Nadu 600037, India"
2726,33,Sivan Park,600078,13.0411430828632,80.20495509877756,"Sivan Park, Kannigapuram, Sector 3, K. K. Nagar, Chennai, Tamil Nadu 600078, India"
7348,19B,Bharathamatha street,600059,12.928535410470866,80.12677099136106,"Bharatha Matha, Railway Colony, East Tambaram, Tambaram, Chennai, Tamil Nadu 600059, India"
5812,39,military road,631502,12.8034161,79.7116678,"RP36+9M7, Kumaresan Nagar, Arasu Nagar, Thandavaraya Nagar, Orikkai, Tamil Nadu 631502, India"
2241,29c,Valasaravakkam busstop,600116,13.040418013406486,80.17209991827293,"No.95, Arcot Rd, Vani Nagar, Indira Nagar, Valasaravakkam, Chennai, Tamil Nadu 600087, India"
4903,39,Kk Nagar bus stop,631501,12.81747187489775,79.70979429886916,"1151, Ettiyamal St, Phase 1, Venkateshwara Nagar, Teachers Nagar, Kanchipuram, Arappanacheri, Tamil Nadu 631501, India"
6624,20A,Vijayanagaram busstop,600100,12.918277210070045,80.17674390556893,"Vengaivasal Road Junction, Velachery - Tambaram Main Rd, Vijayanagaram, Santhosapuram, Medavakkam, Chennai, Tamil Nadu 600100, India"
7553,17D,Kottamedu Check Post,602024,13.111385,79.9835195,"12, Rail Nagar, Maruthi Nagar, Perumalpattu, Tamil Nadu 602024, India"
736,3C,"Shenoy Nagar, Thiru. Vi. Ka. Park",600030,13.077834832069296,80.22973277925037,"826, Venkatasamypuram, Shenoy Nagar, Chennai, Tamil Nadu 600030, India"
4036,33,Saravana Bhavan,600083,13.035951839212911,80.20388754642352,"Old No 107, New No 9, Ponnabalam Salai, K K Nagar West, K. K. Nagar, Chennai, Tamil Nadu 600083, India"
4008,5A,Paanchali Amman Thirukoil,600106,13.0769907,80.21068269999999,"1A, Poonamallee High Rd, Amaravathi Nagar, Arumbakkam, Chennai, Tamil Nadu 600106, India"
5333,38,"HOUSING BOARD , KANCHIPURAM",631502,12.817076117948208,79.69457816835913,"68, Vinobaji St, opposite Edutree kids, Gem Nagar, Kanchipuram, Tamil Nadu 631502, India"
5223,1c,Dasaprakash ,600008,13.0783952,80.2539484,"46/47, Aravamudhan Garden St, Egmore, Chennai, Tamil Nadu 600008, India"
3928,32C,Ekkattuthangal,600032,13.018183225799865,80.20606965431625,"53, SIDCO Industrial Estate, Guindy, Chennai, Tamil Nadu 600032, India"
5248,12B,Welding Shop ,600099,13.123367506157242,80.22281828223498,"23/22, Red Hills Rd, Sri Ganapathi Rao Nagar, Kolathur, Chennai, Tamil Nadu 600082, India"
5287,35B,"Mehta Nagar,Kundrathur",600069,12.993793802855004,80.11137056840768,"584A 4th East Street, Kovur Rd, Metro Star City, Mehta Nagar, Kundrathur, Chennai, Kolathuvancheri, Tamil Nadu 600069, India"
3574,22,Baby Nagar Chocoman Velachery,600042,12.980155515838169,80.22823345044186,"10, Taramani Link Rd, opp. Agarwals Eye Hospital, VGP Seetapathi Street, Baby Nagar, Velachery, Chennai, Tamil Nadu 600042, India"
2046,20D,Vellakal ,600129,12.93145260912921,80.18170974411882,"Vellaikal, Medavakkam Main Rd, Kulattur, Chennai, Tamil Nadu 600117, India"
7705,34c,Iyappathangal ,600056,13.038571,80.13386299999999,"J Center Bus Depot, Mount Poonamallee Rd, near Iyyappanthangal, VGN Nagar, Iyyappanthangal, Chennai, Tamil Nadu 600056, India"
5055,9,Sparten school ,600050,13.09014,80.19517379999999,"26-874, 5th Ave, D-Sector, Agatiyar Nagar, Chennai, Tamil Nadu 600049, India"
7636,9c,DR super market,600037,13.0814762,80.1669512,"DR Super Market, Mogappair West Main Rd, 4th Block, Mogappair West, Ambattur Industrial Estate, Chennai, Tamil Nadu 600037, India"
6772,8C,Variety Centre (opp. J.J.Nagar Police Station) ,600037,13.08500129103474,80.1875507614916,"Block-1, C-2, Valayapathi Salai, Block 1, J J Nagar, Mogappair East, Chennai, Tamil Nadu 600037, India"
170,17,Uthukottai busstand ,602026,13.3343209,79.8939963,"8VMV+PHX, Uthukkottai, Tamil Nadu 517588, India"
5336,24,Ezhoor Amman Kovil ,600061,12.972318,80.1834196,"13, Ayodhya St, South Bakthavatsalam Nagar, MMTC Colony, Nanganallur, Chennai, Tamil Nadu 600061, India"
3480,24,Jk mahal,600061,12.97681426594267,80.18550238941044,"8/3, Iyyappa Nagar, Duraisamy Garden, Nanganallur, Chennai, Tamil Nadu 600061, India"
132,18D,Avadi Bus Depot,600054,13.1206137,80.10198319999999,"Avadi Bus Depot, Bhaktavatsala Puram, Vasantham Nagar, Avadi, Tamil Nadu 600054, India"
7926,29C,"Saravana ideal,Valasaravakkam ",600087,13.040445852632406,80.17196305898331,"78, Arcot Road, Valasaravakkam, Chennai, Valasaravakkam Signal, Vani Nagar, Jai Nagar, Chennai, Tamil Nadu 600087, India"
3206,21,Prime care hospital ,600088,12.9798895,80.2044523,"44, Balaji Nagar Main Rd, near D A V SCHOOL, Saraswathi Nagar, Balaji Nagar, Adambakkam, Chennai, Tamil Nadu 600088, India"
920,10C,Binny Mills Church,600011,13.103440780555204,80.25304383792043,"99, Cooks Rd, Shanthi Nagar, Wadia Nagar, Jamalia, Chennai, Tamil Nadu 600012, India"
6568,26,Icehouse,600014,13.05263,80.27392619999999,"1, Dr Natesan Rd, Salegramam, Mirsahibpet, Triplicane, Chennai, Tamil Nadu 600005, India"
3669,15E,Vinayakapuram ,600099,13.140159554851722,80.20829445863396,"5, Ganesh Nagar, Parimalam Nagar, Vinayakapuram, Kolathur, Chennai, Tamil Nadu 600099, India"
4595,10c,Kalpana hotel ,600049,13.1064044,80.2074017,"16/3, N Red Hills Rd, Villivakkam, Chennai, Tamil Nadu 600049, India"
717,13C,Poombukar Nagar Chiken Shop,600099,13.1170304,80.2127872,"12/7, Poompuhar Nagar South, Murugan Nagar, Kolathur, Chennai, Tamil Nadu 600099, India"
5210,16,Padiyanallur bus stop,600052,13.202712153583622,80.17798598159219,"Kamachi interior design 1/1894, 40road Peradhana Salli Padinallur, Chennai 52, Balaji Nagar, Padianallur, Chennai, Tamil Nadu 600052, India"
4831,43,Manavalan Nagar caterpillar ,602002,13.1059537,79.9107916,"4B, Manavalanagar, Tamil Nadu 602002, India"
1492,5B,Maduravoyal erikarai ,600095,13.0611433,80.1629186,"193, Poonamallee High Rd, Opp Ravina Hospital, Kamaraj Nagar, Maduravoyal, Chennai, Tamil Nadu 600095, India"
5364,31,SRM Hospital ,600033,13.0418126,80.2247068,"Thambiah Road, 68, Duraiswamy Subway, Gokulam Colony, Ramakrishnapuram, West Mambalam, Chennai, Tamil Nadu 600033, India"
2011,27c,Pattinampakkam signal,600028,13.029440499165084,80.26668184857418,"18, Ramakrishna Mutt Rd, Mylapore, Chennai, Tamil Nadu 600004, India"
2390,15E,Manikandapuram ,600062,13.1303414,80.1361027,"No-1, Chennai - Tiruvallur High Rd, Sidco Industrial Estate, Manikanda Puram, Thirumullaivoyal, Chennai, Tamil Nadu 600062, India"
3229,20E,Chromepet railway station ,600044,12.952289583623184,80.14127436732853,"Chrompet, Radha Nagar, Chromepet, Chennai, Tamil Nadu 600044, India"
7982,40,B2 Vishnu Kanchi Police Station,631501,12.8207055,79.7175736,"12a, MTM St, near B2 Vishnu Kanchi Police Station, next to KMV Nagar Ration Shop, Little Kanchipuram, Nethaji Nagar, Kanchipuram, Arappanacheri, Tamil Nadu 631501, India"
3721,37,Porur saravana stores,600116,13.0305664,80.1648974,"98/130, Mount Poonamallee Rd, Sakthi Nagar, Porur, Chennai, Tamil Nadu 600116, India"
233,13A,Don Bosco school ,600082,13.119445137556715,80.22516212761477,"24, S R P Colony 8th St, Laxmanan Nagar, Bhuvaneshwary Nagar, SRP Colony, Kolathur, Chennai, Tamil Nadu 600011, India"
4306,16,M.A. Nagar,600052,13.201243529689537,80.1775575539821,"652H+F3C, NH16, Naravarikuppam, Padianallur, Tamil Nadu 600052, India"
1264,36c,Bhai kadai,600128,13.0101843,80.1189182,"60, Kovur, Chennai, Thandalam, Tamil Nadu 600128, India"
4431,41C,Vellore-Puttuthakku,632517,12.9318021,79.2260029,"W6JG+JCR, Narayanapuram, Tamil Nadu 632517, India"
618,9,Mogappair east bus stop,600037,13.0835569,80.1730553,"Pukazhenthi Salai, No 2/335, Mogappair West, Mohanram Nagar, Mogappair, Chennai, Tamil Nadu 600037, India"
4931,12,MKB Nagar,600039,13.12396344727121,80.25927574293597,"909, MKB Nagar, Mahakavi Bharathiyar Nagar Central, Mahakavi Bharathi Nagar, Vyasarpadi, Chennai, Tamil Nadu 600039, India"
3656,14c,Arul nagar,600051,13.14729879893059,80.24076101255918,"46WR+XJ2, Arul Nagar, Venkateswara Colony, Madhavaram Milk Colony, Chennai, Tamil Nadu 600051, India"
651,4c,Arumbakkam bus stop,600106,13.0764366,80.2038354,"Arumbakkam Thiruveethi Amman Koil, SVP Nagar, Amaravathi Nagar, Arumbakkam, Chennai, Tamil Nadu 600106, India"
6823,7C,Collector Nagar,600050,13.0865328,80.1892501,"24-29, 1st St, Collector Nagar, J J Nagar, Mogappair East, Chennai, Tamil Nadu 600050, India"
4727,9A,"SBI Bank, Nolambur",600095,13.080725445155336,80.16420431542169,"No. 63, HIG1, Ground Floor, Mogappair West Main Road, Nolambur, Ambattur Industrial Estate, Chennai, Tamil Nadu 600037, India"
4597,5,Chintamani ,600102,13.0872172862243,80.22899729976393,"14A, 4th Cross St, R.V. Nagar, Thiruvalluvar Nagar, Kilpauk Garden Colony, Annanagar East, Chennai, Tamil Nadu 600102, India"
351,9b,7M bus stand (amutha school),600037,13.078237433704723,80.17121710468642,"4, TNHB, Nolambur Phase II, Mogappair West, Ambattur Industrial Estate, Chennai, Tamil Nadu 600037, India"
3796,5C,Nerkundram ,600107,13.071371271342192,80.18632497761578,"Nerkundram, Nerkundram, Chennai, Tamil Nadu 600107, India"
396,11C,Bakthavatchlam School Signal,600080,13.10803519985924,80.18337290052433,"H 31, Central Ave, behind Korattur, TNHB Colony, Korattur, Chennai, Tamil Nadu 600080, India"
4998,18c,Govardhanagiri,600071,13.1014198,80.1065718,"4424+HJ3, Kamaraj Nagar 4th Main Rd, Govardanagiri, Selva Nagar, Avadi, Tamil Nadu 600071, India"
6461,15,Dunlop,600053,13.1020889,80.1551432,"4524+R3J, Jeevarathinam St, Ksr Nagar, Ambattur, Chennai, Tamil Nadu 600053, India"
2042,2,Mani cycle shop,600081,13.1354163,80.2933872,"15, Sivagami Nagar, Tondiarpet, Chennai, Tamil Nadu 600081, India"
3819,8C,V3 JJ NAGAR POLICE BOOTH,600037,13.0850457,80.1875866,"Madras Medical Mission(Institute of Cardio Vascular Diseses, Block 1, J J Nagar, Anna Nagar West Extension, Chennai, Tamil Nadu 600050, India"
3666,29C,Alwarthirunagar,600087,13.0533729,80.1831473,"353M+86X, Saraswathi Nagar, Alwartirunagar, Valasaravakkam, Chennai, Tamil Nadu 600087, India"
3861,21,Prime care Hospital Adambakkam ,600042,12.9826625,80.21085939999999,"Shop No-13, 1st Main Road, Nethaji Colony Church Rd, near by Cs, Nethaji Colony, Mohanpuri, Velachery, Chennai, Tamil Nadu 600042, India"
7446,19c,"Kumaran kundram, hastinapuram ",600044,12.9428614,80.1425876,"2/39, V.N.Samy St, Nehru Nagar, Chromepet, Chennai, Tamil Nadu 600044, India"
7235,16,Ponneri (krishnapuram),601204,13.3425842,80.2209773,"15, ANNUGRAHA NAGAR, Ponneri, Tamil Nadu 601204, India"
5476,42,New bus stand,631001,13.0889921,79.6564634,"21, Thiyagi Chinnaswamy St, Ratanchand Nagar, Arakkonam, Tamil Nadu 631001, India"
6339,26,Ice house bus stop,600005,13.053985389175454,80.27382143521923,"35, Triplicane High Rd, Triplicane, Chennai, Tamil Nadu 600005, India"
5256,19B,Tambaram Santorium railway station,600059,12.93639718132313,80.13177401285319,"82/53, Banu Ave, Sanatorium, Sri Ram Colony, Tambaram, Chennai, Tamil Nadu 600064, India"
4474,43,Manavalanagar signal,602002,13.110877061361304,79.91064938123323,"2, Poonamallee High Rd, Manavalanagar, Tamil Nadu 602002, India"
5300,5,MMDA Bus Stop,600106,13.066156929126985,80.21446194373793,"249/2, MMDA Colony Main Rd, Q Block, MMDA Colony, Arumbakkam, Chennai, Tamil Nadu 600106, India"
1616,40C,Pookadai Chathiram ,631502,12.841356,79.7187787,"RPR9+MJQ, Kanchipuram, Tamil Nadu 631501, India"
1650,15E,Vinayagapuram ,600099,13.1399016,80.2063715,"34/25, Ganesh Nagar, Vinayakapuram, Madhavaram, Chennai, Tamil Nadu 600099, India"
6350,16a,Oragadam,600053,13.122453,80.156193,"9/7, Venkatapuram, Vijayalakshmi Puram, Ambattur, Chennai, Tamil Nadu 600053, India"
6396,22,Bloom Hospital ,600042,12.9798144,80.2279238,"BloomLife Hospital 32, Taramani Link Rd, VGP Seetapathi Street, Baby Nagar, Velachery, Chennai, Tamil Nadu 600042, India"
3172,6,Gangaiamman koil,600010,13.0891682,80.229844,"203, Gujji Main Rd, Kumaran Nagar, Kilpauk, Chennai, Tamil Nadu 600010, India"
1208,9B,Mogappair Water Tank Road	,600037,13.083198346420954,80.17259852025956,"35MF+73V, Kavimani St, Brindawan Colony, Mogappair, Chennai, Tamil Nadu 600037, India"
1429,9C,DR super market,600037,13.0814762,80.1669512,"DR Super Market, Mogappair West Main Rd, 4th Block, Mogappair West, Ambattur Industrial Estate, Chennai, Tamil Nadu 600037, India"
2182,15c,near Singapore shopping,600053,13.1226034,80.14741479999999,"1, Ambattur Red Hills Rd, Ram Nagar, Ambattur, Chennai, Tamil Nadu 600053, India"
7534,13C,"Temple School, Grace Super Market",600099,13.125019779631655,80.20529343031211,"Dhana raja parameters, villivakkam, 46F4+X4H, Thillai Nagar, Mahavir Nagar, Kolathur, Chennai, Tamil Nadu 600099, India"
3509,16,Ponneri(krishnapuram),601204,13.342584199999994,80.22475385029297,"86VF+2W Poonthotta Colony, Ponneri, Tamil Nadu, India"
4287,14C,Arul nagar madhavaram ,600059,13.14552155852247,80.23993078007709,"1/A, Palaniappa Nagar Main Rd, Annai Velankanni Nagar, Kodungaiyur, Chennai, Tamil Nadu 600118, India"
1067,36C,Vigneshwara Nagar,600116,13.02833067071283,80.15123980574124,"Vigneshwara Nagar, MS Nagar, Madhanandapuram, Chennai, Tamil Nadu 600116, India"
6439,19E,Mudichur outer ring road,600048,12.915618539111358,80.07477055814381,"W38F+6W Mudichur, Tamil Nadu, India"
7363,5B,"Madhuravoyal,earikarai ",600095,13.061211489505109,80.16361864686664,"8, Poonamallee High Rd, Kamaraj Nagar, Maduravoyal, Erigarai, Chennai, Tamil Nadu 600095, India"
3507,23,Uti bank madipakkam ,600091,12.966011,80.188698,"U.T.I. Bank, Medavakkam Main Road, Senthuran Colony, Defence Colony, Kilkattalai, Senthuran Colony, Madipakkam, Chennai, Tamil Nadu 600091, India"
5777,29c,Valasaravakkam,600087,13.0404578,80.1721651,"77, Arcot Rd, New Colony, Jai Nagar, Valasaravakkam, Chennai, Tamil Nadu 600087, India"
4487,25C,Butt road,600016,13.0036762,80.1950574,"253W+F2F, Ramapuram, Parangi Malai, St.Thomas Mount, Chennai, Tamil Nadu 600089, India"
1434,41,Walajapet TNHB ,632513,12.924050481433662,79.37196452566432,"1, Madras Bombay Trunk Rd, TNHB Colony, Walajapet, Tamil Nadu 632513, India"
3327,18A,JB Estate,600054,13.1115973,80.1086072,"106, Poonamallee - Avadi High Rd, JB Estate, Vivekananda Nagar, TNHB Mig V Block, Avadi, Tamil Nadu 600071, India"
1691,32,Vasanth & Co,600015,13.0263621,80.2256691,"26GG+G6F, Kaveri Nager, Saidapet, Chennai, Tamil Nadu 600015, India"
5097,21,"Sakthi cars, Adamabakkam ",600091,12.9795446878603,80.20089780372902,"100ft, Jawaharlal Nehru Salai, near Sakthi Cars, Muthial Reddy Nagar, Usha Nagar, Vanuvampet, Adambakkam, Chennai, Tamil Nadu 600088, India"
1507,9A,SBI,600037,13.0800045,80.1640588,"MIG-99, Mig Colony 2, Mogappair West, Ambattur Industrial Estate, Chennai, Tamil Nadu 600037, இந்தியா"
2824,42a,Mappedu ,631402,13.0334476,79.85356929999999,"2VM3+9CG, SH 120, Mappedu, Kilacheri, Tamil Nadu 631402, India"
6407,13A, Padi,600050,13.100796614764048,80.18732107304689,"M/3, TVS Industries, Korattur, Chennai, Tamil Nadu 600080, India"
5982,20E,Near Vels University signal,600117,12.9544091,80.1586459,"9-8, SH 109, Ganapathipuram, Chromepet, Chennai, Tamil Nadu 600044, India"
1936,21C,"Adambakkam, Medavakkam Main Road,Jayalakshmi Theatre",600088,12.9875186,80.2002344,"4, 4th St, Shanthi Nagar, Adambakkam, Chennai, Tamil Nadu 600088, India"
724,13C,SBI BANK POOMPUHAR NAGAR,600099,13.1238068355804,80.2121000341218,"Mariamman Kovil, Vivekananda Nagar Extension, Durga Colony, Kolathur, Chennai, Tamil Nadu 600082, India"
1956,11A,Thathankuppam (DRJ),600076,13.1144641,80.1936046,"457V+QCQ, Nammazhvar St, Rajiv Nagar, Korattur, Chennai, Tamil Nadu 600076, India"
7703,33C,Pondicherry Guest House,600078,13.041801432741844,80.19332970134428,"886/A, Munusamy Salai, opposite to Pondicherry Guest House, KK Nagar West, K. K. Nagar, Chennai, Tamil Nadu 600078, India"
7483,37D,Chembarambakkkam ,600124,13.04034084293088,80.05598299354244,"23R4+49 Thirumazhisai, Tamil Nadu, India"
2494,5c,nerkundram,600107,13.071384898054196,80.18625111322575,"Nerkundram, Nerkundram, Chennai, Tamil Nadu 600107, India"
4702,4C,Loyola College ,600034,13.063845590121009,80.24230458626099,"33-10, Mayor Shiva Shanmugam Rd, Seetha Nagar, Nungambakkam, Chennai, Tamil Nadu 600034, India"
3640,4C,Loyola College,600034,13.063909603472837,80.24197333344765,"45/15A, Seetha Nagar, Nungambakkam, Chennai, Tamil Nadu 600034, India"
6944,15B,Thirumullaivoyal ,600062,13.130613,80.131721,"69, Chennai - Tiruvallur High Rd, Venugopal Nagar, Cholambedu, Chennai, Tamil Nadu 600062, India"
7912,2,Tondiarpet Metro,600081,13.1351676,80.2882277,"PRINCE VILLAGE PHASE-1, Sai Nagar, New Washermenpet, Tondiarpet, Chennai, Tamil Nadu 600081, India"
7325,20,Nilgiris Super Market Medavakkam,600100,12.895169773725682,80.1689031756657,"43B, Manickam Nagar, Noothencheri, Medavakkam, Chennai, Tamil Nadu 600126, India"
7917,18A,J. B. Estate,600054,13.11348700701088,80.10983812501334,"2/13, Township Area, Chennai, Avadi, Tamil Nadu 600054, India"
4554,15D,Icmr,600077,13.073323,80.123188,"9620, Ramadass Nagar, Ayapakkam, Ambattur, Chennai, Tamil Nadu 600077, India"
4165,22,Vijaya Nagar Kajana Jewlers,600042,12.9802901401132,80.218105194669,"93, 3rd Main Rd, opp. metro water, Venkateswara Nagar, Velachery, Chennai, Tamil Nadu 600042, India"
7532,20,Medavakkam koot road,600100,12.919980983584304,80.18355155716957,"536-123, Velachery Rd, United Colony, Ranganathapuram, Medavakkam, Chennai, Tamil Nadu 600100, India"
4090,13A,saravana stores,600050,13.0997787883518,80.18906502658606,"ANKUR PALM SPRINGS, 4, Chennai Tiruvallur High Rd, Padi, Chennai, Tamil Nadu 600050, India"
2301,11a,Thathan Kuppam,600076,13.1181863,80.1962376,"61, Annai Nagar Rd, Annai Nagar, Agraharam, Korattur, Chennai, Tamil Nadu 600076, India"
1347,15A,"Bharath petrol bunk,thiruverkadu",600077,13.073323,80.123188,"9620, Ramadass Nagar, Ayapakkam, Ambattur, Chennai, Tamil Nadu 600077, India"
4786,13C,SBI-Bank,600082,13.114968,80.2150621,"56/45, 35th Azad St, GKM Colony, Kolathur, Chennai, Tamil Nadu 600082, India"
4523,16E,Avadi Checkpost,600054,13.1120576,80.10015469999999,"2850, 5th Block Rd, Nehru Nagar, TNHB Mig V Block, Avadi, Tamil Nadu 600071, India"
2855,17,Uthukottai - Junction ,602026,13.333634195606418,79.88912956405983,"55, Tirupati Rd, Uthukkottai, Tamil Nadu 602026, India"
2807,28,Periyar Salai,600017,13.0525710991147,80.23667482347471,"31, Darmapuram, T. Nagar, Chennai, Tamil Nadu 600017, India"
1166,18e,Mittanamalli ,600055,13.152288727894796,80.06721483913415,"13, Palavedu Rd, Avadi, Tamil Nadu 600055, India"
2115,43,"kanakammachatram, tiruttani - thiruvallur highway",631204,13.205530114128532,79.75647034807956,"6Q44+8C5, Kanakammachathram, Tamil Nadu 631204, India"
6518,19D,Guduvancheri bus stop,603202,12.8447677,80.0616833,"Guduvancheri, Nandivaram, Kamarajapuram, Guduvancheri, Tamil Nadu 603202, India"
6113,32,Blue tank,600083,13.037999140952923,80.21249833064266,"55/12A, Sarvamangala Colony, Krupa Colony, Ashok Nagar, Chennai, Tamil Nadu 600083, India"
1536,42C,S R Gate,631002,13.074903169182342,79.67056834296213,"3MFC+W7R, Ammanur R.F., Arakkonam, Tamil Nadu 631002, India"
7450,15C,Singapore shopping ,600053,13.121837391987548,80.14784255285804,"125, NH 716, Vivek Nagar, Ram Nagar, Ambattur, Chennai, Tamil Nadu 600053, India"
6233,34,Mugalivakkam ,600125,13.029216942786183,80.16866250256446,"25H9+JH2, Adithi Colony, Sriram Nagar, Mugalivakkam, Chennai, Tamil Nadu 600116, India"
353,18E,Shastri Nagar ,600055,13.145793702304438,80.05826311392154,"43W5+667, Rajiv Nagar, Muthapudupet, Chennai, Tamil Nadu 600055, India"
354,18e,shastri nagar,600054,13.145794787801952,80.0582597051795,"43W5+667, Rajiv Nagar, Muthapudupet, Chennai, Tamil Nadu 600055, India"
7055,1,Wimco Nagar,600019,13.1747425,80.2979628,"1/7, Ponniamman Nagar, Kalaignar Nagar, Tiruvottiyur, Chennai, Tamil Nadu 600019, India"
7276,21C,Velachery checkpost ,600042,12.996245722258667,80.21653290025844,"X6W8+JJQ, Velachery Rd, Raj Bhavan Colony, Maduvinkarai, Guindy, Chennai, Tamil Nadu 600042, India"
6268,15B,Thirumullaivoyal,600062,13.141426986045472,80.13539587293623,"MEADOWS, RC WOODSIDE, Tirumallaivayal Colony, Chennai, Tamil Nadu 600062, India"
3689,23C,Nanganallur Independence Park,600091,12.9777405,80.19953389999999,"21/18, Krishna Nagar, Vanuvampet, Madipakkam, Chennai, Tamil Nadu 600091, India"
1919,31,Anjuham higher secondary school,600033,13.0445377,80.22125810000001,"12, Umapathy St, Iyappa Nagar Extension, Extension, West Mambalam, Chennai, Tamil Nadu 600033, India"
6080,33c,virugambakkam,600092,13.046471377282923,80.19068097724612,"201, Arcot Rd, opposite Chandra Metro Mall, Sankareswarar Nagar, Virugambakkam, Chennai, Tamil Nadu 600092, India"
1207,9,Spartan school mogappair,600037,13.0851575,80.1801517,"4-11A, Perumal Nagar, J J Nagar, Mogappair East, Chennai, Tamil Nadu 600037, India"
7050,12C,Ajantha Bakers,600011,13.1197169,80.2386166,"21/2, Madurai Samy Madam St, Kannivakkam, Jamaliya Nagar, Perambur, Chennai, Tamil Nadu 600011, India"
6790,38c,Collectorate,631502,12.8255532,79.6890112,"73A, Pillaiyarpalayam, Kanchipuram, Tamil Nadu 631501, India"
2107,21,Kakkan bridge,600088,12.9877029,80.2059639,"37, Lakeview Rd, Mohanapuri, Brindavan Nagar, Adambakkam, Chennai, Tamil Nadu 600088, India"
1280,21,Amul ice cream ,600088,12.9883291,80.20352799999999,"Jains Info Park, 10, Palandi Amman Kovli street, Adambakkam, V V Colony, Adambakkam, Chennai, Tamil Nadu 600088, India"
4028,11,Erukkancherry,600118,13.1362021,80.2585897,"257/8, Kodungaiyur (East), muthamil Nagar, Kodungaiyur, Chennai, Tamil Nadu 600118, India"
2168,32c,Kasi theatre ,600078,13.032419822941744,80.20536687670815,"4V, Road, Bharathidasan Colony, K. K. Nagar, Chennai, Tamil Nadu 600078, India"
1188,5b,Maduravoyal erikarai,600095,13.061178406586262,80.16362541719465,"8, Poonamallee High Rd, Kamaraj Nagar, Maduravoyal, Erigarai, Chennai, Tamil Nadu 600095, India"
4826,18c,"Goverthanagiri bus stand,Avadi ",600071,13.098619946170295,80.10842868956338,"34X5+C9G, Koliyar St, Govardanagiri, Avadi, Tamil Nadu 600071, India"
2249,8C,Waves,600101,13.0895763,80.1930675,"Chennai Metro water, Area, 7, Syndicate Bank Colony, Chennai, Tamil Nadu 600101, India"
3692,34c,Smart bazaar near iyyappanthangal bus stand,600077,13.039246240754338,80.1326296453253,"1/170, Mount Poonamallee Rd, Pushpa Nagar, Iyyappanthangal, Chennai, Tamil Nadu 600056, India"
7937,21C,Alandur Court,600016,12.995431,80.1925425,"B1, Hudco Colony Layout, Alandur, Chennai, Tamil Nadu 600016, India"
6435,21C,Jeyalakshmi Theatre,600088,12.98351919366882,80.19811767270335,"39/62A, Surendra Nagar 6th St, Surendra Nagar, Adambakkam, Chennai, Tamil Nadu 600088, India"
362,26,Triplicane Ratna cafe,600005,13.0587341,80.2740342,"1, Triplicane High Rd, Triplicane, Chennai, Tamil Nadu 600014, India"
7334,42,Poonamalle bypass,600123,13.0388498,80.091741,"23QR+GMX, Pari Garden Main Rd, 1st Street, Bakthavathsalam Nagar, Poonamallee, Chennai, Tamil Nadu 600123, India"
2353,8C,IOB,600037,13.081122,80.18391199999999,"32, Pari Rd, J J Nagar, Mogappair East, Chennai, Tamil Nadu 600037, India"
1030,21C,Jayalakshmi theatre ,600088,12.9837866,80.1973929,"1, Surendra Nagar 6th St Extn, 1st St, Surendra Nagar, Adambakkam, Chennai, Tamil Nadu 600088, India"
4654,29C,Valasaravakkam,600087,13.042570270717658,80.1697508960869,"215, Ekambaram Industrial Estate Rd, Alapakkam, Krishnamachari Nagar, Chennai, Tamil Nadu 600087, India"
5085,12c,Ajantha bakers,600011,13.1139064,80.2413492,"63/21, Siruvallur, Perambur, Chennai, Tamil Nadu 600011, India"
1070,13B,Sentil nagar(DRJ),600099,13.1229769,80.2014129,"NO:-1A, Rajan Nagar Main Rd, near For Ortho Hospital, Vivekananda Nagar, Kolathur, Chennai, Tamil Nadu 600099, India"
2177,1,Lift gate ,600057,13.1851165,80.31286,"58P7+24X, Manali High Rd, Kasi Visalakshi Kuppam, Ennore, Chennai, Tamil Nadu 600057, India"
5599,16A,oragadam,600053,13.127043684609111,80.15384107119002,"31/46, Surapet Main Rd, Bharati Nagar, Vijayalakshmi Puram, Ambattur, Chennai, Tamil Nadu 600053, India"
4374,38C,KANCHIPURAM COLLECTORATE,631501,12.820249714120742,79.70179229156534,"RPC2+3QP, Gandhi Nagar, Thaiyar Kullam, Kanchipuram, Tamil Nadu 631501, India"
6679,24,Jk mahal,600061,12.976098887410872,80.18325512457159,"Amman Kovil, M.G.R. Rd, Hindu Colony, Nanganallur, Chennai, Tamil Nadu 600061, India"
7414,17D,Vellavedu,600124,13.0675051,80.03560279999999,"16/334 A, Balwadi Street, Vellavedu, Tamil Nadu 600124, India"
6711,28C,Lakshman Shruthi,600078,13.04529383713366,80.2102359563127,"4/88, 100th St, Ottagapalayam, Sector 15, Vadapalani, Chennai, Tamil Nadu 600026, India"
57,34,Ambedkar Statue,600056,13.03750756917444,80.1388182275307,"Iyyapanthangal, Mount Poonamallee Rd, Kamatchi Nagar, Sri Ramachandra Nagar, Porur, Chennai, Tamil Nadu 600056, India"
8041,17B,Vasantha Bhavan Hotel,602001,13.139867308153631,79.90725734188719,"Tiruvallur Municipality, Tamil Nadu 602001, India"
1917,37,dlf,600089,13.0243823,80.1772356,"DLF IT SEZ Park Main Entrance, Ramapuram, Chennai, Tamil Nadu 600125, India"
5151,20a,Sembakkam,600073,12.923004692129886,80.16074190184888,"288, Velachery Rd, Gowriwakkam, Sembakkam, Chennai, Tamil Nadu 600073, India"
7706,7C,Collector Nagar,600101,13.0895100279086,80.18679786545636,"14-1062, TVS Colony, Padi, Chennai, Tamil Nadu 600050, India"
1820,40C,Ramas Cafe,631502,12.837437593225642,79.703771364845,"106a, Kamarajar St, Bavaji Nagar, Nellukara st, Kanchipuram, Tamil Nadu 631501, India"
7217,42C,"Venkatesapuram, Arakkonam ",631002,13.066017702431992,79.67364739271716,"3M8F+79H, Arakkonam, Ammanur R.F., Tamil Nadu 631006, India"
5427,25,Injambakkam bus stand ,600115,12.91907445377555,80.24999707313783,"1/179, Anna Enclave, Injambakkam, Chennai, Tamil Nadu 600115, India"
4170,40,"Pachaiyappas mens college, Kanchipuram ",631501,12.817035754159816,79.73746425031678,"3, Thrivulluvar Nagar, Kanchipuram, Nattapettai, Tamil Nadu 631601, India"
4806,43,Tiruttani By-pass,631209,13.1770499,79.6134019,"301, MPS Salai Rd, Steward Pet, Thiruttani, Tamil Nadu 631209, India"
867,1C,ROYAPURAM,600013,13.113842400000005,80.29320485077545,"10/157/2, Pudumanaikuppam, Royapuram, Chennai, Tamil Nadu 600013, India"
870,28,Valluvar kottam ,600034,13.053412,80.2461797,"no 2a, 1, Grama St, Tirumurthy Nagar, Nungambakkam, Chennai, Tamil Nadu 600034, India"
6921,38,Mamandur ,631702,12.7467139,79.675294,"PMWG+P3V, SH 116, Mamandur, Tamil Nadu 604410, India"
5172,5a,Panchali amman koil ,600106,13.0709284,80.2101763,"No. 1, Panchali Amman Koil Street, Kannappa Nagar, Arumbakkam, Chennai, Tamil Nadu 600106, India"
2792,19E,Outer ring road - mudichur ,600048,12.9201503,80.076847,"10, Madanapuram, Shanthi Nagar, Saravana Bawa Nagar, Mudichur, Tamil Nadu 600048, India"
5257,13A,Kolathur Don Bosco school,600099,13.123617,80.217891,"16/14, Sarojini Nagar, Kolathur, Chennai, Tamil Nadu 600082, India"
1585,20A,Sembakkam bus stand ,600073,12.923341616879066,80.16042815161448,"PALANIVEL/Raghu MAV Swimming pool, Kamarajapuram, Sembakkam, Chennai, Tamil Nadu 600073, India"
2104,19C,Hastinapuram ,600044,12.940234408899114,80.15036900782891,"11, Dr Rajendra Prasad Rd, Velmurugan Nagar, Vinobaji Nagar, Hasthinapuram, Chromepet, Chennai, Tamil Nadu 600064, India"
4759,33,MGR Nagar Market,600078,13.0315891,80.200667,"80, Kalaignar Karunanidhi Rd, R.V. Nagar, MGR Nagar, K. K. Nagar, Chennai, Tamil Nadu 600078, India"
1531,8C,Church stop,600101,13.09730526869072,80.19341837858747,"Plot 3, N Main Rd, AP Block, Sector A, Anna Nagar West Extension, Chennai, Tamil Nadu 600101, India"
4429,30c,porur bridge down,600116,13.0187187,80.14988679999999,"LCCC 2/377 MUGUVAKKAM MAIN ROAD MANNAPAKKAM, Madha Nagar, Madhanandapuram, Chennai, Tamil Nadu 600116, India"
4110,8C,IOB,600037,13.0810959,80.1838368,"32, Pari Rd, J J Nagar, Mogappair East, Chennai, Tamil Nadu 600037, India"
501,38c,SMG mahal kanchipuram ,631501,12.817905945858673,79.69281560205802,"22, Vinobaji St, Vedachalam Nagar Extension, Thirumana, Kanchipuram, Tamil Nadu 631501, India"
1038,12b,Lakshmi Amman Koil (kolathur),600082,13.126009446815267,80.21935504667668,"Moogambigai Bus Stop, Sundaram Nagar, Kolathur, Chennai, Tamil Nadu, India"
112,18D,Kovilpathagai ,600062,13.142777470394924,80.1047324812417,"81, Tirumullaivayal St, Kovil Pathagai, Poompozhil Nagar, Kalaingarnagar, Avadi, Tamil Nadu 600062, India"
6873,24c,Pallavaram Ponds Singal,600044,12.956813638021014,80.13861390769065,"22/40, Nedunchezhiyan St, Cholavaram Nagar, नेहरु नगर, वेलाचेरी, Chennai, Tamil Nadu 600042, India"
2514,18D,Nazarath school stop,600062,13.150089027952792,80.10376722642894,"5423+873, Kovilpadagai Main Rd, Poompozhil Nagar, Avadi, Kannadapalayam, Tamil Nadu 600062, India"
6523,13,Tiruvallur Mandapam,600082,13.114338353905564,80.22470935777977,"Thirunamandapam, Periyar Nagar West, Perambur, Chennai, Tamil Nadu 600082, India"
5963,7,Bata Show Room ,600040,13.094616952496825,80.20588207168883,"1945/4, 18th Main Rd, Aishwarya Colony, Thiruvalluvar Colony, Anna Nagar, Chennai, Tamil Nadu 600040, India"
3809,15B,Thirumullaivoyal ,600062,13.130613,80.131721,"69, Chennai - Tiruvallur High Rd, Venugopal Nagar, Cholambedu, Chennai, Tamil Nadu 600062, India"
30,30c,Virugambakkam market,600092,13.0499125,80.1936168,"11, Abirami Nagar 2nd St, Phase 1, Abirami Nagar, Virugambakkam, Chennai, Tamil Nadu 600092, India"
3947,20,Medavakkam,600126,12.9087666,80.1842016,"Mambakkam Main Rd, Sithalapakkam, Krishnaveni Nagar, Vengavasal, Chennai, Tamil Nadu 600126 Mambakkam Main Rd, Sithalapakkam, Krishnaveni Nagar, Vengavasal, Chennai, Tamil Nadu 600126, India"
513,27C,stella maris,600086,13.049032038080783,80.2521961996752,"27b, Babu St, near Semozhi Poonga, Ellaiamman Colony, Teynampet, Chennai, Tamil Nadu 600086, India"
2844,40C,"INDIRA NAGAR., PONERIKARAI., BIG KANCHIPURAM",631502,12.854413112649238,79.70677764042112,"Kanchipuram - Chennai Rd, Kannakulam, Konerikuppam, Tamil Nadu 631561, India"
193,30C,Virugambakkam market,600092,13.048986606099312,80.19411961806867,"25XV+HMJ, Reddy St, Phase 1, Saradha Nagar, Virugambakkam, Chennai, Tamil Nadu 600092, India"
3219,1c,Central,600003,13.08186729462509,80.27777461889195,"37JH+Q3H, Grand Southern Trunk Rd, Park Town, Chennai, Tamil Nadu 600003, India"
2854,12,M.r nagar ,600118,13.130039,80.250143,"M.R. Nagar, Kodungaiyur (East), MR Nagar, Kodungaiyur, Chennai, Tamil Nadu 600118, India"
2385,9c,Dr super market ,600095,13.0814762,80.1669512,"DR Super Market, Mogappair West Main Rd, 4th Block, Mogappair West, Ambattur Industrial Estate, Chennai, Tamil Nadu 600037, India"
7612,37C,Poonamalle Bypass,600056,13.04725551527781,80.09413603684004,"23WV+VMQ, 85, Sumithra Nagar Layout, Mg Nagar, Poonamallee, Chennai, Tamil Nadu 600056, India"
7589,37D,CHEMBARAMBAKKAM SIGNAL,600124,13.039958698378427,80.05614851203515,"23Q4+XFG, Chembarambakkam, Tamil Nadu 600124, India"
431,11A,Thathaankuppam ,600049,13.1157602,80.19936229999999,"#72/2.200Feet Road, Thathan Kuppam, Villivakkam, Chennai, Tamil Nadu 600049, India"
2148,27c,Yellow pages ,600004,13.0483319,80.27066940000002,"23-15, 23-15, Mavadi Vinayagar Koil Street, Azad Nagar, Royapettah, Chennai, Tamil Nadu 600014, India"
5505,26,Ratna cafe,600014,13.0606746,80.26859259999999,"17/9, Vijaya Narayan Rd, Padupakkam, Royapettah, Chennai, Tamil Nadu 600014, India"
7273,18,Ramarathna theatre ,600071,13.1145921,80.0955077,"18/10, Reddiar Garden, Kamaraj Nagar, Chennai, Avadi, Tamil Nadu 600071, India"
7200,17B,TCL Company,602002,13.083689950156852,79.90683759074713,"7, Venkathur, Melnallathur, Tamil Nadu 602002, India"
5519,20E,Chrompet railway Station ,600044,12.951418573079776,80.14043651997495,"Chrompet, Radha Nagar, Chromepet, Chennai, Tamil Nadu 600044, India"
2342,11A,DRJ,600076,13.118793807996058,80.19872345891622,"200feet, Jawaharlal Nehru Salai, Thathan Kuppam, Villivakkam, Chennai, Tamil Nadu 600049, India"
7965,4C,LOYOLA COLLEGE,600094,13.068136963218423,80.22645354281386,"369G+6GW, Nelson Manickam Rd, Railway Colony, Aminjikarai, Chennai, Tamil Nadu 600029, India"
6609,27,Kaliappa Hospital,600028,13.027066837596026,80.2559457105493,"43, 2nd Cross Rd, Raja Annamalai Puram, Chennai, Tamil Nadu 600028, India"
1817,12B,Lakshmi Amman Koil,600011,13.114754,80.2434501,"5, Siruvallur, Perambur, Chennai, Tamil Nadu 600011, India"
3986,37D,poonamallee highway,600056,13.049035026184342,80.08762702381239,"23XQ+H4V, Poonamallee High Rd, Rukmani Nagar, Poonamallee, Chennai, Tamil Nadu 600123, India"
3348,11,Moolakadai ,600118,13.1297438,80.24036009999999,"196, Great Northern Trunk Rd, Moolakadai, Kodungaiyur, Chennai, Tamil Nadu 600060, India"
6812,38,Sevilimedu ,631502,12.814319724315386,79.69008314343789,"652, Vandavasi Rd, Subbu Nagar, Gem Nagar, Kanchipuram, Tamil Nadu 631502, India"
2354,5B,Vanagram signal,600095,13.06691964864677,80.15355098443816,"Golden Treasure Block-7, Golden Treasure, 5, Vanagaram-Ambattur Rd, opposite M Weddings & Conventions, Maduravoyal, Chennai, Tamil Nadu 600095, India"
648,28,Valluvar kottam ,600034,13.054539369706236,80.23797728599439,"8/38, Kamarajapuram, Nungambakkam, Chennai, Tamil Nadu 600034, India"
789,29C,Alwarthirunagar,600087,13.0446544,80.1863229,"187, Arcot Rd, near Unlimited Fashion Store - Valasaravakkam, Tiruvallur, New Colony, Valasaravakkam, Chennai, Tamil Nadu 600087, India"
490,26C,Saidapet metro,600015,13.02734037909186,80.23039807393656,"27/15/1, CIT Nagar West, CIT Nagar, Chennai, Tamil Nadu 600035, India"
6867,10C,Villivakkam Kalpana Hotel,600049,13.106580653821904,80.21025462910957,"temple view apartments, 9, Tiru Vi Ka St, Seeyalam, Villivakkam, Chennai, Tamil Nadu 600049, India"
5832,19c,hasthinapuram,600044,12.94045535896351,80.15062787787562,"12b, Dr Rajendra Prasad Rd, B.H.E.L Nagar, Anna Nagar, Hasthinapuram, Chromepet, Chennai, Tamil Nadu 600064, India"
5850,5C,Thirunagar,600094,13.058779624972797,80.21147631288495,"96, Jawaharlal Nehru Salai, Senthil Nagar, Tiru Nagar, Vadapalani, Chennai, Tamil Nadu 600026, India"
3847,12B,Welding shop,600099,13.1236478,80.22298669999999,"7/6, Velavan Nagar, Kolathur, Chennai, Tamil Nadu 600082, India"
5912,16 ,Oragadam ( Ambattur),600053,13.1269948,80.15383609999999,"31/46, Surapet Main Rd, Bharati Nagar, Vijayalakshmi Puram, Ambattur, Chennai, Tamil Nadu 600053, India"
4043,13c,grace super market villivakam,600049,13.1196347,80.2058005,"85A, 2nd Main Rd, Srinivasa Nagar, Kolathur, Chennai, Tamil Nadu 600099, India"
5272,19E,"Mudichur, outer-ring round",600048,12.9045376,80.06629339999999,"38a, Vidhyalakshmi St, Lakshmi Nagar, Mudichur, Tamil Nadu 600048, India"
5969,31,"Jubilee road , Anjugam school bus stop, west mambalam",600033,13.041792468386337,80.22255869351518,"64, Jubilee Rd, Gokulam Colony, Ramakrishnapuram, West Mambalam, Chennai, Tamil Nadu 600033, India"
6075,36,Gerugambakkam bus stop,600128,13.010194711929708,80.14949999378163,"85, Anna Main Rd, Kolapakkam, Chennai, Tamil Nadu 600128, India"
6344,16A,Kallikuppam arch,600053,13.1276992,80.1832333,"45HM+37H, St Antony Nagar Rd, Kallikuppam, Mugambigai Nagar, Madura Madanan Kuppam, Chennai, Tamil Nadu 600053, India"
7908,4,Pantaloons,600029,13.068185399790876,80.22645642483688,"369G+6GW, Nelson Manickam Rd, Railway Colony, Aminjikarai, Chennai, Tamil Nadu 600029, India"
5502,17B,"Municipality office opposite, Thiruvallur.",602001,13.132720587835513,79.91568765661421,"4WM8+276, 4th Cross St, Hariram Nagar, V.M Nagar, Kakkalur, Tamil Nadu 602001, India"
4063,41,Walajapet Bus stand,632513,12.9257158,79.3643566,"W9G7+7QR, Walajapet, Tamil Nadu 632513, India"
4602,19D,Guduvanchery EB stop ,603202,12.851543469744922,80.06574346005235,"Guduvancheri EB Office, Guduvancheri, Tamil Nadu 603202, India"
7308,42c,Venkatesapuram ,631002,13.067461389960268,79.67293269588168,"344, Kanchipuram - Thirupathi Hwy, Arakkonam, Ammanur R.F., Tamil Nadu 631006, India"
5169,41,Walajapet Bus Stand,632513,12.925588157288066,79.36226163337706,"1/57, Near CSI Church, Walajapet, Tamil Nadu 632513, India"
1136,19B,Parvathi Nagar,600063,12.91806979762445,80.08111028283807,"No 111, Mudichur Rd, Shanthi Nagar, Mudichur, Old Perungalathur, Tamil Nadu 600063, India"
3457,11C,Korattur Police station ,600080,13.1055386,80.1853564,"14/264, Periyar Nagar, Sivananda Colony, Chennai, Tamil Nadu 600080, India"
2707,16C,PUDUR,600053,13.1299346,80.1603018,"39, Pudur, Ambattur, Chennai, Tamil Nadu 600053, India"
6514,20B,Kelambakkam GH,603103,12.779045073411028,80.21214590235003,"Alliance Humming Gardens, 56, Ramalingapuram, Senganmal, Tamil Nadu 603103, India"
6137,10,Ayanavaram Lassi Shop,600023,13.0983715,80.2368442,"Sri Mahalakshmi Utsav, 339, Konnur High Rd, Vasantha nagar, Chinna Chembarambakkam, Ayanavaram, Chennai, Tamil Nadu 600023, India"
7644,34C,Porur Government Boy's school,600116,13.03354542976903,80.15969202855345,"No 10, Chetty St, Theru Veedhi Amman Koil Streets, Porur, Chennai, Tamil Nadu 600043, India"
4798,21,Sakthi Cars Adambakkam ,600088,12.979787821863844,80.20010862856813,"3, Jawaharlal Nehru Salai, Usha Nagar, Vanuvampet, Velachery, Chennai, Tamil Nadu 600091, India"
3846,20B,Mambakkam Shivam Kovil ,600126,12.8825281,80.1705126,"Thaiyankadu, Sithalapakkam, Sathya Sai Nagar, Chennai, Tamil Nadu 600126, India"
1493,15D,Ayappakam water tank,600077,13.099145143635964,80.13263490434036,"Ayapakkam, TNHB Colony, Annanur, Ayappakkam, Chennai, Tamil Nadu 600077, India"
1052,18B,Pattabiram ,600072,13.120503239458507,80.06693273516345,"43C8+6Q2, Pattabiram, Tamil Nadu 600072, India"
1489,15D,Ayapakkam water tank,600077,13.099181607702292,80.13257759096628,"Ayapakkam, TNHB Colony, Annanur, Ayappakkam, Chennai, Tamil Nadu 600077, India"
672,18,Avadi ponnu store,600054,13.1133990864893,80.10584670437153,"228, Vivekananda Nagar, TNHB Mig V Block, Kondithope, Avadi, Tamil Nadu 600071, India"
689,36C,Madhanandhapuram,600125,13.0282403,80.15104699999999,"76, Kundrathur Main Rd, Ramanatheshwarar Nagar, Porur, Chennai, Tamil Nadu 600116, India"
3798,5C,Thirunagar,600026,13.058637071749043,80.21145770905052,"36, Jawaharlal Nehru Salai, Senthil Nagar, Thiru Nagar Colony, Tiru Nagar, Vadapalani, Chennai, Tamil Nadu 600026, India"
3131,18B,Hindu college ,600072,13.1206545,80.0758634,"Hindu college, 53, 3rd Cross St, Modern City, Deena Dayalan Nagar, Pattabiram, Tamil Nadu 600072, India"
7319,16E,Avadi Checkpost,600054,13.119116907607742,80.09515983546427,"3, New Military Rd, Gandhi Nagar, Avadi, Tamil Nadu 600054, India"
6419,34C,Iyyapanthangal Reliance Mart,600056,13.038590991489452,80.13370179063662,"24QM+FFQ, VGN Nagar, Iyyappanthangal, Chennai, Tamil Nadu 600056, India"
6468,34C,Reliance Mart Iyyapanthangal,600056,13.038229861095637,80.13475335217416,"2/369, Mount Poonamallee Rd, VGN Nagar, Iyyappanthangal, Chennai, Tamil Nadu 600056, India"
7072,8c,Waves,600037,13.087115987113036,80.19281959053745,"35PV+R4W, Ambattur Estate Rd, Thirumangalam, Govt Officers Colony, Chennai, Tamil Nadu 600040, India"
4574,3,choolai post office,600012,13.09493378319803,80.26660350111082,"31, Demellows Rd, Thattankulam, Choolai, Chennai, Tamil Nadu 600012, India"
6073,13B,Thiru.vi.ka.nagar bus stand,600011,13.118579101476335,80.23542475649263,"18/22, Ayyavoo St, Kennedy Square, Perambur, Chennai, Tamil Nadu 600011, India"
6746,9,VSR hospital,600037,13.07993985943646,80.18049744385964,"35HJ+X66, near Everest Colony, Everest Colony, Chennai, Tamil Nadu 600037, India"
7065,17B,Vasantha Bhavan Hotel,602001,13.139216803775277,79.90753113268622,"184/12G, Chennai Tiruvallur High Rd, Pungathur, SP Nagar, Tiruvallur, Tamil Nadu 602001, India"
2898,1C,kalmandapam Police Station,600013,13.113931653624274,80.29245973778762,"188, MS Koil St, Pudumanaikuppam, Royapuram, Chennai, Tamil Nadu 600013, India"
4582,11,"Madhavaram, m1 police station ",600060,13.1371542,80.2325593,"46PM+R2R Casagrand Northern Star, Kolkata, Madhavaram, Chennai, Tamil Nadu 600060, India"
5374,18A,J.P.estate,600054,13.111515175378404,80.10870970963605,"4465+HF9, Poonamallee - Avadi High Rd, JB Estate, Avadi, Tamil Nadu 600071, India"
7816,20E,Tambaram sanitorium MPEZ opposite ,600045,12.935771269188107,80.12711605709539,"1B, Subramaniam Rail Nagar, Kadaperi, Tambaram, Chennai, Tamil Nadu 600045, India"
1275,12B,Welding shop,600099,13.123291930336295,80.22285739415928,"20, Red Hills Rd, Sri Ganapathi Rao Nagar, Kolathur, Chennai, Tamil Nadu 600082, India"
319,2C,Ajax ,600019,13.1736007,80.3053739,"6 & 28, Rettai Malai Srinivasan Nagar, Jeevan Lal Nagar, Tiruvottiyur, Chennai, Tamil Nadu 600019, India"
3025,18A,Paruthipattu checkpost,600071,13.082860060293354,80.1088772785736,"34M5+4H9, Viraraghavapuram, Avadi, Tamil Nadu 600077, India"
7910,18A,Jb Estate,600054,13.111449,80.10850560000002,"4465+HCC, Poonamallee - Avadi High Rd, JB Estate, Vivekananda Nagar, TNHB Mig V Block, Avadi, Tamil Nadu 600071, India"
4022,41 ,Walajapet ranipet bus,632513,12.925305818606043,79.36182175109862,"W9G6+5M4, Madras Bombay Trunk Rd, Walajapet, Tamil Nadu 632513, India"
869,16E,Avadi check post,600054,13.119296,80.09422699999999,"Avadi Check Post, New Military Rd, Kasturba Nagar, Avadi, Tamil Nadu 600054, India"
871,32,Blue tank,600083,13.0373222,80.2123115,"1, opposite RTO Office, Sarvamangala Colony, Ashok Nagar, Thanjavur, Chennai, Tamil Nadu 613403, India"
4125,29,Avichii,600092,13.0620719,80.1923735,"T/B -99, Anna Fruit Market, Vedha Nagar, Chinmaya Nagar Stage II Extension, Kumaran Nagar, Virugambakkam, Chennai, Tamil Nadu 600092, India"
2808,19A,Irumbuliyur,600059,12.910122,80.1081909,"W465+37Q, Arul Nagar Main Rd, Balaji Nagar, Tambaram, Chennai, Arul Nagar, Tamil Nadu 600059, India"
3917,39,K.K.Nagar,631502,12.814681130889484,79.70545052168838,"587/11, Saravana Nagar, Venkateshwara Nagar, Sivapuram, Kanchipuram, Tamil Nadu 631501, India"
7562,29c,Valasaravakkam ,600087,13.040553710348648,80.17211140569228,"No.95, Arcot Rd, Vani Nagar, Indira Nagar, Valasaravakkam, Chennai, Tamil Nadu 600087, India"
2282,19A,Perungalathur bus stop ,600063,12.912487372416551,80.0908719825414,"1, Thirupur Kumaran Street, Bharathi Avenue Extension, New Perungalathur, Perungalathur, Tamil Nadu 600063, India"
7024,15B,"thirumullaivoyal,avadi",600062,13.1294312,80.131564,"17, Cholambedu Salai, Venugopal Nagar, Cholambedu, Chennai, Tamil Nadu 600109, India"
5376,7c,Tsk,600050,13.087777773485875,80.18544678002058,"SH 112, TS Krishna Nagar, J J Nagar, Mogappair East, Chennai, Tamil Nadu 600050, India"
6701,1C,Royapuram Bridge,600001,13.1021165,80.2850228,"75/34, Thayapa, Bundar Rama Garden, George Town, Chennai, Tamil Nadu 600001, India"
1781,2c,Ellaiamman kovil,600019,13.1649544,80.2943304,"Tiruvottiyur Prime Learning Centre, No:22AnoopF1, 577V+XQ6 Hansa Gems Park, KCP Rd, KCP Staff Colony, Tiruvottiyur, Chennai, Tamil Nadu 600019, இந்தியா"
3957,5c,Thirunagar ,600026,13.0578511,80.2139133,"30/15/2, Andavar Nagar, Vadapalani, Chennai, Tamil Nadu 600026, India"
3145,32C,Kasi Theatre oppt,600083,13.028257186941245,80.2086484283417,"26H5+8F9, Anjugam Nagar, West Jafferkhanpet, Chennai, Tamil Nadu 600083, India"
1974,21C,Velachery Checkpost,600042,12.99581072962052,80.21616260407441,"X6W8+8F8, Vandikaran St, Nehru Nagar, Velachery, Chennai, Tamil Nadu 600042, India"
5322,14C,Arul Nagar,600051,13.14548585103532,80.24598300101927,"76, Subramani Garden Main Rd, Block b, Subramanya Garden, Madhavaram Milk Colony, Chennai, Tamil Nadu 600051, India"
7331,20B,Indira Nagar,600073,12.910746500000002,80.140278,"BLOCK-3, Harini's Aishwaryam Phase 2, Selaiyur, Chennai, Tamil Nadu 600126, India"
182,12B,Kolathur junction (Lakshmi amman koil),600099,13.126608284364153,80.2187028507507,"No.1, Perundevi Ambal Avenue, Red Hills Rd, Perundevi Ammal Nagar, Selli Amman Nagar, Kolathur, Chennai, Tamil Nadu 600099, India"
3162,13A,Retteri Junction,600099,13.128227613604462,80.21558812778643,"12, 1st Main Rd, Padma Nagar Extension, Mahavir Nagar, Kolathur, Chennai, Tamil Nadu 600099, India"
953,16E,Paruthipattu,600071,13.0879297,80.1095315,"25, Paruthipattu Rd, Avadi, Tamil Nadu 600071, India"
2187,4c,metha nagar,600029,13.06813804824786,80.22648220237143,"26, Nelson Manickam Rd, near Metha Nagar, Railway Colony, Aminjikarai, Chennai, Tamil Nadu 600029, India"
4439,17C,"GRT Jwellers, Tiruvallur",602001,13.12411349752786,79.9133753290099,"4WF7+M74, Pallavan St, Hariram Nagar, Poonga Nagar, Kakkalur, Tamil Nadu 602003, India"
2278,20A,Sembakkam,600073,12.917247362042083,80.15995553862307,"77, Radheshyam Ave Main Rd, Sembakkam, Chennai, Rajakilpakkam, Tamil Nadu 600073, India"
2160,9B,7M bus stop,600037,13.082301329327532,80.1694503910245,"4/1277, 4/1399, West, Mogappair West, 4th Block, Mogappair West, Mogappair, Chennai, Tamil Nadu 600037, India"
7302,33C,Nesapakkam ,600078,13.03282152507594,80.19154240322942,"5/10, Erikarai St, MGR Nagar, Nesapakkam, Chennai, Tamil Nadu 600078, India"
2051,16C,wireless,600053,13.130469482168534,80.15887706700997,"45J5+5HJ, Pudur, Ambattur, Chennai, Tamil Nadu 600053, India"
2669,26c,Kalaignar arch saidapet,600015,13.019801346998484,80.22493509624822,"122, Anna Salai, Attucheri, Saidapet, Chennai, Tamil Nadu 600015, India"
6727,34C,Porur Government Boys' School,600116,13.0329301,80.159773,"23, Chetty St, Theru Veedhi Amman Koil Streets, Porur, Chennai, Tamil Nadu 600116, India"
565,16E,Stedford ,600053,13.1202521,80.1353565,"44CP+349, Pallavan Salai, Senthil Nagar, Annanur, Ambattur, Chennai, Tamil Nadu 600109, India"
1085,10,Binny mills church,600012,13.107265,80.26157789999999,"4746+VH4, Kannikapuram, Pulianthope, Chennai, Tamil Nadu 600012, India"
7119,42A,Narasingapuram,631402,13.029390485170968,79.80229691656866,"Woosu Automotive Company (Hyundai), Narasingapuram Rd, Tamil Nadu 631210, India"
5849,19A,Perungalathur ,600063,12.90767006559063,80.09717073889693,"41/36, Srinivasa Nagar, New Perungalathur, Chennai, Tamil Nadu 600063, India"
6136,16E,Saraswati Nagar ,600062,13.129097628557554,80.13894424469362,"485, Madras Thiruvallur High Rd, Saraswati Nagar, Thirumullaivoyal, Chennai, Tamil Nadu 600062, India"
2634,20E,"200 feet road,near arun murugan towers",600117,12.961969,80.174191,"42, Kannabiran St, Union Carbide Colony, Tirusulam, Chennai, St.Thomas Mount-cum-Pallavaram, Tamil Nadu 600117, India"
588,17A,Near old collector office kakklur,602001,13.123104651329822,79.91156630804815,"4WF6+4JJ, Kakkalur, Tamil Nadu 602003, India"
7931,37c,Vijay shanthi infiniti appartnent chetipedu,605105,13.0240869,80.0217803,"22FC+JJM, Chembarambakkam, Tamil Nadu 600124, India"
271,5C,SAF GAMES VILLAGE,600107,13.0648085,80.20773,"3675+W3H, SAF Games Village, Annai Sathya Nagar, Koyambedu, Chennai, Tamil Nadu 600107, India"
7918,20A,Rajakilpakkam,600126,12.908371,80.1607541,"P36, near Sai Dwaraka, Dwarakapuri, Sudharsan Nagar, Madambakkam, Chennai, Tamil Nadu 600126, India"
4568,1,Murugan koil bus stop,600057,13.186339015508596,80.30771390850596,"Murugan Kovil, Brindavan Nagar, Chennai, Ennore, Tamil Nadu 600057, India"
3100,25,"RTO, Thiruvanmiyur",600041,12.977949897498018,80.25911022817232,"164, East Coast Rd, Netaji Nagar, Thiruvanmiyur, Chennai, Tamil Nadu 600041, India"
593,5b,Maduravoyal erikarai,600095,13.06350870841542,80.16764301264621,"336, Nh48, Pallavan Nagar, Maduravoyal, Chennai, Tamil Nadu 600095, India"
2829,15A,Ayappakkam Water Tank,600077,13.0992671,80.1352879,"98/6, TNHB Colony, Annanur, Ayappakkam, Chennai, Tamil Nadu 600077, India"
2690,20E,Chromepet Saravana Stores,600044,12.9587561,80.14671799999999,"8A, Kgeyes Ashtoria, 8A, Lakshmi Nagar, Apartment, Chromepet, Chennai, Tamil Nadu 600044, India"
7034,11,Kalpana lamps,600110,13.139042276728905,80.22758110843485,"835, Anna St, Kanakan Chatram, Ponniammanmedu, Chennai, Tamil Nadu 600110, India"
1860,22,khazana jewellers,600042,12.976134730296994,80.21993261229606,"New No.34, B-1 1st Floor, SaiPutra Road, 100Ft Pass Road, N Extension Main Rd, Vijaya Nagar, Velachery, Chennai, Tamil Nadu 600042, India"
5715,18A,Paruthipattu Police Checkpost,600077,13.08287487816932,80.10887908442803,"34M5+4H9, Viraraghavapuram, Avadi, Tamil Nadu 600077, India"
2009,1,Mullai nagar and lift gate ,600019,13.185545693419048,80.30302887501196,"58P3+84P, SH 56, Varadaraja Nagar, Tiruvottiyur, Chennai, Tamil Nadu 600057, India"
3290,29,Saligramam Bus stand ,600093,13.053788372813456,80.19705046102716,"73, State Bank Colony 3rd St, Kumaran Colony, Bhaskar Colony, Saligramam, Chennai, Tamil Nadu 600093, India"
8033,19C,Hasthinapuram,600064,12.943562685770727,80.15721257674063,"22, Krishna St, Postal Colony, AGS Colony, Chromepet, Nemilicherry, Chennai, Tamil Nadu 600044, India"
764,24C,Nagalkeni Nayara Petrol Bunk,600044,12.95859991032638,80.1290406557917,"X45H+CJQ, West Tambaram, Chromepet, Chennai, Tamil Nadu 600044, India"
128,19,Mahindra world city,603004,12.7266969,80.0033609,"Mahindra Aqualily Villa-D1, MAHINDRA AQUALILY, Mahindra World City, Thirutheri R.F., Tamil Nadu 603004, India"
5955,20B,Mappedu junction,600126,12.891108535580464,80.14077096245023,"Meppadu Hospital, Agaram Main Rd., Puthur, Secretariat Colony, Tiruvanchery, Selaiyur, Chennai, Tamil Nadu 600126, India"
6493,6,Thirumangalam (Near AVR Swarna Mahal),600040,13.08311762857157,80.20054809969909,"36M2+66P, 2nd Ave, L Block, Kurinji Colony, Anna Nagar, Chennai, Tamil Nadu 600040, India"
7375,45,Sriperumbudur high school,605102,12.9557240979235,79.94265432198321,"XW4R+6W5, Sarala Nagar, Pondur, Sriperumbudur, Tamil Nadu 602105, India"
2907,15D,ICMR,600077,13.10099258539604,80.13948856745911,"442Q+FR7, TNHB Colony, Annanur, Ayappakkam, Chennai, Tamil Nadu 600077, India"
5880,20,Pallikaranai,600100,12.934060596446605,80.21001879271239,"1, Nakkkiran St, Periyar Nagar, Pallikaranai, Chennai, Tamil Nadu 600100, India"
5447,37C,Poonamallee bypass,600056,13.0497054,80.09124059999999,"794/2, Main Rd, Rukmani Nagar, Mg Nagar, Poonamallee, Chennai, Tamil Nadu 600056, India"
3497,19E,Outer ring road( mudichur ),600048,12.9156413,80.0741573,"W38F+7PW, Mudichur, Tamil Nadu 600063, India"
3391,2,Maharani,600021,13.11619822640304,80.28363969974723,"350, Thiruvottiyur High Rd, Mottai Garden, Washermanpet, Chennai, Tamil Nadu 600021, India"
5400,18B,Pattabiram,600072,13.093458190270589,80.07523367993164,"419, Ayalcheri Village Rd, Tandarai, Avadi, Tamil Nadu 600072, India"
5402,1c,Beach station,600001,13.0929471,80.2920097,"Burma Bazaar, 69a, Rajaji Rd, Chennai Port Trust, Chennai, Tamil Nadu 600001, India"
6847,34C,Iyyapanthangal bus depot,600056,13.03845845353141,80.13411296300518,"24QM+8JV, VGN Nagar, Iyyappanthangal, Chennai, Tamil Nadu 600056, India"
7511,15c,Ambattur,600053,13.12187072141162,80.14770910912321,"125b, Madras Thiruvallur High Rd, Krishnapuram Extension, Vivek Nagar, West Krishnapuram, Ambattur, Chennai, Tamil Nadu 600053, India"
1903,26C,Nandanam signal ,600017,13.0359112,80.2365138,"26, Venkatanarayana Rd, T. Nagar, Chennai, Tamil Nadu 600017, India"
1890,13a,"Kolathur, Don Bosco Matriculation Higher secondary school,Peravallur ",600082,13.1202689,80.2215765,"2/11, Bajanai Koil St, Anjugam Nagar, Kolathur, Chennai, Tamil Nadu 600082, India"
6460,28,"Sekar Emporium,Kodambakkam",600024,13.052582084535906,80.22988242617575,"14/15/16, Taylor Estate, Kodambakkam, Chennai, Tamil Nadu 600024, India"
4085,26c,Nandanam Metro ,600017,13.035241,80.2348738,"20, Sunder Sri Apartment, Flat, No.2, Ramanujam St, T. Nagar, Chennai, Tamil Nadu 600017, India"
3174,14C,Mathur Gate,600068,13.1668,80.24536700000002,"Mathur, Kamaraj Salai, Metro Water Quarters, Manali, Chennai, Tamil Nadu 600068, India"
5380,38c,Smg Mahal ,631502,12.817833618072648,79.69277644347841,"22, Vinobaji St, Vedachalam Nagar Extension, Thirumana, Kanchipuram, Tamil Nadu 631501, India"
2886,37B,"Parivakkam signal, Poonamallee ",600056,13.056559562871191,80.0975525682577,"Ashok Leyland, Thirumal Nagar, Tirumal Nagar, Maran Nagar, Chennai, Tamil Nadu 600056, India"
2738,25,Thiruvanmiyur RTO,600041,12.977969388341798,80.25908720203964,"164, East Coast Rd, Netaji Nagar, Thiruvanmiyur, Chennai, Tamil Nadu 600041, India"
2723,12c,Venus bus stop,600011,13.114516610017416,80.23362379057667,"190/89, Paper Mills Road, Gopal Colony, Perambur, Chennai, Tamil Nadu 600011, India"
7850,18c,Govarthanagiri,600071,13.0993774,80.11000229999999,"Plot no-69, Pandian Nagar, Govardanagiri, Avadi, Tamil Nadu 600071, India"
3375,15A,Pallavan nagar,600077,13.070411263610412,80.12796435429452,"106, Pallavan Nagar, Thiruverkadu, Chennai, Tamil Nadu 600077, India"
1681,37B,Karaiayanchavadi Signal,600056,13.046544332993886,80.1117776036743,"2, Avadi Rd, DRR Nagar, Karayanchavadi, Chennai, Tamil Nadu 600056, India"
8013,16A,Kallikuppam Arch,600053,13.13221731081057,80.16979668121186,"9, Surapet Main Rd, East Balaji Nagar, Kallikuppam, Ambattur, Chennai, Tamil Nadu 600053, India"
760,2C,Padmanabha theater ,600001,13.123766610656691,80.27542567526055,"12/58, 4th St, Anna Nagar, Old Washermanpet, Chennai, Tamil Nadu 600021, India"
7133,35,Therasa School,600075,12.9748734,80.1266344,"No.10, Nallathambi Road, Hindustan Lever colony, Pammal, Ambedkar Nagar, Anakaputhur, Chennai, Tamil Nadu 600075, India"
3165,26c,Nandanam signal,600035,13.0311403,80.239795,"487, Anna Salai, Lotus Colony, Nandanam, Chennai, Tamil Nadu 600035, India"
305,10C,Ayanavaram Joint Office ,600023,13.0985856,80.2306909,"1, Market St, United India Nagar, Ayanavaram, Chennai, Tamil Nadu 600023, India"
1090,3,Motcham theatre ,600012,13.0931969,80.2525199,"35, Bhavani Ellaiyamman Koil St, Kosapet, Purasaiwakkam, Chennai, Tamil Nadu 600012, India"
1062,30C,Valasaravakkam,600087,13.0463947,80.1763031,"101/D2, Tirupathi Nagar, TIRUVALLUR, Chennai, Tamil Nadu 600087, India"
3792,40A,"Iyyampettai, walajabad, kanchipuram. ",631601,12.804544,79.7640426,"RQ37+RJ7, Ayyampettai, Tamil Nadu 631601, India"
3842,20E,Chrompet Railway Station,600044,12.9497343,80.1503942,"4, Indira Gandhi Cross St, Jamin Rayapettah, Radha Nagar, Chromepet, Chennai, Tamil Nadu 600044, India"
6398,29,Avichi School,600093,13.0445392,80.2028227,"92-2/A, 3rd St, Kamaraj Nagar, Vijayaraghavapuram, Virugambakkam, Chennai, Tamil Nadu 600026, India"
2447,29C,Valasaravakkam Arcot road,600089,13.0404578,80.1721651,"77, Arcot Rd, New Colony, Jai Nagar, Valasaravakkam, Chennai, Tamil Nadu 600087, India"
5197,18,Ponnu super market ,600054,13.1159932,80.1025032,"4482+FW4, New Military Rd, Thirumalai Rajapuram, TNHB Mig V Block, Avadi, Tamil Nadu 600054, India"
5368,21,Adambakkam Arun ice cream,600088,12.983168179173548,80.2066565975444,"14/17, 7th Cross Street, Okkiayam, Thouraipakkam, Mahalakshmi Nagar, Adambakkam, Chennai, Tamil Nadu 600088, India"
6931,2C,Shanthi vihar Hotel,600021,13.113458,80.282051,"1147/390, Thiruvottiyur High Rd, Old Washermanpet, Chennai, Tamil Nadu 600021, India"
5905,44,panapakkam,631052,12.921903858636004,79.56219780224255,"WHC6+PR2, Peruvalayam, Tamil Nadu 631052, India"
4203,29,Surya hospital,600026,13.048953140472896,80.20718014025043,"92, Arcot Rd, Ottagapalayam, Kannika Puram, Vadapalani, Chennai, Tamil Nadu 600026, India"
7240,33,Sivan park ,600078,13.041382268806611,80.205016530743,"Sivan Park, Kannigapuram, Sector 3, K. K. Nagar, Chennai, Tamil Nadu 600078, India"
1477,19E,Outer Ring Road ,600048,12.91205401855691,80.07018204776335,"3/38, Srivari St, near Csi church, APPARTMENTS, Mudichur, Tamil Nadu 600048, India"
113,18C,Iyyankulam,600054,13.092322383556557,80.11354498023212,"34R7+RHP, Paruthippattu, Avadi, Tamil Nadu 600071, India"
2556,12B,Welding shop ,600099,13.12324325241028,80.2227848625996,"46FF+842, Sri Ganapathi Rao Nagar, Kolathur, Chennai, Tamil Nadu 600082, India"
1838,36,Periyapanicherry,600128,13.0129422,80.1290854,"Block H-6, Sai Kripa Layout, 6A, Kovur, Periyapanicheri, Chennai, Tamil Nadu 600122, India"
5618,28,"Watch Square, Kodambakkam",600024,13.046615690308556,80.21884179788319,"11, Dr Ambedkar Rd, Dr.Subbaraya Nagar, Kodambakkam, Chennai, Tamil Nadu 600024, India"
6922,17c,"GRT,thiruvallur",602001,13.1236581,79.91159379999999,"74, JN Rd, near Oil Mill Bus Stop, Kakkalur, Tamil Nadu 602001, India"
3753,28C,Lakshman Sruthi,600078,13.044130480456662,80.2107887310745,"19-9, P T Rajan Salai, Sector 10, Sector 15, Kk Nagar, Chennai, Tamil Nadu 600026, India"
3730,38,Housing board kanchipuram ,631502,12.8211606,79.69248,"RMCV+G4P, Gem Nagar, Kanchipuram, Tamil Nadu 631502, India"
4086,40C,Rama's Cafe,631502,12.8382534,79.7089682,"69/23, Melkathirpur, Periya, Kanchipuram, Tamil Nadu 631501, India"
6888,"1,2","Thiruvottiyur market, ellayammam kovil",600019,13.164600847106495,80.30360513267571,"540/763, Thiruvottiyur High Rd, near Kakkanji Nagar, Anjugam Nagar, Tiruvottiyur, Chennai, Tamil Nadu 600019, India"
5073,13b,Thiru vi ka nagar cementary,600011,13.1210051,80.23853609999999,"61/20, Madurai Swamy Madam St, Ponnusamy Nagar, Perambur, Chennai, Tamil Nadu 600011, India"
5181,15E,Kallikuppam tea kadai bus stop,600099,13.13150087014344,80.18256106489281,"45JM+H52, Madhanang kuppam Rd, Kallikuppam, Ambattur, Chennai, Tamil Nadu 600099, India"
2689,18,Ramarathna Avadi,600071,13.1100803,80.0938468,"8/18, Nehru Colony, Kamaraj Nagar, Chennai, Avadi, Tamil Nadu 600071, India"
4563,14C,Arul Nagar,600051,13.147596,80.24667889999999,"30, John Vasu St Ext, S.R. Nagar, Rekha Nagar, Selaivayal, Chennai, Tamil Nadu 600051, India"
4708,5A,Paanchali Amman Koil (Arumbakkam)	,600106,13.077075597670586,80.21052860783902,"479d, Poonamallee High Rd, Amaravathi Nagar, Arumbakkam, Chennai, Tamil Nadu 600106, India"
4074,32c,Ekkattuthangal ,600032,13.0175653,80.2054638,"No. 71, Grand Southern Trunk Rd, Poomagal Nagar, Guindy, Chennai, Tamil Nadu 600032, India"
2129,34,Mugaliwakkam,600125,13.0281878,80.17027949999999,"Flat No. 4-A, New, 124, Mount Poonamallee Rd, Adithi Colony, Sabari Nagar, Mugalivakkam, Chennai, Tamil Nadu 600116, India"
5603,41,Walajah busstand ,632513,12.925507962132947,79.36275522366925,"W9G7+93W, Walajapet, Tamil Nadu 632513, India"
3155,20,Narayanapuram bus stop,600100,12.938392450131383,80.2052359854366,"33, 1st Main Rd, adjacent to Pappammal mandabam, IIT Colony, Maxworth Nagar, Pallikaranai, Chennai, Tamil Nadu 600100, India"
4044,9c,dr supermarket,600095,13.082481174203906,80.17010866712037,"2, Mogappair West, Ambattur Industrial Estate, Chennai, Tamil Nadu 600037, India"
1119,10,Jeeva station,600039,13.110072204646023,80.25729631027787,"Block-A, Cluster_chennai 32, Stephenson Ln, Vyasar Nagar Colony, Vyasarpadi, Chennai, Tamil Nadu 600039, India"
7763,9B,Grace super market,600037,13.0785923,80.1805661,"A-10, Mogappair Industrial Estate, Paneer Nagar, Mogappair East, Chennai, Tamil Nadu 600037, India"
1061,10,Sayani theatre ,600023,13.0980461,80.2388117,"Old No. 354, 96, Konnur High Rd, ICF South Colony, V.P.Colony, Ayanavaram, Chennai, Tamil Nadu 600023, India"
4248,4,Pantaloons ,600094,13.069857322195707,80.2242959521361,"126, Nelson Manickam Rd, Railway Colony, Aminjikarai, Chennai, Tamil Nadu 600029, India"
4436,19c,Hastinapuram ,600044,12.940478,80.150728,"W5R2+57X, B.H.E.L Nagar, Hasthinapuram, Chromepet, Chennai, Tamil Nadu 600064, India"
4311,12B,Retteri,600099,13.1306041,80.212698,"46J7+63P, Retteri, Thiruvalluvar Nagar, Lakshmipuram, Chennai, Tamil Nadu 600099, India"
7592,20B,Indira nagar,600073,12.912243888322015,80.14302035035873,"2c, Agaram Main Rd., Indira Nagar, Selaiyur, Chennai, Tamil Nadu 600073, India"
6383,20B,Mappedu,600126,12.883306135613926,80.1403854343311,"V4MR+256, Chennai, Tamil Nadu 600126, India"
7901,32c,kasi theatre,600083,13.0294896,80.2084704,"92, Jawaharlal Nehru Salai, near Kasi Theatre, Kasi Estate, Ashok Nagar, Chennai, Tamil Nadu 600083, India"
6505,21,kakkan bridge,600088,12.9886812,80.2030932,"27, New Colony Main Rd, Ramakrishnapuram, Adambakkam, Chennai, Tamil Nadu 600088, India"
6316,25C,Butt Road,600016,13.007358041836396,80.20166854865303,"Kathipara Bridge Junction, Mount Poonamallee Rd, Ramapuram, Viralur, Chakrapani Colony, St.Thomas Mount, Chennai, Tamil Nadu 600016, India"
4562,24C,Nayara petrol bunk,600044,12.951294918010952,80.12919730731481,"X42H+HHQ, Lakshmipuram, Chromepet, Chennai, Tamil Nadu 600044, India"
3778,19C,"Kumaran Kundram, Hastinapuram ",600044,12.942589023991909,80.14273872953622,"North, 40, South R Road, Nehru Nagar, Chromepet, Chennai, Tamil Nadu 600044, India"
4655,34,Porur bridge,600116,13.044533,80.1566389,"25V4+PJV, Sunaresan Nagar, Porur Gardens Phase II, Krishna Industrial Estate, Porur, Chennai, Tamil Nadu 600095, India"
1421,9,Spartan school ,600037,13.0868645,80.1796196,"1, Thiruvalluvar Salai, Thiruvalluvar Nagar, J J Nagar, Mogappair East, Chennai, Tamil Nadu 600037, India"
