user,bus_no,boarding_point_name,pincode,latitude,longitude,address
3092,15D,Ayapakkam church (water tank),600077,13.090847377383325,80.1465796863083,"101/36, Pugazhendhi St, Chelliamma Nagar, Chennai, Tamil Nadu 600058, India"
5306,20,"Jeyachandran Textiles, Pallikaranai ",600100,12.911457573238785,80.19777182635039,"4/217, Jalladiampet, Medavakkam, Chennai, Tamil Nadu 600100, India"
861,29C,"Aavin Junction, Alwarthirunagar ",600087,13.0413135,80.1866363,"1-C, 1st Cross St, Gandhi Nagar, Lambert Nagar, Nesapakkam, Chennai, Tamil Nadu 600092, India"
4136,19B,Varadharaja Theatre ,600064,12.938027789940609,80.13865684023393,"27/1, Jothi Nagar, Chitlapakkam, Chennai, Tamil Nadu 600064, India"
1250,20,Pallikaranai Jayachandran,600100,12.9118082,80.2022837,"Block-B5, INDIA BULLS GREENS, VGP Prabhu Nagar, Medavakkam, Chennai, Tamil Nadu 600100, India"
437,32,Mettupalayam ,600033,13.032138908500556,80.22013316320106,"76, Govindan Rd, Moovendar, Panneerselvam Nagar, West Mambalam, Chennai, Tamil Nadu 600033, India"
4767,35B,Manikandan Nagar,600069,12.9870043,80.1149166,"23, Metro Star City 2nd Cross Rd, Manikandan Nagar, Kundrathur, Chennai, Tamil Nadu 600069, India"
6970,40A,Karukkupettai,631601,12.804617186859948,79.76678395013862,"NH 132B, Ayyampettai, Tamil Nadu 631601, India"
4906,35D,Anakaputhur sivan temple,600070,12.9827549,80.1285796,"7/C, Gopal Chetty St, Guruswamy Nagar, Anakaputhur, Chennai, Tamil Nadu 600070, India"
2265,19A,Kulam ,600045,12.9263626,80.1045279,"20, West, Chitlapakkam, Vaigai Nagar, Tambaram, Chennai, Tamil Nadu 600045, India"
7869,5A,Panchali Amman Kovil Arumbakkam,600106,13.076278292153212,80.20916205030417,"43/18, Amaravathi Nagar, Arumbakkam, Chennai, Tamil Nadu 600106, India"
3433,26c,Teynampet metro,600018,13.0373532,80.2466509,"Teynampet, MA Garden, Teynampet, Chennai, Tamil Nadu 600018, India"
1514,44,Sunguvarchatram bus stand ,602106,12.925457147153194,79.87965062025867,"Sunguvarchatram, Thirumangalam, Sunguvarchatram, Tamil Nadu 602106, India"
4290,5B,Maduravoyal Erikarai,600095,13.0615449,80.1646353,"Ground Floor, 241, Poonamallee High Rd, Maduravoyal, Chennai, Tamil Nadu 600095, India"
3098,9,Grace super market ,600037,13.078462237487855,80.18095163510745,"35HJ+994, Church Rd, Golden George Nagar, Mogappair East, Chennai, Tamil Nadu 600037, India"
6329,41,Walaja Bus Stand,632513,12.925954449267348,79.36614259188094,"W9G8+985, Walajapet, Tamil Nadu 632513, India"
323,13c,Kolathur grace super market,600049,13.11891265823426,80.2070096656067,"4694+GRW, 90, Main Rd, Srinivasa Nagar, Kolathur, Chennai, Tamil Nadu 600099, India"
4579,19A,Tambaram kulam,600045,12.9242547,80.10499709999999,"No 5, Thulasingam, Oil Mill St, Old, West Tambaram, Tambaram, Chennai, Tamil Nadu 600045, India"
1123,15,Canara bank ,600053,13.112114037252637,80.15155179379032,"6/9, Varadharajapuram, Varadaraja Puram, Ambattur, Chennai, Tamil Nadu 600053, India"
2122,27C,"LIGHT HOUSE, MYLAPORE , CHENNAI -600 004",600004,13.038866039204695,80.27650499773858,"27, 1, Karaneeswarar Pagoda St, Karneeswarapuram, Mylapore, Chennai, Tamil Nadu 600004, India"
6645,18E, ORR,600055,13.159936,80.0702555,"67, Vishnu Nagar, Avadi, Morai, Tamil Nadu 600055, India"
1365,5A,Maduravoyal ,600095,13.062878590998467,80.17072997536908,"2, Valli St, Karthikeyan Nagar, Maduravoyal, Chennai, Tamil Nadu 600095, India"
2724,29,Saligramam ,600093,13.05443770595101,80.20408873106774,"Saligramam, Shanthi Nagar, Chennai, Tamil Nadu 600026, India"
237,17D,Thirumazhisai ,600124,13.063124,80.0640653,"Plot No : 10 & 11, Wilson Street LTM Nagar, Phase, 2, Thirumazhisai, Tamil Nadu 600124, India"
2024,5B,VELLAPANCHAVDI HARSHA TOYOTA,600077,13.0605182,80.1329398,"142A, Poonamallee High Rd, near ACS Medical College, Velappanchavadi, Thiruverkadu, Chennai, Tamil Nadu 600077, India"
328,21C,"Adambakkam,medavakkam main rd",600088,12.9855695,80.1985605,"11,Sabarish Flats, 6th Street, 1st Cross St, Surendra Nagar, Adambakkam, Chennai, Tamil Nadu 600088, India"
4920,10,otteri,600012,13.098051913849098,80.25101946345269,"Otteri, TNHB Colony, Purasaiwakkam, Chennai, Tamil Nadu 600012, India"
332,2,"Maharani bus stand, Old Washermanpet ",600021,13.117139,80.284154,"Maharani Theatre, Thiruvottiyur High Rd, Korukkupet, Old Washermanpet, Chennai, Tamil Nadu 600021, India"
6980,20,"Nilgiris supermarket, Medavakkam ",600100,12.9176358,80.1888333,"PVG Towers, Velachery - Tambaram Main Rd, Munusamy Nagar, Vimala Nagar, Medavakkam, Chennai, Tamil Nadu 600100, India"
292,20,Narayanapuram,600100,12.9428557,80.2079669,"636, BALAJI DENTAL COLLEGE, 63, Velachery - Tambaram Main Rd, opposite to Sree, Kamakoti Nagar, Pallikaranai, Chennai, Tamil Nadu 600100, India"
1018,4,skywalk,600029,13.07374361756346,80.22084536466582,"75D, Nelson Manickam Rd, Collectorate Colony, Aminjikarai, Chennai, Tamil Nadu 600029, India"
1009,21,Prime care,600088,12.981592957358131,80.20466151230319,"Ajantha Bathroom Products And Pipes Pvtd, 44, Balaji Nagar Main Rd, near D A V SCHOOL, Okkiayam, Thouraipakkam, Adambakkam, Chennai, Tamil Nadu 600088, India"
6585,30,Elango Nagar,600092,13.049468694415744,80.19127379430387,"No.114, Thangal St, Aranganathan Nagar, Virugambakkam, Chennai, Tamil Nadu 600092, India"
2258,37A,Iyyapanthangal (Reliance mart),600056,13.0350903,80.1339712,"2/302, Natesan Nagar, Iyyappanthangal, Chennai, Tamil Nadu 600056, India"
3989,1C,Taylors road,600031,13.075637143137904,80.23771180174205,"Jamals Park Avenue, 69, McNichols Rd, Dasspuram, Chetpet, Chennai, Tamil Nadu 600031, India"
2310,17B,TCL Company,602002,13.083688527121769,79.90674644508483,"7, Venkathur, Melnallathur, Tamil Nadu 602002, India"
6845,29,Saligramam parvati bhavan arunachalam road,600093,13.0525311,80.19831719999999,"Sri Saravana Flats, Flat No. 4, 1st Floor, No. 6/1, Kamaraj Street, Shanthi Nagar, Saligramam, Kumaran Colony, Bhaskar Colony, Annamalai Colony, Chennai, Tamil Nadu 600093, India"
312,3,Choolai,600112,13.089914499355586,80.26519237409666,"bus stand, 90/177, Choolai High Rd, opp. to RAMALINGAA VILAS HOTEL , ( LANDMARK, Periyamedu, Choolai, Chennai, Tamil Nadu 600112, India"
2140,24c,Pallavaram bus stand,600117,12.960531,80.1610275,"Block-1, JAINS CEDAR POINT, Malliga Nagar, Krishnapuram, Pallavaram, Chennai, Tamil Nadu 600043, India"
429,15E,Vinayagapuram,600099,13.13961722706024,80.20605477203209,"30, Perambur Red Hills High Rd, opposite Sri Lakshmi Narasimha Temple, Vinayakapuram, Kolathur, Chennai, Tamil Nadu 600099, India"
6682,3,Muthumari amman Kovil- Pursaiwakkam,600007,13.09299090041642,80.25229596905527,"4B, Kamarajar St, Otteri, Purasaiwakkam, Chennai, Tamil Nadu 600084, India"
340,33,Hotel Saravana Bhavan ,600078,13.0330385,80.20528949999999,"34B, Bharathidasan Colony, K. K. Nagar, Chennai, Tamil Nadu 600078, India"
6937,14,Pattamandhri,600120,13.25745348339596,80.27504487294999,"Melur, Pattamandhri, Nandiambakkam, Tamil Nadu 600120, India"
6669,18,"Avadi,Ponnu Supermarket",600054,13.110288790634396,80.09890866647572,"8/10, Jeevanandam Main Rd, Kumaran Nagar East, Kamaraj Nagar, Chennai, Avadi, Tamil Nadu 600071, India"
4104,24,"Ezhur Amman Koil Bus Stop, Nanganallur",600061,12.971102158138985,80.18311332275394,"MMC Colony, South Bakthavatsalam Nagar, Nanganallur, Chennai, Tamil Nadu 600061, India"
190,24,INDEPENDENCE DAY PARK ,600061,12.979405411198275,80.1874437698353,"24, 46th St, I Cross Extension, Nanganallur, Chennai, Tamil Nadu 600061, India"
8081,20D,Vellakall,600129,12.931521486542012,80.18167352110291,"1234, Medavakkam Main Rd, Vellakal, Priyar Nagar, Kovilambakkam, Chennai, Tamil Nadu 600129, India"
4032,18D,"Kovilpathagai, petrol bunk",600062,13.1407044,80.1023549,"62/56, Kovilpadagai Main Rd, Indira Nagar, Avadi, Tamil Nadu 600062, India"
3863,15,Ambattur OT,600053,13.1196793,80.1500391,"84, S Park St, Secretariat Colony, Venkatapuram, Ambattur, Chennai, Tamil Nadu 600053, India"
7470,35,Pammal tvs showroom,600075,12.97175798512407,80.13521352758525,"50a,senguttuvan street, Karikalan St, Sambanthanar Nagar, Anakaputhur, Chennai, Tamil Nadu 600075, India"
8049,23,Ganesh Nagar,600091,12.961508971934476,80.18725984450002,"48, Medavakkam Main Rd, Ganesh Nagar, Gandhi Nagar, Keelkattalai, Chennai, Tamil Nadu 600091, India"
6578,19A,Lakshmipuram,600045,12.924736042347924,80.10000443036421,"133, Mudichur Rd, Karummariamman Nagar, West Tambaram, Tambaram, Chennai, Tamil Nadu 600045, India"
725,9b,Grace super market,600037,13.0835569,80.1730553,"Pukazhenthi Salai, No 2/335, Mogappair West, Mohanram Nagar, Mogappair, Chennai, Tamil Nadu 600037, India"
1873,40c,"Sri Rama's lodge,nellukara street,near kanchipuram bus stop, kanchipuram.",631502,12.8372632,79.7038469,"83, Annai Indira Gandhi Salai, Bavaji Nagar, Pillaiyarpalayam, Kanchipuram, Tamil Nadu 631502, India"
5606,35,"Manikandan Nagar, Kundrathur.",600069,12.9957888,80.1079296,"X4W5+952, Chennai, Thandalam, Tamil Nadu 600069, India"
7430,12B,Welding Shop,600082,13.1232845,80.2228044,"46FF+842, Sri Ganapathi Rao Nagar, Kolathur, Chennai, Tamil Nadu 600082, India"
7774,20,"Jeyachandran, Pallikaranai",600100,12.9213919,80.1975877,"1A, Jeyachandran Nagar 1st Main Rd, Jeyachandran Nagar, Pallikaranai, Chennai, Tamil Nadu 600100, India"
903,40c,"Sri Rama lodge,Nellukara street,Near kanchipuram bus stop,Kanchipuram",631502,12.8372632,79.7038469,"83, Annai Indira Gandhi Salai, Bavaji Nagar, Pillaiyarpalayam, Kanchipuram, Tamil Nadu 631502, India"
2154,2C,cement road,600021,13.111457032717215,80.28157048612209,"1183/407, Thiruvottiyur High Rd, Old Washermanpet, Chennai, Tamil Nadu 600021, India"
2833,2,"Mani Cycle Shop, Tondiarpet",600081,13.115240772809466,80.28732760676607,"165, Sanjeevarayan Koil St, NN Garden, Washermanpet, Chennai, Tamil Nadu 600021, India"
7390,42,Poonamalle Ambedkar statue,600123,13.038784115421253,80.09163825622066,"43, Bakthavathsalam Nagar, Poonamallee, Chennai, Tamil Nadu 600123, India"
4572,18,ponnusupermarket,600071,13.1100874,80.09770879999999,"13, OLD, Jeevanandam Main Rd, Kumaran Nagar East, Kamaraj Nagar, Avadi, Tamil Nadu 600071, India"
582,11c,Bakthavatchlam School Signal,600080,13.1110842544245,80.18666454113345,"1251, Venkatraman Nagar, Korattur, Chennai, Tamil Nadu 600080, India"
6384,16E,SARASWATI NAGAR THIRUMULLAIVOYAL,600062,13.12912200870108,80.1390545196045,"485, Madras Thiruvallur High Rd, Saraswati Nagar, Thirumullaivoyal, Chennai, Tamil Nadu 600062, India"
5093,5B,Maduravoyal Erikarai,600095,13.061114,80.16303099999999,"192A, Kamaraj Nagar, Maduravoyal, Chennai, Tamil Nadu 600095, India"
894,27,Billroth RA Puram ,600028,13.0223503,80.26282979999999,"162/240, Ramakrishna Mutt Rd, Ramakrishna Nagar, Raja Annamalai Puram, Chennai, Tamil Nadu 600028, India"
6767,42,New bus stand ,631001,13.092606322200696,79.65938535563667,"2, Kalyana Mandapam St, Arakkonam, Tamil Nadu 631003, India"
3680,39,Military road,631501,12.8101405,79.71315899999999,"RP67+26X, Military Rd, Thandavaraya Nagar, Orikkai, Tamil Nadu 631502, India"
3220,22,Tansi Nagar,600042,12.974994848194504,80.22717235127713,"15-68, Balamurugan Nagar, Annai Indira Nagar, Velachery, Chennai, Tamil Nadu 600042, India"
4660,37D,Nazarathpettai bharat petrol pump ,600123,13.0466199,80.07835109999999,"377, Nazarathpettai, Chennai, Tamil Nadu 600123, India"
539,19A,Perungalathur,600063,12.9036431,80.0896446,"14, Rajiv Gandhi St, Balaji Nagar, New Perungalathur, Perungalathur, Tamil Nadu 600063, India"
8005,15,"Ambattur OT, Cake world",600053,13.121839502991422,80.15404678294492,"101, Vijayalakshmi Puram, Ambattur, Chennai, Tamil Nadu 600053, India"
3592,33,Sivan Park,600078,13.043301308154124,80.20565755217025,"73/1603, PT Rajan Rd, Ottagapalayam, Sector 14, K. K. Nagar, Chennai, Tamil Nadu 600078, India"
4656,44,Panapakkam Bus Stand,631052,12.923453246430087,79.56807968767586,"09, Panapakkam, Tamil Nadu 631052, India"
4319,8C,Waves,600101,13.0920727,80.1944807,"116, D-Sector, Anna Nagar West Extension, Chennai, Tamil Nadu 600101, India"
4721,19C,Hastinapuram ,600064,12.9387231,80.14607749999999,"W4QW+FCP, Venkataraman Nagar, MC Nagar, Hasthinapuram, Chromepet, Chennai, Tamil Nadu 600064, India"
3011,16C,Pudur,600053,13.130723446966956,80.15876727012994,"167/56 red hills road Banu nagar, Palaniappa Nagar, Pudur, Ambattur, Chennai, Tamil Nadu 600053, India"
924,35,Pammal,600075,12.9730115,80.13770869999999,"No. 73/A, Pammal Main Rd, opp. to Nilgiris, Krishna Nagar, Sambanthanar Nagar, Pammal, Chennai, Tamil Nadu 600075, India"
7132,40,Chetty street,631501,12.819369165035331,79.72092165297146,"54, Nethaji Nagar, Kanchipuram, Arappanacheri, Tamil Nadu 631501, India"
4670,16E,paruthipattu,600071,13.086558205329236,80.1087773708374,"Paruthipattu, Poonamallee - Avadi High Rd, Avadi, Tamil Nadu 600077, India"
7108,1,Thiruvottiyur Police Station,600019,13.1566011,80.2996336,"24, 4th Street, Kailash Sector, Kailash Sector, Tiruvottiyur, Chennai, Tamil Nadu 600019, India"
931,26C,Saidapet Metro,600015,13.020641505845436,80.21326548173687,"6-23, V O C Nagar 4th St, Duraisamy Garden, Vinayagapuram, Chennai, Tamil Nadu 600098, India"
5567,30c,Kesavarthini,600087,13.044480923429251,80.18003440626701,"3-5, 5th St, Venkateshwara Nagar, Brindavan Nagar, Valasaravakkam, Chennai, Tamil Nadu 600087, India"
4014,23,"Independence Day Park, Nanganallur",600061,12.9857957,80.19511539999999,"8, 8th St, Ram Nagar, Nanganallur, Chennai, Tamil Nadu 600061, India"
1128,6,CPWD QUARTERS,600040,13.085359228622108,80.19890893028773,"36, 2nd Ave, Tirumaniamman Nagar, Anna Nagar, Chennai, Tamil Nadu 600040, India"
7086,34C,Iyyappanthangal Reliance Mart,600056,13.0372987,80.1346324,"24PM+WV6, Iyyappanthangal, Chennai, Tamil Nadu 600056, India"
7049,34C,Iyyappanthangal reliance mart ,600056,13.0372987,80.1346324,"24PM+WV6, Iyyappanthangal, Chennai, Tamil Nadu 600056, India"
1143,34,Maran Gardens,600056,13.0424059,80.1239659,"1b, Mount Poonamallee Rd, Saminathan Nagar, Swaminatha Nagar, Kattupakkam, Chennai, Tamil Nadu 600056, India"
577,20A,Rajakilpakkam,600073,12.9237383,80.1512476,"Plot no. 12, gurunathar street, Rajakilpakkam, Back side of indian oil bunk, Sabai Colony, Selaiyur, Chennai, Rajakilpakkam, Tamil Nadu 600073, India"
4359,26C,Nandanam Signal,600017,13.0347027,80.2399225,"9, Melony Rd, T. Nagar, Chennai, Tamil Nadu 600017, India"
5935,26C,Nandanam Signal,600017,13.0346899,80.2399818,"9, Melony Rd, T. Nagar, Chennai, Tamil Nadu 600017, India"
4517,41,Walajapet busstand ,632513,12.92537953494914,79.36402000896207,"38, NAVAB THEVADI STREET, near Chennai Bus stand, Walajapet, Tamil Nadu 632513, India"
7920,38,Ayyangarkulam koot road ,631502,12.783816914813915,79.67702856079656,"QMMG+FRG, Abdulapuram Koot Road, Tamil Nadu 631702, India"
5597,17c,Thiruvallur GRT,602001,13.1236581,79.91159379999999,"74, JN Rd, near Oil Mill Bus Stop, Kakkalur, Tamil Nadu 602001, India"
2367,40A,Ekanampettai,631601,12.804292966939824,79.7686105161477,"86, Ekanampettai, Tamil Nadu 631601, India"
3190,30C,Friends Park Hotel,600087,13.0436258484275,80.17085811475476,"10-7, Guhan St, West Kamakoti Nagar, Valasaravakkam, Chennai, Tamil Nadu 600087, India"
1961,13A,Kolathur( Don Bosco school Peravallur),600082,13.1202689,80.2215765,"2/11, Bajanai Koil St, Anjugam Nagar, Kolathur, Chennai, Tamil Nadu 600082, India"
2867,38,Ganesh hardwares near sevilimedu,631501,12.814107582750664,79.6903707265256,"Ganesh Hardwares, 50, Vandavasi Rd, opposite Sevilimedu, Gem Nagar, Kanchipuram, Tamil Nadu 631502, India"
6326,34,Mugalivakkam,600125,13.022548210386269,80.17030883640216,"7, Ranga Ave, Krishnaveni Nagar, Manapakkam, Chennai, Tamil Nadu 600125, India"
7149,36C,Kovur high school thandalam,600128,13.0101843,80.1189182,"60, Kovur, Chennai, Thandalam, Tamil Nadu 600128, India"
604,5A,Maduravoyal Market,600095,13.063438316036333,80.1675962166001,"287, Poonamallee High Rd, Pallavan Nagar, Maduravoyal, Chennai, Tamil Nadu 600095, India"
906,30C,Friends park hotel,600087,13.0417434811329,80.17606782072698,"34, Arcot Rd, Rajaji Avenue, Valasaravakkam, Chennai, Tamil Nadu 600087, India"
1773,13A,Britannia ,600080,13.102389,80.1757519,"6/189B, Periyar Nagar, Bharathi Nagar, Korattur, Chennai, Tamil Nadu 600098, India"
7801,39C,Oli Mohamed Pettai (Kori),631502,12.84987377901436,79.69321447046401,"67, Kanchipuram To Thirupathi Hwy, Oilmohammadpettai, Pillaiyarpalayam, Kanchipuram, Tamil Nadu 631502, India"
5612,1C,Royapuram bridge,600013,13.111342,80.2949533,"12/13. R C C TRUST, W Madha Church St, Panaimarathotti, Pudumanaikuppam, Royapuram, Chennai, Tamil Nadu 600013, India"
721,5B,Vanagaram bus stop,600095,13.059840270243456,80.15342149594974,"3553+W9V, Perumal Koil 3rd St, Ganapathy Nagar, Maduravoyal, Chennai, Tamil Nadu 600095, India"
436,19c,Hasthinapuram ,600044,12.9438542,80.1539034,"39, Netaji Nagar, Chromepet, Chennai, Tamil Nadu 600064, India"
133,20B,Bharath University,600126,12.90685188053616,80.14244294682351,"Balaji Nagar, Selaiyur, Chennai, Tamil Nadu 600126, India"
3122,13A,britannia,600080,13.0996071,80.17930779999999,"146/2, Railway Station Rd, Periyar Nagar, Mannurpet, Korattur, Chennai, Tamil Nadu 600080, India"
379,33,Sivan park,600078,13.0417753,80.2049487,"Sivan Park, PV Rajamannar Salai, Kannigapuram, Sector 3, K. K. Nagar, Chennai, Tamil Nadu 600078, India"
3017,16c,Kallikuppam arch,600053,13.135306085237412,80.17194642323909,"Plot no.1, Pillaiyar Koil 1st Cross St, Kallikuppam, Ambattur, Chennai, Tamil Nadu 600053, India"
1990,42,Jothi nagar,631004,13.0949446,79.658699,"Jothi Nagar, 1, Bharathidasan Rd, Jothi Nagar, Arakkonam, Tamil Nadu 631003, India"
5842,19,Singaperumal Kovil bus stop,603204,12.7615212,80.0035213,"Singaperumal Kovil, Tamil Nadu 603204, India"
4294,9A,Mogappair west sbi bank ,600037,13.07743165622466,80.1696045949094,"51, Mogappair West, Ambattur Industrial Estate, Chennai, Tamil Nadu 600095, India"
378,9b,Grace super market ,600037,13.0782128,80.1805381,"NO 11/100 J J NAGAR EAST, Mogappair Eri Scheme, Mogappair, Chennai, Tamil Nadu 600037, India"
1410,11C,Korattur ,600080,13.108113340461744,80.18313953898216,"64/H33, Periyar Nagar, Korattur, Chennai, Tamil Nadu 600080, India"
5974,19E,Padmavathi,600063,12.91983999291225,80.08765465988614,"11, Tambaram - Mudichur - Sriperumbudur Rd, Gandhi Nagar, Tambaram, Mudichur, Old Perungalathur, Tamil Nadu 600063, India"
7967,7C,TSK Nagar,600050,13.09114119851569,80.18678890105814,"No. 1178 A - G2, Anna Nagar, 58th St, Devar Nagar, TVS Colony, West Extention, Chennai, Tamil Nadu 600101, India"
6275,40A,Sriperumbudur ,602105,12.974185001650584,79.94473135189124,"XWFV+MW7, Sriperumbudur, Tamil Nadu 602105, India"
6984,18A,"Jb estate,avadi",600054,13.11071238938124,80.10888730175793,"4465+8F5, Avadi Rd, JB Estate, Avadi, Tamil Nadu 600054, India"
4682,12,Mkb nagar(skmahal),600118,13.130171518247035,80.25699462856561,"115, Gandhi St, Kodungaiyur (East), Vivekananda Nagar, Kodungaiyur, Chennai, Tamil Nadu 600118, India"
2649,45,Somangalam eb office ,600069,12.948029,80.0360224,"W2XP+6C6, 2/45, Indra Nagar, Somangalam, Tamil Nadu 602109, India"
5739,20D,Kovilambakkam bus stand,600129,12.938522166489918,80.1773333228729,"88, Perumal Koil St, Vijayalakshmi Nagar, Nanmangalam, Adambakkam, Chennai, Tamil Nadu 600088, India"
6360,35,"Krishna nagar, Pammal ",600074,12.981861439488014,80.13941546241766,"Venkateswara Nagar, Pammal, Chennai, Tamil Nadu 600074, India"
1158,7c,Velammal School ,600050,13.091141,80.18320120000001,"69, Mogappair East, Chennai, Tamil Nadu 600050, India"
169,3c,Kallarai- Road,600002,13.082998343682924,80.22996095354532,"65, Kilpauk Garden Road, T.P.Chatram, KVN Puram, Shenoy Nagar, Chennai, Tamil Nadu 600010, India"
6560,32,Aranganathan subway,600033,13.028774394577022,80.22411143656504,"01, Reddy Kuppam Rd, Panneerselvam Nagar, West Mambalam, Chennai, Tamil Nadu 600033, India"
1217,10,"Ayanavaram, Noor Hotel, lassi shop ",600023,13.09568798568628,80.23548966978397,"29/12, Venkatesapuram Colony, Ayanavaram, Chennai, Tamil Nadu 600023, India"
3429,33,Hotel Saravana Bhavan,600083,13.031043,80.20275099999999,"150, B9, Pillaiyar Koil St., Ashok Nagar Nu-Tech Indra Apts, Sapthagiri Colony, West Jafferkhanpet, Chennai, Tamil Nadu 600083, India"
7510,18c,Kendriya Vihar ,600071,13.0890365,80.10951469999999,"VGN apartments, Hazel Apartment, Poonamallee - Avadi High Rd, Avadi, Tamil Nadu 600071, India"
3004,35D,Pammal police booth ,600075,12.973060318990496,80.12895867126672,"3/4, Thiruneermalai Main Rd, LIC Colony, Pammal, Chennai, Tamil Nadu 600075, India"
5564,5B,"Maduravoyal ,Erikarai ",600095,13.061138218298716,80.16346390508005,"3567+FC2, Kamaraj Nagar, Maduravoyal, Chennai, Tamil Nadu 600095, India"
7673,11,M1.Police Station,600060,13.1364257,80.2322712,"Block-A, Cluster_madhavaram 3, Kolkata, Madhavaram, Chennai, Tamil Nadu 600060, India"
640,32C,kasi theatre,600083,13.0294896,80.2084704,"92, Jawaharlal Nehru Salai, near Kasi Theatre, Kasi Estate, Ashok Nagar, Chennai, Tamil Nadu 600083, India"
2578,33,MGR NAGAR ,600078,13.033032007758182,80.19896212958722,"2, Velayutham St, MGR Nagar, Nesapakkam, Chennai, Tamil Nadu 600078, India"
2579,15B,Thirumullaivoyal ,600109,13.118083016010784,80.13050934822787,"14/5, Senthil Nagar, Annanur, Thirumullaivoyal, Chennai, Tamil Nadu 600062, India"
4577,19,Singaperumal Koil,603204,12.75634479244458,80.01436583570685,"22, Sengundram Rd, Rajeshwari Nagar, Singaperumal Koil, Tamil Nadu 603209, India"
5721,6,"Anna Nagar , lukes church",600040,13.084851528900034,80.20999495947245,"157, 2nd Ave, AD Block, Anna Nagar, Chennai, Tamil Nadu 600040, India"
3649,19c,Hastinapuram ,600044,12.94361916895539,80.16054818612648,"W5V6+F7Q, Kuppannayakkanpetai, Muthuswamy Nagar, Muthusamy Nagar, Chromepet, Nemilicherry, Chennai, Tamil Nadu 600044, India"
3541,18,Ramarathana,600071,13.109146,80.0991796,"No.1, 1st Cross St, Kumaran Nagar East, Kumaran Nagar, Avadi, Tamil Nadu 600071, India"
3465,10,"Ayanavaram, Noor hotel, lassi shop",600023,13.09836577498404,80.23554946809591,"9, Ramkumar 5th St, Venkatesapuram Colony, Ayanavaram, Chennai, Tamil Nadu 600023, India"
1520,19A,"Kurinchi Nagar, Peerakankaranai, Vandalur, Tamil Nadu 600048, India",600048,12.8912856,80.080168,"2/369, Kurinchi Nagar, Peerakankaranai, Vandalur, Tamil Nadu 600048, India"
7617,2,Mani cycle shop,600021,13.125284201794962,80.2892530224759,"47GQ+4PG, Varadaraja Perumal Koil St, Sanjeevarayanpet, Tondiarpet, Chennai, Tamil Nadu 600081, India"
2639,38c,Akkur x road,631701,11.103461,79.7860517,"4Q3P+9CM, Akkur, Udayayarkoil Pathy, Tamil Nadu 609301, India"
3999,8,Nadhamuni theatre ,600049,13.103408863889962,80.20203113373351,"56, Madras Thiruvallur High Rd, TNHB Colony, Villivakkam, Chennai, Tamil Nadu 600049, India"
5304,5,MMDA post office ,600094,13.067077377794051,80.21448430131832,"no q, 219, MMDA Colony Main Rd, Q Block, MMDA Colony, Arumbakkam, Chennai, Tamil Nadu 600106, India"
395,33,Sivan park,600078,13.0417753,80.2049487,"Sivan Park, PV Rajamannar Salai, Kannigapuram, Sector 3, K. K. Nagar, Chennai, Tamil Nadu 600078, India"
1931,15D,"Ayanambakkam Rd, Ambattur tank",600053,13.097488,80.146684,"Church, Ayanambakkam Rd, Ambattur Tank, Ambattur, Chennai, Tamil Nadu 600053, India"
3109,40c,Kori,631502,12.849850200694394,79.69339331680494,"67, Kanchipuram To Thirupathi Hwy, Oilmohammadpettai, Pillaiyarpalayam, Kanchipuram, Tamil Nadu 631502, India"
5520,13B,TVK Nagar,600082,13.119880954274194,80.23245575288402,"19, Bashyam St, T V K Nagar, Tiru Vi Ka Nagar, Perambur, Chennai, Tamil Nadu 600082, India"
1475,7C,T.S.K nagar,600037,13.087812016569556,80.18514194509896,"35QP+539, TS Krishna Nagar, J J Nagar, Mogappair East, Chennai, Tamil Nadu 600050, India"
3991,31,SRM Hospital,600033,13.0418126,80.2247068,"Thambiah Road, 68, Duraiswamy Subway, Gokulam Colony, Ramakrishnapuram, West Mambalam, Chennai, Tamil Nadu 600033, India"
7418,40b,Gujarat chathiram,631501,12.8383256,79.6868686,"RMQP+8P Pillaiyarpalayam, Kanchipuram, Tamil Nadu, India"
7625,20B,BHARATH UNIVERSITY,600073,12.905053977000236,80.14201477875974,"W43R+XP4, Agaram Main Rd., Padamavathy Nagar, Yeswanth Nagar, Tambaram, Chennai, Tamil Nadu 600126, India"
5307,33,K.K.Nagar Pillaiyar koil,600078,13.035131224091286,80.20631441964339,"Brindhavan Tower Mig-1, 5, Ashok Pillar Main Road Brindavan tower, Brindhavan Tower Mig-1, Brindhavan Tower, 4/12, K. K. Nagar, Chennai, Tamil Nadu 600078, India"
7671,16E,Saraswathi Nagar,600062,13.129098652346212,80.1388932062505,"470, Chennai - Tiruvallur High Rd, Balaji Nagar, Thirumullaivoyal, Chennai, Tamil Nadu 600062, India"
2732,10,T b hospital,600012,13.096743802611774,80.24591883517506,"1, Subbaraya Chetty 3rd St, Nammalwarpet, Purasaiwakkam, Chennai, Tamil Nadu 600012, India"
6764,42C,WINTERPET,631005,13.076552120210584,79.65817451477051,"3MG5+J74, Ammanur, Arakkonam, Tamil Nadu 631005, India"
3518,35A,Aravind eye hospital,600056,13.04806711927857,80.12780081183271,"Plot no 11, Sree Hari Nagar, F1, 1st Main Rd, Goparasanallur, Chennai, Tamil Nadu 600056, India"
2873,28,Kodambakkam bridge,600017,13.053711311590298,80.23419575101377,"149, 61, Kodambakkam High Rd, Parthsarathy Puram, Parthasarathi Puram, T. Nagar, Chennai, Tamil Nadu 600017, India"
5776,40A,Oragadam ,602105,12.80408625436984,79.97369822030767,"108, Siruvanjur R.F., Tamil Nadu 603204, India"
3512,26,D1 police station,600005,13.06462630744347,80.27397549197262,"326, Triplicane High Rd, Indra Nagar, Ellis Puram, Padupakkam, Triplicane, Chennai, Tamil Nadu 600005, India"
1854,44,panapakkam,631052,12.9212731,79.5646536,"WHC7+GV2, Panapakkam, Tamil Nadu 631052, India"
4601,10,venkateshapuram colony,600023,13.0985872,80.2339812,"No. 17, K.H. Road, Ayanavaram, Near joint office, opposite to government school, Vasantha nagar, Chinna Chembarambakkam, Ayanavaram, Chennai, Tamil Nadu 600023, India"
3757,33,Sivan park,600078,13.0417753,80.2049487,"Sivan Park, PV Rajamannar Salai, Kannigapuram, Sector 3, K. K. Nagar, Chennai, Tamil Nadu 600078, India"
3415,33,MGR Nagar Market,600078,13.0362732,80.2010833,"39/13, Anna Main Rd, near Anantha hardware, MGR Nagar, K. K. Nagar, Chennai, Tamil Nadu 600078, India"
1500,33,Sivan park,600078,13.042005245965797,80.20488432698365,"Sivan Park, PV Rajamannar Salai, Kannigapuram, Sector 3, K. K. Nagar, Chennai, Tamil Nadu 600078, India"
7190,5,MMDA,600106,13.06834716700214,80.21446396668699,"R - 34, Elango St, R Block, MMDA Colony, Arumbakkam, Chennai, Tamil Nadu 600106, India"
6725,1,Eranavoor ,600057,13.1899947,80.3096124,"23/65, Gandhi Nagar, Netaji Nagar, Ernavur, Ennore, Chennai, Tamil Nadu 600057, India"
3448,37B,parivakkam signal,600056,13.056377114305525,80.09714386096633,"Ashok Leyland, Muthamil Nagar, Maran Nagar, Chennai, Tamil Nadu 600056, India"
7685,34C,Iyyapanthangal bus Stand,600056,13.0448567,80.1341365,"24VM+WP3, Moovendhar Nagar, Danalakshmi Nagar, Iyyappanthangal, Chennai, Tamil Nadu 600077, India"
2621,18A,JB Estate,600071,13.110153115820603,80.10931000616796,"171/4, JB Estate, Avadi, Tamil Nadu 600054, India"
22,15C,Singapore shopping ,600053,13.1214371,80.148208,"125, Chennai - Thiruttani - Renigunta Hwy, Vivek Nagar, Ram Nagar, Ambattur, Chennai, Tamil Nadu 600053, India"
315,19,Government hospital ,603001,12.679321856279785,79.97794538725212,"23, B68, opp to, GH Rd, Alagesan Nagar, Varadharaja Nagar, Chengalpattu, Ammanambakkam, Tamil Nadu 603001, India"
7412,35c,Kundrathur,600069,13.0013489,80.09260139999999,"9/78, Kundrathur, Sirukalathur, Sikkarayapuram, Tamil Nadu 600069, India"
1042,45,Melnallathur high school,600133,12.964256326198328,80.04509643714924,"Poonthandalam, Tamil Nadu 600133, India"
2786,43,Tiruttani,631209,13.182378,79.6107813,"Tiruttani, Steward Pet, Thiruttani, Tamil Nadu 631209, India"
7447,15C,Singapore shopping ,600053,13.1226034,80.14741479999999,"1, Ambattur Red Hills Rd, Ram Nagar, Ambattur, Chennai, Tamil Nadu 600053, India"
3995,21,Arun ice cream,600088,12.9796283,80.2110927,"410, 1st Main Rd, Andal Nagar Extension, Adambakkam, Chennai, Tamil Nadu 600042, India"
4544,42A,Mappedu ,631402,13.0334476,79.85356929999999,"2VM3+9CG, SH 120, Mappedu, Kilacheri, Tamil Nadu 631402, India"
2815,16,Redhills ,600052,13.1952804,80.1857599,"28, Muthuramalinga Thevar Street Bypass Road, Ambattur Taluk, Red Hills, Padianallur, Chennai, Tamil Nadu 600052, India"
740,12,Mkb nagar,600118,13.1294436,80.2590802,"93, Meenambal Rd, opp. Dhanabackyam Marriage Mahal, Kodungaiyur (East), Krishnamoorthy Nagar, Kodungaiyur, Chennai, Tamil Nadu 600118, India"
2167,5B,Vanagaram Signal,600095,13.061103,80.15136249999999,"27, Poonamallee High Rd, near Srivaaru Mahal Signal, Ganapathy Nagar, Vanagaram, Chennai, Tamil Nadu 600095, India"
5984,5B,Shrivari Signal,600095,13.0644673,80.15245329999999,"Guru Brindhavan Garden Guru Brindhavan Garden-B, Guru Brindhavan Garden, Maduravoyal, Chennai, Tamil Nadu 600095, India"
7530,6,Blue star,600040,13.084821362128675,80.20932432154974,"167/3/2, 2nd Ave, Block AD, AD Block, Anna Nagar, Chennai, Tamil Nadu 600040, India"
1731,32c,Kasi theatre ,600083,13.0294896,80.2084704,"92, Jawaharlal Nehru Salai, near Kasi Theatre, Kasi Estate, Ashok Nagar, Chennai, Tamil Nadu 600083, India"
4615,41A,Kaveripakkam Bus stand,632508,12.900904317327743,79.46041048210024,"Kaveripakkam Bus Stand, NH 46, Kaveripakkam, Tamil Nadu 632508, India"
7386,19c,Hastinapuram,600064,12.9403937,80.15062400000001,"12b, Dr Rajendra Prasad Rd, B.H.E.L Nagar, Anna Nagar, Hasthinapuram, Chromepet, Chennai, Tamil Nadu 600064, India"
3731,33,Sivan park,600078,13.0410254,80.2000596,"175, Ramaswamy Salai, Sector 4, K. K. Nagar, Chennai, Tamil Nadu 600078, India"
5929,7c,Thirumangalam ,600040,9.826919699999998,77.9903937,"RXGR+P78, Tirumangalam, Tamil Nadu 625706, India"
6431,19C,Hasthinapuram,600064,12.933964726897017,80.1496672803948,"19B, Sarvamangala Nagar, Chitlapakkam, Chennai, Tamil Nadu 600064, India"
693,2,"Mani cycle shop, Tondiarpet",600081,13.1323571,80.2919683,"no 217/A, Thiruvottiyur High Rd, near Agasthiya Theatre, New Washermenpet, Tondiarpet, Chennai, Tamil Nadu 600081, India"
6045,21C,Ngo colony bus stand,600088,12.9891813,80.2075557,"X6Q5+J2F, 14th Cross St, NGO Colony, Adambakkam, Chennai, Tamil Nadu 600042, India"
3300,5B,"Maduravoyal,Errikari",600116,13.047461609342005,80.16580731210904,"9-609, 25th St, Sri Krishna Nagar, Ashtalakshmi Nagar, Porur, Chennai, Tamil Nadu 600095, India"
7388,19C,Hasthinapuram ,600064,12.936985868627469,80.14993738409875,"11/328, Vinobaji Nagar, Hasthinapuram, Chromepet, Chennai, Tamil Nadu 600064, India"
7824,14,Kattur koot road,601203,13.3451646,80.2878794,"SEN NAGARO OPPJUMBO BAG COMPANY, 87WQ+356, Tamil Nadu 601203, India"
2895,25,Thiruvanmiur RTO Office,600041,12.9769676,80.2567983,"25/11A, PTC Colony, Thiruvanmiyur, Chennai, Tamil Nadu 600041, India"
6069,42C,SR Gate,631005,13.07051834476003,79.66625129833827,"3MC8+CHJ, Arakkonam, Tamil Nadu 631002, India"
6027,41A,"Sirukarumbur,Ranipet",632531,12.896687227548044,79.49766841582826,"VFWW+GXF, Sirukarumbur, Tamil Nadu 632531, India"
3862,1c,Beach station ,600001,13.0929471,80.2920097,"Burma Bazaar, 69a, Rajaji Rd, Chennai Port Trust, Chennai, Tamil Nadu 600001, India"
5450,28c,karambakam,600116,13.046168330834114,80.1582172886115,"4-6, Andal Nagar Main Rd, Sunaresan Nagar, Alapakkam, Ramasamy Nagar, Chennai, Tamil Nadu 600116, India"
2424,23,Kovilambakkam ,600117,12.945813225111571,80.18309079999999,"W5WM+969, Veeramani Nagar, Kovilambakkam, Chennai, Tamil Nadu 600117, India"
6037,11,Kolathur RTO office ,600110,13.13536786982266,80.21640559799137,"46P8+3J2, 30 Feet Rd, Sastry Nagar, Kolathur, Chennai, Tamil Nadu 600099, India"
6340,34C,Priestege Bella Vista Apartments,600056,13.0436774,80.13126319999999,"2/205, EVP Park Ave, Moovendhar Nagar, Balaji Nagar Extension, Iyyappanthangal, Chennai, Tamil Nadu 600056, India"
1871,41A,Avalur,632531,12.8974288,79.5313641,"VGXJ+88P, Chithanji, Uthirampattu, Tamil Nadu 632531, India"
5290,19D,Urapakkam School stop,603210,12.8664206,80.0752885,"Urapakkam, Kubera Nagar, Urapakkam, Tamil Nadu 603211, India"
4206,3,Saravana Stores-Purasaiwalkam,600007,13.0871714,80.2558708,"35, Murugappa St, Perumalpet, Purasaiwakkam, Chennai, Tamil Nadu 600007, India"
1630,20E,CHROMEPET,600044,12.9503844,80.13645500000001,"10, Pallavapuram, New Colony, Chromepet, Chennai, Tamil Nadu 600044, India"
400,24C,Pallavaram bus stop,600043,12.96690687120432,80.14919057819468,"6/37, Subramaniya, Pallavaram, Chennai, Tamil Nadu 600043, India"
3735,17A,Kakkalur bus stop ,602003,13.134985716011917,79.92810970139178,"190, Chennai - Tiruvallur High Rd, Kakkalur Industrial Estate, Putlur, Tamil Nadu 602003, India"
6199,5A,Maduravoyal Ration Shop,600095,13.0687895,80.178404,"12/176, Chelliamman Koil St, Periyar, Maduravoyal, Chennai, Tamil Nadu 600107, India"
215,5B,Vanagaram ,600095,13.061448802358594,80.15136716051737,"3b, Poonamallee High Rd, Maduravoyal, Chennai, Tamil Nadu 600095, India"
3705,15E,Manikandapuram HP petrol bunk,600062,13.124932023525195,80.13543816222402,"34, 3rd Main Rd, Bharathi Nagar Extn, Manikanda Puram, Thirumullaivoyal, Chennai, Tamil Nadu 600062, India"
7107,7C,Velammal Main School,600037,13.0863966,80.1826713,"7/31, TS Krishna Nagar, J J Nagar, Mogappair East, Chennai, Tamil Nadu 600050, India"
4202,5b,"Maduravoyal,Eriikkarai",600095,13.061114,80.16303099999999,"192A, Kamaraj Nagar, Maduravoyal, Chennai, Tamil Nadu 600095, India"
4174,35D,Pammal,600075,12.9749128,80.1327824,"83, Pammal, Chennai, Tamil Nadu 600044, India"
2777,18c,avadi paruthipattu kendriya vihar,600071,13.089436366370114,80.1088074955885,"My Asvini, Nrd Towers, 21/61, Avadi, Tamil Nadu 600071, India"
4876,12B,"lakshmi amman koil bus stop,perambur",600011,13.116380961069645,80.24260259468457,"15, Lakshmi Amman Koil St, Siruvallur, Perambur, Chennai, Tamil Nadu 600011, India"
1444,25C,Style Up Manapakkam,600089,13.0294998,80.1860767,"4/536, Ellamal Nagar, Rayala Nagar, Ramapuram, Chennai, Tamil Nadu 600089, India"
5962,5B,"Erikarai, Maduravoyal ",600095,13.061114,80.16303099999999,"192A, Kamaraj Nagar, Maduravoyal, Chennai, Tamil Nadu 600095, India"
601,15,Murugappa Polytechnic College ,600062,13.122394024441482,80.11793838204535,"21/31, Railway Car Shed Complex Rd, Evr Nagammai Nagar, Railway Carshed Complex Post Avadi, Chennai, Tamil Nadu 600062, India"
3717,27,KOTTURPURAM,600085,13.016989540484998,80.24099001368667,"ISTE Professional Centre, Kottur, 268R+Q99, Gandhi Mandapam Rd, Duraisamy Nagar, Kotturpuram, Chennai, Tamil Nadu 600085, India"
5720,27c,Citi centre,600005,13.04332107741674,80.27381461534424,"Chennai City Centre, 10/11, Dr Radha Krishnan Salai, Loganathan Colony, Mylapore, Chennai, Tamil Nadu 600005, India"
5944,15B,Thirumullaivoyal ,600062,13.130625738287934,80.13192004596927,"67/25, Chennai - Tiruvallur High Rd, Venugopal Nagar, Cholambedu, Chennai, Tamil Nadu 600062, India"
691,16A,St.Micheal polytechnic college ,600062,13.176393,80.132842,"54GM+C5R, Chinnanolambur, Pammathukulam, Tamil Nadu 600062, India"
7798,34,Kattupakkam MTC Stop,600056,13.0393157,80.1287769,"Lakshmi Avenue, 1/11, Bajanai Koil St, Pushpa Nagar, Kattupakkam, Chennai, Tamil Nadu 600056, India"
3784,29C,Valasaravakkam ,600116,13.049744571571868,80.17053600160632,"181, Ashtalakshmi Nagar, Alapakkam, Chennai, Tamil Nadu 600087, India"
4782,36C,Vigneshwara Nagar porur ,600116,13.028213386033778,80.15137265141598,"bus stop, 11c, Cheran St, opp. vigneshwara nagar, Ramanatheswarar Nagar, Vigneshwara Nagar, Porur, Chennai, Tamil Nadu 600116, India"
3516,5b,Maduravoyal Erikarai,600095,13.0472631,80.1645751,"67/A, Mahatma Gandhi St, Rajiv Gandhi Nagar, Porur, Chennai, Tamil Nadu 600095, India"
6194,19E,Padmavathy mahal ,600063,12.9096563,80.091708,"W35R+VM8, Kamaraj High Rd, Balaji Nagar, New Perungalathur, Perungalathur, Tamil Nadu 600063, India"
2610,32C,Kasi theatre,600083,13.0294896,80.2084704,"92, Jawaharlal Nehru Salai, near Kasi Theatre, Kasi Estate, Ashok Nagar, Chennai, Tamil Nadu 600083, India"
5780,5B,Maduravoyal erikarai ,600095,13.0562852,80.16546199999999,"5/2, Sri Krishna Nagar 1st St, Gangaiamman Nagar, Maduravoyal, Chennai, Tamil Nadu 600095, India"
8000,16A,Kallikuppam Arch,600053,13.130224094571917,80.17341069564515,"3/29, Gangai Nagar, Ambattur, Chennai, Tamil Nadu 600053, India"
5998,4,Egmore (co-optex) Bridge,600006,13.0658848,80.25326989999999,"5, Moores Rd, Thousand Lights West, Thousand Lights, Chennai, Tamil Nadu 600006, India"
3091,3,Muthumari amman Koil-Pursaiwakkam,600012,13.1000424,80.26008089999999,"ASSISTANT COMMISSONER OF POLICE OFFICE, POLICE QUARTERS-PULIANTHOPE, Thiruvengada Swamy St, Pattalam, Choolai, Chennai, Tamil Nadu 600012, India"
6557,4,Halls Road junction,600008,13.0739472,80.25524829999999,"17, Perumal Reddy Street, Egmore, Chennai, Tamil Nadu 600008, India"
5388,33c,"Kk nagar,  Nesapakkam bus stand",600078,13.038159844131831,80.19283919850265,"1051, Munusamy Salai, KK Nagar West, K. K. Nagar, Chennai, Tamil Nadu 600083, India"
6963,8c,IOB bank Mogappair East ,600037,13.082702880444744,80.1832174637119,"568, Block 12, J J Nagar, Mogappair East, Chennai, Tamil Nadu 600037, India"
1076,20A,Rajakilpakkam Signal,600073,12.9162314,80.1561651,"W584+FFV, Sri Sathya Sai Nagar, Sembakkam, Rajakilpakkam, Chennai, Tamil Nadu 600073, India"
137,9B,Velammal School,600037,13.0790083,80.1751505,"VELAMMAL VIDYALAYA(CBSE) MUGAPPAIR WEST Block no 7, Pearl Palace, Mogappair West, Mogappair, Chennai, Tamil Nadu 600037, India"
2015,18A,Paruthipattu police Booth,600077,13.0833042,80.10858759999999,"34M5+8CG, Avadi Rd, Viraraghavapuram, Avadi, Tamil Nadu 600077, India"
2376,19E,Bharathi nagar,600045,12.921483176115553,80.09384072157,"6, 4th St, Ramani Nagar, West Tambaram, Tambaram, Old Perungalathur, Tamil Nadu 600063, India"
7748,27C,Santhome ,600004,13.0304492,80.2745672,"45-26, 45-26, Muthu St, Kuil Thoppu, Mylapore, Chennai, Tamil Nadu 600004, India"
5736,15C,Singapore shopping,600053,13.1194322,80.1444001,"13, Vasuki St, Cholapuram, Ambattur, Chennai, Tamil Nadu 600053, India"
5725,12,Mkb nagar,600118,13.1362021,80.2585897,"257/8, Kodungaiyur (East), muthamil Nagar, Kodungaiyur, Chennai, Tamil Nadu 600118, India"
2913,31,Postal Colony,600033,13.0359571,80.219459,"18/36, Postal Colony, West Mambalam, Chennai, Tamil Nadu 600033, India"
2834,20,Pallikaranai bus stop,600100,12.933944607090329,80.20382552563402,"216, Velachery Rd, behind Pallikarani bus stop, Pallikaranai, Chennai, Tamil Nadu 600100, India"
3054,41,"AAA College,Walajapet ",632513,12.9229214,79.3768924,"W9FG+GG8, Walajapet, Tamil Nadu 632513, India"
6794,6,Luke's Church ,600040,13.0864341,80.2147026,"36P7+HVG Anna nager park, X Block, Tower Park, Anna Nagar, Chennai, Tamil Nadu 600040, India"
3308,33c,Pondicherry guest house ,600093,13.0444448,80.2000092,"30/20, Vijayaraghavapuram, Saligramam, Chennai, Tamil Nadu 600078, India"
174,33C,Virughambakkam vembulli amman Kovil bus stand ,600092,13.046405453684203,80.19060086083752,"201, Arcot Rd, Sankareswarar Nagar, Virugambakkam, Chennai, Tamil Nadu 600092, India"
5731,17C,Chevappettai,602025,13.129945239453082,79.96584910978105,"Sevvapet Railway Station, Aranvoyal - Thiruvur Rd, Sevvapet, Sirukadal, Tamil Nadu 602025, India"
5740,16C,Pudur,600053,13.130636738849894,80.15940394965308,"45J5+7Q2, Pudur, Ambattur, Chennai, Tamil Nadu 600053, India"
1619,11,Kalpana lamps,600110,13.139046584716292,80.22748614470325,"Ganapathu Thottam, Ponniammanmedu, Chennai, Tamil Nadu 600110, India"
2086,31,Postal Colony,600033,13.0359571,80.21945900000001,"18/36, Postal Colony, West Mambalam, Chennai, Tamil Nadu 600033, India"
6766,7C,Thirumangalam EB,600040,13.087146671551237,80.19741787780016,"88, West, Asiad Colony, Anna Nagar, Chennai, Tamil Nadu 600101, India"
4844,17D,Veppampattu railway station ,602024,13.124902,79.997101,"Veppampattu Railway Station, Sudaraon Nagar, Veppambaattu, Tamil Nadu 602024, India"
4687,38,Ayyenkarkulam,631502,12.7836459,79.67717329999999,"QMMG+FRG, Abdulapuram Koot Road, Tamil Nadu 631702, India"
5684,17c,GRT,602001,13.12365678106127,79.91161473155883,"74, JN Rd, near Oil Mill Bus Stop, Kakkalur, Tamil Nadu 602001, India"
7657,40B,Rangaswamy kulam,631501,12.824021578959078,79.71024989978888,"36, Vilakadi Koil St, Chinna Kanchipuram, Ennaikaran, Arappanacheri, Tamil Nadu 631501, India"
2264,34C,Iyappanthangal Smart Reliance ,600056,13.0372987,80.1346324,"24PM+WV6, Iyyappanthangal, Chennai, Tamil Nadu 600056, India"
7043,34C,"Iyyapanthangal, Reliance Smart ",600056,13.0372987,80.1346324,"24PM+WV6, Iyyappanthangal, Chennai, Tamil Nadu 600056, India"
2759,26c,Nandanam ,600035,13.03047716209582,80.23899344858874,"26JQ+7HG, Mount Rd, Y.M.C.A College of Physical Education, CIT Nagar, Chennai, Tamil Nadu 600035, India"
5742,20,Rajakilpakkam,600073,12.913649489570147,80.15497448499626,"15, Raghavendra Nagar, VGP Srinivasa Nagar, Madambakkam, Rajakilpakkam, Chennai, Tamil Nadu 600073, India"
7039,34C,Iyyapanthangal Reliance Smart,600056,13.0372987,80.1346324,"24PM+WV6, Iyyappanthangal, Chennai, Tamil Nadu 600056, India"
4218,1,liftgate,600057,13.184710777118148,80.31291515308763,"39, Manali High Rd, Bharath Nagar, Neidhal Nagar, Tiruvottiyur, Chennai, Ennore, Tamil Nadu 600057, India"
2908,15D,Ayappakkam church (water tank),600058,13.095519551425928,80.14719913247166,"162 New Colony, TNHB Colony, Phase 3, Ambattur, Chennai, Tamil Nadu 600058, India"
569,34B,Kumanachavdi (EVP Mahal),600056,13.04720415650015,80.11672139708415,"12/125A, Karayanchavadi, Poonamallee, Chennai, Tamil Nadu 600056, India"
122,45,"Indra Gandhi salai, Nariyambakkam,salamangalam",601301,12.8893645,79.9949703,"VXQV+RVP, Nariyambakkam, Tamil Nadu 602301, India"
2559,19C,Gandhi road,600045,12.9307167,80.1118791,"440, Kasthuribai Nagar, Tambaram, Chennai, Tamil Nadu 600045, India"
99,14c,Arul nagar,600118,13.142753633756758,80.24304168256859,"23/4, Kattabomman 9th St, Anbu Nagar, Kodungaiyur, Chennai, Tamil Nadu 600118, India"
6238,15,Ambattur OT,600053,13.121214388533076,80.16331482591104,"12/3, Ilango Nagar, Ambattur, Chennai, Tamil Nadu 600053, India"
4778,40,Tollgate ,631501,12.818955938883224,79.72974513453885,"17, National Highway, Thrivulluvar Nagar, Kanchipuram, Nattapettai, Tamil Nadu 631601, India"
3881,8c,Waves,600101,13.087057,80.1928082,"A/A1, Mugappair Main Road, Anna Nagar, R-23, Ambattur Estate Rd, Thirumangalam, Govt Officers Colony, Chennai, Tamil Nadu 600040, India"
5804,11A,DRJ thathankuppam,600076,13.11939147989585,80.19900936730414,"Agrakaram, TVS Nagar, Korattur, Chennai, Tamil Nadu 600076, India"
3505,19C,Hasthinapuram,600064,12.941387625899942,80.14554853661323,"90, Dr Rajendra Prasad Rd, MDLB Colony, Hasthinapuram, Chromepet, Chennai, Tamil Nadu 600044, India"
4399,13C,"Kolathur, grace ",600049,13.1122677,80.2087265,"4665+WF5, Rajaji Nagar, Villivakkam, Chennai, Tamil Nadu 600049, India"
4661,40,Tollgate ,631501,12.818958135763625,79.72980226742064,"17, National Highway, Thrivulluvar Nagar, Kanchipuram, Nattapettai, Tamil Nadu 631601, India"
2631,3,Saravana stores,600007,13.0896776,80.2581711,"16, Venkatachala Mudali St, Seven Wells South, Purasaiwakkam, Chennai, Tamil Nadu 600003, India"
1003,43,Indian oil-Pattrai,602002,13.103252696146129,79.90775919933625,"4W35+74X, Shree Kothanda Ramar Temple Main Rd, Kumaran Nagar, Melnallathur, Venkathur, Tamil Nadu 631561, India"
2288,20E,TB Hospital ,600047,12.941961779017154,80.13280860618566,"2/4, Madhavan St, Apparao Colony, Tambaram Sanatoruim, Chennai, Tamil Nadu 600047, India"
7436,20C,Ponniamman Kovil,600091,12.971891836416868,80.19418525812115,"11A, Mp Gopal Nagar Rd, Puzhuthivakkam, Madipakkam, Chennai, Tamil Nadu 600091, India"
3701,35C,Pattur koot road,600122,13.026736,80.110957,"Pattur Koot Road, Then Colony, Mangadu, Chennai, Tamil Nadu 600122, India"
6467,21C,Adambakkam Grace Supermarket,600088,12.99201945745769,80.19887168515015,"57, Vellalar St, Paramesh Nagar, Adambakkam, Chennai, Tamil Nadu 600088, India"
6296,29,Kamatchi stores,600093,13.05448136989982,80.19990935756866,"No.23 B, Abbusali St, near Organic Market, K.K.Salai, Kaveri Rangan nagar, Saligramam, Chennai, Tamil Nadu 600093, India"
153,41C,Vallalar ,632009,12.9367973,79.1887115,"W5PQ+PF8, Alamelumangapuram, Sathuvachari, Vellore, Perumugai, Tamil Nadu 632009, India"
4193,24,Jk Mahal,600061,12.976052339131458,80.18324900381776,"Amman Kovil, M.G.R. Rd, Hindu Colony, Nanganallur, Chennai, Tamil Nadu 600061, India"
363,25c,Ramapuram signal,600089,13.025085494002935,80.18176203796726,"5/22, Michael Garden, MGR Garden, Ramapuram, Chennai, Tamil Nadu 600089, India"
4252,1c,Kasimedu signal,600081,13.1256842,80.2948023,"27, SN Chetty St, Kasipuram, Royapuram, Chennai, Tamil Nadu 600013, India"
7077,18B,Sindhu nagar,600054,13.119654076121645,80.08329972516746,"1/2, Sindhu Nagar Rd, Sindhu Nagar, Pattabiram, Tamil Nadu 600072, India"
167,15B,Thirumullaivayol,600062,13.1216072,80.134563,"215, Cholambedu Rd, Thirumullaivoyal, Chennai, Tamil Nadu 600062, India"
5101,37C,Poonamallee Bypass,600056,13.048750333279278,80.08740502832464,"23XQ+H4V, Poonamallee High Rd, Rukmani Nagar, Poonamallee, Chennai, Tamil Nadu 600123, India"
4424,10C,ICF signal,600099,13.1124243,80.2123102,"8/17, Kaveri St, Indira Nagar, Villivakkam, Chennai, Tamil Nadu 600049, India"
202,41A,Arcot bus stand ,632503,12.8534388,79.3690831,"V939+9J Saravanthangal, Tamil Nadu, India"
5158,19c,Hastinapuram bus stand,600044,12.940478,80.150728,"W5R2+57X, B.H.E.L Nagar, Hasthinapuram, Chromepet, Chennai, Tamil Nadu 600064, India"
2874,9,Mugappair east ( 7H stop ),600037,13.0785923,80.1805661,"A-10, Mogappair Industrial Estate, Paneer Nagar, Mogappair East, Chennai, Tamil Nadu 600037, India"
6855,18C,IYANKULAM,600071,13.093776643489868,80.10854032000044,"34V5+FCJ, Avadi Rd, Paruthippattu, Indira Nagar, Avadi, Tamil Nadu 600071, India"
278,15,Ambattur OT,600053,13.12156873989978,80.14489202862522,"15, Ramadoss St, Cholapuram, Ambattur, Chennai, Tamil Nadu 600053, India"
6574,19A,Irumpuliyur,600045,12.91824,80.1102744,"No 6 shelliamman koil st 2nd Cross st Irumbuliyur, East Tambaram, Tambaram, Chennai, Tamil Nadu 600059, India"
5156,17A,Aranvoyal,602025,13.106737855472607,79.95873607682357,"Tirur, Tirur, Tamil Nadu 602025, India"
7780,5C,Vengaya mandi,600107,13.069424881301158,80.18120878842556,"1/98, Nh48, Pallavan Nagar, Nerkundram, Chennai, Tamil Nadu 600107, India"
4334,45,Keel Padappai (High School),601301,12.877824,80.019456,"V2H9+4H, Padappai, Tamil Nadu 602301, India"
2796,20D,Selaiyur,600059,12.922456958027675,80.13525198437057,"254, Velachery Main Rd selaiyur, opp. Police station, East Tambaram, Tambaram, Chennai, Tamil Nadu 600073, India"
1304,42C,Sholinghur,631102,13.0992251,79.433736,"#33 YA colony, Sholinghur, Tamil Nadu 631102, India"
6086,8C,Waves,600040,13.0827729,80.1915682,"675, Padikuppam Main Rd, Kamaraj Nagar, Anna Nagar West, Anna Nagar West Extension, Chennai, Tamil Nadu 600040, India"
7101,5B,Police Booth Vanagaram ,600095,13.0610002,80.1489548,"346X+CF9, Rajiv Nagar, Vanagaram, Chennai, Tamil Nadu 600095, India"
6909,15C,"Singapore Shopping, Ambattur",600053,13.1214371,80.148208,"125, Chennai - Thiruttani - Renigunta Hwy, Vivek Nagar, Ram Nagar, Ambattur, Chennai, Tamil Nadu 600053, India"
3115,1,Lift Gate,600057,13.18479354435032,80.31192613548201,"33, Thiruvottiyur High Rd, Bharath Nagar, Kondakarai, Tiruvottiyur, Chennai, Tamil Nadu 600120, India"
4197,20,Kamatchi Hospital ,600129,12.948654344850551,80.19922244313561,"Sunnambu Kolathur Puliyamaram Bus Stop, SH 109, S. Kolathur, S.Kolathur, Sakthi Nagar, Kovilambakkam, Chennai, Tamil Nadu 600091, India"
2770,43,Pattarai(Indian oil petrol bunk),602002,13.103257355652213,79.90777156430211,"4W35+74X, Shree Kothanda Ramar Temple Main Rd, Kumaran Nagar, Melnallathur, Venkathur, Tamil Nadu 631561, India"
2787,28,Kodambakkam bridge ,600024,13.053666204102663,80.23472456068494,"63, Kodambakkam High Rd, Panagal Park Market, Darmapuram, T. Nagar, Chennai, Tamil Nadu 600017, India"
2240,22,Vijaya nagar,600042,12.9779481,80.22356099999999,"Mother Land Apartments, 26/3, Balamurugan Nagar 1st St, Anna Nagar Extension, Velachery, Chennai, Tamil Nadu 600042, India"
2362,1c,Kalmandapam police station ,600021,13.1166945,80.2903832,"478R+M4G, Kannada Palayam, GA Nagar, Old Washermanpet, Chennai, Tamil Nadu 600021, India"
4929,3C,Muthumariamman kovil (Dovton Bridge),600007,13.083221,80.2614037,"37M6+7HJ, Periamet, Vepery, Chennai, Tamil Nadu 600007, India"
3346,13, Thiruvallur Kalyana Mandapam Periyar nagar bus stop,600082,13.114135266984349,80.22405952933164,"448/31, Kandasamy St, Periyar Nagar West, Perambur, Chennai, Tamil Nadu 600082, India"
1169,8c,WAVES,600001,13.087057,80.1928082,"A/A1, Mugappair Main Road, Anna Nagar, R-23, Ambattur Estate Rd, Thirumangalam, Govt Officers Colony, Chennai, Tamil Nadu 600040, India"
3118,14c,shastri nagar,600051,13.165470934988369,80.25317663941303,"No.20, 1st Floor, Kamaraj Salai, Periya Thoppu, Manali, Chennai, Tamil Nadu 600068, India"
467,10c,Kalpana,600049,13.1080753,80.2068771,"11, Damodaran St, Rajiv Gandhi Nagar, Villivakkam, Chennai, Tamil Nadu 600049, India"
2453,11c,Korattur,600080,13.108095532122114,80.18330843928679,"23, Central Ave, Periyar Nagar, Venkatraman Nagar, Korattur, Chennai, Tamil Nadu 600098, India"
3685,9B,7M bus stop,600037,13.0822908,80.16955209999999,"4, Mogappair West Main Rd, 4th Block, Mogappair West, Ambattur Industrial Estate, Chennai, Tamil Nadu 600037, India"
1205,3C,Murugan Hospital,600010,13.082209997255347,80.23672333975068,"3/14, Thiyagappa St, Kilpauk, Chennai, Tamil Nadu 600010, India"
66,36,Periyapanicheri,600122,13.006885133077848,80.13233518202347,"296, Mani Nagar, Leelavathi Nagar, Chennai, Tamil Nadu 600069, India"
7126,7c,Golden flats,600050,13.089301792371725,80.17720914506074,"9-1331, Golden Colony, Chennai, Tamil Nadu 600058, India"
4001,20B,Bharath College,600126,12.9082059,80.13971819999999,"Bharath University Bharath Medical And Hospital, Selaiyur, Chennai, Tamil Nadu 600126, India"
6039,13B,Senthil Nagar,600099,13.12482371117686,80.20316043006248,"43, Thirumalai Nagar, Kolathur, Chennai, Tamil Nadu 600099, India"
6254,2C,Periyar Nagar ,600019,13.167826,80.3043618,"No:758/386, Thiruvottiyur High Rd, Periyar Nagar, Tiruvottiyur, Chennai, Tamil Nadu 600019, India"
5122,20B,Bharath Engineering College,600126,12.9006471,80.1616402,"W526+7M2, Madambakkam Main Rd, Madambakkam, Chennai, Tamil Nadu 600126, India"
6100,13B,Senthil Nagar,600099,13.1215898,80.2025209,"75a, 13th Cross St, Periyarnagar, Senthil Nagar, Kolathur, Chennai, Tamil Nadu 600099, India"
2126,12C,"Venus,perambur",600011,13.113621061697115,80.23545823963214,"Venus Theatre, Gopal Colony, Perambur, Chennai, Tamil Nadu 600011, India"
2052,4,Pantaloons,600094,13.061255608672829,80.2213680982614,"2/27, Andavar St, Anna Nedum Pathai, Veerapandi Nagar, Choolaimedu, Chennai, Tamil Nadu 600094, India"
3210,19,Chengelpet GH,603001,12.676740004189949,79.97851700271349,"CSM Compund, Opposite, Government Hospital, Alagesan Nagar, Varadharaja Nagar, Chengalpattu, Ammanambakkam, Tamil Nadu 603001, India"
3046,19D,"School bus Stop, Urapakkam ",603211,12.8652574,80.066065,"5, Selvaraj Nagar, AVM Nagar, Urapakkam, Adhanur, Chennai, Tamil Nadu 603211, India"
7866,25,Thiruvanmyur signal,600041,12.9830615,80.25947409999999,"39, S Mada St, Thiruvalluvar Nagar, Thiruvanmiyur, Chennai, Tamil Nadu 600041, India"
452,35D,Pammal police booth ,600075,12.9748885,80.1326318,"X4FM+X32, Thiruneermalai Main Rd, Lakshmi Narayana Nagar, Pammal, Chennai, Tamil Nadu 600075, India"
1863,26C,Teynampet signal ,600018,13.0385808,80.2470786,"427, Teynampet, Chennai, Tamil Nadu 600018, India"
7085,7,6th avenue SBI ATM,600040,13.092531,80.206842,"137, 6th Ave, P Block, G Block, Anna Nagar, Chennai, Tamil Nadu 600040, India"
4757,33C,Vembuliamman koil,600078,13.044263,80.1910829,"B1, Bangaru Colony, K. K. Nagar, Chennai, Tamil Nadu 600083, India"
492,23,Madipakkam kooti road,600091,12.96857394817821,80.18913571010762,"X59Q+FJG, Muvarasanpattu, Madipakkam, Chennai, St.Thomas Mount-cum-Pallavaram, Tamil Nadu 600091, India"
3117,15A,Thiruverkadu bus stand ,600077,13.0695939,80.1240011,"349F+RJJ, Koladi Rd, Munusamy Nagar, Parasakthi Nagar, Thiruverkadu, Tamil Nadu 600077, India"
7863,8,Sidco bus stop ,600049,13.10304670280631,80.19900027973681,"SIDCO Nagar, Agathiyar Nagar, Villivakkam, Chennai, Tamil Nadu 600049, India"
1385,2,Police quarters tondiarpet,600021,13.120354,80.286997,"48/24 & 52/24B,50/24A, Sanjeevarayanpet, Old Washermanpet, Chennai, Tamil Nadu 600021, India"
3383,28,Powerhouse ,600024,13.05802303313317,80.22105050859255,"44-33, Bharatheeswarar Colony 1st St, Bharatheeswarar Colony, Easwar Nagar, Choolaimedu, Chennai, Tamil Nadu 600094, India"
3978,25c,Besant Nagar bus depot ,600090,13.003644551484072,80.27261705999024,"7/12c, Ellaiamman Koil St, Urrur Kuppam, Besant Nagar, Chennai, Tamil Nadu 600090, India"
3417,14C,Manali market,600068,13.1635364,80.2585902,"189a, Kamaraj Salai, Avurikollaimedu, Manali, Chennai, Tamil Nadu 600068, India"
3599,18c,Kendriya Vihar,600071,13.089011,80.1098805,"Hazel Apartment, C-1309, Avadi, Tamil Nadu 600071, India"
4249,10,Otteri ,600012,13.097920928177832,80.25089026458832,"Otteri, TNHB Colony, Purasaiwakkam, Chennai, Tamil Nadu 600012, India"
7876,14,MANALI NEW TOWN ,600103,13.1980403,80.2783003,"Block 1, Manali New Town, Edayanchavadi, Chennai, Tamil Nadu 600103, India"
7600,20C,Ponniamman Kovil Bus Stop,600091,12.964836284594806,80.19685732764655,"9, Pillaiyar Koil St, Thilakar Nagar, Balaiah Garden, Chennai, Tamil Nadu 600091, India"
3139,11,Radiance Suprema Appartment ,600110,13.141139,80.2238442,"Radiance Suprema, 131, Grand Northern Trunk Rd, near Madhavaram, Roundana, Madhavaram, Chennai, Tamil Nadu 600110, India"
3562,10c,ICF signal,600038,13.1074416,80.2148047,"13A/160, Seeyalam, Villivakkam, Chennai, Tamil Nadu 600049, India"
3112,13A,Retteri Signal,600099,13.129980828743031,80.21399737982333,"1B, Perambur Red Hills High Rd, Mahatma Gandhi Nagar, Girija Nagar, Kolathur, Chennai, Tamil Nadu 600099, India"
6775,15,murugappa polytechnic,600062,13.125720381444058,80.1191269958961,"4, Annanur, Cholambedu, Chennai, Tamil Nadu 600109, India"
1041,10C,Kalpana Hotel,600049,13.103206,80.207732,"Kalpana Hotel, Villivakkam, Chennai, Tamil Nadu 600049, India"
2602,17d,Perumal kovil bus stop thiruninravur ,602024,13.112068808143354,80.02563885924422,"big colonyUnnamedRoad, 11, Mettu St, Thiruninravur, Tamil Nadu 602024, India"
5647,23c,Pazhavanthangal subway,600114,12.9848712,80.1835445,"9/6, Nehru Colony 2nd St, Pazhavanthangal, Chennai, Tamil Nadu 600114, India"
6112,12,Kannadasan nagar,600118,13.1396725,80.2529169,"47Q3+V57, Eveready Colony, Raghavan Nagar, Kodungaiyur, Chennai, Tamil Nadu 600118, India"
3698,16E,AVADI CHECK POST ,600054,13.119243876723454,80.09513053348287,"239/139/138, Chennai - Tiruvallur High Rd, Kasturba Nagar, Avadi, Tamil Nadu 600054, India"
2943,20C,"Madipakkam,ponniamman koil",600091,12.9630161,80.1973485,"3, Eswaran Koil 3rd Cross St, Madippakkam Eri, Balaiah Garden, Madipakkam, Chennai, Tamil Nadu 600091, India"
4891,16E,Paruthipattu,600071,13.093718,80.10850800000001,"34V5+FCJ, Avadi Rd, Paruthippattu, Indira Nagar, Avadi, Tamil Nadu 600071, India"
1359,18A,Jb estate ,600054,13.111566864490165,80.10872594250888,"4465+HF9, Poonamallee - Avadi High Rd, JB Estate, Avadi, Tamil Nadu 600071, India"
6954,10c,ICF signal,600038,13.101491641854372,80.21667140593446,"256, 4th Cross St, ICF North Colony, Konnur, Chennai, Tamil Nadu 600038, India"
3559,15D,Ayapakkam water tank ,600077,13.0898426,80.14293719999999,"1, Kamarajar St, Pachaiappan Nagar Phase II, Koladdi Village, Ayappakkam, Chennai, Tamil Nadu 600077, India"
4467,8,"Nathamuni theatre, Villivakkam ",600049,13.1088331,80.2008196,"515, 53rd St, Sidco Nagar, Villivakkam, Chennai, Tamil Nadu 600049, India"
6655,19D,Guduvanchery,603202,12.8324525,80.0673437,"97, Pankaja Ammal Nagar, Guduvancheri, Tamil Nadu 603202, India"
5652,18E,Avadi(Veerapuram),600065,13.160376759586043,80.0939121623473,"536V+5H New Vellanur, Tamil Nadu, India"
3831,19D,Urapakkam tea kadai,603202,12.8375803,80.081781,"59.B, Anjaneyar kovil St, Karanaipuducheri, Tamil Nadu 603202, India"
3316,15c,Singapore shopping ,600053,13.1185879,80.1574261,"4594+CXM, Venkatapuram, Ambattur, Chennai, Tamil Nadu 600053, India"
2606,23,Madipakkam koot road,600091,12.968570166384064,80.1895514484947,"No.315, Ganesh Mahal Complex, Medavakkam Main Road, Madipakkam, Muvarasanpattu, Madipakkam, Chennai, St.Thomas Mount-cum-Pallavaram, Tamil Nadu 600091, India"
3160,13A,Don Bosco School- Pervallur,600082,13.119322476994276,80.22519189525592,"24, S R P Colony 8th St, Laxmanan Nagar, Bhuvaneshwary Nagar, SRP Colony, Kolathur, Chennai, Tamil Nadu 600011, India"
6018,20B,Padur,603103,12.81202190300912,80.22415661447752,"Annai Therasa Street, Veeranam Road, R66F+VPC, Rajiv Gandhi Salai, Padur, Tamil Nadu 603103, India"
4763,15,Canara bank Ambattur ,600053,13.11355263424424,80.15272825739117,"19, GNG St, Vardharajapuram, Varadaraja Puram, Ambattur, Chennai, Tamil Nadu 600053, India"
5577,36C,Madhanandapuram Bus Stop,600125,13.022943274605442,80.1465031559563,"5-285, 5-285, Kundrathur Main Rd, Kurinji Nagar, Porur, Chennai, Tamil Nadu 600116, India"
7750,37C,Poonamallee Bus Stand,600056,13.0516882,80.0947788,"332V+P9H, 6, Poonamallee - Avadi High Rd, Muthu Kumaran Nagar, Poonamallee, Chennai, Tamil Nadu 600056, India"
4672,28,Samiyarmadam ,600024,13.0481641,80.2172302,"26/18, Second Main Rd, Vengeeswarar Nagar, Kodambakkam, Chennai, Tamil Nadu 600024, India"
2870,29C,Valasavakkam,600087,13.040914572343668,80.17333686289287,"68/7, Arcot Rd, Venkata Subramanya Nagar, Valasaravakkam, Chennai, Tamil Nadu 600087, India"
3462,5c,Saf games,600107,13.071869432070503,80.20306627442963,"19, Jawaharlal Nehru Salai, Jai Nagar, Koyambedu, Chennai, Tamil Nadu 600107, India"
2162,27c,City centre ,600004,13.039280046155426,80.2719716740653,"43/22, Nattu Subbrayan St, Thyagarajapuram, Mylapore, Chennai, Tamil Nadu 600004, India"
4591,17D,Thirunindravur perumal temple bus stop,602024,13.1053439,80.0313891,"424J+4HJ, Mamallaburam, Annambedu, Tamil Nadu 602024, India"
7421,25c,Ramapuram ,600089,13.0317443,80.1816719,"25JJ+MMV, Thiru Nagar, Ramapuram, Chennai, Tamil Nadu 600089, India"
1960,7,"Anna nagar east , Bougainvillea Park",600102,13.0894134,80.224353,"G-23, L Block 18th St, R.V. Nagar, Vcd Nagar, Sector L, Annanagar East, Chennai, Tamil Nadu 600038, India"
7731,15b,Thirumullaivoyal,600062,13.13064043697615,80.13162691723174,"71, Chennai - Tiruvallur High Rd, Venugopal Nagar, Thirumullaivoyal, Chennai, Tamil Nadu 600062, India"
4617,16C,"Wireless stop , near Tata communication , Ambattur ",600053,13.1317858773485,80.165758090896,"226, Ambattur Red Hills Rd, Kallikuppam, Ambattur, Chennai, Tamil Nadu 600053, India"
5701,29C,"Aavin Junction, Valasaravakkam ",600087,13.0446544,80.1863229,"187, Arcot Rd, near Unlimited Fashion Store - Valasaravakkam, Tiruvallur, New Colony, Valasaravakkam, Chennai, Tamil Nadu 600087, India"
2969,28C,Lakshman shruthi,600083,13.042839287947531,80.21332986434935,"24/12, Sarvamangala Colony, Anugragha Colony, Ashok Nagar, Chennai, Tamil Nadu, India"
7376,42,Poonamallee Ambedkar statue ,600123,13.0381407,80.0925133,"23QR+7X9, Bakthavathsalam Nagar, Poonamallee, Chennai, Tamil Nadu 600123, India"
766,5,Mmda ,600106,13.063412377334794,80.21238837388316,"22/40, MMDA Colony Main Rd, Kamala Nehru Nagar, Vinayakapuram, Choolaimedu, Chennai, Tamil Nadu 600106, India"
1900,17A,Sangeeta hotel,602002,13.109673646329604,79.92083178618843,"4W5C+W94, SH-50, Tamil Nadu 602002, India"
4956,36,"Kundrathur, Moondram katalai ",600069,13.00608878130909,80.11049665132494,"2/442, Kundrathur Main Rd, Sri Devi Karumari Amman Nagar, Shree Kumaran Nagar, Chennai, Thandalam, Tamil Nadu 600069, India"
226,14C,Manali Market,600068,13.163564392638232,80.25846886438369,"153, Kamaraj Salai, Avurikollaimedu, Manali, Chennai, Tamil Nadu 600068, India"
7597,8,Sidco Villivakkam ,600049,13.110191,80.1989867,"456X+3H8, 9th Cross St, South Jagannatha Nagar, Villivakkam, Chennai, Tamil Nadu 600049, இந்தியா"
5769,41,Walajapet Bus stand,632513,12.917124830416796,79.3699333834501,"W999+2WJ, Walajapet, Walajah, Tamil Nadu 632513, India"
2971,37,Anjappar ,600116,13.033564862531762,80.15834368659313,"24A, Bharathi Nagar, Porur, Chennai, Tamil Nadu 600116, India"
3034,31,Ayodhya mandapam,600083,13.041335846891018,80.21586182209013,"5/12, 19th Street, L.G.G, S Colony, 5th Ave, Sarvamangala Colony, LIG Colony, Ashok Nagar, Chennai, Tamil Nadu 600083, India"
1356,20A,Sembakkam,600073,12.931008454378738,80.16086186653918,"Richmond Court Aprtment 3rd Cross Street, Balaji Avenue, 8th Cross St, MF Nagar, Thirumalai Nagar, Sembakkam, Chennai, Tamil Nadu 600073, India"
5115,42A,Narasingapuram,631402,13.02586,79.8039336,"2/240, Big St, Narasingaparam, Tamil Nadu 631402, India"
5579,27C,New Woodlands ,600004,13.03771722011831,80.26427496176548,"J K Pet Hospital, Karpagambal Nagar, Kattukoil Garden, Mylapore, Chennai, Tamil Nadu 600004, India"
7698,11,MKB NAGAR,600039,13.1231079,80.2614037,"47F6+6HR, MKB Nagar, Mahakavi Bharathiyar Nagar Central, Mahakavi Bharathi Nagar, Vyasarpadi, Chennai, Tamil Nadu 600039, India"
3483,32,Blue tank,600083,13.027207610882016,80.21499680660014,"22-143/A, 22-143/A, Selvavinayagar Kovil St, Karpaga Vinayaka Nagar, West Jafferkhanpet, Chennai, Tamil Nadu 600098, India"
3543,32,BLUE TANK ,600083,13.0312805,80.2156416,"Ashok Sriram, 100, 7th Ave, 11th Avenue, Mettuppalayam, Ashok Nagar, Chennai, Tamil Nadu 600083, India"
6058,25,Palavakkam Periyar Street,600041,12.963816024389049,80.25644185296949,"X774+GHV, Periyar Salai, Krishna Nagar, Palavakkam, Chennai, Tamil Nadu 600041, India"
643,14C,Sastiri nagar,600051,13.16555561132933,80.25303158550527,"Sasthiri Nagar Manali, Kanarajar Salai, Shastri Nagar, Manali, Chennai, Tamil Nadu 600051, India"
4979,19A,Perunglathur Bus stand,600063,12.9054176,80.0949806,"2, Rajamanickam St, near Railwaystation ticket counter, New Perungalathur, Chennai, Tamil Nadu 600063, India"
6652,5B,Shrivari Signal,600095,13.064519440393996,80.1525522103247,"Guru Brindhavan Garden Guru Brindhavan Garden-B, Guru Brindhavan Garden, Maduravoyal, Chennai, Tamil Nadu 600095, India"
3709,15A,"Esanya Lingam / Sri Pasupatheeswarar, Chinna Koladi",600077,13.087610645910138,80.12528472886218,"34QG+369, Indra Gandhi St, Koladi, Chitlapakkam, Chennai, Tamil Nadu 600077, India"
427,32,Aranganathan subway,600015,13.028448820624886,80.22413511058957,"Reddy Kuppam Road, 26HF+9JP, 2nd St, Appavu Nagar, Saidapet, Chennai, Tamil Nadu 600015, India"
888,20D,Mahalakshmi nagar( bus stop),600073,12.922517384472792,80.14742834961214,"No. 58/309, Velachery Rd, near bus stop, opposite to Salem RR Briyani, Mahalakshmi Nagar, Selaiyur, Chennai, Tamil Nadu 600073, India"
6545,5B,Prestige windsor park vangaram chennai ,600095,13.0612272,80.1489311,"346X+CF9, Rajiv Nagar, Vanagaram, Chennai, Tamil Nadu 600077, India"
5840,20E,Chromepet ,600044,12.9560044028861,80.14322998107392,"159, Grand Southern Trunk Rd, Lakshmi Nagar, Chromepet, Chennai, Tamil Nadu 600044, India"
2851,15B,Thirumullaivayol,600062,13.130662125543331,80.13158175258647,"44JJ+7J5, Pachaiamman Nagar, Thirumullaivoyal, Chennai, Tamil Nadu 600062, India"
3727,40A,Walajabad ITI,631605,12.79935959912783,79.82009359406536,"QRXC+P2 Walajabad, Tamil Nadu, India"
6122,40,Highschool casagrand,602105,12.9504537,79.940182,"XW2R+835, Sarala Nagar, Sriperumbudur, Tamil Nadu 602105, India"
2158,19c,Hastinapuram Bus stand ,600044,12.9403455,80.1506789,"Hasthinapuram, Dr Rajendra Prasad Road, B.H.E.L Nagar, Krishna Nagar, Chromepet, B.H.E.L Nagar, Krishna Nagar, Chromepet, Chennai, Tamil Nadu 600044, India"
2533,42C,"S R Gate ,Arakkonam",631002,13.07874697754925,79.6740868641369,"No.34, VP kovil Sandhu street, beside Sri Devi Theatre, Arakkonam, Tamil Nadu 631002, India"
5412,42C,Sholinghur ,632510,13.096625423972228,79.51570189183894,"3GW8+M9F, SH 61, Gudalore, Tamil Nadu 632510, India"
7607,17D,Veppampattu Bus Stand,602024,13.1274857,80.0041851,"42H3+3W3, Veppambaattu, Tamil Nadu 602024, India"
6522,12,MKB Nagar,600039,13.117411937162943,80.26218565450952,"267b, Erukkenchery High Rd, near Doctor Ambedkar College Road, Vyasarpadi, Chennai, Tamil Nadu 600039, India"
2269,6,Nalli Silks,600040,13.08486668903911,80.209741785243,"16/12, 2nd Ave, Block AD, AD Block, Anna Nagar, Chennai, Tamil Nadu 600040, India"
2005,15C,Singapore Shopping,600053,13.1214371,80.148208,"125, Chennai - Thiruttani - Renigunta Hwy, Vivek Nagar, Ram Nagar, Ambattur, Chennai, Tamil Nadu 600053, India"
6540,19D,Urapakkam School Bus Stop,603210,12.861159323245934,80.08078365660413,"Stepsstone Ananthaya Block-I, STEPSSTONE ANANTHAYA, Revathipuram 4th St, Urapakkam, Tamil Nadu 603210, India"
1022,29,Saligramam,600092,13.0513869,80.19697880000001,"10-50, Kamaraj St, Kamarajar Salai, AVM Colony, Virugambakkam, Chennai, Tamil Nadu 600093, India"
5344,10c,ICF,600049,13.1065665,80.21367710000001,"28A, Narayana Maistry First St, opp. to ICF Eab office road next, Seeyalam, Villivakkam, Chennai, Tamil Nadu 600049, India"
1883,19A,New perungalathur,600064,12.9133377,80.09814329999999,"Sri Sai Paradise, Manikandan St, New Perungalathur, Chennai, Tamil Nadu 600063, India"
7187,18,Ponnu Super Bazzar,600054,13.116108138415454,80.10277678531953,"251, SH 55, Thirumalai Rajapuram, TNHB Mig V Block, Avadi, Tamil Nadu 600071, India"
537,16E,"Paruthipattu, Avadi",600071,13.08662627395459,80.10870372461436,"Paruthipattu, Poonamallee - Avadi High Rd, Avadi, Tamil Nadu 600077, India"
3718,7c,Ts krishna nagar,600037,13.08809600202907,80.18551245057118,"Madhura Flats, 119, Ambattur Estate Rd, TVS Colony, Anna Nagar West, Chennai, Tamil Nadu 600050, India"
7170,20B,Tiruvanchery,600126,12.891112492982344,80.14072554644932,"Meppadu Hospital, Agaram Main Rd., Puthur, Secretariat Colony, Tiruvanchery, Selaiyur, Chennai, Tamil Nadu 600126, India"
5785,42C,Sholinghur busstand ,631102,13.1781524,79.4129647,"5CH7+656, near Baby Cinema, Ammavarikuppam, Vellore, Tamil Nadu 631051, India"
3719,18B,Pattabiram Bus stop,600072,13.1185846,80.0659793,"4398+C94, Pattabiram Railway Station Rd, Pattabiram, Tamil Nadu 600072, India"
927,9C,DR super market,600037,13.0814762,80.1669512,"DR Super Market, Mogappair West Main Rd, 4th Block, Mogappair West, Ambattur Industrial Estate, Chennai, Tamil Nadu 600037, India"
1401,25,Thiruvanmiyur Signal,600041,12.985080392196531,80.25616889922271,"9/5, 6th E St, Kamaraj Nagar, Thiruvanmiyur, Chennai, Tamil Nadu 600041, India"
3728,43,Thiruttani byepass,631209,13.1797348,79.6145905,"5JH7+XPG, Kalaignar Nagar, Thiruttani, Tamil Nadu 631209, India"
1471,33,Sivan Park,600078,13.041486178408304,80.20549821545335,"38/1210, Sector 13 Jeevanantham Salai, Sector 13, Ashok Nagar, Chennai, Tamil Nadu 600078, India"
2737,10C,ICF Signal,600049,13.100706721015849,80.2142432368001,"57/9, opp. HDFC ATM, near Jyotirling Temple, Moorthy Nagar, ICF West Colony, Villivakkam, Chennai, Tamil Nadu 600029, India"
2445,40,"Tollgate, kanchipuram ",631501,12.81892456719946,79.72987099813407,"RP9H+HX8, Thrivulluvar Nagar, Nattapettai, Tamil Nadu 631501, India"
5144,25,Neelankarai bus stop,600115,12.949550255422276,80.25467946715037,"W7X3+RRH, Saraswathy Nagar North, Neelankarai, Chennai, Tamil Nadu 600041, India"
5127,26c,Saidapet metro station ,600015,13.0241298,80.22847159999999,"BLOCK-A2, METRO STATION-SAIDAPET, Chennai - Trichy Hwy, Nandanam, Chennai, Tamil Nadu 600015, India"
1043,31,Srm,600033,13.0418126,80.2247068,"Thambiah Road, 68, Duraiswamy Subway, Gokulam Colony, Ramakrishnapuram, West Mambalam, Chennai, Tamil Nadu 600033, India"
5121,17,Grt thiruvallur,602001,13.1220481,79.9203059,"17/18, Old NGGO Colony, Kakkalur, Tamil Nadu 602025, India"
3318,32,blue tank (ashok nagar),600083,13.0337011,80.2153303,"83, 53rd St, Ashok Nagar, Chennai, Tamil Nadu 600008, India"
2735,21C,Velachery-Gandhi road,600042,12.992070266534371,80.21910861147695,"X6R9+QMJ, Indira Gandhi Nagar, Velachery, Chennai, Tamil Nadu 600042, India"
4280,12,MKB Nagar,600039,13.1182996,80.2594762,"4795+8Q9, MKB Nagar, Nagammai Nagar, Vyasarpadi, Chennai, Tamil Nadu 600039, India"
1305,14C,Arul Nagar bus stand,600051,13.144961976717626,80.23965699189608,"11, PIK & STITCH, above impala hotel, Annai Velankanni Nagar, Madhavaram Milk Colony, Chennai, Tamil Nadu 600118, India"
5245,38,Housing board ,631501,12.819018567306022,79.69382119138436,"14f, Vandavasi Rd, Vedachalam Nagar Extension, Gem Nagar, Sevlimedu, Kanchipuram, Tamil Nadu 631502, India"
763,19D,Guduvanchery ,603202,12.8239579,80.0757487,"SECURITY ROOM, LANCOR LUMINA, Lancor Lumina Apt Rd, Moolakazhani, Tamil Nadu 603002, India"
2632,18,Police booth paruthipattu,600077,13.073323,80.123188,"9620, Ramadass Nagar, Ayapakkam, Ambattur, Chennai, Tamil Nadu 600077, India"
1378,10,Sayani Theater,600023,13.097794,80.239926,"362/2, Konnur High Rd, Vasantha nagar, Chinna Chembarambakkam, Ayanavaram, Chennai, Tamil Nadu 600012, India"
4570,15C,"Singapore Shopping , Ambattur",600053,13.1218875,80.14755559999999,"468a, Nainiammal St, Vivek Nagar, Krishnapuram, Ambattur, Chennai, Tamil Nadu 600053, India"
682,7,"Bougainvillea Park, Anna Nagar East",600102,13.092004520349697,80.22342112683738,"36RF+RC9, Block K, Annanagar East, Chennai, Tamil Nadu 600039, India"
6466,26,"Ratna Cafe, Triplicane",600005,13.0580336,80.2782031,"Rathna Cafe, Babu Jagjivanram Salai, Narayana Krishnaraja Puram, Triplicane, Chennai, Tamil Nadu 600005, India"
5043,25C,Vannanthurai Bus Stop,600090,12.996241979095007,80.2622078244054,"104, Basant Ave Rd, Lakshmipuram, Anna Colony, Besant Nagar, Chennai, Tamil Nadu 600090, India"
7193,7C,Collector Nagar,600101,13.087774808041864,80.18749420007984,"35QP+3W6, J J Nagar, Mogappair East, Chennai, Tamil Nadu 600050, India"
5387,40B,"Rangaswamy kulam, Kanchipuram",631501,12.8242347,79.70975039999999,"11/23, Chinna Kanchipuram, நாகலாந்து தெரு மடம், ரங்கசாமி குளம், Kanchipuram, Arappanacheri, Tamil Nadu 631501, India"
7541,13A,Padi,600050,13.1009743,80.1795547,"No 14 and 129, Railway Station Rd, Korattur, Chennai, Tamil Nadu 600080, India"
7755,20C,Ponniamman koil,600091,12.9726132,80.1995053,"33, Bajanai Koil St, Hindu Colony, Vanuvampet, Madipakkam, Chennai, Tamil Nadu 600091, India"
5992,18E,Vel tech junction ,600055,13.179169464256336,80.10314677275842,"2, Balasubramani Nagar, Chennai, Tamil Nadu 600099, India"
1326,37C,NAZERTHPETTA SIGNAL,600123,13.0551033,80.0842224,"600, Mudhaliyandavar Nagar, Agaramel, Tamil Nadu 600123, India"
6573,20D,CAMP ROAD JUNCTION,600073,12.9267747,80.1433691,"C 115 RAINBOW RIDDHI APARTMENT 100 Feet Road Tambaram East, Shanthi Ave, near Middel of, phase 1 & 2, Selaiyur, Chennai, Tamil Nadu 600073, India"
5556,16E,Avadi checkpost,600054,13.1190446,80.0950598,"Avadi, Kasturba Nagar, Avadi, Tamil Nadu 600054, India"
4324,4C,Mehta Nagar,600094,13.06812942276515,80.22637163412962,"369G+6GW, Nelson Manickam Rd, Railway Colony, Aminjikarai, Chennai, Tamil Nadu 600029, India"
4892,5,MMDA,600106,13.06701085102708,80.21443334100036,"No: D- block, MMDA Colony Main Rd, Block D, MMDA Colony, Arumbakkam, Chennai, Tamil Nadu 600106, India"
3473,8,SIDCO Villivakkam,600049,13.100340930559508,80.2026022158061,"13/21, 3rd Cross St, Thiru Nagar, Villivakkam, Chennai, Tamil Nadu 600049, India"
5324,2,Maharani,600021,13.116343768063643,80.28376890625032,"349, Thiruvottiyur High Rd, Korukkupet, Old Washermanpet, Chennai, Tamil Nadu 600021, India"
1502,9A,State Bank of India NOLAMBUR,600037,13.0807704,80.16441979999999,"HIG-1/67/3, Mogappair West Main Rd, Nolambur, Ambattur Industrial Estate, Chennai, Tamil Nadu 600037, India"
3553,26,D1 police station triplicane Chennai ,600005,13.064690330377951,80.27831490658386,"198, Bells Rd, opp. to MLA GUEST HOUSE, Chepauk, Triplicane, Chennai, Tamil Nadu 600005, India"
2664,12C,Perambur bus stand ,600011,13.10820011417444,80.2485961947617,"44/A, Chinnaiyan Colony, Perambur, Chennai, Tamil Nadu 600039, India"
4463,13c,temple school,600099,13.12491273644266,80.2051887689144,"10, Rajan Nagar 1st St, near Temple school, Thillai Nagar, Tirumalai nagar, Kolathur, Chennai, Tamil Nadu 600099, India"
5698,16,Alamaram,600052,13.19568086033645,80.17627420598754,"No: 203/87, 2/485, Thiruvallur Hwy, M.A.Nagar, Red Hills, Chennai, Padianallur, Tamil Nadu 600052, India"
4513,15E,Vinayagapuram,600099,13.1398108,80.2058313,"46Q4+W8G, Vinayakapuram, Lakshmipuram, Chennai, Tamil Nadu 600099, India"
1558,29,Kamachi store ,600093,13.053778967633194,80.19972763982209,"105a, Durai Arasan St, Kaveri Rangan nagar, Saligramam, Chennai, Tamil Nadu 600092, India"
2511,19B,Varadharaja Theatre,600064,12.9375822,80.1388525,"190/1B, 1st Main Rd, Jothi Nagar, Chitlapakkam, Chennai, Tamil Nadu 600064, India"
5766,26C,saidapet metro,600015,13.024546135931033,80.22905212055856,"156, Todd Hunter Nagar Rd, Cosmopolitan Club Golf Links, Saidapet, Chennai, Tamil Nadu 600015, India"
3088,40,"Chetti street,little Kanchipuram ",631501,12.8114676,79.7166751,"2/232, Venkateswara Nagar, Teachers Nagar, Kanchipuram, Nattapettai, Tamil Nadu 631501, India"
7138,20D,Camp Road,600073,12.922386583434289,80.14229871419778,"221, Velachery Rd, Barathi Nagar, East Tambaram, Selaiyur, Chennai, Tamil Nadu 600073, India"
4507,26,Ratna Cafe,600002,13.062756407181556,80.27086649294823,"1/1, Rajai St, Border Thottam, Pudupakkam, Triplicane, Chennai, Tamil Nadu 600005, India"
1261,19D,Urapakkam tea kadai bus stop,603210,12.8621186,80.073253,"Urapakkam- Near Tea kadai, Urapakkam, Chennai, Tamil Nadu 603210, India"
3563,27,Billroth hospital signal ,600028,13.0223022,80.25913709999999,"123, Krishnapuri, velacheri, Chennai, Tamil Nadu 600028, India"
3330,17D,Tiruninravur,602024,13.1750723,80.0199562,"52G9+2X Kavanur, Kilakondaiyur, Tamil Nadu, India"
2850,18D,Kollumedu ,600062,13.1615582,80.1129052,"5467+H3V, New Vellanur, Tamil Nadu 600062, India"
7037,26,"Ratna Cafe, Triplicane",600005,13.058787379736234,80.27417472909147,"13/11, near Ratna Cafe, Narayana Krishnaraja Puram, Triplicane, Chennai, Tamil Nadu 600005, India"
4542,14,Arul nagar,600059,13.145943224451909,80.24529396408927,"32, 4th Cross Street Arul nagar, Kodungaiyur (West), Arul Nagar, Subramanya Garden, Kodungaiyur, Chennai, Tamil Nadu 600118, India"
6869,33C,Pondichery guest house,600078,13.041835470816537,80.1934094952546,"Shop No, 886, Munusamy Salai, KK Nagar West, K. K. Nagar, Chennai, Tamil Nadu 600078, India"
7209,41,Walajapet bus stand,632513,12.9257158,79.3643566,"W9G7+7QR, Walajapet, Tamil Nadu 632513, India"
2852,19D,Urapakkam Tea Kadai Stop,603211,12.860905898949284,80.07253104295411,"15, Grand Southern Trunk Rd, Abnirami Nagar, Urapakkam, Chengalpattu, Tamil Nadu 603210, India"
4963,12,Mr nagar,600118,13.13158532216358,80.255227032697,"19/2, Sidco Main Rd, Kodungaiyur (East), Kaviarasu Kannadhasan Nagar, Kodungaiyur, Chennai, Tamil Nadu 600118, India"
1870,25C,Adyar Signal,600020,13.0089759,80.2644959,"16/24, Urur, Adyar, Chennai, Tamil Nadu 600020, India"
6123,40B,"Rangaswamy kulam,Kanchipuram.",631501,12.8242347,79.70975039999999,"11/23, Chinna Kanchipuram, நாகலாந்து தெரு மடம், ரங்கசாமி குளம், Kanchipuram, Arappanacheri, Tamil Nadu 631501, India"
6912,19D,Urapakkam School,603210,12.866273378723974,80.0749426356929,"972, Chennai - Theni Hwy, Bharathi Nagar, Vurapakkam, Urapakkam, Chennai, Tamil Nadu 603211, India"
5923,20E,Sanatorium TB Hospital ,600047,12.942707934787528,80.13356495354277,"Plot No 15, GST ROAD, TAMBARAM SANATORIUM, opp. TB HOSPITAL, Kamakshi Colony, Chromepet, Chennai, Tamil Nadu 600047, India"
2573,19D,Guduvanchery ,603202,12.844456398491047,80.05999857356198,"51b, Grand Southern Trunk Rd, Nandivaram, Guduvancheri, Chennai, Tamil Nadu 603202, India"
2505,18D,Anna nagar ,600055,13.1727078101659,80.09167137756661,"53FR+3MC, MDR575, Bharathi Nagar, Morai, Tamil Nadu 600065, India"
1651,10c,Binny mill church ,600012,13.102765690199682,80.25292759117032,"12, Shanthi Nagar, Buckingham Carnatic Mills, Pattalam, Chennai, Tamil Nadu 600012, India"
4990,44,Chinnayan chathiram,631561,12.889472841088562,79.79337227166893,"VQQV+R8Q, Chinnaiyan Chatram, Neervalur, Tamil Nadu 631561, India"
7094,15D,ICF colony church ,600058,13.095515945454318,80.14725732417021,"162 New Colony, TNHB Colony, Phase 3, Ambattur, Chennai, Tamil Nadu 600058, India"
7853,42,Sri Krishna polytechnic ,631003,13.0991519,79.6558404,"51/38, Jaya Nagar, Arakkonam, Tamil Nadu 631003, India"
6153,20B,Indira Nagar near Bharath petrol bunk ,600073,12.91213026529416,80.14294333768449,"No. 25, Srinivasa Nagar, Agaram Main Rd., Selaiyur, Chennai, Tamil Nadu 600073, India"
5157,4c,Nungambakkam railway station ,600030,13.066718598950771,80.230242332805,"Choolaimedu, Thiruvalluvar Puram, Choolaimedu, Chennai, Tamil Nadu 600094, India"
7637,16C,Kavangarai,600066,13.17099841137972,80.19918805559739,"170, GNT Rd, Kavankarai, Puzhal, Chennai, Tamil Nadu 600066, India"
6280,37B,Karayanchavadi bus stop,600056,13.0474108,80.1109276,"6, Vanniyar St, Karayanchavadi, Chennai, Tamil Nadu 600056, India"
5765,26C,Saidapet metro,600015,13.024513747071902,80.22902225857588,"156, Todd Hunter Nagar Rd, Cosmopolitan Club Golf Links, Saidapet, Chennai, Tamil Nadu 600015, India"
6179,41A,Arcot,632503,12.9079964,79.3249341,"W85F+5XV, Arcot, Tamil Nadu 632503, India"
7328,35A,"MGR Statue , Mangadu",600056,13.041463493294286,80.11465112712492,"39/68, Astha Lakshmi Nagar, Indrani Nagar, Poonamallee, Chennai, Tamil Nadu 600056, India"
6015,2C,Mint bus stand,600001,13.0963045,80.2865916,"1/203, Mannadi, George Town, Chennai, Tamil Nadu 600001, India"
7736,24,J K Mahal and Palace,600061,12.9761394,80.18305529999999,"150, Hindu Colony 23rd Cross St, Teachers Colony, Nanganallur, Chennai, Tamil Nadu 600061, India"
5359,16,Konimedu Roundana,600052,13.1933803,80.1538985,"55V3+9H2, Attanthangal, Tamil Nadu 600052, India"
1407,40A,"Walajabad, kancheepuram,Tamil Nadu ",631605,12.7947909,79.82127000000001,"391, Bharathi Nagar, Samathuvapuram, Walajabad, Tamil Nadu 631605, India"
4937,3c,Muthumariamman Kovil (Doveton Bridge),600007,13.086186334164209,80.25621434129698,"27, Purasaivakkam High Rd, Pennagaram, Purasaiwakkam, Chennai, Tamil Nadu 600007, India"
7404,13c,Poombuhar nagar,600099,13.118804696800678,80.20774753392635,"No. 5 janakiraman Reddy colony, Villivakkam, Ganesh Nagar, Villivakkam, Chennai, Tamil Nadu 600049, India"
5702,23c,Madipakkam koot road,600091,12.969000198426327,80.18975856289062,"1, Medavakkam main road, koot road, Muvarasanpattu, Madipakkam, Chennai, St.Thomas Mount-cum-Pallavaram, Tamil Nadu 600091, India"
227,12c,Perambur bus depot,600011,13.1074086,80.24424220000002,"42/71, MKN Rd, Guindy, Chennai, Tamil Nadu 600016, India"
495,15E,VINAYAGAPURAM ,600099,13.1356824,80.2047873,"PADMA NAGAR, 122A, Balavinayagar Koil St, Saraswathi Nagar, Vinayakapuram, Kolathur, Chennai, Tamil Nadu 600099, India"
2347,35D,"Rettai pillayar kovil, pammal",600075,12.97930369942102,80.13391740202141,"19/1, R V Subramani St, Pasumpon Nagar, Pammal, Chennai, Tamil Nadu 600075, India"
1358,26,New College,600014,13.054116017741432,80.26114457392622,"New College, Ganapathy Colony, Royapettah, Chennai, Tamil Nadu 600014, India"
2595,26C,Saidapet metro,600015,13.024710925060274,80.22930952822762,"11, Anna Salai, Saidapet, Chennai, Tamil Nadu 600015, India"
6854,39,Military road,631502,12.8105302,79.70634969999999,"210, Arumugam complex,viswadoss nagar, Military Rd, Sivapuram, Orikkai, Tamil Nadu 631502, India"
2741,10,"Jeeva Railway Station, Vyasarpadi",600039,13.109461161670676,80.25724181506504,"19, Stephenson Rd, Avvai Nagar, Vyasar Nagar Colony, Vyasarpadi, Chennai, Tamil Nadu 600039, India"
6135,16C,Pudur ,600053,13.130512758468225,80.15917232709722,"2, Ambattur Red Hills Rd, Pudur, Ambattur, Chennai, Tamil Nadu 600053, India"
7017,40B,"Rangaswamy kulam, Kanchipuram ",631501,12.8242347,79.70975039999999,"11/23, Chinna Kanchipuram, நாகலாந்து தெரு மடம், ரங்கசாமி குளம், Kanchipuram, Arappanacheri, Tamil Nadu 631501, India"
6856,35A,Mangadu MGR statue,600056,13.041486383905571,80.11457555726108,"39/68, Astha Lakshmi Nagar, Indrani Nagar, Poonamallee, Chennai, Tamil Nadu 600056, India"
5728,30c,Keshavardhini ,600087,13.042166188501952,80.18036171778694,"Kesavardhini, Chowdry Nagar Main Rd, Janaki Nagar, Alwartirunagar, Valasaravakkam, Chennai, Tamil Nadu 600087, India"
6106,41,Walajapet ,632513,12.932550052816028,79.3637594194995,"W9M7+296, Ambedkar Nagar Rd, Walajapet, Tamil Nadu 632513, India"
5965,12,MKB NAGAR ,600039,13.1219282,80.2613779,"207, 8th Cross Rd, MKB Nagar, Mahakavi Bharathiyar Nagar Central, Mahakavi Bharathi Nagar, Vyasarpadi, Chennai, Tamil Nadu 600039, India"
3733,17A,Hotel Sangeetha ondikuppam thiruvallur,602002,13.109582750837436,79.9209994779288,"4W5C+V9X, Tamil Nadu 602002, India"
3361,40A,Ekkanampettai,631601,12.8049443,79.7671032,"RQ38+XR Ayyampettai, Tamil Nadu, India"
5054,28,Power house ,600024,13.047959132363616,80.21923480552672,"10, KG NTR Heritage, Murugesan Nagar, Kodambakkam, Chennai, Tamil Nadu 600024, India"
5018,24c,Nayara petrol bank (nagalkeni) ,600044,12.95609606778573,80.1275122449668,"X44H+F23, Venkatesan St, Lakshmipuram, Chromepet, Chennai, Tamil Nadu 600044, India"
6861,42,Stuartpet,631001,13.0905405,79.6605605,"Mosque Conplex, 78/33, Thiruthani Rd, Arakkonam, Chennai, Arakkonam, Tamil Nadu 600029, India"
4480,15B,Thirumullaivoyal,600062,13.130613,80.131721,"69, Chennai - Tiruvallur High Rd, Venugopal Nagar, Cholambedu, Chennai, Tamil Nadu 600062, India"
6171,41,Walajapet,632513,12.92521556274229,79.36409523030134,"W9G7+4J9, Walajapet, Tamil Nadu 632513, India"
146,15B,Vaishavi Nagar,600062,13.1275387,80.1257603,"15, 4th St, Vaishnavi Nagar, Cholambedu, Chennai, Tamil Nadu 600109, India"
7946,38c,"Collectorate office, Kanchipuram ",631501,12.821761377149292,79.69814079573923,"36,A, Vandavasi Rd, opp. Collecter Office, Thaiyar Kullam, Kanchipuram, Tamil Nadu 631501, India"
7635,26,"Ratna cafe, Triplicane",600005,13.0569349,80.2739821,"255, Triplicane High Rd, Triplicane, Chennai, Tamil Nadu 600005, India"
1970,17,Uthukottai bus stand,602026,13.333868944291952,79.89178804695665,"8VMV+QH5, Uthukkottai, Tamil Nadu 517588, India"
1981,42,Krishna polytechnic Arakkonam ,631003,13.0987128,79.6556294,"3MX4+F7J, SH58, Arakkonam, Tamil Nadu 631001, India"
7639,12,MKB NAGAR,600118,13.1362021,80.2585897,"257/8, Kodungaiyur (East), muthamil Nagar, Kodungaiyur, Chennai, Tamil Nadu 600118, India"
3022,21C,Race course road,600042,12.9938279,80.21716,"5/54, Nehru Nagar, Velachery, Chennai, Tamil Nadu 600042, India"
4157,42, Jothi vallalar street  Jothi nagar  Arakkonam,631004,13.09656586747258,79.67562649216913,"Plot No.51 Second street Sivasakthi nagar, kavanoor post Arakkonam 613004, near Arthanareeswarar Temple, Arakkonam, Vadamambakkam, Arakkonam, Tamil Nadu 631004, India"
7420,42,"Arakkonam, Joshi nagar",631003,13.099141769244897,79.65604887170038,"3MX4+MG2, Jaya Nagar, Arakkonam, Tamil Nadu 631001, India"
3856,18C,Kendriya Vihar,600071,13.0890365,80.10951469999999,"VGN apartments, Hazel Apartment, Poonamallee - Avadi High Rd, Avadi, Tamil Nadu 600071, India"
6965,14,Minjur,600120,13.257274917319702,80.2751296970634,"774G+V24, Pattamandhri, Minjur, Nandiambakkam, Tamil Nadu 600120, India"
7905,42,Krishna polytechnic ,631003,13.0987128,79.6556294,"3MX4+F7J, SH58, Arakkonam, Tamil Nadu 631001, India"
7030,40B,Rangaswamy Kulam Kanchipuram ,631501,12.8242347,79.70975039999999,"11/23, Chinna Kanchipuram, நாகலாந்து தெரு மடம், ரங்கசாமி குளம், Kanchipuram, Arappanacheri, Tamil Nadu 631501, India"
5001,34C,Iyyapanthangal,600056,13.038571,80.13386299999999,"J Center Bus Depot, Mount Poonamallee Rd, near Iyyappanthangal, VGN Nagar, Iyyappanthangal, Chennai, Tamil Nadu 600056, India"
1321,24,Nanganallur Bus stand,600061,12.978243435860549,80.1785153332587,"7/1A, B.V. Nagar, Nanganallur, Chennai, Tamil Nadu 600043, India"
4868,42, Krishna polytechnic,631003,13.099183804444376,79.65596959831852,"51/38, Jaya Nagar, Arakkonam, Tamil Nadu 631003, India"
7244,15B,Thirumullaivoyal,600062,13.130692956694984,80.131715448166,"69, Chennai - Tiruvallur High Rd, Venugopal Nagar, Cholambedu, Chennai, Tamil Nadu 600062, India"
2645,17,Pullarambakkam ,602023,13.168457573964604,79.8913540378496,"5V9R+9GG, Pullarambakkam, Tamil Nadu 602001, India"
1334,41,AAA college ,632513,12.91906,79.3755172,"W99G+H84, 11, Odai St, Belliyappa Nagar, Thangal, Walajapet, Tamil Nadu 632513, India"
1543,14,Pattamandri,600120,13.257897173922611,80.27513275850306,"775G+53R, Pattamandhri, Nandiambakkam, Tamil Nadu 600120, India"
4310,40c,Kanchipuram ,631502,12.8393402,79.7070027,"73B, Melkathirpur, Periya, Kanchipuram, Tamil Nadu 631501, India"
442,20D,Airforce road,600059,12.921650642236768,80.12903503009743,"17, Kaveri St, Jayasamy Nagar, East Tambaram, Tambaram, Chennai, Tamil Nadu 600059, India"
6556,26,New college ,600086,13.0499506,80.2579949,"228, Avvai Shanmugham Salai, Ganapathy Colony, Gopalapuram, Chennai, Tamil Nadu 600086, India"
3191,24C,Thiruneermalai Erikarai,600044,12.957516968243368,80.12521772198214,"Subbarayan Nagar, West Tambaram, Chennai, Tamil Nadu 600044, India"
3636,14,Andarkupam Check-post ,600103,13.194355339563586,80.27654769088976,"117, Dwaraka Nagar, Manali New Town, Manali, Chennai, Edayanchavadi, Tamil Nadu 600103, India"
3163,35C,Mangadu,600122,13.0331392,80.1202474,"85, Addison Nagar Main Rd, Sendur Puram, Kattupakkam, Chennai, Tamil Nadu 600056, India"
4558,10c,Nadhamuni,600049,13.103482238748237,80.202248711186,"Q - Block, No 83, 37th St, Agathiyar Nagar, Villivakkam, Chennai, Tamil Nadu 600049, India"
5936,1,Kaladipet ,600019,13.1541424,80.2960286,"61/17, Padmanabhan Nagar, Padmanaba Nagar, Tiruvottiyur, Chennai, Tamil Nadu 600019, India"
7919,39,Magaral Bus stand,631603,12.71517444841129,79.76053400940027,"471, Magaral, Tamil Nadu 631603, India"
5173,13,Thiruvallur kalyana Mandapam Periyar nagar bus stop ,600082,13.1141389,80.2243742,"29, Karthikeyan Rd, Periyar Nagar West, Perambur, Chennai, Tamil Nadu 600082, India"
5086,5B,"Shri Vari Signal, Vanangaram",600095,13.06385110107298,80.15234684604715,"Radha Shyam Apartments, Maduravoyal, Chennai, Tamil Nadu 600095, India"
4940,16C,Pudur,600053,13.130544146178408,80.1589886702095,"No 93, 1st Flore , Redhills, Main Rd, near Raja Supermarket, Pudur, Ambattur, Chennai, Tamil Nadu 600053, India"
7725,14C,Manali market,600068,13.1635045478311,80.2586793795497,"227, Kamaraj Salai, Chinnasekkadu, Manali, Chennai, Tamil Nadu 600051, India"
7834,41,Walajapet ,632501,12.925322930901016,79.36420248742928,"W9G7+4M7, Walajapet, Tamil Nadu 632513, India"
7160,7C,T.s krishna nagar ,600037,13.087832544681913,80.1850882775209,"35QP+539, TS Krishna Nagar, J J Nagar, Mogappair East, Chennai, Tamil Nadu 600050, India"
3532,36c,Vigneshwara nagar,600116,13.02786965955334,80.15391389832737,"7, Balamurugan Nagar, Duraisamy Nagar, Porur, Chennai, Tamil Nadu 600116, India"
6149,16B,Puzhal Jail,600066,13.165338360351816,80.20871548674661,"5685+8F8, Mahalakshmi Nagar, Puzhal, Chennai, Lyon, Tamil Nadu 600066, India"
1241,16B,Oragadam Ambattur ,600053,13.127163787906676,80.15381490397493,"Oragadam, Vijayalakshmi Puram, Ambattur, Chennai, Tamil Nadu 600053, India"
4479,15D,Ayapakkam church,600058,13.09742999657466,80.14663930557299,"13, Bazaar Rd, TNHB Colony, Phase 3, Ambattur, Chennai, Tamil Nadu 600077, India"
4909,7,"Bata show room,Annanagar",600040,13.094525,80.205765,"1945/3, 18th Main Rd, Aishwarya Colony, Thiruvalluvar Colony, Anna Nagar, Chennai, Tamil Nadu 600040, India"
6152,33C,Nesapakkam,600078,13.038222385698957,80.19273455169409,"1051, Munusamy Salai, KK Nagar West, K. K. Nagar, Chennai, Tamil Nadu 600083, India"
5220,40,Sriperumbudur arch,602105,12.9675201,79.95284509999999,"2.cakkte Street Teruprambadduor Teruvalluoor Road, Nenmeli, Sriperumbudur, Tamil Nadu 602105, India"
5918,28,Power house,600024,13.047494753767202,80.21907952648071,"257, 4th Ave, Dr.Subbaraya Nagar, Kodambakkam, Chennai, Tamil Nadu 600024, India"
7264,39C,Ekambareswarar Sannathi street Kanchipuram ,631502,12.843788283373486,79.69969758024479,"60, Ekambaranathar Sannathi St, Kanchipuram, Tamil Nadu 631502, India"
5407,17A,kakkalur bus stop,602003,13.135011414040171,79.92817888101396,"190, Chennai - Tiruvallur High Rd, Kakkalur Industrial Estate, Putlur, Tamil Nadu 602003, India"
7080,24C,Nagalkeny ,600044,12.957473701883398,80.1252483132425,"Subbarayan Nagar, West Tambaram, Chennai, Tamil Nadu 600044, India"
2763,30c,New Andhra meals valasaravakkam arcot road roa,600087,13.0417701,80.17882879999999,"6, Arcot Rd, Indira Nagar, Valasaravakkam, Chennai, Tamil Nadu 600087, India"
3161,34,Paradise Biriyani ,600056,13.0424059,80.1239659,"1b, Mount Poonamallee Rd, Saminathan Nagar, Swaminatha Nagar, Kattupakkam, Chennai, Tamil Nadu 600056, India"
5317,45,Sriperumbudur High School Stoping,602105,12.955850738559592,79.94276685186186,"No.79 pattunool chatram Govt Hospital backside, SH 110, Katchipedu, Sriperumbudur, Tamil Nadu 602105, India"
484,13c,Poombuhar nagar police booth,600099,13.1211176,80.21342489999999,"46C7+C9V, Annai Indira Nagar Extension, Poompuhar Nagar, Kolathur, Chennai, Tamil Nadu 600099, India"
2388,29,Saligramam Bus Stand,600093,13.054566035355824,80.19773829968304,"5/10, Rajaji Colony, Saligramam, Chennai, Tamil Nadu 600093, India"
4245,24,15/9 Guru Ganapati Appartment 22nd Street Nanganallur Chennai 61,600061,12.98224564903262,80.18989802614827,"16/2, Macmillan Colony, Nanganallur, Chennai, Tamil Nadu 600061, India"
570,27,Billroth Hospital,600030,13.023360382564364,80.2644968006904,"9/5, Appavu 2nd Street, Raja Annamalai Puram, Chennai, Tamil Nadu 600028, India"
669,15c,SINGAPORE SHOPPING,600053,13.1196793,80.1500391,"84, S Park St, Secretariat Colony, Venkatapuram, Ambattur, Chennai, Tamil Nadu 600053, India"
7800,34C,Iyyappanthangal ,600122,13.0380617,80.1353549,"24QP+648, VGN Nagar, Iyyappanthangal, Chennai, Tamil Nadu 600056, India"
5893,15,Ambattur OT,600053,13.1196793,80.1500391,"84, S Park St, Secretariat Colony, Venkatapuram, Ambattur, Chennai, Tamil Nadu 600053, India"
5229,18C,Govarthanagiri,600071,13.10021322769286,80.10832365807384,"95, Poonamallee - Avadi High Rd, Govardanagiri, Avadi, Tamil Nadu 600071, India"
5430,42,Indra Gandhi statue ,631002,13.0926454,79.65897840000001,"INDRA GANDHI STATUE POINT, 7/15A, Kalyana Mandapam St, JOTHI NAGAR, Arakkonam, Tamil Nadu 631003, India"
6985,17,GRT,602001,13.123629023388624,79.91160437605322,"74, JN Rd, near Oil Mill Bus Stop, Kakkalur, Tamil Nadu 602001, India"
3955,16E,Avadi Checkpost,600054,13.1191667,80.0949097,"439V+JWW, Kasturba Nagar, Avadi, Tamil Nadu 600054, India"
3922,1,Thangal,600019,13.14623468502478,80.29775184718305,"34/1064, Thangal, Thyagarajapuram, Tondiarpet, Chennai, Tamil Nadu 600019, India"
6026,20D,"Sankara Vidyalaya School, Selaiyur",600059,12.922755441010803,80.13045099969119,"Chandra Bhawan, No:202, 253, Velachery Rd, Leela Colony, East Tambaram, Tambaram, Chennai, Tamil Nadu 600059, India"
5911,19B,Varadharaja theatre,600064,12.931909574574991,80.14353965593232,"3/3, Sudha Avenue, Chitlapakkam, Chennai, Tamil Nadu 600064, India"
3653,15,Dunlop,600053,13.10682724330752,80.15079934161827,"6, Sivananda Nagar, Sathya Nagar, Ambattur, Chennai, Tamil Nadu 600053, India"
1893,19,Mahindra World city bus stop,603204,12.7436006,79.99258189999999,"Mahendra City, Tamil Nadu 603204, India"
1761,20B,"Bethesda Hospital,IOB colony, camp road,selaiyur",600073,12.92000563215007,80.14457076189952,"W49V+XRC, Barathi Nagar, IOB Colony, Selaiyur, Chennai, Tamil Nadu 600073, India"
1950,29,Avm colony ,600092,13.052155899102871,80.19702783988113,"169, Kamarajar Salai, Padmavati Nagar, Bhaskar Colony, Virugambakkam, Chennai, Tamil Nadu 600093, India"
4308,19,Mahindra world city bus stop,603204,12.7436006,79.99258189999999,"Mahendra City, Tamil Nadu 603204, India"
7377,17D,Thiruninravur Roundtana (Near Lakshmi Cinimas),602024,13.12583336414118,80.03105538556721,"90, Thiruninravur, Chennai, Nadukuthagai, Tamil Nadu 602024, India"
6414,24C,Pallavaram,600117,12.9652392,80.1762932,"9/363, Subham Nagar, Pallavaram, Chennai, St.Thomas Mount-cum-Pallavaram, Tamil Nadu 600043, India"
3333,22,Kazhana jewellers,600042,12.975978343510434,80.21996669299976,"69, N Extension Main Rd, Vijaya Nagar, Velachery, Chennai, Tamil Nadu 600042, India"
6969,11C,Korattur police station ,600080,13.105881083550216,80.18629713279282,"Electricity Board Office, TNHB Colony, Korattur, Chennai, Tamil Nadu 600080, India"
6608,26,New college,600014,13.0534675,80.2694777,"Towers, Royapettah, Chennai, Tamil Nadu 600014, India"
1548,29,Avichi School,600092,13.0475775,80.1979236,"Avichi School, SH 113, AVM Nagar, Virugambakkam, Chennai, Tamil Nadu 600093, India"
7462,45,Padappai bus stop,601301,12.886711125771102,80.0218651951772,"2/403, Bazaar Road, Vandalur - Oragadam - Walajabad Rd, Padappai, Tamil Nadu 601301, India"
5409,18D,vel tech junction,600055,13.172789078076947,80.09162250374378,"Anna Nagar, Bharathi Nagar, Morai, Tamil Nadu 600065, India"
7287,17b,Vasantha Bhavan,602001,13.1385372,79.9078229,"NO 95, JN Rd, V.M Nagar, Tiruvallur, Tamil Nadu 602001, India"
4935,20B,Hindustan College padur,603103,12.7990504,80.222421,"Saphire Browne-1, THE GEM GROVE, Padur, Tamil Nadu 603103, India"
7281,25c,Madhya Kailash,600113,13.006399279941355,80.24641122516553,"Madhya Kailash, Sriram Nagar, Tharamani, Chennai, Tamil Nadu 600113, India"
1025,20B,Thiruvancherry,600126,12.891266203865625,80.14078431517488,"Meppadu Hospital, Agaram Main Rd., Puthur, Secretariat Colony, Tiruvanchery, Selaiyur, Chennai, Tamil Nadu 600126, India"
807,19D,Guduvancherry ,603202,12.859599824667049,80.04596416537143,"Plot no 914, Vedachalam Nagar, Adhanur, Tamil Nadu 603202, India"
5171,15D,Church ,600058,13.09361640759812,80.14645060593223,"117, Bazaar Rd, Seetha Patabi Nagar, Udayar Palayam Nagar, Chelliamma Nagar, Chennai, Tamil Nadu 600077, India"
3765,8,Villivakkam ,600049,13.10340306317118,80.2018406113976,"No-6, DABC, bus stop, Madras Thiruvallur High Rd, opp. Nathamuni Complex, Agathiyar Nagar, Villivakkam, Chennai, Tamil Nadu 600049, India"
4862,19e,"SH 110, Gandhi Nagar, Mudichur, Old Perungalathur, Tamil Nadu 600063",600063,12.919673046909455,80.08731146389975,"11/29, Mudichur Rd, Gandhi Nagar, Old Perungalathur, Chennai, Tamil Nadu 600063, India"
7681,17D,Thiruninravur,602024,13.180828517757382,80.02937107084223,"Kavanur, Tamil Nadu 602024, India"
7715,37B,Karaya chavadi ,600056,13.046584826891872,80.11162621538962,"1/4, Bangalore Hwy, Karayanchavadi, Poonamallee, Chennai, Tamil Nadu 600056, India"
5960,19C,Kumaran Kundram,600044,12.941485759190188,80.14148882795492,"12, Varadarajan St, Kumudham Colony, Vetri Nagar, Chitlapakkam, Chennai, Tamil Nadu 600082, India"
793,9B,Ambedkar Ground,600037,13.0744966,80.1761701,"1039, VGN Avenue Phase 2, Mogappair Eri Scheme, Mogappair East, Chennai, Tamil Nadu 600037, India"
2990,42,Arakkonam,631001,13.092555701822445,79.65951523350674,"2, Kalyana Mandapam St, Arakkonam, Tamil Nadu 631003, India"
990,19E,Mudichur outer ring road ,600063,12.918597047101086,80.0778912924634,"4/349, Mudichur Rd, Parvathi Nagar, Shanthi Nagar, Saravana Bawa Nagar, Mudichur, Perungalathur, Tamil Nadu 600063, India"
1914,20C,Balaji nagar,600091,12.955962925240511,80.20610813474926,"1-2, Kuberan Nagar Extension, Kuberan Nagar, Madipakkam, Chennai, Tamil Nadu 600117, India"
5638,40B,Rangaswamy Kulam,631501,12.8242347,79.70975039999999,"11/23, Chinna Kanchipuram, நாகலாந்து தெரு மடம், ரங்கசாமி குளம், Kanchipuram, Arappanacheri, Tamil Nadu 631501, India"
7896,19F,Srinivasapuram,603202,12.8388855,80.0554292,"39A, Kumaran Nagar, Guduvancheri, Tamil Nadu 603202, India"
4338,39,Military road,631501,12.8154065,79.7131501,"53/56A, Venkateshwara Nagar, Teachers Nagar, Kanchipuram, Nattapettai, Tamil Nadu 631501, India"
6859,36C,Vigneshwara nagar bus stop ,600116,13.028170442158189,80.15108736895606,"Vigneshwara Nagar, MS Nagar, Madhanandapuram, Chennai, Tamil Nadu 600116, India"
7152,3C,Zaitoon opposite Periyapalayathu Amman Temple ,600030,13.082580518879558,80.22448448518068,"No. 22, 8th Cross St W, C Block, Shenoy Nagar, Chennai, Tamil Nadu 600030, India"
5247,17b,vasantha bavan,602021,13.215113385966424,79.98911007521502,"6X8Q+2J Sembedu, Tamil Nadu, India"
3484,26,Ratana cafe ,600005,13.058896155657084,80.27421121793449,"258, Bharathi Salai, near Ratna Cafe, Triplicane, Chennai, Tamil Nadu 600005, India"
6051,41A,Arcot  bustand,632593,12.907409067358683,79.32484723536099,"W84F+WV8, SH 129, Arcot, Tamil Nadu 632503, India"
5242,8,Anna nagar West depot.,600101,13.093115026933448,80.19877068890095,"No. 320, 6th St, Pioneer Colony, Anna Nagar, Chennai, Tamil Nadu 600040, India"
1449,37D,Godrej apartment ,600124,13.0356534,80.0503489,"1801, Godrej Palm Grove, Chembarambakkam, Tamil Nadu 600124, India"
5953,9b,axis bank,600037,13.07840797653312,80.17414994339151,"48, Spartan Nagar, Mogappair Eri Scheme, Mogappair, Chennai, Tamil Nadu 600037, India"
1749,15b,Thirumullaivoyal ,600062,13.1307405,80.1314386,"41A, Arunanagar, Pachaiamman Nagar, Thirumullaivoyal, Chennai, Tamil Nadu 600062, India"
6151,7A,Collector nagar ,600050,13.088025210035756,80.18247900749937,"93, TS Krishna Nagar, J J Nagar, Anna Nagar West, Chennai, Tamil Nadu 600050, India"
6159,27,Pattinampakam,600028,13.021697334839631,80.26314963409926,"246/159, Ramakrishna Mutt Rd, Raja Muthiah Puram, Ramakrishna Nagar, Raja Annamalai Puram, Chennai, Tamil Nadu 600028, India"
381,6,Thirumangalam Metro,600040,13.085141963675635,80.20079538428517,"2054/C, 2nd Ave, opp. Chai Kings, L Block, Anna Nagar West, Anna Nagar, Chennai, Tamil Nadu 600040, India"
4373,20B,ponmar,600127,12.8642318,80.166051,"Venkata Manglam, P1/19, Ponmar, Chennai, Tamil Nadu 600126, India"
5167,15D,Ayapakkam ICF church ,600058,13.096938252744028,80.14801544124033,"19/3-7, New Colony, Tnhb Colony, Phase 3, Ambattur, Chennai, Tamil Nadu 600058, India"
624,26,Icehouse police station ,600005,13.0480929,80.2750052,"21, Kutharath Ali Makanpuram, Triplicane, Chennai, Tamil Nadu 600005, India"
2630,5,Razack Garden ,600106,13.070216317759082,80.21548682500767,"1, Lakshmiammal St, near Mmda Water Tank, Ayyavoo Colony, Aminjikarai, Chennai, Tamil Nadu 600029, India"
6722,19B,Varatharaja Theatre,600064,12.933055146989734,80.13827789142829,"3/1, Anna Nagar, Chitlapakkam, Chennai, Tamil Nadu 600064, India"
6248,13C,"Temple school,kolathur",600099,13.124619,80.2048731,"82/38, Thillai Nagar, Mahavir Nagar, Kolathur, Chennai, Tamil Nadu 600099, India"
3546,43,Kanakama chathram ,631204,13.211509608663542,79.76069149259065,"6Q66+J7 Kanakammachathram, Tamil Nadu, India"
1703,14,BDO OFFICE,601203,13.3451646,80.2878794,"SEN NAGARO OPPJUMBO BAG COMPANY, 87WQ+356, Tamil Nadu 601203, India"
4215,26,Ratna cafe,600005,13.0608629,80.27251199999999,"39, Pillaiyar Koil St, Ellis Puram, Padupakkam, Triplicane, Chennai, Tamil Nadu 600014, India"
6154,5 ,Vallavan hotel ,600106,13.0637276,80.2120253,"132, Vinayagapuram Main Rd, Kamala Nehru Nagar, Vinayakapuram, Balavinayagar Nagar, Chennai, Tamil Nadu 600106, India"
1080,26,Ice House arch,600005,13.0551955,80.2736933,"Old No.202, New No.362, Triplicane High Road, Triplicane, Chennai - 600005., Triplicane, Chennai, Tamil Nadu 600014, India"
3946,21C,Dhandeeswaram Bus stand,600042,12.982937911057808,80.22196870809837,"Dhandeeswaram, Velachery Rd, Ram Nagar, Murugapakkam, Dhadeswaram Nagar, Velachery, Chennai, Tamil Nadu 600042, India"
7075,20A,Rajakikpakam ,600073,12.922496652739698,80.15183711682975,"100, Velachery Rd, Sembakkam, Rajakilpakkam, Chennai, Tamil Nadu 600073, India"
4440,16,Padianallur signal ,600052,13.203809104017664,80.17562645496608,"653G+F7W, Service Rd, Padianallur, Chennai, Tamil Nadu 600052, India"
4213,5B,Maduravoyal Erikkarai,600095,13.06121004358303,80.16363516860898,"8, Poonamallee High Rd, Kamaraj Nagar, Maduravoyal, Erigarai, Chennai, Tamil Nadu 600095, India"
1607,18B,Pattabiram ,600062,13.1228048,80.0612086,"43F6+4FG, NH 716, Pattabiram, Tamil Nadu 600072, India"
1184,17,Thiruvallur new busstand,631203,13.151802373388389,79.89141516173963,"57, Pullarambakkam, Tamil Nadu 602001, India"
4551,14C,Manali Market,600068,13.163596461119914,80.25839688050127,"Avurikollaimedu, Avurikollaimedu, Manali, Chennai, Tamil Nadu 600051, India"
1573,15B,Vaishnav nagar,600062,13.1275387,80.1257603,"15, 4th St, Vaishnavi Nagar, Cholambedu, Chennai, Tamil Nadu 600109, India"
5705,21,Thillai ganga nagar subway,600061,12.991169031115936,80.19462980126329,"Thillai Ganga Nagar Main Road, Thillaiganga Nagar, Nanganallur, Chennai, Tamil Nadu 600061, India"
6450,26,Ratna Cafe,600005,13.058828322421974,80.27421459213816,"258, Bharathi Salai, near Ratna Cafe, Triplicane, Chennai, Tamil Nadu 600005, India"
4465,14C,Manali market,600068,13.1596581,80.2583288,"109/2, Parthasarathy St, Chinnasekkadu, Manali, Chennai, Tamil Nadu 600068, India"
6158,22,Kandanchavadi,600096,12.9675278458604,80.2457864539377,"38, MGR Main Rd, near Raja Super Market, Kandhanchavadi, Perungudi, Chennai, Tamil Nadu 600096, India"
1550,43,Cake feast opposite ,602002,13.101214356215577,79.90493774414062,"4W24+F2J, Manavanagar, Venkathur, Tamil Nadu 602002, India"
4166,9B,Mellow cafe,600038,13.07653840537013,80.16779685108456,"No.1 pachippa Nagar nolambur, TNHB, LIG, Nolambur, Ambattur Industrial Estate, Chennai, Tamil Nadu 600095, India"
6726,32C,"Hyuandai Showroom , Ekkathuthangal",600032,13.0182093,80.20638199999999,"Thiru – Vi – Ka Industrial Estate, Ekkatuthangal, 54, Grand Southern Trunk Rd, SIDCO Industrial Estate, Guindy, Chennai, Tamil Nadu 600032, India"
471,10,Sayani theatre,600012,13.0948827,80.2425143,"1, Nammalwarpet, Narasimmapuram, Chennai, Tamil Nadu 600007, India"
3938,17b,Thiruvallur ,602001,13.131610506798491,79.90952179249133,"no 29, JN Rd, Hariram Nagar, V.M Nagar, Kakkalur, Tamil Nadu 602001, India"
5833,42A,Thakkolam Kizh Bazzar ,631152,13.015440050187411,79.73448166558795,"Bus Stop Kizh Bazaar, 2P8M+5R7, Rajampettai St, Thakkolam, Mangattucheri, Tamil Nadu 631151, India"
5196,11A,Thathan kuppam,600049,13.117810310195308,80.20520729653069,"2/1, 1st Main Rd, Dayalu Nagar, Valluvar Nagar, Kolathur, Chennai, Tamil Nadu 600049, India"
4811,17A,"Old collector office, Kakkalur - tiruvallur ",602001,13.1369692,79.9214132,"720, Kakkalur Bypass Rd, Ma. Po. Si. Nagar, Kakkalur, Tamil Nadu 602001, India"
1628,15B,Thirumullaivoyal,600062,13.1307405,80.1314386,"41A, Arunanagar, Pachaiamman Nagar, Thirumullaivoyal, Chennai, Tamil Nadu 600062, India"
415,17A,kakkalur,602001,13.135091131079845,79.92809030814597,"190, Chennai - Tiruvallur High Rd, Kakkalur Industrial Estate, Putlur, Tamil Nadu 602003, India"
3734,24C,"Nayara petrol bunk, nagalkeni",600044,12.9597011,80.1294644,"RPD Apartment, G1, 29, Saraswathipuram 1st St, Saraswathipuram, Chromepet, Chennai, Tamil Nadu 600044, India"
2343,35,Kundrathur ,600069,12.9970418,80.09654599999999,"88, Kundrathur Bus Stand Rd, Kundrathur, Sikkarayapuram, Tamil Nadu 600069, India"
3066,38c,Akkur x road,631701,12.696754965646376,79.66287527463827,"MMW7+J4C, Mahajanambakkam, Tamil Nadu 631701, India"
4713,40C,Kanchipuram Rama's Cafe,631502,12.8371959,79.7038472,"83, Annai Indira Gandhi Salai, Bavaji Nagar, Pillaiyarpalayam, Kanchipuram, Tamil Nadu 631502, India"
742,27,Kotturpuram ,600085,13.019705306478182,80.24178361619998,"ELEMENTARY BUILDING, A M M MATRICULATION HIGHER SECONDARY SCHOOL, Gandhi Mandapam Rd, Avvai Colony, Kotturpuram, Chennai, Tamil Nadu 600085, India"
1364,19E,Mudhichur outer ring road ,600048,12.9201503,80.076847,"10, Madanapuram, Shanthi Nagar, Saravana Bawa Nagar, Mudichur, Tamil Nadu 600048, India"
556,19E,Mudichur outer ring road ,600048,12.9201503,80.076847,"10, Madanapuram, Shanthi Nagar, Saravana Bawa Nagar, Mudichur, Tamil Nadu 600048, India"
4825,11c,Church,600080,13.110001,80.1804087,"332/16, North Ave, Venkatraman Nagar, Tnhb, Korattur, Chennai, Tamil Nadu 600080, India"
4674,36C,Poorvika mobiles,600125,13.0192134,80.1482094,"Madha Nagar 2nd Main Road Park, 1, 50 Feet Rd, Annai Velankanni Nagar Phase 1, Madhanandapuram, Chennai, Tamil Nadu 600116, India"
4715,19B,"Bharathamatha street , east Tambaram ",600059,12.925925431298612,80.12640435593835,"64, Bharathamadha St, East Tambaram, Tambaram, Chennai, Tamil Nadu 600059, India"
3024,9,Mogappair East Bus stop(7H),600037,13.080417041855712,80.1806835835369,"Mogapair (J.J Nagar) East, J J Nagar, Everest Colony, Chennai, Tamil Nadu 600037, India"
2542,11A,Thathankuppam,600049,13.115345137897696,80.19784819949768,"13-20, Sivalingapuram, Thathan Kuppam, Villivakkam, Chennai, Tamil Nadu 600080, India"
4967,40,New police station ,631501,12.820739129817737,79.71788367057977,"B2 Vishnu Kanchi Police Station, 62, TK Nambi St, near Kanchipuram, Ennaikaran, Kanchipuram, Arappanacheri, Tamil Nadu 631501, India"
4694,40C,Kanchipuram Bus Stand ,631502,12.8371959,79.7038472,"83, Annai Indira Gandhi Salai, Bavaji Nagar, Pillaiyarpalayam, Kanchipuram, Tamil Nadu 631502, India"
7205,38c,Housing board smg mahal 631503,631503,12.8175186,79.6931881,"S.M.G Dhanalakshmi Thirumana Mandapam, Vinobaji St, Vedachalam Nagar Extension, Gem Nagar, Kanchipuram, Tamil Nadu 631502, India"
3264,17D,Thiruninravur,602024,13.12503115880314,80.04429194082184,"Opp Jaya School, Thiruninravur, Tamil Nadu 602024, India"
3116,15B,Thirumullaivoyal ,600062,13.130668725546537,80.13173835818284,"69, Chennai - Tiruvallur High Rd, Venugopal Nagar, Cholambedu, Chennai, Tamil Nadu 600062, India"
3352,17D,"Lakshmi theater,thiruninravur ",602024,13.1285421,80.0265741,"18/7, 2nd Cross St, Thiruninravur, Nadukuthagai, Tamil Nadu 602024, India"
4692,8C,Waves,600040,13.087057,80.1928082,"A/A1, Mugappair Main Road, Anna Nagar, R-23, Ambattur Estate Rd, Thirumangalam, Govt Officers Colony, Chennai, Tamil Nadu 600040, India"
5067,17c,GRT thiruvallur ,602001,13.1245613,79.9247942,"1/102, Old NGGO Colony, Kakkalur, Tamil Nadu 602025, India"
107,37B,Karyanchavadi ,600056,13.04652473681072,80.11177894473788,"2, Avadi Rd, DRR Nagar, Karayanchavadi, Chennai, Tamil Nadu 600056, India"
4691,8C,Corner Waves,600101,13.0920727,80.1944807,"116, D-Sector, Anna Nagar West Extension, Chennai, Tamil Nadu 600101, India"
2995,31,Nalli,600017,13.03814124900058,80.22862140093012,"16, Rameswaram St, Postal Colony, T. Nagar, Chennai, Tamil Nadu 600017, India"
1594,16E,Ptr,600053,13.109084398549866,80.15875858033469,"41, Sidco Industrial Estate, Ambattur, Kakkalur, Chennai, Tamil Nadu 602003, India"
4964,17A,Kakkalur,602003,13.125640931315438,79.92970768948307,"4WGH+8V6, Old NGGO Colony, Kakkalur Industrial Estate, Tiruvallur, Kakkalur, Tamil Nadu 602003, India"
1392,41,Walajapet bus stand ,632513,12.933610199883166,79.36270318762837,"30, Walajapet, Tamil Nadu 632513, India"
4804,20E,Vels University ,600043,12.958477112795908,80.15956711558725,"13, Old, Malliga Nagar, Krishnapuram, Pallavaram, Chennai, Tamil Nadu 600043, India"
4818,15,Murugappa polytechnic College ,600109,13.127080658099231,80.10054731278379,"P Type OCF ESTATE, JAUHARI Avadi Tamil NAGAR 600054, Bhaktavatsala Puram, Avadi, Tamil Nadu 600054, India"
609,14c,Manali Market,600019,13.159647667624432,80.30048392172193,"28/28, Nellaka Pandaram St, Gopal Nagar, Tiruvottiyur, Chennai, Tamil Nadu 600019, India"
1566,33c,Nesapakkam ,600078,13.0410254,80.2000596,"175, Ramaswamy Salai, Sector 4, K. K. Nagar, Chennai, Tamil Nadu 600078, India"
115,14C,Arul nagar,600051,13.145471,80.239789,"Arul Nagar, Milk Colony Rd, Mangalapuram, Madhavaram, Chennai, Tamil Nadu 600051, India"
3761,40C,Kanchipuram Bus Stand ,631501,12.8386228,79.6947023,"203, Krishnan St, Pillaiyarpalayam, Kanchipuram, Karuppadithattadai, Tamil Nadu 631502, India"
2019,17B,Post office ,602001,13.131487700701715,79.90957862601742,"4WJ5+HRH, Hariram Nagar, Poonga Nagar, Kakkalur, Tamil Nadu 602001, India"
5337,40C,kanchipuram bus stand,631502,12.841939939267895,79.71657394022883,"72, Konerikuppam, Kanchipuram, Tirumalpadithangal, Tamil Nadu 631501, India"
6672,16C,Pudur ,600053,13.1321763,80.1594465,"99, 3rd Ave, Palaniappa Nagar, Banu Nagar, Chennai, Tamil Nadu 600053, India"
4965,40A,Ekanampettai,631601,12.799549532589571,79.77259050275127,"113 Small street, naickenpet Rd, Naickenpettai, Tamil Nadu 631601, India"
4703,8C,Waves,600040,13.087057,80.1928082,"A/A1, Mugappair Main Road, Anna Nagar, R-23, Ambattur Estate Rd, Thirumangalam, Govt Officers Colony, Chennai, Tamil Nadu 600040, India"
3661,16C,Pudur,600053,13.12182896359572,80.16021717953612,"100b, Sangam St, DABC Layout, Menambedu, Ambattur, Chennai, Tamil Nadu 600053, India"
6579,38c,Collectrate ,631501,12.820982115781206,79.69738900441453,"566, Vandavasi Rd, Kanchipuram, Tamil Nadu 631502, India"
2599,5c,Thirunagar ,600026,13.058619590102852,80.21143539302393,"36, Jawaharlal Nehru Salai, Senthil Nagar, Thiru Nagar Colony, Tiru Nagar, Vadapalani, Chennai, Tamil Nadu 600026, India"
116,35,Kundrathur ,600069,12.9976853,80.0936907,"88, Kundrathur, Chennai, Sikkarayapuram, Tamil Nadu 600069, India"
2890,42,Indra Gandhi satute point,631003,13.092608015035966,79.65973528916243,"Tnhb Main Road, Near Indira Gandhi Statue Arakkonam., 3MV5+3V5, Arakkonam, Tamil Nadu 631001, India"
4131,17B,Thiruvallur ,602001,13.1226901,79.91176899999999,"4WF6+3PC, Tiruvallur, Kakkalur, Tamil Nadu 602003, India"
1985,45,Keel Padappai ,602301,12.88979075725424,80.03407421614368,"V2RM+5M8, SH 48, Padappai, Tamil Nadu 602301, India"
3528,25C,Besant Nagar ,600090,12.995849367354989,80.26787268346712,"14, Basant Ave Rd, GOCHS Colony, Besant Nagar, Chennai, Tamil Nadu 600090, India"
5355,17A,Aranvoyal,602025,13.106689592829666,79.95874857126053,"Tirur, no 14 raju street, 45, Dr BR Ambedkar Rd, Tirur, Tamil Nadu 602025, India"
3885,20,Jeyachandran Pallikaranai ,600100,12.9213919,80.1975877,"1A, Jeyachandran Nagar 1st Main Rd, Jeyachandran Nagar, Pallikaranai, Chennai, Tamil Nadu 600100, India"
4108,36C,Madhanandapuram,600116,13.021592540865688,80.14935238371703,"3/1476-7, A V Nagar Phase I 1st St, Ramji Nagar, Manappakkam, Chennai, Tamil Nadu 600030, India"
7882,41c,"vellore, green circle ",632004,12.9386680700703,79.1667669763609,"W5Q8+8QJ, Arcot Rd, Phase III, Sathuvachari, Vellore, Tamil Nadu 632009, India"
3166,16,karanodai,600067,13.248014660767891,80.15720900133958,"223c, GNT Rd, Karanodai, Tamil Nadu 600067, India"
279,16b,Puzhal jail,600066,13.164264164764395,80.20261138157964,"5673+P2X, Service Rd, Mahalakshmi Nagar, Puzhal, Chennai, Lyon, Tamil Nadu 600066, India"
4349,17C,GRT Tiruvallur,602001,13.12571255091501,79.91957558072026,"4WG9+7RH, Poonga Nagar, Kakkalur, Tamil Nadu 602001, India"
3238,35A,Sai baba kovil,600056,13.0532824,80.12492820000001,"343F+7RG, Goparasanallur, Chennai, Tamil Nadu 600077, India"
6789,10,Noor Hotel,600023,13.101557708313406,80.23802825431896,"2, 322, Brock Rd, Chinna Chembarambakkam, Ayanavaram, Chennai, Tamil Nadu 600023, India"
942,5C,Ambica Empire Hotel,600026,13.0557209,80.2111536,"79, Jawaharlal Nehru Salai, Thiru Nagar Colony, NGO Colony, Vadapalani, Chennai, Tamil Nadu 600026, India"
3754,15D,Ayapakkam church (Watertank),600053,13.09743699180799,80.14637033846992,"எண்.99, டி.ஜி. அண்ணா நகர், அயப்பாக்கம் ரோடு, அம்பத்தூர், சென்னை - 600053, Ayappakkam, Chennai, Tamil Nadu 600053, India"
2380,4,Pantaloons ,600094,13.064299313488426,80.22025038344276,"40-16, Kamaraj Nagar 4th St, Kamarajar Nagar, Veerapandi Nagar, Choolaimedu, Chennai, Tamil Nadu 600094, India"
7852,5c,vengayamandi,600107,13.06928199354014,80.1809106140943,"359J+MCJ, Sentamil Nagar, Koyambedu, Chennai, Tamil Nadu 600107, India"
3224,5A,Panchali amman koil ,600106,13.069393,80.2101254,"25, Amarar Durai Pillai St, Sri Sakthi Nagar, Arumbakkam, Chennai, Tamil Nadu 600106, India"
4422,15D,Ration shop,600077,13.10727792697146,80.13110187716576,"Ganesh Bhavan, Rajammal nagar, TNHB Colony, Annanur, Ayappakkam, Chennai, Tamil Nadu 600077, India"
2222,18B,Sekkadu ,600054,13.1191519980246,80.07975101105937,"13/358, Avadi, Tamil Nadu 600054, India"
7945,24c,Pallavaram bus stop,600043,12.966617839136507,80.14885282448986,"Signal, Til, 30, Grand Southern Trunk Rd, near Pallavar, Subramaniya, Pallavaram, Chennai, Tamil Nadu 600043, India"
7554,42C,SR GATE ARAKKONAM,631001,13.073457414746883,79.67110180692448,"3MFC+9J3, Ammanur R.F., Arakkonam, Tamil Nadu 631001, India"
69,24,Independence day park,600061,12.9812002,80.1858056,"Independence Day Park, 3, 6th Main Rd, TNGO Colony, Nanganallur, Chennai, Tamil Nadu 600061, India"
6253,39,"Orikkai old colony, kanchipuram ",631502,12.8044205,79.71126,"RP36+QJ2, Kumaresan Nagar, Arasu Nagar, Thandavaraya Nagar, Orikkai, Tamil Nadu 631502, India"
6408,43,Manavalanagar - bus stop,602002,13.10888662378412,79.910070511803,"PARIMALA ENTERPRISES, 29, SPH ROAD, near Dck mahal, Manavalanagar, Tamil Nadu 602002, India"
3942,40B,Taluk office,631502,12.832858919526585,79.70338581600383,"69ab, Kamarajar St, near Taluka Office, Periya, Kanchipuram, Tamil Nadu 631501, India"
8063,11,Moolakadai ,600118,13.128659919610886,80.24170731900925,"15, Moolakadai, Kodungaiyur, Chennai, Tamil Nadu 600060, India"
4168,15D,ICMR,600077,13.1049174,80.13812229999999,"7720, TNHB Colony, Annanur, Ayappakkam, Chennai, Tamil Nadu 600077, India"
605,28C,Lakshman Sruthi,600026,13.045720601177493,80.21022073880704,"16/82, 100th St, Ottagapalayam, Sector 15, Vadapalani, Chennai, Tamil Nadu 600026, India"
280,41A,Arcot,632503,12.80236213822414,79.3539018374758,"R923+RG4, Kaniyanur, Tamil Nadu 632506, India"
4379,40A,Ekanampet,631601,12.8046406,79.7689003,"RQ39+PHG, Kanchipuram, Tamil Nadu 631601, India"
6920,44,Enathur junction,631561,12.873612709105464,79.74283308999158,"NH-48, Madras Bombay Trunk Rd, Vedal, Tamil Nadu 631561, India"
4466,15A,Thiruverkadu ,600077,13.0679495,80.1407649,"11, VGN Mahalakshmi Nagar, Vadanoombal, Maduravoyal, Chennai, Tamil Nadu 600077, India"
5390,5B,Maduravoyal ,600116,13.061180965843237,80.16331935496122,"NO.3/18-C,EARIKKARAI BUS STOP,MADHURVAYAL,, Kamaraj Nagar, Maduravoyal, Chennai, Tamil Nadu 600095, India"
7490,38c,"Housing board,Kanchipuram ",631501,12.8175186,79.6931881,"S.M.G Dhanalakshmi Thirumana Mandapam, Vinobaji St, Vedachalam Nagar Extension, Gem Nagar, Kanchipuram, Tamil Nadu 631502, India"
7590,12C,venus bus stop,600011,13.11540648398657,80.2342667090732,"6/4, Teeds Garden, Perambur, Chennai, Tamil Nadu 600011, India"
6906,8c,Waves,600040,13.087195519576026,80.19306472666932,"32, Mellavellar Street, Jayankondam, Ariyalur(TK, Thirumangalam, Thirumangalam, Govt Officers Colony, Chennai, Tamil Nadu 600040, India"
2047,19D,Vandalur zoo Bus stand ,600048,12.8877297,80.08212220000001,"V3QJ+3RX, 1st Main Rd, Venkatesapuram, Vandalur, Tamil Nadu 600048, India"
4469,9A,Sbi,600037,13.0807704,80.16441979999999,"HIG-1/67/3, Mogappair West Main Rd, Nolambur, Ambattur Industrial Estate, Chennai, Tamil Nadu 600037, India"
6915,5c,NERKUNDRAM ,600107,13.0678391,80.1859183,"359P+49M, Pallavan Nagar, Nerkundram, Chennai, Tamil Nadu 600107, India"
6325,7C,Velammal main school ,600050,13.0915052,80.1831038,"28, Akshaya Nagar St, Padi, Chennai, Tamil Nadu 600050, India"
4363,31,SRM hospital ,600033,13.0415575,80.2239993,"7/4, Veerasamy St, Gokulam Colony, Ramakrishnapuram, West Mambalam, Chennai, Tamil Nadu 600033, India"
6193,13A,kolathur don bosco,600082,13.1181605,80.2203268,"4/3, Periyar Nagar West, Kolathur, Chennai, Tamil Nadu 600082, India"
6684,20E,"Saravana Stores, Chromepet",600044,12.951530280884366,80.15009412239681,"12, Palaniyandavar Street, Radha Nagar Main Rd, Radha Nagar Extension, Panchayat Colony, Chromepet, Chennai, Tamil Nadu 600044, India"
2127,27c,Santhome,600004,13.03520100634342,80.27756832794803,"24/154, Kangayarpuram, Basha Garden, Mylapore, Chennai, Tamil Nadu 600004, India"
6375,37D,Nazarathpettai ,600123,13.046851561115256,80.07852362390585,"37, Bengaluru - Chennai Hwy, Poonamallee, Varadarajapuram, Chennai, Tamil Nadu 600123, India"
110,15E,Manikandanpuram HP petrol bunk,600062,13.130369160743676,80.13611052697338,"No-1, Chennai - Tiruvallur High Rd, Sidco Industrial Estate, Manikanda Puram, Thirumullaivoyal, Chennai, Tamil Nadu 600062, India"
733,33c,Vembuliamman Temple Bus stop,600092,13.0467637,80.1904012,"262, Arcot Rd, Rajeswari Colony, Virugambakkam, Chennai, Tamil Nadu 600092, India"
4370,31,Jubilee road ,600033,13.041700960269296,80.22239471296021,"55/20, Gokulam Colony, Ramakrishnapuram, West Mambalam, Chennai, Tamil Nadu 600033, India"
743,33C,Vembuli amman temple bus stand,600092,13.0467637,80.1904012,"262, Arcot Rd, Rajeswari Colony, Virugambakkam, Chennai, Tamil Nadu 600092, India"
4736,10c,Binny mill church ,600012,13.102881587261018,80.25285965385827,"Binny Mill Canteen, Shanthi Nagar, Wadia Nagar, Jamalia, Chennai, Tamil Nadu 600012, India"
4212,44,Sunguvarchatram bus stop,602106,12.925764921655796,79.87966412154032,"WVGH+8XC, Sriperumbudur Rd, Thirumangalam, Sunguvarchatram, Tamil Nadu 602106, India"
1388,2C,"Peddu street,Padmanabha theatre ",600001,13.1002489,80.2754375,"472G+35P, Reliance Rice Mill St, Peddanaickenpet, George Town, Chennai, Tamil Nadu 600001, India"
3099,32,Srinivasa Theatre,600033,13.031187084085117,80.2243023857485,"4/48, Reddi Kuppam, West Mambalam, Chennai, Tamil Nadu 600033, India"
1115, 5,MMDA,600094,13.06363421146734,80.21456437789685,"138 MMDA, N Block, SIDCO Industrial Estate, MMDA Colony, Arumbakkam, Chennai, Tamil Nadu 600106, India"
1393,24,"Independence day Park, Nanganallur ",600061,12.9813324,80.1865331,"23, Nanganallur, Chennai, Tamil Nadu 600061, India"
7583,17c,thozhur,602025,13.132260032320216,79.95858894191963,"519, Chennai - Tiruttani Hwy, United India Nagar, Thozhur, Tamil Nadu 602025, India"
2173,16A,Perumaladipadham ,600052,13.168377505686454,80.15067078343034,"173, Tirumullaivayal, Chennai, Tamil Nadu 600062, India"
5041,40A,Walajabad ,631605,12.792001247576913,79.81722635845006,"QRR8+RV2, Walajabad, Tamil Nadu 631605, India"
3370,38c,Collectorate ,631502,12.821494358376349,79.69786297130439,"29, Arcot - Kanchipuram Rd, Gem Nagar, Kanchipuram, Tamil Nadu 631502, India"
3625,35C,Sivanthangal,600128,13.0101843,80.1189182,"60, Kovur, Chennai, Thandalam, Tamil Nadu 600128, India"
5036,6,Gangaiamman kovil,600023,13.0985872,80.2339812,"No. 17, K.H. Road, Ayanavaram, Near joint office, opposite to government school, Vasantha nagar, Chinna Chembarambakkam, Ayanavaram, Chennai, Tamil Nadu 600023, India"
3177,26C,Nandanam Signal,600017,13.0331204,80.23402089999999,"4, Madurai Veeran Koil St, T. Nagar, Chennai, Tamil Nadu 600017, India"
7487,13,Thiruvalluvar Kalyana Mandapam,600082,13.1181605,80.2203268,"4/3, Periyar Nagar West, Kolathur, Chennai, Tamil Nadu 600082, India"
3090,16C,Pudur,600053,13.120725,80.1636985,"45C7+7FP, Devi St, Menambedu, Ambattur, Chennai, Tamil Nadu 600053, India"
746,34C,Iyyapatangal mahindra showroom,600056,13.021068658436576,80.1295942147088,"1/165, Paraniputhur, Iyyappanthangal, Chennai, Tamil Nadu 600122, India"
5416,13A,Kolathur(Don Bosco School Peravallur),600082,13.1221313,80.2183794,"12/30, Anjugam Nagar, Kolathur, Chennai, Tamil Nadu 600082, India"
3123,13,jawahar nagar ,600082,13.1181605,80.2203268,"4/3, Periyar Nagar West, Kolathur, Chennai, Tamil Nadu 600082, India"
777,17A,"Old collector office road,Kakkalur, Tiruvallur ",602003,13.135502,79.9182222,"2687, Ma. Po. Si. Nagar, Periyakuppam, Kakkalur, Tamil Nadu 602001, India"
946,27,kotturpuram,600085,13.0191703,80.2417265,"A M M MATRICULATION HIGHER SECONDARY SCHOOL, 18, Gandhi Mandapam Rd, Avvai Colony, Kotturpuram, Chennai, Tamil Nadu 600085, India"
683,17c,Thozhur,602025,13.132291606211393,79.95864403441679,"Thozuvur, Thozhur, Tamil Nadu 602025, India"
3259,14C,Madhavaram Old Bus stand,600060,13.148565,80.23126,"14/40, SV Koil St, near Sai baba temple, Natesan Nagar, Rajaji Nagar, Madhavaram, Chennai, Tamil Nadu 600060, India"
3769,44,Santhavellore ,602106,12.914181071813584,79.86031815053391,"WV76+Q2X, Vinodha nagar, Santhavellore, Santhavelur, Tamil Nadu 602106, India"
383,28,Periyar salai,600034,13.053281507546451,80.23710843212478,"363P+8V2, Kodambakkam High Rd, Kakkan Colony, Seeranipuram, Darmapuram, T. Nagar, Chennai, Tamil Nadu 600017, India"
3971,25,Kottivakkam Bus Stop,600041,12.97021350990594,80.25790490389574,"65, East Coast Rd, New Colony, Kottivakkam, Chennai, Tamil Nadu 600041, India"
267,37,Porur Saravana Stores ,600125,13.011015723576724,80.15559086693902,"a3 plot, no 5&6, Padmavathy Nagar, Padmavati Nagar, Kolapakkam, Chennai, Tamil Nadu 600128, India"
6472,40b,Rangasamy kulam,631501,12.8242347,79.70975039999999,"11/23, Chinna Kanchipuram, நாகலாந்து தெரு மடம், ரங்கசாமி குளம், Kanchipuram, Arappanacheri, Tamil Nadu 631501, India"
876,40B,Kachapeshwarar kovil,631502,12.83880422858708,79.70115953209492,"41, Nellukara St, Nellukara st, Kanchipuram, Tamil Nadu 631501, India"
6852,3,"Motcham theatre, Purasaiwalkam",600007,13.08572736607085,80.2503245320824,"232, Purasaivakkam High Rd, Purasaiwakkam, Chennai, Tamil Nadu 600010, India"
6393,4,Pantaloons,600029,13.06396673127837,80.219954643599,"47/19, Kamarajar Nagar, Kamaraj Nagar, Choolaimedu, Chennai, Tamil Nadu 600094, India"
7494,20,Pallikaranai Jayachandran,600100,12.922581565658064,80.1945563084664,"Poomalai Varishtaa Villas, Veeran Kovil, 2D1, Medavakkam, Chennai, Tamil Nadu 600100, India"
7259,18B,Pattabiram ,600072,13.12080583566741,80.0652064530625,"43C8+837, Pattabiram, Tamil Nadu 600072, India"
6376,26,Star theatre,600005,13.062464051654764,80.2743278637937,"53, Triplicane High Rd, Police Quarters, Triplicane, Chennai, Tamil Nadu 600005, India"
5389,33,mgr nagar market,600078,13.03383589716275,80.19778642062879,"12-14, Annal Gandhi St, MGR Nagar, Nesapakkam, Chennai, Tamil Nadu 600083, India"
4412,1C,Royapuram ,600013,13.1101517,80.2908471,"37/16, Mottai Thottam, Old Washermanpet, Chennai, Tamil Nadu 600013, India"
6743,43,Tiruttani,631209,13.1615911,79.618344,"19, Sekha Varma Nagar, MGR Nagar, Thiruttani, Tamil Nadu 631209, India"
6693,2C,Lakshmi Amman kovil ,600081,13.134641048936476,80.29321768274723,"335, Poondi Thangammal St, Nagoor Garden, Tondiarpet, Chennai, Tamil Nadu 600081, India"
7175,18C,Parathipattu,600054,13.08926784807529,80.10867378559742,"34Q5+R8M, Avadi, Tamil Nadu 600071, India"
367,26,Meersapet market ,600014,13.05337720521876,80.26947174753447,"No.265, Peter's Rd, Royapettah, Chennai, Tamil Nadu 600014, India"
5859,15B,Vaishnavi Nagar ,600062,13.127878592409749,80.12593082221987,"6/3, Vaishnavi Nagar, Cholambedu, Chennai, Tamil Nadu 600062, India"
3323,41,Walajapet busstand ,632513,12.9257158,79.3643566,"W9G7+7QR, Walajapet, Tamil Nadu 632513, India"
3307,5c,Thirunagar,600026,13.058942490732177,80.21144604546478,"63, Jawaharlal Nehru Salai, Senthil Nagar, Tiru Nagar, Arumbakkam, Chennai, Tamil Nadu 600106, India"
5432,23,Kovilambakkam ,600129,12.939643037544103,80.18261675623931,"2/587, Medavakkam Main Rd, Lakshmi Nagar, Kovilambakkam, Chennai, Tamil Nadu 600117, India"
5330,9,Mogappair east. Biriyani brothers ,600037,13.085277758486608,80.17969449814855,"1-1, Perumal Nagar, J J Nagar, Mogappair East, Chennai, Tamil Nadu 600037, India"
1408,6,"Hot chips,thirumangalam",600040,13.0850234,80.2031057,"C-44, 12th main road, Second Avenue, Anna Nagar, Anna Nagar West, Anna Nagar, Chennai, Tamil Nadu 600040, India"
2880,11C,Church korattur,600080,13.1053924,80.1799324,"No 47, Gramani St, Angamuthu Salai, Kasturi Nagar, Korattur, Chennai, Tamil Nadu 600080, India"
3797,13A,Don Bosco School Kolathur,600099,13.120907448272446,80.22295973700973,"6, Anjugam Nagar 7th St, Anjugam Nagar, Santhi Nagar, Kolathur, Chennai, Tamil Nadu 600082, India"
6511,10C,"Kalpana Hotel, Villivakkam",600049,13.103206,80.207732,"Kalpana Hotel, Villivakkam, Chennai, Tamil Nadu 600049, India"
6831,38c,Collectrate ,631501,12.826256134708016,79.7006310470362,"101, Karukinil Amarnthaval Koil St, Pillaiyarpalayam, Kanchipuram, Tamil Nadu 631501, India"
2462,13C,poompuhar nagar police booth,600099,13.119116880758478,80.21396728597483,"No 1245, Poompuhar Nagar 15th St, Poompuhar Nagar, Kolathur, Chennai, Tamil Nadu 600099, India"
5802,9B,Mogappair Water Tank Road ,600037,13.082926332053006,80.17336889781826,"6/97, 6th Block, Mogappair West, Mogappair, Chennai, Tamil Nadu 600037, India"
7173,12b,Eshwari mahal,600039,13.115459912351696,80.24923256916576,"34/2, Rajaji St, MPM Street, Kakkanji Colony, Vyasarpadi, Chennai, Tamil Nadu 600039, India"
3639,3c,"36MG+66Q, Pulla Ave, Shenoy Nagar, Chennai, Tamil Nadu 600102",600102,13.08108108108108,80.22594698942308,"36JG+F8R, Pulla Ave, Shenoy Nagar, Chennai, Tamil Nadu 600030, India"
519,6,Santhosh super market ,600040,13.0849252,80.2053372,"C-35, 2nd Ave, next to Nathella Jewellers, Anna Nagar, Anna Nagar West, Anna Nagar, Chennai, Tamil Nadu 600040, India"
5113,40,Varadaraja Perumal kovil ,631501,12.820319882972088,79.72788229489905,"84/67, Nethaji Nagar, Kanchipuram, Nattapettai, Tamil Nadu 631501, India"
6266,38c,Housing board ,631502,12.817883139560468,79.69271852805379,"22, Vinobaji St, Vedachalam Nagar Extension, Thirumana, Kanchipuram, Tamil Nadu 631501, India"
494,43,Thiruvalangadu ,631210,13.1307263,79.7624177,"4QJ6+7X Verrakkoil, Tamil Nadu, India"
3199,32,Blue Tank Ashok Nagar ,600015,13.02270723422337,80.2160204470475,"1, 1B/1, Perumal Koil St, West Saidapet, Saidapet, Chennai, Tamil Nadu 600015, India"
4045,25C,Ramapuram,600089,13.028648338933012,80.18633090536908,"Guru Royal Palace, 142, 1st Main Rd, Rayala Nagar, Chidambaram Nagar, Ramapuram, Chennai, Tamil Nadu 600089, India"
6202,15D,Ayappakkam church (water tank),600077,13.09740101293018,80.14618680692313,"25-26, Ambattur Rd, TNHB Colony, Phase 3, Ambattur, Chennai, Tamil Nadu 600077, India"
6501,3c,Shenoy Nagar Bus Stop,600030,13.077060320534065,80.2250961014557,"Shenoy Nagar, Shenoy Nagar, Chennai, Tamil Nadu 600030, India"
2095,5,K3 Police Station ,600030,13.081359820823833,80.21799471831945,"BLOCK-A, K3, Bharathi Puram, Annanagar East, Chennai, Tamil Nadu 600030, India"
4407,5,RAZACK GARDEN ROAD ,600106,13.071803050020604,80.2156488966891,"46, Razzak Garden Main Rd, Ayyavoo Colony, Arumbakkam, Chennai, Tamil Nadu 600106, India"
1816,37D,Ambedkar statue Poonamallee ,600056,12.985462368961532,80.15498141332725,"X5P3+5X Chennai, Tamil Nadu, India"
6825,21C,NGO Colony,600042,12.993026928239852,80.21213478637387,"517, 3rd St, Ramapuram, TNHB Colony, Velachery, Chennai, Tamil Nadu 600042, India"
3911,3C,Doveton bridge,600010,13.089715934000616,80.2584730912804,"111, Perambur Barracks Rd, Perumalpet, Purasaiwakkam, Chennai, Tamil Nadu 600010, India"
6215,37D,poonamalle by pass,600056,13.0450079,80.1156829,"358, near Poonamallee Fire And Rescue Station, MSS Nagar, Ambedkar Nagar, Poonamallee, Chennai, Tamil Nadu 600056, India"
4901,15C,Singapore Shopping ,600053,13.121806341027485,80.1478700637586,"125, NH 716, Vivek Nagar, Ram Nagar, Ambattur, Chennai, Tamil Nadu 600053, India"
3103,1,Tollgate ,600019,13.144577811331157,80.29698879376568,"Tolgate, Thangal, Thyagarajapuram, Tiruchanankuppam, Chennai, Tamil Nadu 600019, India"
7162,7,Akshyam Hotel,600040,13.090410102074896,80.20985690202022,"23/75, 11th St, Z Block, Kathiravan Colony, Anna Nagar, Chennai, Tamil Nadu 600040, India"
5764,43,Tiruthani Bypass ,631209,13.1746411,79.611721,"5JF6+VM5, Steward Pet, Thiruttani, Tamil Nadu 631209, India"
4472,13B,Senthil nagar ,600099,13.124624462891084,80.19964579310806,"43, Balaji St, Vivekananda Nagar, Kolathur, Chennai, Tamil Nadu 600099, India"
3106,1C,Kalmandapam,600013,13.11380148807641,80.29248075820803,"7, MS Koil St, Pudumanaikuppam, Royapuram, Chennai, Tamil Nadu 600013, India"
3486,36,Kovur rto office,600128,13.010966393166424,80.11449914683692,"Mookabigai nagar, Kovur, Mookambigai Nagar, Chennai, Thandalam, Tamil Nadu 600128, India"
5470,38c,Housing board ,631502,12.8175186,79.6931881,"S.M.G Dhanalakshmi Thirumana Mandapam, Vinobaji St, Vedachalam Nagar Extension, Gem Nagar, Kanchipuram, Tamil Nadu 631502, India"
3659,40C,Ram's Cafe,631502,12.839795969021408,79.72478768808078,"RPQG+Q3Q, Vaiyavoor Rd, Tamil Nadu 631501, India"
3537,19D,Guduvanchery bus stand ,603202,12.8378721,80.0668308,"44A, Lakshmi Nagar, Guduvancheri, Tamil Nadu 603202, India"
810,22,"Tansi Nagar bus stand, Velachery",600042,12.9766672,80.23035689999999,"X6GJ+M49, Sheshadripuram 1st Main Rd, Seshadripuram, Velachery, Chennai, Tamil Nadu 600042, India"
3530,19D,Guduvanchery bus stand ,603202,12.854578345906823,80.03924168786205,"V23Q+RM Kutthanur, Tamil Nadu, India"
7865,19C,Hasthinapuram,600064,12.941399796838468,80.14555985171633,"90, Dr Rajendra Prasad Rd, MDLB Colony, Hasthinapuram, Chromepet, Chennai, Tamil Nadu 600044, India"
3634,2C,Periyar nagar,600019,13.167826,80.3043618,"No:758/386, Thiruvottiyur High Rd, Periyar Nagar, Tiruvottiyur, Chennai, Tamil Nadu 600019, India"
5027,35B,Manikandan Nagar ,600069,12.9880971,80.11270189999999,"125-126, Metro Star City 1st Main Rd, Metro Star City, Karaima Nagar, Tiruneermalai, Chennai, Tamil Nadu 600069, India"
3296,41A,Kaveripakkam ,632508,12.899982096080691,79.45975676056686,"WF25+3VX, Kaveripakkam, Tamil Nadu 632508, India"
6490,38c,Collectrate ,631501,12.8200118,79.7003971,"2/76, Gandhi Nagar, Tamil Nadu 631501, India"
1140,38C,Housing board ,631502,12.8183355,79.689927,"RM9Q+8X Gem Nagar, Kanchipuram, Tamil Nadu, India"
564,2c,Cemetery road,600021,13.1105929,80.2853592,"14/6/1, Kalingarayan 5th St, NN Garden, Washermanpet, Chennai, Tamil Nadu 600021, India"
5166,39C,Gujarat chathram,631502,12.844965432409593,79.69660199925764,"RMVW+XJV, SH58, Periya, Kanchipuram, Tamil Nadu 631502, India"
7316,18c,Govarthanagiri,600071,13.098654580971054,80.1084176860138,"34X5+C9G, Koliyar St, Govardanagiri, Avadi, Tamil Nadu 600071, India"
6558,20D,"Selaiyur zudio , opposite to selaiur police station",600059,12.9229102,80.1287234,"165, Velachery Rd, East Tambaram, Tambaram, Chennai, Tamil Nadu 600059, India"
6712,4,Skywalk,600029,13.070266998834644,80.22065217673497,"19A, 2nd St, Collectorate Colony, Aminjikarai, Chennai, Tamil Nadu 600029, India"
6586,39,Gujarat chatram kanchipuram ,631502,12.8574023,79.6799762,"VM4H+PR9, Haji Nagar, Tamil Nadu 631502, India"
6423,26,Ratna cafe,600005,13.05451747855071,80.27391368079108,"1st floor, 319/161, Triplicane High Rd, Narayana Krishnaraja Puram, Triplicane, Chennai, Tamil Nadu 600005, India"
4952,4,"Pantaloons, Nelson Manickam Road, Railway Colony, Aminjikarai",600029,13.069889551084858,80.22436219058406,"142, Nelson Manickam Rd, Near Railway Station, Railway Colony, Aminjikarai, Chennai, Tamil Nadu 600029, India"
6232,27,Kotturpuram ,600085,13.019923574917808,80.241831587891,"26CR+2P4, Gandhi Mandapam Rd, Avvai Colony, Kotturpuram, Chennai, Tamil Nadu 600085, India"
4553,38c,Manampathy x road,603403,12.6382649,79.6614376,"JMQ6+8H Perunagar, Tamil Nadu, India"
2287,1,Ernavur,600057,13.190923903275737,80.30847507745287,"69/1, Bajanai Koil St, Gandhi Nagar, Netaji Nagar, Ernavur, Ennore, Chennai, Tamil Nadu 600057, India"
644,1c,New washermenpet metro,600081,13.1354163,80.2933872,"15, Sivagami Nagar, Tondiarpet, Chennai, Tamil Nadu 600081, India"
7574,24,Independence Day Park,600061,12.97867231191206,80.18921998358414,"16/19, 4th St, Lakshmi Nagar, Nanganallur, Chennai, Tamil Nadu 600061, India"
7514,19e,outer ring road mudichur,600048,12.9167773784559,80.06926248739087,"186/1, Asthalakshmi Nagar, Mudichur, Royappa Nagar, Tamil Nadu 600045, India"
3536,25C,Ramapuram ,600089,13.02086942212424,80.18374056846386,"4, Mount Poonamallee Rd, Parthasarathy Nagar, Ramapuram, Chennai, Tamil Nadu 600089, India"
3632,11A,Thathankuppam (DRJ),600049,13.113638204898743,80.20409532240046,"21, Rajamangalam Main Rd, Rajamangalam, Villivakkam, Chennai, Tamil Nadu 600049, India"
4468,16C,Pudur,600053,13.1305806781281,80.15915818298218,"1, Ambattur Red Hills Rd, Pudur, Ambattur, Chennai, Tamil Nadu 600053, India"
475,38,Pandiyambakkam ,631701,12.716055060647424,79.61572863412438,"MDR770, Tamil Nadu 604410, India"
5474,17d,Thiruninravur ,602024,13.124806335175728,80.02456586500381,"2, 3rd Main St, Lakshmi Puram, Thiruvenkada Nagar, Tamil Nadu 602024, India"
7373,37C,Poonamallee bypass ,600056,13.04665475,80.0994625,"No: 10, Sundar Nagar St, Gandhi Nagar, Poonamallee, Chennai, Tamil Nadu 600056, India"
3114,20D,Camp road ,600059,12.9228114,80.1273503,"175, East Tambaram, Selaiyur, Chennai, Tamil Nadu 600059, India"
5670,2C,Cemetery rd ,600021,13.110396711443212,80.28139742306101,"38a, Thiruvottiyur High Rd, Minakshi Ammanpet, Old Washermanpet, Chennai, Tamil Nadu 600021, India"
3432,21,Thillai Ganga Nagar Subway,600061,12.992082,80.19346259999999,"X5RV+R9P Thillaiganga Nagar Subway, Thillaiganga Nagar, Nanganallur, Chennai, Tamil Nadu 600061, India"
3157,13,Agaram BPCL Petrol Bunk,600082,13.110006536514549,80.22552103629286,"161/2, GKM Colony Main Rd, Gandhi Nagar, General Kumaramangalam Colony, Perambur, Chennai, Tamil Nadu 600082, India"
1690,25C,Adyar Signal,600020,13.003656414730871,80.26084529651298,"99/50, Padmanabha Nagar, Adyar, Chennai, Tamil Nadu 600020, India"
1887,5,Vallavan hotel,600106,13.0637276,80.2120253,"132, Vinayagapuram Main Rd, Kamala Nehru Nagar, Vinayakapuram, Balavinayagar Nagar, Chennai, Tamil Nadu 600106, India"
3175,5C,vengaya mandi,600107,13.06950474432552,80.18125960295771,"1/98, Nh48, Pallavan Nagar, Nerkundram, Chennai, Tamil Nadu 600107, India"
529,20B,Mambakkam,600127,12.846148639489792,80.1534604624132,"R5W3+G94, Kovilancheri, Tamil Nadu 600048, India"
999,27,Kotturpuram bus stop near AMM school ,600085,13.0191703,80.2417265,"A M M MATRICULATION HIGHER SECONDARY SCHOOL, 18, Gandhi Mandapam Rd, Avvai Colony, Kotturpuram, Chennai, Tamil Nadu 600085, India"
5099,36C,Madhanandhapuram,600116,13.022065897225318,80.14640478931175,"3/492, Shanmuga Nagar, Madhanandapuram, Chennai, Tamil Nadu 600116, India"
3679,42,"Krishna polytechnic indhra gandhi st, Arakkonam ",631001,13.092529346294278,79.65971782831231,"Tnhb Main Road, Near Indira Gandhi Statue Arakkonam., 3MV5+3V5, Arakkonam, Tamil Nadu 631001, India"
971,26,Meesapet market Triplicane,600014,13.053352936147707,80.26973063528823,"185, Dr Besant Rd, opposite Charminar Biryani, Mirsahibpet, Royapettah, Chennai, Tamil Nadu 600014, India"
3577,39C,Ekambaranathar Kovil Bus Stop,631502,12.845281845217542,79.70654326085533,"23/9/11D/10, Melkathirpur, Periya, Kanchipuram, Tamil Nadu 631501, India"
4304,38c,Housing board(smg),631501,12.821733334332324,79.6888223757476,"8, Ekambaram St, Pallavan Nagar, Gem Nagar, Kanchipuram, Tamil Nadu 631502, India"
3164,5,Chinthamani,600102,13.0829552,80.2242407,"9/4, Gandhji Rd, Block C, C Block, Annanagar East, Chennai, Tamil Nadu 600030, India"
7265,15B,Thirumullai voil,600062,13.130704846286273,80.13167818327811,"69, Chennai - Tiruvallur High Rd, Venugopal Nagar, Cholambedu, Chennai, Tamil Nadu 600062, India"
3209,14C,Madhavaram ring road,600060,13.157368673296704,80.23377492087579,"565M+26Q, No, 9AVM Nagar Extension, Venugopal Nagar, Madhavaram, Chennai, Tamil Nadu 600060, India"
1093,13,Thiruvalluvar Kalyana Mandapam ,600082,13.1141389,80.2243742,"29, Karthikeyan Rd, Periyar Nagar West, Perambur, Chennai, Tamil Nadu 600082, India"
1325,4c,metha nagar,600029,13.06730303175519,80.22781124775618,"148, Nelson Manickam Rd, Metha Nagar, Officers Colony, Aminjikarai, Chennai, Tamil Nadu 600029, India"
1182,13C,"Grace super market , Villivakam",600049,13.1187562,80.2077881,"No. 5 janakiraman Reddy colony, Villivakkam, Ganesh Nagar, Villivakkam, Chennai, Tamil Nadu 600049, India"
6897,20C,"Sadasivam Nagar, Madipakkam",600091,12.96564522476419,80.20453574330121,"521, Bazaar Main Rd, Sadasiva Nagar, Madipakkam, Chennai, Tamil Nadu 600091, India"
1662,1c,New Washermenpet metro ,600081,13.134386340431735,80.2930768610378,"355/10-4, Tiruvottiyur High Rd, Nagoor Garden, Puthuvamarpet, Chennai, Tamil Nadu 600081, India"
3637,12B,"Welding shop, Kolathur",600099,13.123633371309609,80.22339047579348,"20/21, 2nd Floor, Chandra Prabhu Colony 2nd Main Rd, Velavan Nagar, Kolathur, Chennai, Tamil Nadu 600099, India"
3545,15B,Vaishnavi Nagar ,600062,13.126810217145874,80.12533681306645,"P27, Vaishnavi Nagar, Devi Nagar, Cholambedu, Chennai, Tamil Nadu 600062, India"
1402,28,Valluvarkottam,600034,13.0553192,80.2438066,"364V+4GM, New Tank Street, Tirumurthy Nagar, Nungambakkam, Chennai, Tamil Nadu 600034, India"
4013,40c,Kanchipuram Bus Stand,631502,12.837546271136771,79.70357856534515,"90, Nellukara St, Bavaji Nagar, Nellukara st, Kanchipuram, Tamil Nadu 631501, India"
2713,19E,Bharathi Nagar,600045,12.921493153603045,80.09237374095346,"89c, Mudichur Rd, Gandhi Nagar, Tambaram, Mudichur, Old Perungalathur, Tamil Nadu 600063, India"
4460,1C,KMC,600010,13.073114859491737,80.23972568880117,"27/45, Chetpet, Chennai, Tamil Nadu 600031, India"
3019,26c,"Kalaignar arch, saidapet",600015,13.0196342,80.22475469999999,"122, Anna Salai, Attucheri, Saidapet, Chennai, Tamil Nadu 600015, India"
6267,5b,Maduravoyal erikarai,600095,13.061152525654512,80.1636831117258,"Maduravoyal, Pallavan Nagar, Maduravoyal, Chennai, Tamil Nadu 600095, India"
6433,7c,Collector nagar ,600050,13.0879293,80.1899962,"1/14, Radial Nagar, Padi, Chennai, Tamil Nadu 600050, India"
6270,5B,Maduravoyal erikari,600095,13.061128954626309,80.1637374830978,"3567+CFX, Pallavan Nagar, Maduravoyal, Chennai, Tamil Nadu 600095, India"
6265,15b,Thirumullaivoyal ,600062,13.13065476187353,80.13162210017718,"71, Chennai - Tiruvallur High Rd, Venugopal Nagar, Thirumullaivoyal, Chennai, Tamil Nadu 600062, India"
3086,15B,Thirumullaivoyal ,600062,13.130671181476208,80.13186779200619,"69, Chennai - Tiruvallur High Rd, Pachaiamman Nagar, Thirumullaivoyal, Chennai, Tamil Nadu 600062, India"
3455,35A,Gangai amman kovil,600056,13.037497890857418,80.11542536910724,"24Q8+26V, A.R.Nagar, Manali Saravana Nagar, Kamatchiamman Nagar, Poonamallee, Chennai, Tamil Nadu 600122, India"
5019,27c,Santhome ,600004,13.037488186118242,80.27109526299118,"20, Mundakanni Amman Koil St, Madhavaperumalpuram, Mylapore, Chennai, Tamil Nadu 600004, India"
5411,15B,Thirumullaivoyal ,600062,13.1521832,80.1307913,"543J+2C, Chennai, Tamil Nadu 600062, India"
4088,8,Sidco,600049,13.109067857551812,80.20275302081822,"5/235, 88th St, E Type, Sidco Nagar, Villivakkam, Chennai, Tamil Nadu 600049, India"
6527,9a,vgn service road,600095,13.07541429174822,80.1614647926044,"Citilights Meadows Block-C, Citilights Meadows, 82, Andal Ammal St, Nolambur, Ambattur Industrial Estate, Chennai, Tamil Nadu 600095, India"
4912,18,Avadi,600054,13.117052,80.09688299999999,"Ramarathna Theatre, Kannigapuram, TNHB Mig V Block, Avadi, Tamil Nadu 600054, India"
7486,9C,"DR supermarket, mogappair west",600037,13.0835569,80.1730553,"Pukazhenthi Salai, No 2/335, Mogappair West, Mohanram Nagar, Mogappair, Chennai, Tamil Nadu 600037, India"
1039,24C,Nagalkeni erikarai,600044,12.95746482922851,80.12532024772571,"Subbarayan Nagar, West Tambaram, Chennai, Tamil Nadu 600044, India"
4427,37,Porur police station ,600116,13.034053686367846,80.16013827940436,"60, Mount Poonamallee Rd, Theru Veedhi Amman Koil Streets, Porur, Chennai, Tamil Nadu 600116, India"
88,9B,Grace super market,600037,13.0785794,80.18140369999999,"369, Church Rd, Golden George Nagar, Mogappair East, Chennai, Tamil Nadu 600037, India"
6269,34,"Anjappar hotel ,Porur ",600116,13.034003547671396,80.15998668837804,"1-1, 1-1, Mount Poonamallee Rd, Kungumam Nagar, Theru Veedhi Amman Koil Streets, Porur, Chennai, Tamil Nadu 600116, India"
7206,35,Puthu kovil stop ,600075,12.973415603112286,80.14349765164152,"X4FV+9F2, Radiance Pride Rd, Pallavaram, Chennai, Tamil Nadu 600043, India"
191,16,Ponneri(krishnapuram),601204,13.3197424,80.182458,"No 143, KRISHNAPURAM, Kodur, Tamil Nadu 601204, India"
3580,26C,Teynampet Signal,600018,13.0380715,80.254239,"Ananti Apartment, 5, Eldams Rd, Vannia Teynampet, Lubdhi Colony, Alwarpet, Chennai, Tamil Nadu 600018, India"
3477,1,Near Kaladipet metro,600019,13.15014492708722,80.29917244580791,"66, Thiruvottiyur High Rd, Thangal, Kaladipet, Tiruvottiyur, Chennai, Tamil Nadu 600019, India"
6390,5C,Radiance Icon,600107,13.0732558,80.19116799999999,"1165/36, Koyambedu, Chennai, Tamil Nadu 600107, India"
7467,9c,Dr super market ,600037,13.081948536070882,80.1665167543326,"4-629, TNHB Phase I, Nolambur, Ambattur Industrial Estate, Chennai, Tamil Nadu 600037, India"
6389,40A,Ayyampettai,602105,12.9714753,79.952182,"POOJA ENTERPRISES, 11/3, Bengaluru - Chennai Expy, opposite Union bank, Nenmeli, Sriperumbudur, Tamil Nadu 602105, India"
8079,15A,Thiruverkadu bus stand,600077,13.069344156382304,80.12386801351659,"349F+QG9, Munusamy Nagar, Parasakthi Nagar, Thiruverkadu, Tamil Nadu 600077, India"
1082,15B,Thirumulaivayol ,600062,13.130251838593429,80.13245349189881,"7A, Cholambedu Salai, Venugopal Nagar, Thirumullaivoyal, Chennai, Tamil Nadu 600062, India"
734,13A,Retteri signal,600099,13.130010896485468,80.21406794696381,"7, Red Hills Rd, Mahatma Gandhi Nagar, Somanathapuram, Kolathur, Chennai, Tamil Nadu 600082, India"
7284,8,Anna nagar anbu colony ,600040,13.084873,80.2101753,"2038, AD Block, Anna Nagar, Chennai, Tamil Nadu 600040, India"
369,25,Chinna Neelankari signal,600115,12.954432946246596,80.25526652081784,"Chinna Neelangarai, SH 49, Chinna Neelankarai, Neelankarai, Chennai, Tamil Nadu 600041, India"
176,9,"7h bus stand, Mogappair ",600037,13.0809163,80.1805414,"24, Pittinitar Salai Rd, Block 10, J J Nagar, Mogappair East, Chennai, Tamil Nadu 600037, India"
3252,5b,Maduravoyal Erikarai,600095,13.0481783,80.1647926,"89, Mahatma Gandhi St, Rajiv Gandhi Nagar, Porur, Chennai, Tamil Nadu 600095, India"
7250,13B,TVK NAGAR,600082,13.126265203162358,80.23203998971915,"30/82, Gopalapuram, Perambur, Chennai, Tamil Nadu 600082, India"
6255,16E,Saraswathi nagar,600062,13.12908473969205,80.13881408721154,"470, Chennai - Tiruvallur High Rd, Balaji Nagar, Thirumullaivoyal, Chennai, Tamil Nadu 600062, India"
1139,20C,"Kaiveli, Madipakkam",600091,12.966030367302563,80.20479703136616,"P17, 1/P17, 4th Cross St, Sadasiva Nagar, Madipakkam, Chennai, Tamil Nadu 600091, India"
1814,2,Tondiarpet Mani Cycle Shop,600081,13.137343561127476,80.2802677716876,"47PJ+W4F, Main Rd, Karunanidhi Nagar, Vinobha Nagar, Tondiarpet, Chennai, Tamil Nadu 600081, India"
526,21,Arun ice cream ,600088,12.980849,80.2015291,"20, Elango St, opposite Shankara madam, Co Operative Nagar, Nilamangai Nagar, Adambakkam, Chennai, Tamil Nadu 600042, India"
8080,5B,Vanagaram,600095,13.0612753,80.1489877,"346X+CF9, Rajiv Nagar, Vanagaram, Chennai, Tamil Nadu 600095, India"
944,9,Mogappair East 7H bus stop,600037,13.08008445842588,80.1804295831069,"Raj complex, 4, Church Rd, Mogappair East, Chennai, Tamil Nadu 600037, India"
1658,1,Ernavur,600057,13.1913942,80.3077439,"21, Mahaliamman Nagar, Girija Nagar, Ennore, Chennai, Tamil Nadu 600057, India"
3207,4,Skywalk,600029,13.073652092742634,80.22084181661485,"22, Nelson Manickam Rd, Collectorate Colony, Aminjikarai, Chennai, Tamil Nadu 600029, India"
2837,20A,Rajakilpakkam ,600073,12.91791784875288,80.15410911429672,"R1, Gokul Nagar, Chennai, Rajakilpakkam, Tamil Nadu 600126, India"
1988,41A,"Arcot Bus Stand, Arcot ",632503,12.906567933545976,79.32378414287959,"24/20, Annai Nagar, Arcot, Tamil Nadu 632503, India"
3576,41A,Arcot bus stand ,632503,12.90706059394336,79.3250865211477,"W84G+R2C, Arcot, Tamil Nadu 632503, India"
3921,6,Thirumangalam signal,600040,13.084873,80.2101753,"2038, AD Block, Anna Nagar, Chennai, Tamil Nadu 600040, India"
7459,4c,Loyola ,600017,13.046482200653712,80.24262839490486,"26WV+H2W, Gopathi Narayanaswami Chetty Rd, Satyamurthy Nagar, T. Nagar, Chennai, Tamil Nadu 600017, India"
1174,17c,GRT,602001,13.1689063,79.8632834,"45/24, Lakshmipuram, Tiruvallur, Tamil Nadu 602001, India"
3776,22,Perungudi,600096,12.971323567668286,80.24486020515339,"11, 2nd St, Kodandarama Nagar, Perungudi, Chennai, Tamil Nadu 600078, India"
3479,1C,Royapuram ,600013,13.1138424,80.2944637,"9/79, Pudumanaikuppam, Royapuram, Chennai, Tamil Nadu 600013, India"
6196,40B,"GUJARAT CHATHIRAM, KANCHIPURAM",631501,12.8455087,79.69624329999999,"RMWW+6FX, 64, Salai St, Karuppadithattadai, Tamil Nadu 631502, India"
5749,9c,Dr super market mogappair west,600037,13.0814762,80.1669512,"DR Super Market, Mogappair West Main Rd, 4th Block, Mogappair West, Ambattur Industrial Estate, Chennai, Tamil Nadu 600037, India"
7116,20D,Selaiyur Police station,600073,12.925379921208297,80.13947441898316,"3/39, East Tambaram, Selaiyur, Chennai, Tamil Nadu 600059, India"
7110,15B,Outer Ring road,600072,13.08953141266803,80.05738225214354,"Sitharkadu Bypass, Soranjeri, Tamil Nadu 600072, India"
3500,12B,Welding shop ,600099,13.1232845,80.2228044,"23/22, Red Hills Rd, Sri Ganapathi Rao Nagar, Kolathur, Chennai, Tamil Nadu 600082, India"
1509,42A,Mapped ,631402,13.03335957285098,79.85334967427305,"2VM3+87Q, Kilacheri, Tamil Nadu 631402, India"
7248,26c,"Kalaignar arch ,saidapet",600015,13.019820212614627,80.22478926073119,"122, Anna Salai, Attucheri, Saidapet, Chennai, Tamil Nadu 600015, India"
2069,16E,Paruthipattu Bus Stop,600071,13.088680537983748,80.11694577453544,"34Q8+GM9, Sumangali Maanasarovar Garden Rd, Paruthippattu, Papparapatti, Tamil Nadu 600071, India"
3888,37c,Poonamallee bypass ,600056,13.049389246437284,80.08934473878757,"Ceronet, 30/795, Sekar Complex, Trunk Rd, Rukmani Nagar, Poonamallee, Chennai, Tamil Nadu 600123, India"
7106,18B,Pillayar kovil,600054,13.118789424340743,80.09007207973644,"426, Chennai - Tiruvallur High Rd, near Babu reddiyar Marriage hall, Gandhi Nagar, Avadi, Tamil Nadu 600054, India"
7285,35,Puthu Kovil,600075,12.97138477547901,80.14303926132297,"X4CV+H64, Jawaharlal Nehru Rd, Pallavaram, Chennai, Tamil Nadu 600043, India"
2964,26,D1 Police Station,600002,13.0636015,80.27159209999999,"2, Ellis Rd, Border Thottam, Padupakkam, Triplicane, Chennai, Tamil Nadu 600014, India"
3873,43,Melnallathur,602002,13.0879321,79.90676789999999,"79, Gandhi Nagar, Melnallathur, Tamil Nadu 602002, India"
2280,19A,Old Tambaram kulam,600045,12.924631,80.1017956,"2, Melandai 2nd Cross St, Old Tambaram, Tambaram, Chennai, Tamil Nadu 600045, India"
642,15B,Thirumullaivoyal ,600062,13.130651561891524,80.13165747963639,"69, Chennai - Tiruvallur High Rd, Venugopal Nagar, Cholambedu, Chennai, Tamil Nadu 600062, India"
6411,18A,JB Estate,600054,13.1114133,80.10850099999999,"Om Shakthi Kovil JB Estate, Poonamallee - Avadi High Rd, JB Estate, Vivekananda Nagar, TNHB Mig V Block, Avadi, Tamil Nadu 600071, India"
4765,24c,Nagalkeni ,600044,12.96076075276307,80.13397978184528,"1st Floor, No 11/24, Tiruneermalai Main Rd, Argeeswarar Colony, Chromepet, Chennai, Tamil Nadu 600044, India"
7104,15,Dunlop,600053,13.102353732945382,80.15569202297462,"4524+V77, 1e, Jeevarathinam St, Ksr Nagar, Ambattur, Chennai, Tamil Nadu 600053, India"
1175,5c,Ambika empire (thirunagar),600026,13.05467854117998,80.21139800298363,"55-7/5, Nerkundram Pathai, near Indian Bank, Thiru Nagar Colony, NGO Colony, Vadapalani, Chennai, Tamil Nadu 600026, India"
6305,1C,Kilpauk G3 police station,600010,13.078314,80.2488511,"147, EVR Periyar Salai, Pullapuram, Chetpet, Chennai, Tamil Nadu 600008, India"
7691,15A,Velapanchavadi ,600077,13.0620167,80.1370062,"40/128, Sanjay Gandhi Nagar, Thiruverkadu, Chennai, Tamil Nadu 600077, India"
3912,45,"High school, Sriperumbudur ",602105,12.955678881150911,79.94515049830797,"PATTUNOOL CHATRAM, 53/31, Velachery - Tambaram Main Rd, Katchipedu, Sriperumbudur, Tamil Nadu 602105, India"
4158,20B,"Camp Road Selaiyur, Chennai.",600073,12.9199237,80.1440795,"No 26,iob colony,first main road, Camp Rd, Barathi Nagar, IOB Colony, Selaiyur, Chennai, Tamil Nadu 600073, India"
2858,42c,Venkatesapuram,631002,13.0677317,79.6728509,"344, Kanchipuram - Thirupathi Hwy, Arakkonam, Ammanur R.F., Tamil Nadu 631006, India"
3675,10C,Kambar Aramgam,600038,13.099247,80.219814,"Kambar Arangam, Ayanavaram, Chennai, Tamil Nadu 600023, India"
7522,6,"Gangai Amman Koil, New Avadi Water Tank Rd, near Ayanavaram",600102,13.090774440598706,80.22975928812268,"64, Veerasamy Main Rd, Palaiyam Nagar, Ayanavaram, Chennai, Tamil Nadu 600023, India"
7115,16c,Pudur,600053,13.135016592632129,80.16160109110666,"40A, Pudur, Ambattur, Chennai, Tamil Nadu 600053, India"
5102,34c,Iyyapanthangal ,600056,13.038655943181636,80.13376912738141,"24QM+FFQ, VGN Nagar, Iyyappanthangal, Chennai, Tamil Nadu 600056, India"
6665,8C,Dharma Fancy,600037,13.082360334779125,80.18833450365332,"1/6, Koil St, Block 1, J J Nagar, Mogappair East, Chennai, Tamil Nadu 600050, India"
1001,20c,poniyamman kovila,600091,12.964859920240684,80.19679936155471,"Ponniamman Kovil Road Junction, Balaiah Garden, Madipakkam, Chennai, Tamil Nadu 600091, India"
2730,42,Krishna polytechnic College ,631001,13.0991519,79.6558404,"51/38, Jaya Nagar, Arakkonam, Tamil Nadu 631003, India"
2856,16,Krishnapuram ,601204,13.3425842,80.2209773,"15, ANNUGRAHA NAGAR, Ponneri, Tamil Nadu 601204, India"
5627,20E,Mepz,600045,12.9374355,80.1278706,"W4PH+X5C, Subramaniam Rail Nagar, Tambaram Sanatoruim, Chennai, Tamil Nadu 600045, India"
1847,8,Sidco Nagar Bus Stop,600049,13.102998680293812,80.19895895278951,"SIDCO Nagar, Agathiyar Nagar, Villivakkam, Chennai, Tamil Nadu 600049, India"
4015,43,Tiruttani,631209,13.18247453925112,79.61069255464291,"5JM5+5X9, Senthamizh Nagar, Senthamil Nagar, Thiruttani, Tamil Nadu 631209, India"
685,42,Krishna Polytechnic ,631001,13.089709784833056,79.66615968626489,"3MQ8+WGW, Arakkonam, Tamil Nadu 631001, India"
7221,25,Neelankarai Bus stop ,600115,12.94961965784366,80.25464935943847,"No.3/165-1. East Coast Road, Kamaraj St, Saraswathy Nagar North, Neelankarai, Chennai, Tamil Nadu 600115, India"
3896,2C,Periyar Nagar,600019,13.167648885611566,80.3043383685691,"No:758/386, Thiruvottiyur High Rd, Periyar Nagar, Tiruvottiyur, Chennai, Tamil Nadu 600019, India"
2491,19E,Mudichur outer ring road,600048,12.917776960194685,80.0775008040231,"1/B Suraj avenue, Madanapuram, Shanthi Nagar, Kuberalakshmi nagar, Mudichur, Perungalathur, Tamil Nadu 600048, India"
7053,6,Annanagar Tower Park Metro,600040,13.082986719026191,80.21112748420029,"23/108, A.H Block 2nd Street, Block AC, AC Block, Anna Nagar, Chennai, Tamil Nadu 600040, India"
3629,16,Thatchoor ,601201,13.411250705952924,80.11950010998304,"C469+GV4, Gummidipoondi, Tamil Nadu 601201, India"
5438,26,Ratna cafe,600005,13.06140449319524,80.27000288159037,"151, Border Thottam, Padupakkam, Royapettah, Chennai, Tamil Nadu 600005, India"
5536,20C,Ponniamman kovil ,600091,12.964863547728536,80.19650082520482,"Ponniamman Kovil Road Junction, Bazaar Main Rd, Balaiah Garden, Madipakkam, Chennai, Tamil Nadu 600091, India"
6498,21,Prime Care,600088,12.982450383943624,80.20951132184847,"5-4A, Brindavan Nagar Extension, Krishnaraja Nagar, Netaji Colony, Chennai, Tamil Nadu 600042, India"
339,16C,Surapet bus stand ,600066,13.147203,80.1880296,"Block-15, PAVANI PALMS, Madhuramettur, Bharathidasan Nagar, Surapet, Mottur, Chennai, Tamil Nadu 600066, India"
6388,11c,bakthavachalam School Stop,600080,13.1090805,80.18297299999999,"K PADMAVATHY BLOCK, BAKTHAVACHALAM VIDHYASHRAM SCHOOL, Street Number 32, Venkatraman Nagar, Korattur, Chennai, Tamil Nadu 600080, India"
7559,13C,Grace Super Market,600049,13.1175957,80.2080896,"18, Rangadoss Colony, Teachers Guild Colony, Villivakkam, Chennai, Tamil Nadu 600049, India"
3143,29C,Valasaravakkam,600116,13.040843758657765,80.16785925737118,"16, Bharathiyar St, Alapakkam, Karpaga Vinayagar Colony, Valasaravakkam, Chennai, Tamil Nadu 600116, India"
6569,19B,Bharathamatha Street,600059,12.927485932955657,80.1267888968784,"W4GG+XP7, Bharathamadha St, Railway Colony, East Tambaram, Tambaram, Chennai, Tamil Nadu 600059, India"
3902,19,Chengalpet New Bus stand,603102,12.4982208,80.082302,"F3XJ+7W Angamampattu, Tamil Nadu, India"
5710,15C,Singapore Shopping Ambattur ,600053,13.122115807993914,80.14729478753758,"469, Madras Thiruvallur High Rd, Chinmaya Nagar Stage 1, Manthoppu Nagar, Ambattur, Chennai, Tamil Nadu 600053, India"
895,9C,DR Super Market,600037,13.0814762,80.1669512,"DR Super Market, Mogappair West Main Rd, 4th Block, Mogappair West, Ambattur Industrial Estate, Chennai, Tamil Nadu 600037, India"
7174,1,Kaladipet ,600019,13.1637859,80.29839179999999,"724, Tiruvottiyur, Chennai, Tamil Nadu 600019, India"
1106,37,Porur Saravana stores ,600116,13.0323486,80.1640757,"106, Mount Poonamallee Rd, Porur, Chennai, Tamil Nadu 600116, India"
7952,30,"Sai Nagar, Virugambakkam ",600092,13.0583197,80.1962241,"3, 6th St, Sai Nagar, Virugambakkam, Chennai, Tamil Nadu 600092, India"
2547,15B,Vaishnavi Nagar,600062,13.130547374476,80.12060287114467,"44JC+675, Sathyamurthi Nagar, Poompozhil Nagar, Avadi, Tamil Nadu 600062, India"
6474,7C ,Collector Nagar,600050,13.0899208,80.1900906,"52/10, TVS Ave, Radial Nagar, Anna Nagar West, Anna Nagar West Extension, Chennai, Tamil Nadu 600101, India"
2090,38c,Smg mahal ,631502,12.81749256256314,79.69324484362228,"S.M.G Dhanalakshmi Thirumana Mandapam, Vinobaji St, Vedachalam Nagar Extension, Gem Nagar, Kanchipuram, Tamil Nadu 631502, India"
2102,9B,Ambedkar Ground,600037,13.0835569,80.1730553,"Pukazhenthi Salai, No 2/335, Mogappair West, Mohanram Nagar, Mogappair, Chennai, Tamil Nadu 600037, India"
7159,11C,BAKTHAVATCHLAM SCHOOL SIGNAL,600080,13.108108465034864,80.18337256347654,"H2, Central Ave, above Axis Bank Branch, Venkatraman Nagar, Korattur, Chennai, Tamil Nadu 600080, India"
5048,19B,Varatharaja Theatre,600064,12.9373605,80.1451044,"12, 2nd Main Rd, Venkataraman Nagar, MC Nagar, Hasthinapuram, Chitlapakkam, Chennai, Tamil Nadu 600064, India"
4127,5,SAF Games,600107,13.0648085,80.20773,"3675+W3H, SAF Games Village, Annai Sathya Nagar, Koyambedu, Chennai, Tamil Nadu 600107, India"
7342,12C,Venus Bus stop,600011,13.11372056622475,80.23534845248432,"1, Paper Mills Road, Gopal Colony, Perambur, Chennai, Tamil Nadu 600011, India"
7609,42a,Senthamangalam,631051,13.003679265075188,79.67428754986574,"126, Manjampadi, Arakonam, Attupakkam, Tamil Nadu 631051, India"
6479,17D,Veppampattu Rly 2nd Gate,602024,13.125943399255142,80.01048514391753,"87,veppampattu, Chennai - Tiruttani Hwy, Veppambaattu, Tamil Nadu 602024, India"
5224,20B,Indira Nagar,600073,12.912342482898982,80.14318677316858,"Indira Nagar, Selaiyur, Chennai, Tamil Nadu 600073, India"
1512,22,tansi nagar,600042,12.97786804507202,80.22341786597131,"779, Ram Nagar, Tansi Nagar, Velachery, Chennai, Tamil Nadu 600042, India"
4800,16A,Redhils bus stand,600052,13.1929122,80.1839626,"55VM+4GG, Red Hills, Padianallur, Chennai, Tamil Nadu 600052, India"
3683,2c,Mint ,600001,13.1056702,80.2798624,"27, Vijayaraghavalu Rd, Basin Bridge, Kathibada, Old Washermanpet, Chennai, Tamil Nadu 600001, India"
6757,5A,Maduravoyal Post Office,600095,13.062688279474267,80.17101067499276,"1, Valli St, Karthikeyan Nagar, Maduravoyal, Chennai, Tamil Nadu 600095, India"
6235,1,Ennore,600057,13.207163880404044,80.315583464157,"Nehru Nagar, Ashok Leyland Area, Chennai, Ennore, Tamil Nadu 600057, India"
2113,15B,Thirumullaivoyal ,600062,13.13066215358159,80.1318572308082,"69, Chennai - Tiruvallur High Rd, Pachaiamman Nagar, Thirumullaivoyal, Chennai, Tamil Nadu 600062, India"
3652,16,Thatchoor ,601201,13.40688261257331,80.12323305556916,"11/267, Balakrishna Puram, Gummidipoondi, Tamil Nadu 601201, India"
5554,16C,Pudur,600053,13.130521302995984,80.15901165721827,"45J5+6J6, Pudur, Ambattur, Chennai, Tamil Nadu 600053, India"
7329,19E,"OUTER RING ROAD, MUDICHUR",602109,12.9432398,80.06819209999999,"W3V9+77W, Dharkast, Tamil Nadu 602109, India"
5871,15A,Thiruverkadu bus stand ,600077,13.069301358164209,80.12395917756001,"No: 20, Sivankovil Street, Thambu Samy Nagar, Thiruverkadu, Chennai - 600077., Karpagambal Nagar, Parasakthi Nagar, Thiruverkadu, Tamil Nadu 600077, India"
823,19E,Royyappa nagar,600048,12.922910020876694,80.07715566306578,"W3FG+7R9, Royappa Nagar, Tamil Nadu 602109, India"
5286,17B,Melnallathur ,602002,13.088296408802664,79.90791476745912,"Melnallathur, Pallavan Thiru Nagar, Melnallathur, Tamil Nadu 602002, India"
6301,5,MMDA,600106,13.06837244563281,80.21452578598179,"33/34, MMDA Colony Main Rd, R Block, SIDCO Industrial Estate, Vinayakapuram, Arumbakkam, Chennai, Tamil Nadu 600106, India"
7058,20,Pallikaranai Jayachandran,600100,12.91476787175918,80.19608858146009,"3/483A, Jalladiampet, Thiruvalluvar Nagar, Medavakkam, Chennai, Tamil Nadu 600100, India"
1979,29C,Valasaravaakkam signal(zonal office),600087,13.0409465,80.1722485,"D4, Bhuvaneshwari Nagar, Valasaravakkam, Chennai, Tamil Nadu 600087, India"
7081,44,Sunguvarchatram ,602106,12.930592664161328,79.87677862129658,"WVJG+7V5, Tiruvallur, Tamil Nadu 602106, India"
82,15E,kathirvedu Bridge,600066,13.150536699539597,80.20196868990352,"A Block, 3rd St, Mahalakshmi Nagar, Puzhal, Kadirvedu, Chennai, Tamil Nadu 600066, India"
7277,5 C,SAF Quaters (CMBT BUS TERMINUS),600106,13.0675499165142,80.20852124915088,"No. Y-1/4 SAFGV, 100 Feet Road,, Koyambedu, SAF Games Village, Annai Sathya Nagar, Koyambedu, Chennai, Tamil Nadu 600107, India"
710,40C,Kanchiopuram bus stand ,631502,12.8488041,79.7080948,"RPX5+H6, Iyankaran Nagar, Konerikuppam, Kanchipuram, Tamil Nadu 631561, India"
5861,37D,Nazarathpettai,600123,13.0444203636005,80.07886310614981,"494/1, Nazarathpet, Chennai, Nazarathpettai, Tamil Nadu 600123, India"
5887,4,Pantaloons,600094,13.069915158335755,80.22430943028098,"No: 126, bnt connection building, 4 the floor, Landmark, Nelson Manickam Rd, above pantaloons showroom, Railway Colony, Aminjikarai, Chennai, Tamil Nadu 600029, India"
3434,14c,Veterinary University ,600051,13.1587716,80.2446411,"565V+GV2, Madhavaram Milk Colony, Chennai, Tamil Nadu 600051, India"
4747,37C,Chembarambakkam police both or signal ,600124,13.043381126028336,80.05284583484709,"Plot no:65, Santrocity 5th cross street Chembarampakkam, post, Thirumazhisai, Chennai, Tamil Nadu 600124, India"
2769,19D,Guduvancherry  bus stand ,603202,12.8718292,80.0474893,"V2CW+PWX, Adhanur, Tamil Nadu 603202, India"
4000,43,Thiruthani,631209,13.17550669406709,79.61190718320312,"17, SH58, MPS Salai, Steward Pet, Thiruttani, Tamil Nadu 631209, India"
1152,42,Arakkonam,631001,13.0991519,79.6558404,"51/38, Jaya Nagar, Arakkonam, Tamil Nadu 631003, India"
344,42A,Perambakkam,631402,13.0402544,79.8171222,"2RR8+4R5, Perambakkam, Tamil Nadu 631402, India"
4950,15D,Ration shop,600077,13.107402529897806,80.13120070688244,"No.2149 MIG, 4th Main Rd, TNHB Colony, Annanur, Ayappakkam, Chennai, Tamil Nadu 600077, India"
2078,15B,Thirumullaivoyal ,600062,13.125275,80.1281218,"8th street, 5th Cross Street, West Gandhi Nagar, Netaji Nagar, Cholambedu, Chennai, Tamil Nadu 600062, India"
1779,12,Kannadasan nagar bus depot.,600118,13.13510779289016,80.25867071138843,"56b, 3rd Main Rd, Kodungaiyur (East), Kaviarasu Kannadhasan Nagar, Vyasarpadi, Chennai, Tamil Nadu 600118, India"
7361,11C,Bakthavatchlam School Signal,600080,13.107076596051993,80.18424159919736,"397, TNHB Colony, Korattur, Chennai, Tamil Nadu 600080, India"
7484,15,Canara Bank ,600053,13.109815330651742,80.15015056464053,"12/29, Ambattur, Chennai, Tamil Nadu 600053, India"
4406,13A,"Don Bosco school,peravellur",600082,13.1218337,80.2249642,"82, 7th St, Sakthivel Nagar, Peravallur, Kolathur, Chennai, Tamil Nadu 600082, India"
336,15b,"Thirumullaivolyal ,chennai",600062,13.138058138893085,80.13550776320744,"44QP+667, Yamuna Nagar, Thendral Nagar West, Thirumullaivoyal, Chennai, Tamil Nadu 600062, India"
5623,16C,Pudur,600053,13.138716599527074,80.15780712029286,"45Q5+F4H, North Banu Nagar, Ambattur, Chennai, Tamil Nadu 600053, India"
6279,37,"Saravana store's, Porur",600116,13.0322336215999,80.16337117386274,"Porur Sakthi Nagar, SH 55, Theru Veedhi Amman Koil Streets, Porur, Chennai, Tamil Nadu 600116, India"
3274,33,MGR Nagar Market,600078,13.032988556056642,80.19823960646752,"7, Avvaiyar St, MGR Nagar, West Jafferkhanpet, Chennai, Tamil Nadu 600083, India"
1122,25C,Adyar Signal ,600020,13.005229343297312,80.25771485845922,"14-13, Nehru Nagar 1st St, Padmanabha Nagar, Adyar, Chennai, Tamil Nadu 600020, India"
1125,11,ABR mahal,600039,13.122231,80.251063,"Erukkancheri Toll Gate, Sivakami Amman Colony, Vyasarpadi, Chennai, Tamil Nadu 600039, India"
6292,30,Natesan nagar,600092,13.059277220566075,80.19509412638635,"GF, Kaliamman Koil St, Chinmaya Nagar Stage 2, Natesan Nagar, Virugambakkam, Chennai, Tamil Nadu 600092, India"
2923,12,MKB Nagar,600039,13.125114556349384,80.25918095928877,"67, 12th St, MKB Nagar, Mahakavi Bharathiyar Nagar West, Mahakavi Bharathi Nagar, Chennai, Tamil Nadu 600039, India"
7345,19E,ORR MUDICHUR ,600048,12.908711217490364,80.06856431762715,"Varadarajapuram, Mudichur, Tamil Nadu 600048, India"
7542,7C,Collector Nagar,600050,13.0865328,80.1892501,"24-29, 1st St, Collector Nagar, J J Nagar, Mogappair East, Chennai, Tamil Nadu 600050, India"
716,30,Natesan nagar,600092,13.058128,80.1944426,"Shop no 3, 246/2, 3rd Main Rd, Chinmaya Nagar Stage 2, Natesan Nagar, Virugambakkam, Chennai, Tamil Nadu 600092, India"
5856,40C,Kanchipuram Bus stand,631502,12.8356949,79.7162918,"211, Vivekananda St, Shanmuga Nagar, Kanchipuram, Tamil Nadu 631502, India"
7957,8c,IOB Mogappair East,600037,13.0794593,80.1835998,"Indir Grandroum Block-B, Indir Grandroum, EB Office Rd, Golden George Nagar, Mogappair East, Chennai, Tamil Nadu 600037, India"
7704,19D,Guduvancherry bus stand,603202,12.857288161625576,80.03810312670981,"V25Q+243, Balaji Ave Main Rd, Neelamangalam, Tamil Nadu 603202, India"
5797,37D,Godrej Palm Grove Apartments,600124,13.035981496326189,80.0498543496825,"Godrej Palm Grove Cirali, Chembarambakkam, Tamil Nadu 600124, India"
232,29,"Kamachi Store, Saligramam",600093,13.052020664576723,80.19972802147224,"10/1, Logaiah Colony, Saligramam, Chennai, Tamil Nadu 600093, India"
2420,16,Karanodai ,600067,13.247565109104684,80.15736459521052,"225, GNT Rd, Karanodai, Tamil Nadu 600067, India"
2920,15B,Vaishnavi nagar,600062,13.1389433,80.1353638,"36/13, Yamuna Nagar, Saraswati Nagar, Thirumullaivoyal, Chennai, Tamil Nadu 600062, India"
3451,41A,Walaja toll gate,632513,12.910856,79.4011921,"Chennasamudram Toll Plaza, NH 46, Bagaveli, Tamil Nadu 632513, India"
3438,2c,Pandian theatre ,600021,13.1153868,80.28308559999999,"1083, Thiruvottiyur High Rd, Mottai Garden, Washermanpet, Chennai, Tamil Nadu 600021, India"
908,20,Pallikaranai government high school ,600100,12.9264037,80.1963187,"2a, Annai Teresa St, MGR Nagar, Pallikaranai, Chennai, Tamil Nadu 600100, India"
6260,42A,mappedu ,631402,13.033745266498718,79.85295658524021,"487/1c, junction, Mappedu, Kilacheri, Tamil Nadu 631402, India"
5546,12B,Kolathur Welding Shop,600099,13.1226746,80.2227107,"21, opp. Sbi, Sri Ganapathi Rao Nagar, Kolathur, Chennai, Tamil Nadu 600099, India"
1498,19E,Sri Padmavathy Mahal,600063,12.919508,80.0874955,"11, Mudichur Rd, West Tambaram, Tambaram, Old Perungalathur, Tamil Nadu 600063, India"
2585,2C,"Peddu street,Padmanabha theatre",600001,13.101845044725843,80.27456500417895,"No2,Wall Tax Road, Mint St, Kondithope, George Town, Chennai, Tamil Nadu 600001, India"
4296,4,Chinthadripet ,600002,13.074642421634186,80.27230994876427,"2, Arunachallam St, Chintadripet, Chennai, Tamil Nadu 600002, India"
6798,36,Opposite to porur saravana stores,600116,13.0324123,80.1640371,"106, Mount Poonamallee Rd, Porur, Chennai, Tamil Nadu 600116, India"
2043,12b,Welding shop ,600099,13.1232845,80.2228044,"46FF+842, Sri Ganapathi Rao Nagar, Kolathur, Chennai, Tamil Nadu 600082, India"
3079,32,Blue tank,600083,13.031179362355312,80.21584588627339,"Ashok Sriram, 100, 7th Ave, 11th Avenue, Mettuppalayam, Ashok Nagar, Chennai, Tamil Nadu 600083, India"
3534,16,Thatchoor,601204,13.2883194,80.1486684,"Chennai - Vijayawada Hwy, Panjetty, Tamil Nadu 601101, India"
4234,11c,karukku bridge,600080,13.108894296270414,80.173908477438,"455F+FH2, Dairy Rd, Pattara Vakkam, Sidco Industrial Estate, Ambattur, Chennai, Tamil Nadu 600098, India"
5883,20A,Santhospuram ,600073,12.918284546383832,80.17670423344259,"Vengaivasal Road Junction, Velachery - Tambaram Main Rd, Vijayanagaram, Santhosapuram, Medavakkam, Chennai, Tamil Nadu 600100, India"
6175,20C,Ponniamman kovil,600091,12.964888438530908,80.19673035557234,"X57W+XP6, Bazaar Main Rd, Balaiah Garden, Madipakkam, Chennai, Tamil Nadu 600091, India"
955,20B,Indira nagar,600073,12.91232511222818,80.14098934035047,"10, Camp Rd, Uma Nagar, Selaiyur, Chennai, Tamil Nadu 600073, India"
1330,20E,saravana stores chrompet,600044,12.9558248,80.14331399999999,"159, Grand Southern Trunk Rd, Lakshmi Nagar, Chromepet, Chennai, Tamil Nadu 600044, India"
3203,5C,Ambika Empire ,600026,13.058654069682795,80.21146120134217,"36, Jawaharlal Nehru Salai, Senthil Nagar, Thiru Nagar Colony, Tiru Nagar, Vadapalani, Chennai, Tamil Nadu 600026, India"
6007,19D,Urapakkam School Stop,603210,12.8652835,80.0581716,"V385+473, MG Nagar VI, Urapakkam, Mannivakkam, Adhanur, Tamil Nadu 603202, India"
4770,5,Vallavan hotel ,600106,13.0719475,80.2117603,"5-14, SBI Staff Colony, Nehru Nagar, Chennai, Tamil Nadu 600106, India"
5261,17d,Thiruninravur ,602024,13.1248843,80.0244385,"42FF+XQ4, Thiruninravur, Thiruvenkada Nagar, Tamil Nadu 602024, India"
97,37B,Golden apartment Poonamallee bypass ,600056,13.0566037,80.1053735,"3444+M5C, Kantaroopan Nagar, Chennai, Tamil Nadu 600056, India"
6515,12B,Petrol Bunk,600099,13.127637633128906,80.21752029206705,"4/26, Red Hills Rd, Balakumaran Nagar, Kolathur, Chennai, Tamil Nadu 600099, India"
5010,18,Ramarathna,600071,13.11708436054191,80.09691749855132,"Ramarathna Theatre, Kannigapuram, TNHB Mig V Block, Avadi, Tamil Nadu 600054, India"
71,16,Redhills market,600052,13.1915505,80.1860726,"PVR Ltd. PVR Cinemas 4th Floor Galaxy Mall Survey No. 93/IC, 2B, GNT Rd, Red Hills, Chennai, Padianallur, Tamil Nadu 600052, India"
321,22,Tansi nagar ,600042,12.9759341,80.2219201,"20, 1st Main Rd, Sarathy Nagar, Velachery, Chennai, Tamil Nadu 600042, India"
461,15E,Vinayagapuram ,600099,13.1398108,80.2058313,"46Q4+W8G, Vinayakapuram, Lakshmipuram, Chennai, Tamil Nadu 600099, India"
7977,36C, Iyyapanthangal depot,600056,13.038796509757717,80.13298008647703,"2, Trunk Rd, VGN Nagar, Iyyappanthangal, Chennai, Tamil Nadu 600056, India"
6601,17B,Melnallathur,602002,13.086784339199829,79.9079184623723,"3WP5+P5F, Melnallathur, Tamil Nadu 602002, India"
7924,26C,Saidapet Metro,600035,13.028346842010738,80.23027986351966,"19, East Rd, CIT Nagar West, CIT Nagar, Chennai, Tamil Nadu 600035, India"
4637,44,Enathur junction ,631561,12.873609517278831,79.7427644699164,"NH-48, Madras Bombay Trunk Rd, Vedal, Tamil Nadu 631561, India"
302,18B,Hindu College,600072,13.1190172470596,80.07454566000821,"Hindu College, Pattabiram, Tamil Nadu 600072, India"
4242,20C,Ponniamman Kovil,600091,12.964846315031558,80.19636273581754,"297, Pillaiyar Koil St, Thilakar Nagar, Balaiah Garden, Chennai, Tamil Nadu 600091, India"
1440,20B,Indira nagar selaiyur ,600073,12.9100198,80.1496489,"W46X+2V2, D/49, Padmavathy Nagar, Balaji Nagar, Selaiyur, Chennai, Tamil Nadu 600073, India"
7564,12C,Perambur Srinivasa restaurant,600011,13.11226921068872,80.237882589103,"Old No 74/1, New No 95, Perambur High Road, Perambur, Near Perambur Bus Terminus, Neelam Garden, Perambur, Chennai, Tamil Nadu 600011, India"
4388,34,Porur Ramachandra ,600116,13.037548020612428,80.14892740288197,"Plot 5 & 6, Chennai Bypass Rd, Gandhi Nagar, Porur, Chennai, Tamil Nadu 600116, India"
6529,37C,Poonamallee ,600056,13.044010038115111,80.09255808188662,"23VV+J2P, Adiaman St, Etti Annal Nagar, Devadass Nagar, Poonamallee, Chennai, Tamil Nadu 600123, India"
8034,25c,besant nagar,600090,12.9973703,80.2690685,"85, GOCHS Colony, Besant Nagar, Chennai, Tamil Nadu 600090, India"
2972,37,Porur saravana stores ,600116,13.0323486,80.1640757,"106, Mount Poonamallee Rd, Porur, Chennai, Tamil Nadu 600116, India"
6093,21,Arun ice cream parlor ,600088,12.9798895,80.2044523,"44, Balaji Nagar Main Rd, near D A V SCHOOL, Saraswathi Nagar, Balaji Nagar, Adambakkam, Chennai, Tamil Nadu 600088, India"
4078,20C,Ponniamman Kovil ,600091,12.9605727,80.2009924,"15A, 7th St, Rajeshwar Nagar, Rajarajeswari Nagar, Periyar Nagar, Madipakkam, Chennai, Tamil Nadu 600091, India"
2360,43,Pattarai,602002,13.10269224530778,79.91096657787287,"4W26+XCC, Kumaran Nagar, Venkathur, Tamil Nadu 602002, India"
1068,26,Triplicane - Ratna Cafe ,600005,13.058807095597338,80.27421580550993,"215, Triplicane High Rd, Narayana Krishnaraja Puram, Triplicane, Chennai, Tamil Nadu 600005, India"
3605,16,Thachoor,601204,13.296783771232986,80.14797937714769,"Thachur Koot Road, Tamil Nadu 601204, India"
921,20B,Mappedu,600126,12.8910528,80.1410439,"Mappedu, Agaram Main Rd., Secretariat Colony, Tiruvanchery, Selaiyur, Chennai, Tamil Nadu 600126, India"
8031,23c,madipakkam koot road,600091,12.9617233,80.19937159999999,"5045, Madipakkam, Chennai, Tamil Nadu 600091, India"
8037,34C,Iyyapanthangal,600056,13.036192446808426,80.13451520802795,"2/127, Venugopalapuram, Iyyappanthangal, Chennai, Tamil Nadu 600056, India"
686,35A,Mangadu ,600122,13.0239864,80.11446590000001,"24F7+HQW, Then Colony, Mangadu, Chennai, Tamil Nadu 600122, India"
5,19,"Chengalpattu, Mahindra world city ",603204,12.739673499122285,79.98603015813836,"PXQP+WHH, Daga Nagar, Chettipunyam, Tamil Nadu 603002, India"
6582,17c,GRT,602001,13.123648587179355,79.91167979624134,"74, JN Rd, near Oil Mill Bus Stop, Kakkalur, Tamil Nadu 602001, India"
4383,31,"Jubilee Road,West Mambalam",600033,13.0447975,80.22074130000001,"Mariamman koil street, Kodambakkam, Samiyar Madam, Kodambakkam, Chennai, Tamil Nadu 600024, India"
421,35,Theresa School ,600043,12.9717888,80.1458109,"Block-B, ST. THERESA GIRLS HIGHER SECONDARY SCHOOL-PALLAVARAM, Tambaram, Chennai, Tamil Nadu 600045, India"
6281,38c,Housing board ,631502,12.817916654174892,79.69270629813187,"22, Vinobaji St, Vedachalam Nagar Extension, Thirumana, Kanchipuram, Tamil Nadu 631501, India"
4082,19E,Old Perungalathur Padmavathy ,600063,12.919669754894832,80.0873044926758,"11/29, Mudichur Rd, Gandhi Nagar, Old Perungalathur, Chennai, Tamil Nadu 600063, India"
8027,19E,Bharathy Nagar,600045,12.922940879469788,80.09089819233405,"2, Moovendar Nagar, Bharathi Nagar, Tambaram, Chennai, Tamil Nadu 600063, India"
5753,16,Ponneri (krishnapuram),601204,13.319937894995665,80.18260305807406,"No 143, KRISHNAPURAM, Kodur, Tamil Nadu 601204, India"
2,18C,Ayyankolam,600071,13.093193913483988,80.10852248713985,"Shanthi Garden, 6, Paruthippattu, Iyyangulam, Avadi, Tamil Nadu 600071, India"
2700,37B,Golden opulence Poonamallee bypass apartment ,600056,13.056488048609063,80.1039053621251,"610/4, Poonamallee Bypass Rd, Thirumal Nagar, Keelma Nagar, Poonamallee, Chennai, Tamil Nadu 600056, India"
4586,36C,"Baikadai, Moulivakkam ",600125,13.01913037261352,80.14237462881694,"214, Kundrathur Main Rd, Rajiv Gandhi Nagar, Moulivakkam, Chennai, Tamil Nadu 600125, India"
6780,34B,Porur Bridge,600116,13.043387776285384,80.14918389975315,"110, Porur Maduravoyal Link Rd, Chettiyar Agaram, Vanagaram, Chennai, Tamil Nadu 600095, India"
1327,40,Casa Grande ,602105,12.9516782,79.9383166,"69 Casa grande Futura, V.R.P. Chatram, Sriperumbudur, Tamil Nadu 602105, India"
6331,15D,Grace Medicals and clinic,600077,13.1063502,80.12888989999999,"2475, 4th Main Rd, TNHB Colony, Annanur, Ayappakkam, Chennai, Tamil Nadu 600077, India"
7136,16,Andarkuppam,601204,13.3035934,80.1604657,"173, Murugan Koil St, Andarkuppam, Peravallur, Tamil Nadu 601204, India"
4627,9b,"Mogappair, ambedkar ground ",600037,13.076467096053312,80.17550097794376,"1039, 6th Main Road Eri scheme, Mogappair West, Mogappair, Chennai, Tamil Nadu 600037, India"
2872,26,Ratna Cafe,600005,13.058806741577548,80.27419946150857,"13/11, near Ratna Cafe, Narayana Krishnaraja Puram, Triplicane, Chennai, Tamil Nadu 600005, India"
2493,12B,Welding shop,600099,13.129169,80.22454599999999,"46, Balaji Nagar Main Rd, Sri Velmurugan Nagar, Kolathur, Chennai, Tamil Nadu 600099, India"
2746,16,Krishnapuram ,601204,13.3197657,80.18252059999999,"No 143, KRISHNAPURAM, Kodur, Tamil Nadu 601204, India"
1864,20D,Kamarajapuram ,600073,12.93242079154724,80.158912620759,"W5J5+WHW, Thirumalai Nagar, Sembakkam, Chennai, Tamil Nadu 600064, India"
6210,42,"Krishna polytechnic college ,Arakkonam",631001,13.100558156591385,79.6565379571974,"4M24+4JG, Jaya Nagar, Arakkonam, Tamil Nadu 631001, India"
844,40A,Walajabad bus stand ,631605,12.7982246,79.81388179999999,"QRX7+7HJ Children's park walajabad, Kithiripettai - Walajabad Rd, Walajabad, Tamil Nadu 631605, India"
2727,19a,"krishna nagar, Mudichur rd",600045,12.922459104022916,80.09591575620576,"1, 1st St, Krishna Nagar, Tambaram, Chennai, Tamil Nadu 600045, India"
388,33c,Nesapakkam ,600078,13.038158640233709,80.1927257940145,"107/C, Munusamy Salai, KK Nagar West, Virugambakkam, Chennai, Tamil Nadu 600078, India"
5801,18,Ramarathna theatre,600054,13.11732184043331,80.09697180006336,"124, Nelson Manickam Rd, opp. to Ramarathna Theatre, Thirumalai Rajapuram, Avadi, Tamil Nadu 600054, India"
7995,16C,Pudur,600053,13.130453269413586,80.15926630619302,"91 Redhills, Ambattur Red Hills Rd, opposite Pudur, Pudur, Ambattur, Chennai, Tamil Nadu 600053, India"
8020,19E,Bharathy Nagar,600045,12.923331414247224,80.09084651148682,"9B, Moovendar Nagar, Bharathi Nagar, Perungalattur, Chennai, Tamil Nadu 600045, India"
2357,8,"Anna Nagar, west depot",600101,13.093678,80.19848999999999,"Anna Nagar -West Depot, Pioneer Colony, Anna Nagar West Extension, Chennai, Tamil Nadu 600101, India"
5024,15B,Thirumullaivoyal ,600062,13.13908931395401,80.13739538011119,"36, 3rd St, Padmavathi Nagar, Gandhi Nagar, Thirumullaivoyal, Chennai, Tamil Nadu 600062, India"
7942,19A,Lakshmipuram ,600045,12.9257075,80.10142669999999,"W4G2+7G5, Mullai Nagar Main Rd, Lakshmipuram Extension, Tambaram, Chennai, Tamil Nadu 600045, India"
1605,30C,Kesavardhini,600087,13.037644,80.179502,"159-B, Chowdry Nagar 16th St, Chowthri Nagar, Chennai, Tamil Nadu 600089, India"
335,41,Housing Board ,632513,12.9251044,79.3716659,"W9GC+3J4, Walajapet, Tamil Nadu 632513, India"
2118,12c,Venus bus stand ,600011,13.113595863996348,80.23556590204252,"81, Paper Mills Road, near venus bus stop, Gopal Colony, Perambur, Chennai, Tamil Nadu 600011, India"
94,30,Sai nagar bus stop,600092,13.059733,80.195531,"Sai Nagar, Kaliamman Koil St, Sai Nagar, Virugambakkam, Chennai, Tamil Nadu 600092, India"
3813,12b,"Welding shop , kolathur",600099,13.123275833786758,80.22294372435563,"47, Red Hills Rd, Velavan Nagar, Kolathur, Chennai, Tamil Nadu 600082, India"
2307,25,Kottivakkam ,600041,12.968545951611864,80.25911315152108,"3/478, New Colony, Kottivakkam, Chennai, Tamil Nadu 600041, India"
7983,19E,Bharathi Nagar,600063,12.9233508,80.0908814,"9B, Moovendar Nagar, Bharathi Nagar, Perungalattur, Chennai, Tamil Nadu 600045, India"
3650,39,Keeramandabam ,631501,12.823246679034304,79.70611274117414,"35/4A, Ennaikaran, Kanchipuram, Tamil Nadu 631501, India"
4922,11c,Bhatavatslam school signal,600080,13.1082733,80.18185820000001,"H49, Central Ave, TNHB Colony, Korattur, Chennai, Tamil Nadu 600080, India"
2326,13C,Temple school kolathur ,600099,13.1238302,80.2052872,"21-32/A, Thilai Nagar 1st Main Rd, Thillai Nagar, Mahavir Nagar, Srinivasa Nagar, Chennai, Tamil Nadu 600049, India"
6422,26,Ice house,600005,13.053132362384636,80.27380657707636,"Old No-171, 1st Floor, Opposite To Venkateswara Hostel, Ice House, Triplicane High Rd, Triplicane, Chennai, Tamil Nadu 600005, India"
7084,29c,Valasaravakkam,600089,13.040504802055626,80.17216416869792,"No.95, Arcot Rd, Vani Nagar, Indira Nagar, Valasaravakkam, Chennai, Tamil Nadu 600087, India"
6097,15E,Vinayagapuram bus depot,600099,13.1398108,80.2058313,"46Q4+W8G, Vinayakapuram, Lakshmipuram, Chennai, Tamil Nadu 600099, India"
2028,13A,Retteri Signal,600099,13.130377865897858,80.21092625050127,"17/32, Kamarajar St, Lakshmi Puram, Kolathur, Chennai, Tamil Nadu 600099, India"
3005,17B,Tiruvallur Vasantha bhavan ,602001,13.1393298,79.9073439,"184/12G, Chennai Tiruvallur High Rd, Pungathur, SP Nagar, Tiruvallur, Tamil Nadu 602001, India"
7913,17D,"Sivan koil stop, Thirumazhisai ",600124,13.054582,80.06169009999999,"3336+RMP, Ramachandra Nagar, Thirumazhisai, Tamil Nadu 600124, India"
5790,13,"Agaram, bus stand ",600082,13.1116221,80.22942220000002,"10/39, Kumaran Nagar, Agaram, Perambur, Chennai, Tamil Nadu 600082, India"
7884,19D,Guduvancheri,603202,12.854542210372964,80.03921370542736,"V23Q+RM Kutthanur, Tamil Nadu, India"
704,28,Samiyar madam ,600024,13.056847280021774,80.21725257744218,"19, 5th St, Easwar Nagar, Choolaimedu, Chennai, Tamil Nadu 600094, India"
7624,39,KK nagar Bus stop,631502,12.81477462856184,79.70543420607648,"205, Asriyarnagar, K.K. Nagar, Orikkai, Tamil Nadu 631502, India"
6883,18C,Govardanagiri,600071,13.099579461553738,80.10836956750494,"No.113, Govardanagiri, Avadi, Tamil Nadu 600071, India"
5690,37B,Parivakam signal,600056,13.054451,80.1024399,"74, Thirumal Nagar, Ekavalli Nagar, Poonamallee, Chennai, Tamil Nadu 600056, India"
6819,43,Nayara petrol bunk,631209,13.180304855226805,79.61391952854612,"3/344, Murugappa Nagar, Thiruttani, Tamil Nadu 631209, India"
4761,17B,Caterpillar ,602002,13.09144157026456,79.91014418402855,"153, Pallavan Thiru Nagar Main Road, Pallavan Thiru Nagar, Venkathur, Melnallathur, Tamil Nadu 602002, India"
2524,30,Natesan nagar,600092,13.05823442795884,80.19356691703894,"120, Chinmaya Nagar Stage 2, Natesan Nagar, Virugambakkam, Chennai, Tamil Nadu 600092, India"
6094,8,West deport,600101,13.093678,80.19848999999999,"Anna Nagar -West Depot, Pioneer Colony, Anna Nagar West Extension, Chennai, Tamil Nadu 600101, India"
827,35C,Nallu road ,600069,13.0038817,80.09956249999999,"Kolachery Junction (Poonamallee Road), Mangadu, Chennai, Sikkarayapuram, Tamil Nadu 600069, India"
1486,33C,Pondicherry guest house,600078,13.0418584,80.1939078,"Pondicherry Guest House, Ramaswamy Salai, Santhiniketan Colony, Sector 10, K. K. Nagar, Chennai, Tamil Nadu 600083, India"
6718,31,Sangamam hotel,600083,13.0398728,80.21267759999999,"2, 6th Ave, Sarvamangala Colony, Krupa Colony, Ashok Nagar, Chennai, Tamil Nadu 600083, India"
769,28,Samiyarmadam ,600024,13.0527579,80.2180858,"No:3, S Sivan Koil St, opp. sai baba temple, Gangai Amman Colony, Kodambakkam, Chennai, Tamil Nadu 600024, India"
2940,20,Pallikaranai  jeyachandran,600100,12.9214538,80.1919417,"5/53, Pillayar Kovil Street, Vengaivasal, Medavakkam, Chennai, Tamil Nadu 600100, India"
4120,30,Natesan nagar,600092,13.058123076070048,80.19450574726001,"76, Kaliamman Koil St, Chinmaya Nagar Stage 2, Natesan Nagar, Virugambakkam, Chennai, Tamil Nadu 600092, India"
3893,27,Billroth hospital ,600018,13.0274281,80.256635,"52, 2nd Main Rd, RA Puram, Trustpakkam, Raja Annamalai Puram, Chennai, Tamil Nadu 600028, India"
406,12c,Ajantha bakers Perambur ,600011,13.11187207195081,80.23820176507999,"38, Paper Mills Road, opp. to Gandhi Statue, Jagannathan Colony, Perambur, Chennai, Tamil Nadu 600011, India"
975,21,Puzhuthivakkam Road,600091,12.9732831,80.2065137,"KLS flats, 123, Balaji Nagar 33rd St, Balaji Nagar, Madipakkam, Chennai, Tamil Nadu 600091, India"
4124,37C,Poonamallee byepass,600056,13.0498229,80.09327979999999,": 1, MG Nagar Main Rd, Rukmani Nagar, Poonamallee, Chennai, Tamil Nadu 600056, India"
6234,8c,Waves ,600040,13.087057,80.1928082,"A/A1, Mugappair Main Road, Anna Nagar, R-23, Ambattur Estate Rd, Thirumangalam, Govt Officers Colony, Chennai, Tamil Nadu 600040, India"
4335,4,Ampa skyone,600029,13.0710893,80.2203364,"10, Collectorate Rd, Collectorate Colony, Aminjikarai, Chennai, Tamil Nadu 600029, India"
2857,20A,Rajakilpakkam ,600073,12.922634465534449,80.15171737971225,"128, Velachery Rd, Sembakkam, Selaiyur, Chennai, Tamil Nadu 600073, India"
3641,20,pallikaranai ,600100,12.9361233,80.20986189999999,"105, Manohar Nagar 15th St, Manohar Nagar Extension, V.G.P Shanti Nagar, Pallikaranai, Chennai, Tamil Nadu 600100, India"
5040,13,Indian oil petrol bunk ,600082,13.1181605,80.2203268,"4/3, Periyar Nagar West, Kolathur, Chennai, Tamil Nadu 600082, India"
7299,15B,Thirumullaivoyal,600062,13.1264514,80.134017,"25, Hashini Nagar, 6th Street, Bharathi Nagar Rd, Voc Nagar, Manikanda Puram, Thirumullaivoyal, Chennai, Tamil Nadu 600062, India"
7966,2c,ajax bus depot,600019,13.17286717218188,80.30088739037414,"26, Ambedkar Nagar, Tiruvottiyur, Chennai, Tamil Nadu 600019, India"
464,20A,Rajakilpakkam,600073,12.922585270693094,80.15161612957426,"23, Velachery - Tambaram Main Rd, Ambedkar Nagar, Sembakkam, Chennai, Tamil Nadu 600073, India"
2901,37D,Narazathpet bus stop,600123,13.023024739555453,80.07940229438735,"17/1, Meppur, Chennai, Tamil Nadu 600123, India"
83,40c,Ramas cafe,631502,12.840502345073917,79.70716455037972,"RPR4+5W7, Periya, Kanchipuram, Tamil Nadu 631502, India"
5588,9B,"Grace super market, mogapair east",600037,13.0785923,80.1805661,"A-10, Mogappair Industrial Estate, Paneer Nagar, Mogappair East, Chennai, Tamil Nadu 600037, India"
2007,17B,"Vasantha bhavan, Tiruvallur",602001,13.139200988458956,79.90764809973778,"184/12G, Chennai Tiruvallur High Rd, Pungathur, SP Nagar, Tiruvallur, Tamil Nadu 602001, India"
1806,30,Chinmaya nagar,600092,13.093317168399912,80.2103362828278,"36V6+7CR, Udhayam colony, Anna Nagar, Chennai, Tamil Nadu 600038, India"
7580,30,Sai Nagar Bus Stop,600092,13.0603898,80.1970351,"356W+4QH, Sai Nagar, Virugambakkam, Chennai, Tamil Nadu 600092, India"
7629,15C,Singapore Shopping ,600053,13.1163697,80.14364359999999,"14, 2nd St, Nehru Nagar, Krishnapuram, Ambattur, Chennai, Tamil Nadu 600053, India"
1609,20A,Sembakkam,600073,12.923115906204428,80.16027184079336,"187, Velachery Rd, next to Jolen hsopital, Durga Colony, Sembakkam, Chennai, Tamil Nadu 600073, India"
70,41a,Kaveripakkam,632508,12.900985272246553,79.46041326676298,"Kaveripakkam Bus Stand, NH 46, Kaveripakkam, Tamil Nadu 632508, India"
2272,9a,Greater Chennai corporation park,600095,13.0831094,80.1612815,"35M6+7F5, Mel Ayanambakkam, Ambattur Industrial Estate, Chennai, Tamil Nadu 600095, India"
3283,26C,Teynampet signal,600018,13.0422234,80.2515572,"3, Nallan St, Rostrevor Garden, Teynampet, Chennai, Tamil Nadu 600018, India"
5634,24C,Nagalkeni,600044,12.9587792,80.1289575,"16, Tiruneermalai Main Rd, Saraswathipuram, Chromepet, Chennai, Tamil Nadu 600044, India"
2039,39,keel gate ,631501,12.82100845807231,79.7041580001788,"15/2, Ennaikaran, Kanchipuram, Tamil Nadu 631501, India"
5783,5b,Vanagram,600077,13.057184757706557,80.14702837617867,"108/7, Rajiv Nagar, Vanagaram, Chennai, Adayalampattu, Tamil Nadu 600095, India"
1074,20B,Kelambakkam GH,603103,12.7866088,80.2236651,"Plot No. 24 & 25, KSS St, Kelambakkam, Tamil Nadu 603103, India"
4680,19A,Perungalathur Earikarai,600063,12.9085064,80.1003411,"W452+F3G, Peerkankaranai, Tambaram, Chennai, Tamil Nadu 600063, India"
6870,19D,Urappakkam Tea kadai signal,603210,12.8608308,80.0724035,"15, Grand Southern Trunk Rd, Abnirami Nagar, Urapakkam, Chengalpattu, Tamil Nadu 603210, India"
2699,19E,"Bharathi Nagar,Mudichur road",600048,12.9212447,80.092511,"SSR MOTOTS Door no 253/1C2B SSR MOTOTS MUDICHUR ROAD OLD PERUNGALATHUR CHENNAI 600063 near Ssr Driving School Mudichur Tambaram Corporation, Tambaram, Old Perungalathur, Tamil Nadu 600063, India"
6017,9A,Essentials mogappair west,600037,13.080818819206936,80.1645163798983,"Phase 1, First Ave, Mogappair West Main Rd, Nolambur, Ambattur Industrial Estate, Chennai, Tamil Nadu 600037, India"
3611,13b,TVK nagar bust stand,600011,13.119925875832696,80.2324033685956,"19, Bashyam St, T V K Nagar, Tiru Vi Ka Nagar, Perambur, Chennai, Tamil Nadu 600082, India"
7525,22,Karapakkam Bus Stop,600097,12.91222885245045,80.23313188647346,"W66M+W7C, Rangasami St, Karapakkam, Chennai, Tamil Nadu 600097, India"
3606,15C,Shopping Singapore ,600053,13.1209422,80.1456273,"26/17, Pattammal St, West Krishnapuram, Ambattur, Chennai, Tamil Nadu 600053, India"
6986,19A,Perungalathur Railway Station,600063,12.904351016820083,80.09450611613381,"Perungalathur railway station, Kamaraj Nagar, New Perungalathur, Tamil Nadu 600063, India"
5035,40,Walajabad,631605,12.792161974411489,79.81727010434952,"Sivagangai, 11, Gopal Naidu St, Walajabad, Tamil Nadu 631605, India"
3815,16,"Thatchur koot road, Ponneri",601204,13.2970403,80.1480541,"Thachur Kootroad, Tamil Nadu 601204, India"
5586,15c,Singapore shopping ,600053,13.12187408096779,80.14771892779353,"125b, Madras Thiruvallur High Rd, Krishnapuram Extension, Vivek Nagar, West Krishnapuram, Ambattur, Chennai, Tamil Nadu 600053, India"
4017,18A,JB Estate,600054,13.1104605675309,80.11275185150159,"246/13, JB Estate, Chennai, Avadi, Tamil Nadu 600054, India"
3549,28,Periyar Road bus stop,600017,13.0519612,80.2357768,"9, Padmanaba St, Darmapuram, T. Nagar, Chennai, Tamil Nadu 600017, India"
4270,15c,Singapore shopping Ambattur ,600053,13.121620268568282,80.14818574296186,"Ambattur, National Highway 716, Vivek Nagar, Oragadam, Vivek Nagar, Ram Nagar, Ambattur, Chennai, Tamil Nadu 600053, India"
4026,17B,Thiruvallur Municipality Office opposite ,602001,13.134207908511328,79.91196629784247,"Plot no 7 60 feet road Samras nagar, SH 57, Hariram Nagar, Poonga Nagar, Kakkalur, Tamil Nadu 602001, India"
2218,24c,"Pallavaram,near pallavaram bus stand,beside amma unavagam",600043,12.966701845830176,80.14891598406956,"Signal, Til, 30, Grand Southern Trunk Rd, near Pallavar, Subramaniya, Pallavaram, Chennai, Tamil Nadu 600043, India"
2892,18D,Nemilicherry roundtana ,602025,13.1238916110335,80.05278954924867,"43F3+H4 Pattabiram, Tamil Nadu, India"
811,17,GRT ,602001,13.1226901,79.91176899999999,"4WF6+3PC, Tiruvallur, Kakkalur, Tamil Nadu 602003, India"
7969,15A,Shivan Koil,600077,13.087804960258229,80.1253464898015,"34QG+56R, Periya Koladi Rd, Lakshmi Nagar, Ayappakkam, Chennai, Tamil Nadu 600077, India"
4664,43,Tiruttani-(By pass),631209,13.229600318609712,79.57907935781051,"3/137, Alamelumangapuram, Tamil Nadu 631209, India"
3900,28,Samiyarmadam,600024,13.0466649,80.2188851,"11, Dr Ambedkar Rd, Dr.Subbaraya Nagar, Kodambakkam, Chennai, Tamil Nadu 600024, India"
907,20B,BHARATH UNIVERSITY ,600073,12.905577381549811,80.14599936319495,"104A, Bhuvaneshwari Nagar, Padamavathy Nagar, Yeswanth Nagar, Madambakkam, Chennai, Tamil Nadu 600073, India"
1737,38C,Indhara petrol bunk ,631502,12.817593502570505,79.69073019261215,"RM9R+477, Pallavan Nagar, Gem Nagar, Govindavadi, Tamil Nadu 631502, India"
4250,2c,Ellaiamman kovil,600019,13.158059887565454,80.3019586649045,"N0.189/90, First floor, Thiruvottiyur High Rd, Radhakrishnan Nagar, Rajakadai, Tiruvottiyur, Chennai, Tamil Nadu 600019, India"
5132,18C,Govarthnagiri,600071,13.098682262379633,80.10842553288546,"34X5+C9G, Koliyar St, Govardanagiri, Avadi, Tamil Nadu 600071, India"
2327,17D,Thirumazhisai Sivan koil,600124,13.05460728177404,80.06154159593937,"Thirumazhisai Koil, Ramachandra Nagar, Thirumazhisai, Tamil Nadu 600124, India"
1880,19D,Urapakkam School Stop,603210,12.861344003985614,80.08013210149102,"Block-II, STEPSSTONE ANANTHAYA, Revathipuram 4th St, Urapakkam, Tamil Nadu 603210, India"
4320,3c,Kelly's signal,600010,13.08569992751878,80.2454312985054,"384/130, Purasaivakkam High Rd, Lumbini Square, Kilpauk, Chennai, Tamil Nadu 600010, India"
967,13A,Don Bosco School,600082,13.1187183,80.2276143,"13/50, Chelliamman Colony, Peravallur, Perambur, Chennai, Tamil Nadu 600082, India"
7911,12c,Bb road bus stop ,600011,13.1114714,80.25264109999999,"33, Sriram Nagar, Perambur, Chennai, Tamil Nadu 600039, India"
6377,37A,Kattupakkam,600056,13.04255873837263,80.12365409656887,"100/232, Mount Poonamallee Rd, Saminathan Nagar, Swaminatha Nagar, Swaminathan Nagar, Kattupakkam, Chennai, Tamil Nadu 600056, India"
3395,21,Puzhuthivakkam police booth,600091,12.978020592276128,80.20407896075218,"Balaji Nagar, Vanuvampet, Madipakkam, Chennai, Tamil Nadu, India"
1362,12B,Welding shop,600082,13.1218337,80.2249642,"82, 7th St, Sakthivel Nagar, Peravallur, Kolathur, Chennai, Tamil Nadu 600082, India"
7066,34,Porur Ramachandra,600095,13.03597004582665,80.14704882569951,"24, Gandhi Nagar, Porur, Chennai, Tamil Nadu 600116, India"
1433,12c,Venues bus stop ,600011,13.113863209068295,80.23525233491281,"467P+G38 Venus park, Paper Mills Road, Gopal Colony, Perambur, Chennai, Tamil Nadu 600011, India"
7076,14,MATHUR,600068,13.166745761958284,80.2459750140413,"WATER QUARTERS, TAMIL NADU VETERINARY AND ANIMAL SCIENCES UNIVERSITY METRO, Edema Nagar, Chennai, Tamil Nadu 600051, India"
7830,33c,Nesapakkam,600078,13.038261903230923,80.19274652439047,"1051, Munusamy Salai, KK Nagar West, K. K. Nagar, Chennai, Tamil Nadu 600083, India"
6602,19B,Bharathamatha Street,600059,12.927505756982566,80.12680043359394,"15, Nalvar St, East Tambaram, Tambaram, Chennai, Tamil Nadu 600059, India"
695,19E,mudichur ring road,600048,12.915539067192276,80.07502168958813,"SH 48, Mudichur, Tamil Nadu 600063, India"
3564,24C,Nayar petrol bunk,600044,12.961119210984988,80.13697850793456,"Nagalkeni, Chromepet, Chennai, Tamil Nadu 600044, India"
7184,11C,"Korattur, Bhaktavatsalam VidhyaShram",600080,13.1059919,80.18372529999999,"Street Number 11, Periyar Nagar, Siva Sakthi Nagar, Jambukeshwarar Nagar, Korattur, TNHB Colony, Sivananda Colony, Chennai, Tamil Nadu 600080, India"
1885,20,Kamatchi hospital,600100,12.9490313,80.2089704,"24/7, Ram Nagar South Extension, Rose Avenue, Pallikaranai, Chennai, Tamil Nadu 600096, India"
3445,17B,Vasantha Bhavan,602001,13.1394604,79.9075707,"184/12G, Chennai Tiruvallur High Rd, Pungathur, SP Nagar, Tiruvallur, Tamil Nadu 602001, India"
2201,16E,avadi check post,600054,13.120999108895814,80.09765644244555,"43CX+C34, Bhaktavatsala Puram, Avadi, Tamil Nadu 600054, India"
3280,15D,Ration shop,600077,13.104452,80.1326952,"Bus Stop, 60/1, TNHB Rd, Near Govt.High School, Rajammal nagar, TNHB Colony, Annanur, Ayappakkam, Chennai, Tamil Nadu 600077, India"
5103,38C,Manampathy,603403,12.631073374750098,79.64651450412225,"JJJW+9P5, Manampathi - Koot Rd, Tamil Nadu 603403, India"
2529,16,Karanodai ,600067,13.2506321,80.16091039999999,"119, munivel nagar, Karanodai, Sothuperumbedu, Tamil Nadu 600067, India"
2474,38c,Collector office,631501,12.821641424979704,79.69813042344002,"36,A, Vandavasi Rd, opp. Collecter Office, Thaiyar Kullam, Kanchipuram, Tamil Nadu 631501, India"
4112,31,SRM Hospital,600033,13.0449051,80.2233904,"29, Kripasankari St, Ramakrishnapuram, West Mambalam, Chennai, Tamil Nadu 33, India"
3801,12,Vyasarpadi bus parking,600039,13.1182996,80.2594762,"4795+8Q9, MKB Nagar, Nagammai Nagar, Vyasarpadi, Chennai, Tamil Nadu 600039, India"
8001,18b,Hindu College bus stop,600072,13.11905355022014,80.07457133604379,"Hindu College, Pattabiram, Tamil Nadu 600072, India"
2442,31,Srm hospital ,600017,13.04120229959642,80.22460794633753,"New No. 12, Old, No. 65, 2, Thambiah Rd, Gokulam Colony, Ramakrishnapuram, West Mambalam, Chennai, Tamil Nadu 600033, India"
1105,33C,Vembuliamman Koil stop,600092,13.046287,80.18935640000001,"25WQ+GP9, Vembuliamman Koil St, Udhayam Colony, Sankareswarar Nagar, Virugambakkam, Chennai, Tamil Nadu 600092, India"
4079,31,SRM Hospital ,600033,13.040439286375577,80.22580280321134,"10, Jubilee Rd, Gokulam Colony, Ramakrishnapuram, West Mambalam, Chennai, Tamil Nadu 600033, India"
7557,26,Ratna Cafe,600005,13.0593115,80.2715742,"76, Bharathi Salai, Ellis Puram, Padupakkam, Triplicane, Chennai, Tamil Nadu 600005, India"
5602,26c,Nandanam signal,600035,13.030855251116906,80.2396284794145,"26JQ+GWR, Anna Salai, CIT Nagar West, CIT Nagar, Chennai, Tamil Nadu 600035, India"
8014,29C,Valasaravakkam,600087,13.040502181908725,80.1721476796846,"No.95, Arcot Rd, Vani Nagar, Indira Nagar, Valasaravakkam, Chennai, Tamil Nadu 600087, India"
6513,6,"Anna nagar ,thirumangalam metro",600040,13.084873,80.2101753,"2038, AD Block, Anna Nagar, Chennai, Tamil Nadu 600040, India"
887,20A,Vijayanagaram,600073,12.915266798645924,80.17639990774974,"4/374, Anbu Nagar, Santhosapuram, Medavakkam, Chennai, Tamil Nadu 600100, India"
2108,38c,Kanchipuram collectrate bus stop,631501,12.821501707163636,79.69796689979124,"66, Vandavasi Rd, Kanchipuram, Tamil Nadu 631502, India"
474,30C,Andhra meals hotel,600087,13.0419,80.17795199999999,"Kesavardhini, Indira Nagar, Chennai, Tamil Nadu 600087, India"
2439,38C,"Kanchipuram, housing board ",631502,12.8228144,79.6984418,"205, Kamaraj Nagar, Periya, Kanchipuram, Tamil Nadu 631502, India"
5640,2,Maharani(Singapore Shopping),600021,13.116085988744963,80.28351152579441,"355, Thiruvottiyur High Rd, Mottai Garden, Old Washermanpet, Chennai, Tamil Nadu 600021, India"
77,16,thatchur koot road,600067,13.241780872963515,80.16055508481443,"01, Sholavaram, Sothuperumbedu, Tamil Nadu 600067, India"
7549,26,RatnaCafe,600005,13.0587341,80.2740342,"1, Triplicane High Rd, Triplicane, Chennai, Tamil Nadu 600014, India"
2828,12b,Kolathur retteri junction,600099,13.130119746194003,80.21400894064091,"Flat no. near iyyappa koil shanmugapuram, 10, Perambur Red Hills Rd, Bhavani Nagar, Kolathur, Chennai, Tamil Nadu 600099, India"
3548,5A,Maduravoyal ration stop ,600095,13.064420136024612,80.16876098687464,"209, Sathiyamoorthy Nagar, Maduravoyal, Chennai, Tamil Nadu 600095, India"
2253,15b,Vaishnavi Nagar ,600055,13.129362580238762,80.12489135865073,"1/2, Tiruvallur Main Road, Vaishnavi Nagar, Santhipuram, Cholambedu, Chennai, Tamil Nadu 600062, India"
5240,1,Kaladipet ,600019,13.15002215957813,80.29926704092597,"75, Thiruvottiyur High Rd, Thangal, Thyagarajapuram, Tiruvottiyur, Chennai, Tamil Nadu 600019, India"
135,26,Icehouse ,600014,13.0541245,80.2721058,"31/14, Royapettah, Chennai, Tamil Nadu 600014, India"
7724,37C,Poonamallee Bus Stand,600056,13.0525282,80.095538,"333W+263, Sannathi St, Muthu Kumaran Nagar, Poonamallee, Chennai, Tamil Nadu 600056, India"
2513,17d,Veppambattu tea kadai,602024,13.1750723,80.0199562,"52G9+2X Kavanur, Kilakondaiyur, Tamil Nadu, India"
4347,26c,Chinnamalai Court	,600015,13.012679073528025,80.22696430882834,"267G+2QG, Venkta Puram, Saidapet, Chennai, Tamil Nadu 600025, India"
8076,21C,NGO colony ,600042,12.994290699875329,80.2113589795947,"29/26, Ramapuram, Nehru Nagar, Velachery, Chennai, Tamil Nadu 600042, India"
3936,20,Nilgiris medavakkam ,600100,12.917768673361696,80.1890179464554,"No.135 & 136, 3rd Floor, PVG Towers, Dr, Velachery - Tambaram Main Rd, above Nilgiris, Munusamy Nagar, Vimala Nagar, Medavakkam, Chennai, Tamil Nadu 600100, India"
47,33,Sivan park ,600026,13.044626924510467,80.20413294292764,"Asta Avm Block-B, Arcot Rd, Ottagapalayam, Kannika Puram, Vadapalani, Chennai, Tamil Nadu 600026, India"
3688,13B,Senthil nagar,600099,13.12290213460214,80.20147522885043,"Santi, 1/10, Senthil Nagar 3rd Main Rd, Sri Ayyappa Nagar, Senthil Nagar, Kolathur, Chennai, Tamil Nadu 600099, India"
2988,16C,Oragadam bus stand (Ambattur),600053,13.1154296,80.168127,"26, Krishna St, Gnanamoorthy Nagar Extension, Gnanamurthi Nagar, Ambattur, Chennai, Tamil Nadu 600053, India"
1756,39,Military road ,631502,12.815277986362096,79.70535940463067,"K K Nagar, Asriyarnagar, Sivapuram, Tamil Nadu 631502, India"
6853,34,Sabari nagar petrol bunk,600125,13.0279739,80.17096959999999,"25HC+49C, Mount Poonamallee Rd, Venkateshwara Nagar, Sabari Nagar, Ramapuram, Chennai, Tamil Nadu 600087, India"
3773,41A,"Arcot bus stand, ranipet district",632503,12.907598829020754,79.32459677272196,"W85F+3VJ, SH 129, Arcot, Tamil Nadu 632503, India"
6539,6,Madina Mosque,600023,13.091006310804918,80.22743856059697,"39, VOC Nagar Main Rd, L Block, Annanagar East, Chennai, Tamil Nadu 600102, India"
5787,27,Billroth ,600028,13.028657730047588,80.27629689056661,"129, Santhome High Rd, Pattinapakkam, Kuil Thoppu, Mylapore, Chennai, Tamil Nadu 600004, India"
3557,10C,ICF Signal ,600038,13.100904829585412,80.2140588979077,"164,Mth Road, Ayanavaram Rd, Moorthy Nagar, South Thirumalai Nagar, Villivakkam, Chennai, Tamil Nadu 600049, India"
2225,25,Palavakkam antony chruch ,600041,12.963370739807871,80.25286611547907,"3/158/B, Krishna Nagar Main Rd, DSG Nagar, Krishna Nagar, Palavakkam, Chennai, Tamil Nadu 600041, India"
5552,29c,"Alwarthirunagar, aavin junction",600087,13.0446544,80.1863229,"187, Arcot Rd, near Unlimited Fashion Store - Valasaravakkam, Tiruvallur, New Colony, Valasaravakkam, Chennai, Tamil Nadu 600087, India"
5644,26,Triplicane ,600005,13.058739407180427,80.27415590523407,"13/11, near Ratna Cafe, Narayana Krishnaraja Puram, Triplicane, Chennai, Tamil Nadu 600005, India"
3789,19,Chengalpattu,603002,12.764504006011649,80.00198652900912,"SUN PRINT & ONLINE SERVICE 3, Sriperumpudur, Road, near railway gate, Singaperumal Koil, Tamil Nadu 603204, India"
1219,12b,Petrol bank Kolathur ,600099,13.1289205,80.2157575,"14/10, Red Hills Rd, Meenakshi Nagar, United Colony, Kolathur, Chennai, Tamil Nadu 600011, India"
4752,5c,Vengayamandi,600107,13.0665166,80.18210309999999,"30, Sivanthi Ave 2nd Main Rd, Santha Avenue, Koyambedu, Chennai, Tamil Nadu 600095, India"
5013,26C,Saidapet metro ,600015,13.023618,80.22810799999999,"Saidapet, Nandanam, Chennai, Tamil Nadu 600015, India"
7524,32,Blue Tank Ashok Nagar,600083,13.031109428787753,80.21582644482582,"100/3, 65th St, 11th Avenue, Mettuppalayam, Ashok Nagar, Chennai, Tamil Nadu 600083, India"
7701,15E,Vinayagapuram ,600099,13.1342176,80.20583810000001,"11, Vallikollaimedu, Bharathi Nagar, Thiruverkadu, Chennai, Tamil Nadu 600099, India"
2407,22,"Perungudi, Chennai, Tamil Nadu 600113",600113,12.9785775,80.2522848,"SRP Tools, Dr. Vasi Estate, Phase II, Tharamani, Chennai, Tamil Nadu 600096, India"
2223,22,Tharamani railway station ,600113,12.981290596283667,80.24254701632462,"No 1, Kattabomman street, Thanthai Periyar nagar, Near over bridge, Tharamani bus stop,Tharamani, Perungudi, Chennai, Tamil Nadu 600113, India"
5763,23c,Keelkatalai bus stand ,600117,12.955235981416797,80.1867985243443,"29/9, Medavakkam Main Rd, Soundararajan Nagar, Keelkattalai, Chennai, Tamil Nadu 600117, India"
7089,5,"Razack Garden road, IndusInd bank",600029,13.070336327817907,80.21564418685938,"5, Lakshmiammal St, Ayyavoo Colony, Aminjikarai, Chennai, Tamil Nadu 600029, India"
5563,18A,JB Estate - Avadi,600054,13.109921447738634,80.106497437794,"Plot no:1738,71st street, Vivekananda Nagar, TNHB Mig V Block, Avadi, Tamil Nadu 600054, India"
7551,1,Kaladipet ,600019,13.1637859,80.29839179999999,"724, Tiruvottiyur, Chennai, Tamil Nadu 600019, India"
670,20b,Kelambakam ,603110,12.737091252232968,80.18598456699746,"1 Hub, phase 2 park, Thiruporur, Tamil Nadu 603110, India"
80,33c,"Pondicherry guesthouse,k.k.nagar,chennai-600078",600078,13.04181953128467,80.19339516280202,"Shop No, 886, Munusamy Salai, KK Nagar West, K. K. Nagar, Chennai, Tamil Nadu 600078, India"
7427,7A,Golden Flats,600050,13.0883754,80.179361,"1406, Golden Colony, Chennai, Tamil Nadu 600050, India"
7257,34,Kattupakkam Bus Stand ,600056,13.041018894464068,80.1274219951027,"Kattupakkam, 2/53D, Main Rd, Swaminatha Nagar, Kattupakkam, Chennai, Tamil Nadu 600056, India"
399,28,Samiyar Madam ,600024,13.0466649,80.2188851,"11, Dr Ambedkar Rd, Dr.Subbaraya Nagar, Kodambakkam, Chennai, Tamil Nadu 600024, India"
5748,40b,Rangasamy kulam,631501,12.824039371248256,79.71021354585393,"36, Vilakadi Koil St, Chinna Kanchipuram, Ennaikaran, Arappanacheri, Tamil Nadu 631501, India"
1170,36,Moondramkatalai ,600128,13.0075176,80.1058016,"2444+X83, Lakhsmi Nagar, Chennai, Tamil Nadu 600128, India"
7543,36,Periyapanicheri,600012,13.012796002315213,80.13034125451813,"122, Kundrathur Main Rd, Kovur, Periyapanicheri, Mangadu, Chennai, Tamil Nadu 600116, India"
5605,18B,Kavarapalayam,600054,13.121922887377494,80.08663509627557,"113, Kavarapalayam, Gandhi Nagar, Pattabiram, Avadi, Tamil Nadu 600054, India"
3909,24c,Pallavaram signal,600043,12.967002617969875,80.14912384907673,"1, Thiru Vi Ka St, near signel, Subramaniya, Pallavaram, Chennai, Tamil Nadu 600043, India"
4121,37C,Poonamallee Byepass,600056,13.050420977166125,80.09330519197385,"Poonamallee, MG Nagar, Poonamallee, Chennai, Tamil Nadu 600056, India"
7520,23c,Independence Park ,600091,12.98163174666378,80.18564410229519,"X5JP+J7X, Nanganallur, Chennai, Tamil Nadu 600061, India"
6820,20B,Padur,603103,12.806738822357827,80.22876396011782,"R64H+JFR, Padur, Tamil Nadu 603103, India"
7469,20B,Padur,603103,12.800797295859091,80.22290393683132,"R62F+F65, Padur, Tamil Nadu 603103, India"
5658,25c,Ramapuram signal,600089,13.0253514,80.1855885,"no:4, 12, Kalasathamman Koil St, Moogambigai Nagar, Ramapuram, Chennai, Tamil Nadu 600089, India"
2546,32,Blue tank,600083,13.031234540243748,80.21576192248622,"Ashok Sriram, 100, 7th Ave, 11th Avenue, Mettuppalayam, Ashok Nagar, Chennai, Tamil Nadu 600083, India"
4899,16,Karanodai,600067,13.232902817752263,80.12738940288604,"64MG+5X Erumaivettipalayam R.F., Tamil Nadu, India"
3133,1C,St Anne's Girl's School Royapuram,600021,13.110720207634314,80.2920234708208,"51, Ennore Express Rd, Mottai Thottam, George Town, Chennai, Tamil Nadu 600013, India"
1904,17,Uthukottai bus stand,602026,13.3273413,79.9281897,"96, Tirupati Rd, Panapakkam, Tamil Nadu 602026, India"
3410,12,MKB nagar,600039,13.1256354,80.2622967,"16-1273, 18th East Cross Rd, Weavers Colony, Mahakavi Bharathiyar Nagar Central, Mahakavi Bharathi Nagar, Vyasarpadi, Chennai, Tamil Nadu 600039, India"
3871,18a,Paruthipattu check post ,600071,13.083015436800752,80.10887694167414,"34M5+4H9, Viraraghavapuram, Avadi, Tamil Nadu 600077, India"
3645,16,Thatchoor ,601201,13.42440088144274,80.0935141751003,"C3GV+5Q, Pappankuppam, Tamil Nadu 601201, India"
7440,18c,muthury nagar,600071,13.102368195976211,80.10846751702552,"4425+X85, Ram Nagar, Avadi, Tamil Nadu 600071, India"
2000,45,Padappai bus stop ,601301,12.88687551232638,80.02210969061605,"V2PC+PRH, Padappai, Tamil Nadu 602301, India"
4676,41a,Arcot bus stand ,632503,12.9036483988651,79.32990884092975,"30/8C, Boopathy Nagar, Arcot, Tamil Nadu 632503, India"
5750,8C,Mogappair east water tank,600037,13.081939,80.1879783,"Asian Park , 1/686, Valayapathi Salai, Block 1, J J Nagar, Mogappair East, Chennai, Tamil Nadu 600037, India"
3538,10C,Kalpana bus stop,600049,13.1033001,80.2079696,"183, Madras Thiruvallur High Rd, Rajiv Gandhi Nagar, Villivakkam, Chennai, Tamil Nadu 600049, India"
3633,19A,New perungalathur railway station ,600063,12.904292062162298,80.0945143794751,"Perungalathur railway station, Kamaraj Nagar, New Perungalathur, Tamil Nadu 600063, India"
4148,7,"Bougainvillea Park,Anna Nagar East ",600102,13.091987454970033,80.22357942665032,"36RF+RC9, Block K, Annanagar East, Chennai, Tamil Nadu 600039, India"
6589,37D,Nazarethpet Petrol Bunk,600123,13.043052871716554,80.07680224984728,"875, Thamarai St, near Adhiparasakthi Temple, Nazarathpettai, Varadarajapuram, Tamil Nadu 600123, India"
6561,21,Prime Care hospital ,600088,12.9798536,80.2082392,"9-72, 6th Cross St, Netaji Colony, Adambakkam, Chennai, Tamil Nadu 600042, India"
7105,36c,Porur bridge down(chennai mobiles),600116,13.034596900702434,80.15571102545904,"5, Trunk Rd, Lakshmi Nagar, Porur, Chennai, Tamil Nadu 600116, India"
4269,13B,Senthil nagar,600099,13.1237381,80.2020313,"Senthil Nagar, Mohamed Husain Nagar, Kolathur, Chennai, Tamil Nadu 600099, India"
4299,35A,Pattu koot road,600122,13.0269792,80.11083529999999,"24G6+Q8W, Mangadu Rd, Then Colony, Mangadu, Chennai, Tamil Nadu 600122, India"
4810,37D,Chembarambakkam ,600123,13.040969413586955,80.05840763630997,"Chembarambakkam, Thirumazhisai, Tamil Nadu 600124, India"
1198,39,"KK nagar,Orikkai,Kanchipuram",631502,12.815262093023474,79.70535978273155,"K K Nagar, Asriyarnagar, Sivapuram, Tamil Nadu 631502, India"
192,8,Sidco nagar,600049,13.103016327774409,80.1988890248711,"SIDCO Nagar, Agathiyar Nagar, Villivakkam, Chennai, Tamil Nadu 600049, India"
2134,20,Vinayagapuram ,600129,12.9474776,80.1961988,"2/138, Vinayagapuram, Viduthalai Nagar, Kovilambakkam, Chennai, Tamil Nadu 600129, India"
2273,20B,Kelambakam ,603103,12.790199664173612,80.22145485713628,"3/535A, Prakash Nagar, Chennai, Kelambakkam, Tamil Nadu 603103, India"
4394,23c,Keelkattalai bus stand ,600117,12.9561731967211,80.18686435464963,"117, Medavakkam Main Rd, near Reliance Digital, Soundararajan Nagar, Keelkattalai, Chennai, Tamil Nadu 600117, India"
6141,16,padiyanallur,600052,13.203749364779428,80.175525821348,"653G+F7W, Service Rd, Padianallur, Chennai, Tamil Nadu 600052, India"
43,9A,Citilights Meadows apartment,600095,13.076009516292237,80.16155660987216,"Citilights Meadows Block-A, Citilights Meadows, Nolambur, Ambattur Industrial Estate, Chennai, Tamil Nadu 600095, India"
2507,35D,Anakaputhur bharat petroleum ,600070,12.9789057,80.1299372,"X4HJ+H3R, 1st Main Rd, Balaji Nagar, Pammal, Chennai, Tamil Nadu 600075, India"
8003,34,Maren garden,600056,13.0450079,80.1156829,"358, near Poonamallee Fire And Rescue Station, MSS Nagar, Ambedkar Nagar, Poonamallee, Chennai, Tamil Nadu 600056, India"
1782,20c,Sadasivam nagar,600091,12.9617233,80.19937159999999,"5045, Madipakkam, Chennai, Tamil Nadu 600091, India"
4405,42A,Koovam ,631402,13.029919277546815,79.82773731255807,"2RHG+WWW, MDR 447, Tamil Nadu 631402, India"
1086,39,Military Road,631501,12.811873730461109,79.71185619394318,"RP66+PPQ, Erikkarai St, Sathya Nagar, Teachers Nagar, Orikkai, Tamil Nadu 631502, India"
6979,2,Manicycle ,600081,13.1238112,80.28819899999999,"Tondiarpet, Tondiarpet, Chennai, Tamil Nadu 600081, India"
5425,37C,Ponnamalle bypass,600056,13.050273047144778,80.09300161085466,"773, Trunk Rd, Rukmani Nagar, Poonamallee, Chennai, Tamil Nadu 600056, India"
1875,2c,Ajax ,600019,13.1767944,80.2993748,"25, Street Number 1, Ponniamman Nagar, Tiruvottiyur, Chennai, Tamil Nadu 600057, India"
1705,20A,Sembakkam,600073,12.93425713924696,80.16433330067149,"105, Airport Colony, Heritage Jayendra Nagar, Sembakkam, Chennai, Tamil Nadu 600064, India"
4792,41C,Sathuvachary,632009,12.94352124731903,79.18622649228294,"W5VP+98F, Alamelumangapuram, Sathuvachari, Vellore, Perumugai, Tamil Nadu 632009, India"
5419,4,Harrington signal ,600031,13.068551778630177,80.24076637389227,"Gitanjali"",7/4, 1st Avenue, Harrington Rd, Chetpet, Chennai, Tamil Nadu 600031, India"
7340,40C,Kanchipuram bus stand,631501,12.83468661884094,79.70403526071136,"22, Kamarajar St, Ennaikaran, Kanchipuram, Tamil Nadu 631501, India"
4438,19,Chengalpet New Bus stand,603109,12.60890260400465,80.06730726198637,"25, Mamallapuram Rd, Tirukazhukundram, Tamil Nadu 603109, India"
6392,30,Elango nagar,600092,13.051243602676976,80.19152371169541,"14, Swarnambigai Nagar 1st St, Sanjay Gandhi Nagar, Virugambakkam, Chennai, Tamil Nadu 600092, India"
4639,20b,Mambakkam sivan koil,600127,12.86004693050521,80.17357249864482,"V56F+27C, Ponmar, Moolacheri, Tamil Nadu 600048, India"
398,19B,Bharathamatha street,600059,12.924348887442823,80.12602273910102,"24-146, East Tambaram, Tambaram, Chennai, Tamil Nadu 600059, India"
4833,19E,Sri Padmavathy Mahal,600063,12.9195302,80.0874621,"11, Mudichur Rd, West Tambaram, Tambaram, Old Perungalathur, Tamil Nadu 600063, India"
6633,35A,Kumananchavadi Mgr statue ,600056,13.041385892482165,80.11457346755714,"28/73 KUNDRTHUR MAIN ROAD NEAR MGR SALI KUMANACHAVADI POONAMALLEE 28/73 CHETTY STREET MAIN ROAD NEAR MGR SALI KUMANACHAVADI, Astha Lakshmi Nagar, Indrani Nagar, Poonamallee, Chennai, Tamil Nadu 600056, India"
3788,8C,Variety Centre,600101,13.0920727,80.1944807,"116, D-Sector, Anna Nagar West Extension, Chennai, Tamil Nadu 600101, India"
5424,17,Meera theatre ,602001,13.144250493387748,79.90015280339689,"63, Netaji St, MGM Nagar, Tamil Nadu 602001, India"
3615,23C,Keelkattalai,600117,12.9555591,80.1834189,"3/37A, Sri Ganapathi Nagar, Bhaskar Nagar, Keelkattalai, Chennai, Tamil Nadu 600117, India"
5463,40c,Kanchipuram busstand ,631501,12.837326546326208,79.70399258930836,"116, Kamarajar St, Bavaji Nagar, Nellukara st, Kanchipuram, Tamil Nadu 631501, India"
1457,2,Mani cycle ,600081,13.12519380792245,80.2891814843406,"217/683, Thiruvottiyur High Rd, Sanjeevarayanpet, Tondiarpet, Chennai, Tamil Nadu 600081, India"
3551,11c,Bakthavatsalam school ,600080,13.108104095358216,80.18339247613906,"H2, Central Ave, above Axis Bank Branch, Venkatraman Nagar, Korattur, Chennai, Tamil Nadu 600080, India"
2438,35A,Kumananchavadi petrol bunk,600056,13.0486844,80.1181245,"36, Jeevan Prakash Nagar, Kandasamy Nagar, Poonamallee, Chennai, Tamil Nadu 600056, India"
7296,15B,Thirumullaivoyal ,600062,13.130699215491434,80.13156380878902,"44JJ+7J5, Pachaiamman Nagar, Thirumullaivoyal, Chennai, Tamil Nadu 600062, India"
5548,32,"Blue Tank , Ashok nagar,  Chennai",600015,13.024417,80.21753,"14-24, Ranga Bashyam St, Sadullakhan Nagar, Saidapet, Chennai, Tamil Nadu 600098, India"
2499,35D,Amman Kovil,600070,12.9869121,80.1253336,"X4PG+Q4H, Sathya Nagar, Kasturba Nagar, Chennai, Tamil Nadu 600074, India"
7941,19A,vandalur gate,600048,12.893324655559065,80.08299336366905,"Madras, No:1/288, Walajabad Rd, Vandalur, Tamil Nadu 600048, India"
6918,7c,Wavin,600101,13.087667807473956,80.18976880027188,"Indian Flats, 65, Collector Nagar, Anna Nagar West, Mogappair East, Chennai, Tamil Nadu 600050, India"
1120,33C,"Pondicherry Government Guest House, 20, Sector 11, K. K. Nagar, Chennai, Tamil Nadu",600078,13.040474103033542,80.19637154828162,"30/16, Sector 11, K. K. Nagar, Chennai, Tamil Nadu 600078, India"
8078,1,Liftigate ,600057,13.18425646045764,80.31612998758828,"41, Bharathiyar Nagar, Ennore, Chennai, Tamil Nadu 600057, India"
469,21c,Ngo colony depot,600088,12.99506852437475,80.20674781920239,"X6W4+3PP, City Link Road, Ramapuram, N.G.O. Colony, Ganesh Nagar, Adambakkam, Chennai, Tamil Nadu 600088, India"
7295,13c,Temple School,600099,13.125085818651153,80.20569361907407,"S.K CHEMICALS No:13 A, 2nd Floor Jayathi nagar (200 Feet Road, Selvi Nagar, Kolathur, Chennai, Tamil Nadu 600099, India"
20,27,Billorth hospital (chennai -600028),600028,13.02701060028691,80.25600881320891,"43, 2nd Cross Rd, Raja Annamalai Puram, Chennai, Tamil Nadu 600028, India"
2414,35B,Samyapuram,600128,12.9990656,80.1308672,"70, Tharapakkam, Chennai, Tamil Nadu 600128, India"
3372,20,Pallikaranai oil mill,600100,12.9266328,80.2023528,"P18, Pallikaranai, Chennai, Tamil Nadu 600100, India"
723,9B,Grace supermarket,600037,13.078297300189792,80.18061848503916,"2-A-11, 1st Main Rd, Sector 7, Ambattur Industrial Estate, Chennai, Tamil Nadu 600037, India"
5584,16,"Ssr palace , Redhills bypass road ",600052,13.191715154017247,80.18926772113898,"164 byepass, Service Rd, Gandhi Nagar, Red Hills, Chennai, Padianallur, Tamil Nadu 600052, India"
4454,14,Pattamandri ,600120,13.262119673310432,80.274355545888,"Nandiyambakkam, Attipattu, Nandiambakkam, Tamil Nadu 600120, India"
1164,42,Krishna polytechnic college ,631003,13.106990592834574,79.64629371288592,"991/a, Nagalamman nagar, Arakkonam, Tamil Nadu 631003, India"
1652,16E,PARUTHIPAATU,600077,13.089317165899676,80.10072323083995,"9, Perumal Koil St, Kannampalayam, Chennai, Avadi, Tamil Nadu 600071, India"
459,16,Andarkuppam,601204,13.2985159,80.1653597,"75X8+93R, Thatchoor, Tamil Nadu 601204, India"
5023,37,DLF,600089,13.026373004221284,80.17729035516443,"4B, Shanthi Nagar Main Road, Ramapuram, Chennai, Tamil Nadu 600089, Shanthi Nagar Main Rd, Park Dugar, Ramapuram, Chennai, Tamil Nadu 600089, India"
5817,19A,Irumbuliyur ,600045,12.91777943304974,80.10802181405334,"India, Tamil Nadu, Chennai, Irumbuliyur, West Tambaram, 세번스 스트리트 4"
6225,16 ,Oragadam ( Ambattur),600053,13.1269948,80.15383609999999,"31/46, Surapet Main Rd, Bharati Nagar, Vijayalakshmi Puram, Ambattur, Chennai, Tamil Nadu 600053, India"
1286,35D,Pammal,600075,12.975805835447122,80.12978894394674,"7, 1st Main Rd, JRC Colony, Gandhi Nagar, Anakaputhur, Chennai, Tamil Nadu 600075, India"
4552,27c,New Woodlands Mylapore,600004,13.03307166946952,80.26308686487013,"5, Dr Ranga Rd, Marwadi Thottam, Narasimahapuram, Mylapore, Chennai, Tamil Nadu 600004, India"
2962,29c,Alwarthirungar ,600087,13.034201831562418,80.18123965978384,"49, 49th St, Thirumalai Nagar, Thiru Nagar, Ramapuram, Chennai, Tamil Nadu 600089, India"
4621,40,"Chetty street, kanchipuram ",631501,13.0842624,80.2258944,"Asthalakshmi Apartments, Old-51, New-5, Main Rd, D Block, Anna Nagar, Chennai, Tamil Nadu 600102, India"
7078,8c,Variety Centre,600037,13.08426766216108,80.18922742507061,"35/19, 7th St, Padi Pudur Nagar, Anna Nagar West, Anna Nagar West Extension, Chennai, Tamil Nadu 600037, India"
2532,12B,Welding Shop ,600099,13.12327324064629,80.22282518458215,"20, Red Hills Rd, Sri Ganapathi Rao Nagar, Kolathur, Chennai, Tamil Nadu 600082, India"
4091,33c,Nessapakam bus stand,600078,13.0350752,80.2162862,"New Door No.1, Old Door No.8, 52nd street, 7th Ave, Sarvamangala Colony, Manthope Colony, Ashok Nagar, Chennai, Tamil Nadu 600083, India"
5585,19D,Urappakam school stop,603211,12.86338775677927,80.06307165473939,"40, Kannagi St, Arul Nagar, rajeshwari nagar, Urapakkam, Madambakkam, Guduvancheri, Tamil Nadu 603202, India"
457,19D,Guduvancherry,603202,12.83960294820558,80.05465733044434,"124/A, 124/A/3, 3rd St, Thailavaram, Guduvancheri, Tamil Nadu 603202, India"
5836,16B,Kallikuppam Arch ,600053,13.130572533644514,80.1709159523926,"58, Kamaraj Street, Gangai Nagar, Ambattur, Chennai, Tamil Nadu 600053, India"
4898,37,Porur Saravana stores,600125,13.031199072821636,80.16429582274097,"51A, Mugalivakkam Main Rd, Kumudam Nagar, Mugalivakkam, Chennai, Tamil Nadu 600116, India"
75,9B,Grace Super Market,600107,13.075109680837778,80.18661998462525,"88, Kuppusamy St, Golden George Nagar, Mogappair East, Chennai, Tamil Nadu 600037, India"
5053,19c,Gandhi road ,600045,12.929111816847184,80.11274505301357,"17, Rajaji Rd, West Tambaram, Tambaram, Chennai, Tamil Nadu 600045, India"
488,14C,Manali Market,600068,13.1667962,80.2616025,"80/101, Vimlapuram, Chinnasekkadu, Manali, Chennai, Tamil Nadu 600068, India"
5904,21 ,"Ngo colony depot, Adambakkam, Chennai ",600088,12.9927353,80.2090597,"6, 2nd St, Ramapuram, Ex Servicemen Colony, Ask Nagar, Adambakkam, Chennai, Tamil Nadu 600042, India"
7732,37B,Karayanchavadi,600056,13.05129031836874,80.11268995635197,"6/89, Sepoy Ln, Periyar Nagar, Poonamallee, Chennai, Tamil Nadu 600056, India"
6765,15E,Tea Kadhai Kallikuppam ,600053,13.133227893789462,80.1740143571472,"1/7, VPC Nagar, Ambattur, Chennai, Tamil Nadu 600053, India"
3608,43,"Manavala nagar, Tiruvallur ",602002,13.0795704,79.9080757,"3WH5+MFR, Manavalanagar, Tamil Nadu 602002, India"
4316,2C,Padmanabha Theatre,600079,13.101037339717504,80.27497105876206,"Padmanabha Theatre, Peddanaickenpet, George Town, Chennai, Tamil Nadu 600001, India"
460,19A,Perungalathur Bus stop,600063,12.9016245,80.0812191,"W32J+RH3, Perungalathur, Tamil Nadu 600048, India"
3101,11C,Bakthavatchlam School Signal,600080,13.108358099327598,80.18339906556346,"603A/F2, Central Ave, Venkatraman Nagar, Korattur, Chennai, Tamil Nadu 600080, India"
7239,19E,Outer Ring Road,600048,12.915762331846365,80.07469609441267,"W38F+8VM, Mudichur, Tamil Nadu 600048, India"
4630,43,Pattarai (petrol bunk),602002,13.10219775858604,79.90522228940549,"4, Ellaiamman Koil St, Manavanagar, Manavalanagar, Tamil Nadu 602002, India"
6482,39,K K NAGAR,631501,12.8144033,79.7042909,"21 Dr. Radhakrishnan street, Aasiriyar Nagar Velingapattarai, Asriyarnagar, Sivapuram, Orikkai, Tamil Nadu 631502, India"
7928,20C,Saraswati Hospital ,600091,12.965312975135427,80.20705920596284,"146A, 1st Main Rd, Sivaprakash Nagar, Madipakkam, Chennai, Tamil Nadu 600091, India"
4559,4c,Arumbakkam Indian Hospital,600106,13.076435068750108,80.20359625041824,"K-8, Poonamallee High Rd, Janakiraman Colony, Arumbakkam, Chennai, Tamil Nadu 600106, India"
4511,12,"Thiruvalluvar street, Kannadasan nagar , kodungayuir , chennai 600118",600118,13.13642969787218,80.25242718462523,"54/14, Tiruvalluvar St, Chinnandimadam Nagar, Kodungaiyur, Chennai, Tamil Nadu 600118, India"
3488,42c,SR Gate,631002,13.075076,79.6709092,"69, Gandhi Rd, opp. SR Gate, Arakkonam, Vellore, Arakkonam, Tamil Nadu 631003, India"
7645,15B,Thirumullaivoyal,600062,13.1307405,80.1314386,"41A, Arunanagar, Pachaiamman Nagar, Thirumullaivoyal, Chennai, Tamil Nadu 600062, India"
3119,15A,thiruverkadu,600077,13.075956672882045,80.12260612245838,"87, Balaji Govinda Nagar, Thiruverkadu, Chennai, Tamil Nadu 600077, India"
3836,13A,Korattur Signal(next stop to padi brittania),600080,13.099655723800236,80.18662435402082,"East Avenue, Padi, Chennai, Tamil Nadu 600050, India"
3440,13,"Thiruvallur Kalyana Mandapam, Periyar nagar",600082,13.1141389,80.2243742,"29, Karthikeyan Rd, Periyar Nagar West, Perambur, Chennai, Tamil Nadu 600082, India"
472,14,Pattamandhri,600120,13.257443040489244,80.27506901283112,"Melur, Pattamandhri, Nandiambakkam, Tamil Nadu 600120, India"
4514,28,Liberty ,600024,13.0537519,80.22798949999999,"Sekar Emporium Textiles Pvt.Ltd, 22, Arcot Rd, Taylor Estate, Kodambakkam, Chennai, Tamil Nadu 600024, India"
3464,15,Ambattur ot,600053,13.1143212,80.15447429999999,"4573+PQH, Ambattur, Chennai, Tamil Nadu 600053, India"
3356,14C,Madhavaram old bus stand ,600060,13.147851360872322,80.23093214804797,"No 1, Bazaar St, Swamy Nagar, Madhavaram, Chennai, Tamil Nadu 600060, India"
5209,42,krishna polytechnic,631001,13.08966401265134,79.66601324395182,"3MQ8+WGW, Arakkonam, Tamil Nadu 631001, India"
5653,11,Erukkencherry,600118,13.12396,80.2461007,"95/10, Ashoka St, Kennedy Nagar, Erukkancheri, Perambur, Chennai, Tamil Nadu 600011, India"
5436,37C,Poonamallee byepass ,600056,13.0497054,80.09124059999999,"794/2, Main Rd, Rukmani Nagar, Mg Nagar, Poonamallee, Chennai, Tamil Nadu 600056, India"
1812,35D,Anakapthur ,600070,12.9803745,80.1283469,"9, Thiyagaraya Mudali St, Gandhi Nagar, Anakaputhur, Chennai, Tamil Nadu 600070, India"
7992,9B,7M bus stop,600037,13.082354822945442,80.16967751681567,"4, 1st Ave, 4th Block, Mogappair West, Ambattur Industrial Estate, Chennai, Tamil Nadu 600037, India"
956,19E,Padmavati marriage Hall ,600063,12.9191546,80.08361630000002,"Old Perungalathur (Ambedkar Statue), Mudichur Rd, Raja Rajeswari Nagar, Shanthi Nagar, Old Perungalathur, Tamil Nadu 600063, India"
3226,20A,Medavakkam Koot Road ,600100,12.923259266100036,80.18597263252565,"2 Shop no,3 Vadakkuppattu main road, Shanthi Ave, opposite Glow Dental, United Colony, BHEL Nagar, Medavakkam, Chennai, Tamil Nadu 600100, India"
1980,20B,Agaram Then ,600126,12.8836389,80.1575098,"9/173, Avvaiyar St, Paduvanchery, Madambakkam, Agaramthen, Chennai, Tamil Nadu 600126, India"
6843,20,Kamatchi hospital,600129,12.947272040792026,80.19852363880916,"257, S. Kolathur, S.Kolathur, Viduthalai Nagar, Kovilambakkam, Chennai, Tamil Nadu 600129, India"
260,15,Ambattur OT bus stand,600053,13.1200771,80.1557179,"19/0/1, Charry St, Venkatapuram, Ambattur, Chennai, Tamil Nadu 600053, India"
3998,9c,DRJ Super Market,600037,13.0814762,80.1669512,"DR Super Market, Mogappair West Main Rd, 4th Block, Mogappair West, Ambattur Industrial Estate, Chennai, Tamil Nadu 600037, India"
7378,37B,Poonamalle dept ,600123,13.0397691,80.0921929,"Paari Gardan, Shrishti Sai Nagar Layout, Poonamallee, Chennai, Tamil Nadu 600123, India"
2072,15B,Thirumullaivoyal ,600062,13.130640256752804,80.13178366632185,"69, Madras Thiruvallur High Rd, Venugopal Nagar, Thirumullaivoyal, Chennai, Tamil Nadu 600062, India"
5775,5B,Erikarai,600095,13.0584052,80.163339,"13/28, Rajiv Gandhi St, Sri Lakshmi Nagar, Lakshmi Nagar, Maduravoyal, Chennai, Tamil Nadu 600095, India"
6451,39,uthiramerur,631502,12.8149644,79.70543909999999,"29, Uthramerur Main Rd, Sivapuram, Kanchipuram, Tamil Nadu 631502, India"
671,3c,Anna nagar cemetery ,600010,13.077816762105764,80.24438277612511,"36HV+5Q3, Barnaby Rd, New Bupathy Nagar, Chetpet, Chennai, Tamil Nadu 600010, India"
5884,29,Sudharma mahal,600093,13.054447991890203,80.20046804232216,"33/36, Kaveri Rangan nagar, Saligramam, Chennai, Tamil Nadu 600093, India"
2358,12,MKB Nagar ,600039,13.125704863784009,80.26052840518842,"1176, 19th Central Cross St, Weavers Colony, Central, Mahakavi Bharathi Nagar, Vyasarpadi, Chennai, Tamil Nadu 600039, India"
7947,20A,Rajakilpakkam ,600073,12.9155116,80.1521428,"226, Indira Nagar, Selaiyur, Chennai, Tamil Nadu 600073, India"
1357,2c,mint(washermanpet metro),600001,13.0963045,80.2865916,"1/203, Mannadi, George Town, Chennai, Tamil Nadu 600001, India"
6615,43,Pattarai,602002,13.103661908857289,79.90643450683093,"4W34+CGF, Ramadoss St, Venkathur, Tamil Nadu 602002, India"
7744,37c,Poonamalle Bus Stand,600056,13.051775266682611,80.09481040873844,"332V+P9H, 6, Poonamallee - Avadi High Rd, Muthu Kumaran Nagar, Poonamallee, Chennai, Tamil Nadu 600056, India"
6887,18D,nemilichery,600054,13.123614814265649,80.0525274578138,"43F2+CQM, Service Rd, Thandurai, Avadi, Pattabiram, Tamil Nadu 602024, India"
3561,13C,Temple School ,600099,13.1239583,80.2121332,"Mariamman Koil, Anusuya Nagar, Kolathur, Chennai, Tamil Nadu 600082, India"
680,41A,Kaveipakkam bus stand,632508,12.9012315,79.4606939,"Kaveripakkam Bus Stand, NH 46, Kaveripakkam, Tamil Nadu 632508, India"
7435,19D,Urapakkam tea kadai  signal,603210,12.860003322049648,80.07230275337763,"32, behind Vinayagar Kovil, Abnirami Nagar, Urapakkam, Adhanur, Tamil Nadu 603210, India"
7369,16A,"Kallikuppam Arch, Ambattur, Chennai-600053",600053,13.132031783127458,80.17012896641965,"237, Ambattur Red Hills Rd, Kallikuppam, Ambattur, Chennai, Tamil Nadu 600053, India"
7851,28,Samiyar madam,600024,13.0482235,80.2165965,"12, 3rd Cross St, United India Colony, Kodambakkam, Chennai, Tamil Nadu 600026, India"
3240,41,Muthukadai,632402,12.92513736335942,79.36325285821738,"45,Janatha Market Complex M.B.T Road Opp.to Anna Statue Ranipet, Distric, Walajapet, Tamil Nadu 632513, India"
7558,37C,"Vijay shanthi Apartment, Chettipedu",602103,13.0245195,80.0219346,"Vijay Shanti Infiniti Block-4, Vijay Shanti Infiniti, Chembarambakkam, Tamil Nadu 600124, India"
7658,17D,Kottamadu,602024,13.094000835761378,80.00658827075283,"32V4+QH3, Perumalpattu - Kottamedu Rd, Perumalpattu, Tamil Nadu 602024, India"
2128,20E,Chromepet bus stand,600044,12.951895267063286,80.14083035859271,"Chrompet, Radha Nagar, Chromepet, Chennai, Tamil Nadu 600044, India"
4887,17C,GRT,602001,13.123658271829196,79.91155827038438,"74, JN Rd, near Oil Mill Bus Stop, Kakkalur, Tamil Nadu 602001, India"
3594,19C,Hastinapuram ,600044,12.9387231,80.14607749999999,"W4QW+FCP, Venkataraman Nagar, MC Nagar, Hasthinapuram, Chromepet, Chennai, Tamil Nadu 600064, India"
2400,33,K.k Nagar ( Hotel Saravana Bhavan ),600078,13.035967424324376,80.20406148191009,"Old No 107, New No 9, Ponnabalam Salai, K K Nagar West, K. K. Nagar, Chennai, Tamil Nadu 600083, India"
6862,22,Perungudi,600096,12.959337484253172,80.24448034420756,"X65V+PQX, 1st Main Rd, Phase-2, Tirumalai Nagar, Perungudi, Chennai, Tamil Nadu 600096, India"
7337,10C,Binny mill church ,600012,13.103540128156574,80.25307400780329,"99, Cooks Rd, Shanthi Nagar, Wadia Nagar, Jamalia, Chennai, Tamil Nadu 600012, India"
614,16B,Kallikuppam,600053,13.131990595758923,80.16963175494422,"Kallikuppam (Koil), Ambattur Red Hills Rd, Kallikuppam, Ambattur, Chennai, Tamil Nadu 600053, India"
2174,36,Gerugambakkam bus stop ,600128,13.015766367462795,80.13679244087524,"248P+8J7, Anna St, Periyapanicheri, Gerugambakkam, Chennai, Tamil Nadu 600116, India"
7336,16C,umaiyal achi nursing college ,600066,13.1579957,80.1970565,"1A, Surapet Main Rd, Puzhal, Chennai, Kadirvedu, Tamil Nadu 600066, India"
3340,45,padappai main bus stop,601301,12.8868064,80.0221226,"V2PC+PRH, Padappai, Tamil Nadu 602301, India"
805,9C,DR Supermarket ,600037,13.0822908,80.16955209999999,"4, Mogappair West Main Rd, 4th Block, Mogappair West, Ambattur Industrial Estate, Chennai, Tamil Nadu 600037, India"
4648,39,K K Nagar,631502,12.814056625297686,79.70891131517057,"RP75+PGP, Sivapuram, Kanchipuram, Tamil Nadu 631502, India"
3614,4C,Nungambakkam Railway Station	,600094,13.066448923110553,80.23120004147137,"10, Nelson Manickam Rd, Thiruvenkatapuram, Choolaimedu, Chennai, Tamil Nadu 600094, India"
5152,27c,Light house ,600005,13.0397354,80.2792984,"Chennai Lighthouse, Marina Walk, Marina Beach, Mylapore, Chennai, Tamil Nadu 600004, India"
2802,24c,Outer ring ,600044,12.9688554,80.0902038,"X39R+P49, Thirumudivakkam, Tamil Nadu 602109, India"
2045,12b,Welding shop,600099,13.123295075582076,80.22286158074132,"20, Red Hills Rd, Sri Ganapathi Rao Nagar, Kolathur, Chennai, Tamil Nadu 600082, India"
2323,14C,Madhavaram new bus stand,600060,13.150694137226845,80.22994115976167,"73, Anna Rd, West Garden, Madhavaram, Chennai, Tamil Nadu 600060, India"
3772,4c,"Tiruveedhi amman Kovil,Arumbakkam, Chennai ",600106,13.074846090911937,80.20341079353688,"18, Tiruveedhi Amman Koil St, Janakiraman Colony, Arumbakkam, Chennai, Tamil Nadu 600106, India"
2048,40A,Thimmarajampetti ,631601,12.799047,79.7837884,"QQXM+FF6, Thimmarajampettai, Tamil Nadu 631601, India"
4494,16E,Paruthipattu ,600071,13.088600173436625,80.10884453803052,"No.25,Santha Towers, 4th floor, Paruthipattu Rd, Avadi, Tamil Nadu 600071, India"
822,25C,Adyar Depot,600020,12.9954229,80.2556779,"X7W4+577, Indira Nagar, Adyar, Chennai, Tamil Nadu 600020, India"
5301,13C,"Everwin global kids , kolathur",600099,13.124184720099809,80.21018545894862,"10/4/1, Lakshmi Nagar, Kolathur, Chennai, Tamil Nadu 600082, India"
6948,7,6th avenue ,600040,13.092384726146104,80.2138741249118,"R -10, 6th Avenue R' Block , Anna Nagar, K 4, Block R, Police station, Chennai, Tamil Nadu 600040, India"
7176,11C,Bhaktavatsalam vidhyashram school signal,600080,13.1092554,80.1831636,"612, North Ave, Venkatraman Nagar, Tnhb, Korattur, Chennai, Tamil Nadu 600080, India"
1532,28,Samiyar madam ,600024,13.0480098,80.2161001,"2/3, Second Main Rd, Dr.Subbaraya Nagar, Vadapalani, Chennai, Tamil Nadu 600026, India"
5788,17A,Kakkalur bus stop,602003,13.130565634162544,79.92559753683803,"4/44, Poonga Nagar, Kakkalur, Tamil Nadu 602025, India"
7314,26c,Saidapet metro,600015,13.023292136815014,80.22980645905075,"D/15D/14, Todd Hunter Nagar, Nandanam, Chennai, Tamil Nadu 600035, India"
6429,38c,Housing Board ,631502,12.819705311974046,79.68890200127998,"RM9Q+QH, Pallavan Nagar, Gem Nagar, Kanchipuram, Tamil Nadu 631502, India"
7654,17c,Grt ,602001,13.1236581,79.91159379999999,"74, JN Rd, near Oil Mill Bus Stop, Kakkalur, Tamil Nadu 602001, India"
3357,20A,Sembakkam,600073,12.919737505990922,80.16505254502428,"33, 4th St, Gowriwakkam, Sembakkam, Chennai, Tamil Nadu 600073, India"
7680,18B,Pattabiram,600072,13.120827036193718,80.06506949286651,"511, Chennai - Tiruvallur High Rd, Pattabiram, Tamil Nadu 600072, India"
5547,28,Samiyar Madam ,600024,13.0466372,80.21943279999999,"4/3, Karnan St, KG NTR Heritage, Murugesan Nagar, Kodambakkam, Chennai, Tamil Nadu 600024, India"
5293,18b,Sekkadu,600072,13.1192781524751,80.07841201484842,"381, Chennai - Tiruvallur High Rd, Sekkadu, Pattabiram, Tamil Nadu 600072, India"
2627,34C,Iyyppanthangal reliance mart,600056,13.038590893693922,80.13360683834972,"Velayuthapuram,arulachi - kudaloor Rd,vasuthevanallur, 24QM+GC8, VGN Nagar, Iyyappanthangal, Chennai, Tamil Nadu 600056, India"
2582,40A,walajabad ,631605,12.788989872746702,79.82581819635016,"4, Saravana Mudhaliar St, Walajabad, Vallapakkam, Tamil Nadu 631605, India"
2768,13A,Retteri signal,600099,13.13041210748622,80.21147981597173,"143, Kadappa Rd, Rajan Nagar, Lakshmipuram, Tiruvallur, Chennai, Tamil Nadu 600099, India"
3345,43,Tiruttani Bypass,631209,13.174350246753292,79.59497256532325,"2/95, Bazzar St, KK Nagar, K.G Kandigai, Thiruttani, Tamil Nadu 631209, India"
5900,45,Sriperabathur high-school ,605102,12.955774368342787,79.94264347667664,"XW4R+6W5, Sarala Nagar, Pondur, Sriperumbudur, Tamil Nadu 602105, India"
1766,40,Perumal kovil,631501,12.820394879176822,79.7270292572278,"69/59, National Highway, Nethaji Nagar, Kanchipuram, Nattapettai, Tamil Nadu 631501, India"
1821,7C,Thriumangalam EB Bus Stop,600050,13.0866664,80.193373,"78/4, Nehru St, Thirumalleswara Nagar, Anna Nagar West, Anna Nagar West Extension, Chennai, Tamil Nadu 600040, India"
5292,40A,Sriperumbudur 2nd arch,602105,12.9675201,79.95284509999999,"2.cakkte Street Teruprambadduor Teruvalluoor Road, Nenmeli, Sriperumbudur, Tamil Nadu 602105, India"
5568,8c,Waves,600040,13.0860999,80.19396569999999,"46, Appar St, Tiruvalleeswarar Nagar, Thirumangalam, Anna Nagar West Extension, Chennai, Tamil Nadu 600040, India"
2375,43,Pattarai,602002,13.094109918655803,79.88157554523796,"3VVJ+WGH, Athigathur, Tamil Nadu 602002, India"
6168,20,Pallikaranai jeyachandran ,600100,12.921486436091431,80.19720643140273,"Jayachandran Textiles, 147, Jeyachandran Nagar 1st Main Rd, BHEL Nagar, Jeyachandran Nagar, Medavakkam, Chennai, Tamil Nadu 600100, India"
454,2,Maharani,600021,13.11963543998178,80.27927188841497,"31, Swamy Nagar, Kumaraswami Nagar, Old Washermanpet, Chennai, Tamil Nadu 600009, India"
4099,30C,"Kesavardhini, Valasaravakkam",600087,13.0417701,80.17882879999999,"6, Arcot Rd, Indira Nagar, Valasaravakkam, Chennai, Tamil Nadu 600087, India"
3336,45,Padappai main bus stop,601301,12.8868064,80.0221226,"V2PC+PRH, Padappai, Tamil Nadu 602301, India"
2694,14C,Arul nagar ,600051,13.151378136777018,80.24239768872538,"562V+G2J, Milk Colony Rd, Kanadasa Nagar, Madhavaram Milk Colony, Chennai, Tamil Nadu 600051, India"
7233,9,Mogappair East Bus Stop (7H),600037,13.080014148736902,80.18043958025102,"01 Everest Colony, Mogappair East, Chennai, Tamil Nadu 600037, India"
7935,6,Anna Nagar Tower Park Metro ,600040,13.084873,80.2101753,"2038, AD Block, Anna Nagar, Chennai, Tamil Nadu 600040, India"
7471,15C,Ambattur OT,600053,13.122108280977782,80.14738493310642,"604, Chennai - Tiruvallur High Rd, Ram Nagar, Ambattur, Chennai, Tamil Nadu 600053, India"
7646,5,Razzak garden ,600106,13.071366283404313,80.21564145720168,"46, Razzak Garden Main Rd, Rani Anna Nagar, Arumbakkam, Chennai, Tamil Nadu 600106, India"
5878,45,Sriperumbudur high school,605102,12.955663712468736,79.94253990631519,"XW4R+6W5, Sarala Nagar, Pondur, Sriperumbudur, Tamil Nadu 602105, India"
7242,21,Thillai Ganga Nagar Subway,600061,12.992082,80.19346259999999,"X5RV+R9P Thillaiganga Nagar Subway, Thillaiganga Nagar, Nanganallur, Chennai, Tamil Nadu 600061, India"
4176,17B,Post Office ,602001,13.13154636458414,79.90949008188899,"no 29, JN Rd, Hariram Nagar, V.M Nagar, Kakkalur, Tamil Nadu 602001, India"
4803,36,Gerugambakkam Bus Stop,600128,13.008516694682,80.13998862819261,"VGN Krona Phase 2, Plot no. 15 & 16, Gerugambakkam, behind YuMi Sports Center, Chennai, Tamil Nadu 600128, India"
5131,35,Kundrathur ,600069,12.997912746480438,80.09659141231771,"94, Bazaar St, Kundrathur, Chennai, Tamil Nadu 600069, India"
5920,45,Sriperumbudur high school ,605102,12.955365208131177,79.94268557189523,"XW4V+652, Sarala Nagar, Sriperumbudur, Tamil Nadu 602105, India"
316,29C,Mega mart ,600087,13.041164432989722,80.18211322265324,"16-11, Janaki Nagar, Alwartirunagar, Valasaravakkam, Chennai, Tamil Nadu 600087, India"
338,29c,"Megamart, alwarthirunagar ",600087,13.0511401,80.1840835,"4, Thilakar St, BVR Nagar, AGS Colony, Valasaravakkam, Chennai, Tamil Nadu 600087, India"
222,29c,Megamart Alwarthirunagar ,600087,13.0464757,80.18459229999999,"15-24, Alwartirunagar, Valasaravakkam, Chennai, Tamil Nadu 600087, India"
1432,24c,nagalkeni erikarai,600044,12.957480673164287,80.12330997079466,"10, Temple Town St, Subbaraya Nagar, Chromepet, Chennai, Tamil Nadu 600044, India"
4307,2c,mint(washermentpet metro),600001,13.1062861,80.2801478,"Mint Terminus, METRO STATION-WASHERMENPET, Railway Quaters, Old Washermanpet, Chennai, Tamil Nadu 600001, India"
1316,15B,Thirumullaivoyal ,600062,13.130662488463958,80.13161454045041,"71, Chennai - Tiruvallur High Rd, Venugopal Nagar, Thirumullaivoyal, Chennai, Tamil Nadu 600062, India"
7196,11C,Bhaktavatasalam school,600080,13.1092554,80.1831636,"612, North Ave, Venkatraman Nagar, Tnhb, Korattur, Chennai, Tamil Nadu 600080, India"
5794,12C,Perambur bus terminus ,600011,13.108278232310878,80.2481624978438,"Perambur Dippo, Vasan St, Chinnaiyan Colony, Perambur, Chennai, Tamil Nadu 600039, India"
7615,35a,Aravind eye hospital,600056,13.053117580031206,80.12369224588653,"Saveetha Hospital, Goparasanallur, Chennai, Tamil Nadu 600077, India"
6134,21C,Velachery Check Post,600042,12.9928886,80.2142481,"41/10A, Nehru Nagar, Velachery, Chennai, Tamil Nadu 600042, India"
1360,2,"Tondiarpet Metro, Tondiarpet ",600081,13.1251842,80.289183,"67QF+QMF, 42, Thiruvottiyur High Rd, Sanjeevarayanpet, Tondiarpet, Kodakarai, Chennai, Tamil Nadu 600120, India"
1339,2,Tondiarpet Mani Cycle Shop,600081,13.125018530582096,80.28934593606357,"222, 697, Thiruvottiyur High Rd, near to Sanjeevarayanpet, Sanjeevarayanpet, Tondiarpet, Chennai, Tamil Nadu 600081, India"
7641,1c,Kalmandapam,600021,13.11398290521653,80.29252604547544,"188, MS Koil St, Pudumanaikuppam, Royapuram, Chennai, Tamil Nadu 600013, India"
3478,26C,Siet signal,600018,13.033580884578877,80.2493945291361,"149, Cenotaph 1st St, Cooperative Colony, Sri Ram Nagar, Alwarpet, Chennai, Tamil Nadu 600018, India"
4139,18A,Jbestate,600054,13.111479693301517,80.10872799971365,"4465+HF9, Poonamallee - Avadi High Rd, JB Estate, Avadi, Tamil Nadu 600071, India"
1546,4c,arumbakkam - Indian hospital,600106,13.074931174597507,80.20768688489119,"15/10, Jagannath Nagar, Arumbakkam, Chennai, Tamil Nadu 600106, India"
5282,3C,Shenoy Nagar bus stop,600030,13.07886231868035,80.22849221456325,"9/2, 4th Cross St E, Venkatasamy Nagar, Shenoy Nagar, Chennai, Tamil Nadu 600030, India"
3997,33,MGR Nagar Market,600078,13.0395577,80.2020301,"60, 61, RK Shanmugam Salai, Sector 2, K. K. Nagar, Chennai, Tamil Nadu 600078, India"
244,20B,Bharath university ,600073,12.9082059,80.13971819999999,"Bharath University Bharath Medical And Hospital, Selaiyur, Chennai, Tamil Nadu 600126, India"
8008,19D,Guduvanchery Bus Stand ,603202,12.84449127436756,80.06003671248368,"5, Grand Southern Trunk Rd, Guduvancheri, Tamil Nadu 603202, India"
7949,12B,BPCL petrol bunk,600099,13.127367892967678,80.21729183017024,"15, Girija Nagar, Kolathur, Chennai, Tamil Nadu 600082, India"
7083,11C," BV School,Korattur ",600080,13.1088659,80.1825205,"K G BLOCK, BAKTHAVACHALAM VIDHYASHRAM SCHOOL, 14, Street Number 31, Periyar Nagar, Venkatraman Nagar, Korattur, Chennai, Tamil Nadu 600080, India"
4857,18A,Paruthipattu bridge ,600071,13.082822937873468,80.10890662541604,"34M5+4H9, Viraraghavapuram, Avadi, Tamil Nadu 600077, India"
5581,29,Sudharma Hall,600093,13.054572674687734,80.20125552932885,"3632+QFV, Kaveri Rangan nagar, Saligramam, Chennai, Tamil Nadu 600093, India"
3129,17C,GRT,602001,13.1236581,79.91159379999999,"74, JN Rd, near Oil Mill Bus Stop, Kakkalur, Tamil Nadu 602001, India"
6506,19D,Urapakkam Tea kadai Signal,603210,12.860844707416051,80.0725450127968,"15, Grand Southern Trunk Rd, Abnirami Nagar, Urapakkam, Chengalpattu, Tamil Nadu 603210, India"
1047,35D,Pammal police booth ,600075,12.972300735183143,80.12775746025423,"9/13, Moovendar Colony, Pammal, Chennai, Tamil Nadu 600075, India"
3389,26c,Saidapet metro,600015,13.02857513905196,80.23268206511437,"84, 3rd Main Rd, Srirampet, CIT Nagar West, CIT Nagar, Chennai, Tamil Nadu 600035, India"
7835,35A,Pattu kootroad (mangadu),600122,13.0269792,80.11083529999999,"24G6+Q8W, Mangadu Rd, Then Colony, Mangadu, Chennai, Tamil Nadu 600122, India"
2262,35,Krishna nagar,600075,12.968820100115934,80.13863602628825,"9/5, Ayyappa Nagar, Pammal, Chennai, Tamil Nadu 600075, India"
6943,20E,Saravana store chrompet ,600044,12.958104135300712,80.14400600992586,"6, Grand Southern Trunk Rd, Lakshmi Nagar, Shanthi Nagar, Pallavaram, Chennai, Tamil Nadu 600044, India"
4159,45,Ramji nagar ,600133,12.9503175,80.0482015,"1/348a, 1/356, Avvaiyar St, Ramji Nagar, Naduveerapattu, Tamil Nadu 602109, India"
4081,24,Ezhuramman kovil or JK mahal,600061,12.97104124576594,80.18311255378936,"MMC Colony, South Bakthavatsalam Nagar, Nanganallur, Chennai, Tamil Nadu 600061, India"
5891,2,Mani cycle shop,600021,13.1196676,80.2892024,"35/44, No, Balu St, Sanjeevarayanpet, Washermanpet, Chennai, Tamil Nadu 600021, India"
3126,16c,Pudur Bus stop ,600053,13.130392753601967,80.15892608354028,"23, Ambattur Red Hills Rd, Pudur, Ambattur, Chennai, Tamil Nadu 600053, India"
7519,40c,Kanchipuram bus stand,631501,12.830267036128776,79.7088008277543,"171, Ennaikara St, Ennaikaran, Kanchipuram, Tamil Nadu 631501, India"
7224,16E,Stedford hospital ,600053,13.124317478058966,80.14383986807167,"Stedford Hospital, Lenin Nagar, West Krishnapuram, Thirumullaivoyal, Chennai, Tamil Nadu 600062, India"
3799,35,Pozhichalur church,600074,12.9852117,80.14146749999999,"No. 10, 124, Dr Ambedkar Salai, Agastheeswarar Nagar, Pozhichalur, Chennai, Tamil Nadu 600074, India"
7651,34c,Iyyappanthangal ,600056,13.03821351733266,80.13468394288444,"Iyyappanthangal, VGN Nagar, Iyyappanthangal, Chennai, Tamil Nadu 600056, India"
1246,20B,Indira Nagar Selaiyur,600073,12.90769456809442,80.15215352883604,"13, 1st St, Parvathy Nagar North, Yeswanth Nagar, Madambakkam, Chennai, Tamil Nadu 600073, India"
3550,35,Pammal Church,600075,12.9748734,80.1266344,"No.10, Nallathambi Road, Hindustan Lever colony, Pammal, Ambedkar Nagar, Anakaputhur, Chennai, Tamil Nadu 600075, India"
6905,19F,MARAIMALAI NAGAR ,603209,12.80189502085601,79.9997612037304,"RX2X+PW7, Vadamelpakkam, Tamil Nadu 603204, India"
7676,28C,Porur Bus stop,600116,13.03592938976134,80.15341513261748,"3/9, SH 55, Jaya Nagar, Porur, Chennai, Tamil Nadu 600116, India"
3572,9A,Mogappair water tank,600037,13.0848241,80.1712824,"715CS, Mogappair West, Mogappair, Chennai, Tamil Nadu 600037, India"
325,12B,Welding Shop ,600082,13.12439117654798,80.22760875943474,"64/28, Varadharajan St, Vetri Nagar, Perambur, Chennai, Tamil Nadu 600082, India"
7408,15D,Ayappakkam church,600058,13.097533556494517,80.14671436559135,"Church, Ayanambakkam Rd, Ambattur Tank, Ambattur, Chennai, Tamil Nadu 600053, India"
5572,17B,Near kadambathur bridge,631203,13.0996917,79.84087869999999,"3RXR+V9 Karanai, Tamil Nadu, India"
449,8C,"Pentecostal church, Park Road, Anna Nagar West extn",600101,13.097176693717085,80.19333532311921,"Plot 3, N Main Rd, AP Block, Sector A, Anna Nagar West Extension, Chennai, Tamil Nadu 600101, India"
5051,15A,VGN mahalakshmi nagar arch,600077,13.067963847787482,80.14049768932644,"301, VGN Mahalakshmi Nagar, Vadanoombal, Chelliamma Nagar, Chennai, Tamil Nadu 600077, India"
2193,4C,"Pantaloons, Nelson Manikam road",600094,13.0592251,80.2228557,"7/2, Choolaimedu, Chennai, Tamil Nadu 600094, India"
7219,40B,Near Kachabeswarar Temple,631502,12.8391939,79.70021679999999,"30, SVN Pillai St, Pillaiyarpalayam, Kanchipuram, Tamil Nadu 631501, India"
3929,15,Murugappa polytechnic college ,600109,13.125865020960488,80.11943621305365,"44G9+8QP, NH 716, Poompozhil Nagar, Avadi, Tamil Nadu 600109, India"
5020,19B,Sanatorium,600059,12.933761975333844,80.13128561469898,"19/8, Andal St, East Tambaram, Tambaram, Chennai, Tamil Nadu 600059, India"
534,5C,SAF Games Village,600107,13.067463070228651,80.20855075595856,"No. Y-1/4 SAFGV, 100 Feet Road,, Koyambedu, SAF Games Village, Annai Sathya Nagar, Koyambedu, Chennai, Tamil Nadu 600107, India"
701,15,"Ambattur,cannara bank stop",600053,13.1196793,80.1500391,"84, S Park St, Secretariat Colony, Venkatapuram, Ambattur, Chennai, Tamil Nadu 600053, India"
41,34,"Ramachandra, Porur",600116,13.038920255803191,80.13940918202428,"Staff Quarters Block-2, SRI RAMACHANDRA INSTITUTE OF HIGHER EDUCATION AND RESEARCH, Sri Ramachandra Nagar, Porur, Chennai, Tamil Nadu 600116, India"
1101,20E,Chrompet ,600044,12.9517702,80.1332232,"1/23, Umayalpuram, New Colony, Chromepet, Chennai, Tamil Nadu 600044, India"
4533,23c,Keelkatalai ,600117,12.9564231,80.19032659999999,"P8/10, Krishna Nagar, Krishna Colony, Keelkattalai, Chennai, Tamil Nadu 600117, India"
6584,4,Pudupet,600002,13.072346636536867,80.26361565006792,"106, Adithanar Rd, Pudupet, Egmore, Chennai, Tamil Nadu 600002, India"
784,12,KKD Nagar,600118,13.130221633843856,80.26681632859653,"TVK Link Rd, Susila Nagar, Kaviarasu Kannadhasan Nagar, Old Washermanpet, Chennai, Tamil Nadu 600118, India"
4966,15B,Thirumullaivoyal ,600062,13.130638364571922,80.13186514163858,"69, Chennai - Tiruvallur High Rd, Pachaiamman Nagar, Thirumullaivoyal, Chennai, Tamil Nadu 600062, India"
4623,23C,Keelkattalai,600117,12.9563817,80.1901786,"27, Krishna Nagar, Krishna Colony, Keelkattalai, Chennai, Tamil Nadu 600117, India"
7424,15B,Thirumullaivoyal ,600062,13.130688036674718,80.13173500557897,"69, Chennai - Tiruvallur High Rd, Venugopal Nagar, Cholambedu, Chennai, Tamil Nadu 600062, India"
6076,1c,Dasaprakash,600084,13.078758160892749,80.25304617876905,"37H3+F62, Gangu Reddy Rd, Egmore, Chennai, Tamil Nadu 600084, India"
3742,20A,Rajakilpakkam,600073,12.917238265489493,80.1562975038208,"W584+VGP, Abdul Kalam St, Sembakkam, Rajakilpakkam, Chennai, Tamil Nadu 600073, India"
3568,32,CIT Nagar,600017,13.0300327,80.2306347,"2, CIT Nagar West, Nandanam, Chennai, Tamil Nadu 600035, India"
6627,19A,Perungalathur ,600048,12.89993097965815,80.07423105891235,"V3XF+XM Perungalathur, Tamil Nadu, India"
1983,13B,T.V.K nagar,600011,13.1198567,80.2325773,"15th Street, 511, SRP Koil St N, Tiru Vi Ka Nagar, Perambur, Chennai, Tamil Nadu 600082, India"
2960,7C,Collector nagar bus stop ,600101,13.087863591633116,80.18951329634594,"1/15, near Chennai Public School, Radial Nagar, TVS Colony, Anna Nagar West Extension, Chennai, Tamil Nadu 600101, India"
4590,38c,"No.6 Govindammal st, Vedhachalam nagar extn,sevilimedu, kancipuram",631502,12.8168067,79.69348130000002,"RM8V+M9X, Govindammal St, Gem Nagar, Kanchipuram, Tamil Nadu 631502, India"
1734,17A,Thiruvallur ,602002,13.0795704,79.9080757,"3WH5+MFR, Manavalanagar, Tamil Nadu 602002, India"
7419,34,kattupakkam bus stand,600056,13.03872832338511,80.1291787956381,"1/10, Agraharam Mettu St, Srinivasa Nagar, Kattupakkam, Chennai, Tamil Nadu 600056, India"
3907,37C,Ambedkar statue Poonamallee ,600056,13.0495193,80.08848669999999,"23XQ+R95, Ettima Nagar, Poonamallee, Chennai, Tamil Nadu 600123, India"
7627,18,Ponnu super Bazaar ,600071,13.116181164193144,80.10312527530924,"262, New Military Rd, Vivekananda Nagar, TNHB Mig V Block, Avadi, Tamil Nadu 600054, India"
3886,29,Avichi,600093,13.0483096,80.1995361,"48/1, Muthukumarappa St, Velayutham Colony, Saligramam, Chennai, Tamil Nadu 600093, India"
257,3,Pathala Ponniammam Koil,600010,13.081391357351889,80.24430402733601,"1, Manickeswari Rd, Kilpauk, Chennai, Tamil Nadu 600010, India"
7820,11c,Bhaktavatsalem Vidhyashram Bus Stand ,600080,13.108134451267606,80.18243466931153,"73/H42, Periyar Nagar, Korattur, Chennai, Tamil Nadu 600080, India"
7286,42A,Mappedu bus stop,631402,13.03342528013604,79.8533711215522,"Mappedu Junction, Kilacheri, Tamil Nadu 631402, India"
7640,2,Tondiarpet ,600081,13.1351676,80.2882277,"PRINCE VILLAGE PHASE-1, Sai Nagar, New Washermenpet, Tondiarpet, Chennai, Tamil Nadu 600081, India"
7838,18,Avadi,600054,13.1151382,80.10880259999999,"50, Chinnamman Koil St, Township Area, Avadi, Tamil Nadu 600054, India"
6288,15D,Church,600058,13.097400393802005,80.1463415458599,"எண்.99, டி.ஜி. அண்ணா நகர், அயப்பாக்கம் ரோடு, அம்பத்தூர், சென்னை - 600053, Ayappakkam, Chennai, Tamil Nadu 600053, India"
7410,17B,Thiruvallur Vasantha Bhavan,602001,13.139336715500042,79.90753612679767,"55, 155, Tamil Nadu 602001, India"
7392,23c,Independence day park,600091,12.981484435333927,80.18569656585932,"X5JP+H7M, 45th St, Nanganallur, Chennai, Tamil Nadu 600061, India"
637,14,Madhavaram Rountana,600060,13.157999300384354,80.22582173952357,"490/1, Manthaveli, Kilburn Nagar, Madhavaram, Kadirvedu, Chennai, Tamil Nadu 600060, India"
3355,16C,Pudur,600053,13.130634173161177,80.1591691078843,"53, Ambattur Red Hills Rd, Pudur, Ambattur, Chennai, Tamil Nadu 600053, India"
833,5C,Thiru Nagar,600094,13.0557209,80.2111536,"79, Jawaharlal Nehru Salai, Thiru Nagar Colony, NGO Colony, Vadapalani, Chennai, Tamil Nadu 600026, India"
4539,24C,Pallavaram bus stand ,600043,12.966600072177116,80.14880540642427,"X48X+HGX, Chennai - Nagapattinam Hwy, Subramaniya, Pallavaram, Chennai, Tamil Nadu 600043, India"
7940,42,Paari gardan,600056,13.039841,80.092154,"Paari Gardan, Shrishti Sai Nagar Layout, Poonamallee, Chennai, Tamil Nadu 600123, India"
6237,37B,Karayanchavadi,600056,13.041340825208689,80.10594277946842,"No.31&32, 1st Cross St, near Sevanthinagar, Kirupananda Variar Nagar, Vignesh Nagar, Chennai, Tamil Nadu 600122, India"
1962,11,Retteri RTO Office,600110,13.138577101705929,80.21517642843948,"46Q8+F24, Chennai, Tamil Nadu 600099, India"
5628,38,Cheyyar ,604407,12.670319191149671,79.53569412231445,"1/3J, Pallavan St, Ellappa Nagar, Cheyyar, Tamil Nadu 604407, India"
933,6,"Anna Nagar tower metro, blue star ",600040,13.084866402250164,80.20989270542967,"Shop, No-5, Plot No, C-20, 2nd Ave, AD Block, Anna Nagar, Chennai, Tamil Nadu 600040, India"
6755,18B,Sekkadu,600071,13.1031993,80.094696,"433V+7VG, Sekkadu, Kamaraj Nagar, Avadi, Tamil Nadu 600071, India"
7439,1,Tiruvottiyur ,600019,13.163840634975188,80.30354304724192,"780, Thiruvottiyur High Rd, Anjugam Nagar, Tiruvottiyur, Chennai, Tamil Nadu 600019, India"
7753,19A,Perungalathur Bus Stop,600063,12.90446509486631,80.09470279186571,"Perungalathur railway station, Kamaraj Nagar, New Perungalathur, Tamil Nadu 600063, India"
855,5,K3 Police station,600102,13.07998951330469,80.21717449355127,"174, NSK Nagar Main Rd, NSK Nagar, Arumbakkam, Chennai, Tamil Nadu 600106, India"
7347,19A,Old Tambaram kulam,600045,12.924423607301872,80.10774246314678,"3/A4, West St, Kurunji Nagar, Kalyana Nagar, Tambaram, Chennai, Tamil Nadu 600045, India"
3494,5,mmda bus depot,600106,13.062658160460792,80.21445040204114,"15, 1st Main Rd, SIDCO Industrial Estate, Vinayakapuram, Arumbakkam, Chennai, Tamil Nadu 600106, India"
7166,10,Binny mill church,600012,13.098633,80.2596083,"37X5+FRG, New Farrance Rd, Pattalam, Jamalia, Chennai, Tamil Nadu 600012, India"
6604,3c,Murugan Hospital,600010,13.0838415,80.2363134,"464, Kilpauk Garden Road, Aspiran Garden Colony, Kilpauk, Chennai, Tamil Nadu 600010, India"
7344,20D,Camp road,600073,12.92233361910269,80.14206192275068,"223, Velachery Rd, Barathi Nagar, IOB Colony, Selaiyur, Chennai, Tamil Nadu 600073, India"
5271,19,Government hospital Chengalpattu ,603002,12.677847292635914,79.98004951832367,"MXHJ+22Q, Kamarajar Nagar, Chengalpattu, Ammanambakkam, Tamil Nadu 603001, India"
935,39,Keeramandabam ,631501,12.824691181284026,79.70439859963983,"RPF3+WQ2, Vilakadi Koil St, Ennaikaran, Kanchipuram, Tamil Nadu 631501, India"
1803,37B,Karayanchavadi bus stop,600056,13.049583970106347,80.10437450106068,"600056, Muthukumaran Nagar, Poonamallee, Chennai, Tamil Nadu 600056, India"
7974,15,Murugappa Polytechnic ,600109,13.12599761190546,80.12002071459989,"44GC+93M, Ravindran Nagar, Cholambedu, Chennai, Tamil Nadu 600109, India"
573,20,Pallikaranai ,600100,12.9425224,80.21473019999999,"354, 3rd Main Rd, Kamakoti Nagar, Pallikaranai, Chennai, Tamil Nadu 600100, India"
5592,19A,west tambaram,600045,12.927757595300854,80.10901516493297,"5/11, West, Chandra Puram, Kailasapuram, Tambaram, Chennai, Tamil Nadu 600045, India"
679,9b,Water tank road,600037,13.0830396,80.1760396,"81, Venugopal St, VGP Nagar, Mogappair West, Mogappair, Chennai, Tamil Nadu 600037, India"
2775,42,New bus stand,631001,13.088046459073588,79.65700028782342,"3MQ4+5RX, Ratanchand Nagar, Arakkonam, Tamil Nadu 631001, India"
7275,17B,Caterpillar ,602002,13.092120280410002,79.90777416581088,"Melnallathur, 3WR5+V2J Anjeneyar Temple, SH 57, Melnallathur, Tamil Nadu 602002, India"
5576,27c,Santhome,600004,13.03104847337246,80.27741638999593,"Employment Office, Kamarajar Salai, Pattinapakkam, Kuil Thoppu, Mylapore, Chennai, Tamil Nadu 600004, India"
7555,1,Lift Gate,600057,13.18492220258747,80.3122546330904,"58M6+WRQ, Bharath Nagar, Neidhal Nagar, Tiruvottiyur, Chennai, Tamil Nadu 600057, India"
5755,34c,"Relaince digital store,Iyyapanthangal, chennai",600077,13.0378524,80.1350401,"Iyyappanthangal, Iyyappanthangal, Chennai, Tamil Nadu 600056, India"
3010,41,Walaja gh,632513,12.9223381,79.3671213,"33, Rajaji Kulakarai St, Walajapet, Tamil Nadu 632513, India"
2598,15E,Vinayagapuram,600099,13.1377809,80.2022954,"5-B, Soba Teachers Nagar, Ramalinga Nagar, Kolathur, Chennai, Tamil Nadu 600099, India"
4522,15B,Thirumullaivoyal ,600062,13.125253507825011,80.1273982356237,"2/24, Vaishnavi Nagar, Cholambedu, Chennai, Tamil Nadu 600062, India"
468,35,Krishna nagar,600075,12.973182963462635,80.1374265867491,"Kaniammal Illam, 3A, Brindavan Colony, Pammal, Chennai, Tamil Nadu 600075, India"
1144,6,hot chips,600040,13.0850234,80.2031057,"C-44, 12th main road, Second Avenue, Anna Nagar, Anna Nagar West, Anna Nagar, Chennai, Tamil Nadu 600040, India"
1851,6,Hotchips thirumangalam,600040,13.0850234,80.2031057,"C-44, 12th main road, Second Avenue, Anna Nagar, Anna Nagar West, Anna Nagar, Chennai, Tamil Nadu 600040, India"
1257,1C,Beach station ,600001,13.09526264489492,80.29272440620764,"37WV+442, Chennai Port Trust, Chennai, Tamil Nadu 600001, India"
7556,19D,Guduvanchery Bus stand,603202,12.8447677,80.0616833,"Guduvancheri, Nandivaram, Kamarajapuram, Guduvancheri, Tamil Nadu 603202, India"
3882,8c,Waves,600101,13.088500063481806,80.19387876149148,"35, Thirumagal Colony, Chennai, Tamil Nadu 600101, India"
7667,42C,SR Gate ,631002,13.0084344,80.0040569,"2253+9FQ, Mevalurkuppam, Tamil Nadu 602117, India"
5404,21C,Shanthi apartments,600088,12.99586328698974,80.20831258408077,"2-19, Secretariate Colony 2nd Main Rd, Ramapuram, N.G.O. Colony, Secretariat Colony, Adambakkam, Chennai, Tamil Nadu 600016, India"
2245,12c,Perambur bus stand ,600011,13.1122713,80.2378842,"Old No 74/1, New No 95, Perambur High Road, Perambur, Near Perambur Bus Terminus, Neelam Garden, Perambur, Chennai, Tamil Nadu 600011, India"
2472,5B,Vanagram fish market opposite (prestige apartments),600095,13.0612272,80.1489311,"346X+CF9, Rajiv Nagar, Vanagaram, Chennai, Tamil Nadu 600095, India"
7208,31,Postal colony ,600033,13.0375203,80.2210895,"45/23, AGS Colony, Ramakrishnapuram, West Mambalam, Chennai, Tamil Nadu 600033, India"
3105,16C,Pudur ,600053,13.11529731471698,80.15771864048662,"12/22, Kalyanapuram, Ambattur, Chennai, Tamil Nadu 600053, India"
7203,18,Avadi,600071,13.1042611,80.1037721,"76, 3rd Main Rd, Ram Nagar, Srinivasa Nagar, Alapakkam, Valasaravakkam, Chennai, Avadi, Tamil Nadu 600071, India"
3964,30,thangal street,600092,13.049556110591286,80.19203732720455,"22-B, 22-B, Thangal St, Elango Nagar, Virugambakkam, Chennai, Tamil Nadu 600092, India"
6559,21C,Gandhi Road,600042,12.988553417044798,80.22246290795445,"X6QF+C2P, TN Police Housing Colony, Velachery, Chennai, Tamil Nadu 600042, India"
5250,18,Ramarathna,600071,13.1159932,80.1025032,"4482+FW4, New Military Rd, Thirumalai Rajapuram, TNHB Mig V Block, Avadi, Tamil Nadu 600054, India"
2961,35,"Metha Nagar , Kundrathur ",600069,12.9958332,80.1102457,"X4W6+757, Tiruneermalai, Kannadapalayam, Chennai, Tamil Nadu 600069, India"
6334,16B,Omayal achi college,600066,13.15611553647548,80.19435846951859,"Lakeside - 2, A1-4G, Surapet, Kadirvedu, Chennai, Tamil Nadu 600066, India"
6974,20,Latha Supermarket Pallikaranai,600100,12.942789840488372,80.20750010613486,"Jones Towers, Velachery - Tambaram Main Rd, opposite Balaji Dental College and Hospital, near by Latha Super Market, Kamakoti Nagar, Pallikaranai, Chennai, Tamil Nadu 600100, India"
7147,36c,Porur Signal,600116,13.0346163465533,80.15578397105868,"5, Trunk Rd, Lakshmi Nagar, Porur, Chennai, Tamil Nadu 600116, India"
5925,2,Mani cycle shop,600081,13.127639603086685,80.28757823899146,"2t/11t, Vaidhiyanathan St, Tondiarpet, Chennai, Tamil Nadu 600081, India"
6528,15E,Kadhirvedu Bridge,600066,13.1495144,80.2031535,"71, Mahalakshmi Nagar, Intul Nagar, Kadirvedu, Chennai, Tamil Nadu 600066, India"
7442,1C,High Court,600001,13.0994269,80.287314,"67, Malaiappan St, Mannadi, George Town, Chennai, Tamil Nadu 600001, India"
4710,30,Natesan Nagar,600092,13.057544981792596,80.19443478287761,"5, Kaliamman Koil St, Chinmaya Nagar Stage 2, Natesan Nagar, Virugambakkam, Chennai, Tamil Nadu 600096, India"
5382,27C,valluvar silai,600004,13.0381868,80.2746505,"104/64, Karneeswarapuram, Mylapore, Chennai, Tamil Nadu 600004, India"
3830,13c,Grace supermarket ,600099,13.118940697197424,80.2010087458301,"28, SRB Nagar, Kolathur, Chennai, Tamil Nadu 600049, India"
6810,10C,Nathamuni Theatre,600049,13.10074625728154,80.20157374819642,"14/5, Thirumanglam Road, Block Q, Agathiyar Nagar, Villivakkam, Chennai, Tamil Nadu 600049, India"
7664,28,Valluvar Kottam,600034,13.05562862362678,80.24236716928527,"1, New Tank Street, Valluvar Kottam High Rd, Ponnangipuram, Tirumurthy Nagar, Nungambakkam, Chennai, Tamil Nadu 600034, India"
3040,37,DLF,600089,13.024384260234257,80.17752904796075,"DLF IT SEZ Park Main Entrance, Ramapuram, Chennai, Tamil Nadu 600125, India"
5573,12b,Welding shop,600082,13.123310097223255,80.22286761028434,"20, Red Hills Rd, Sri Ganapathi Rao Nagar, Kolathur, Chennai, Tamil Nadu 600082, India"
2947,26C,Saidapet metro,600015,13.023375810472052,80.22987572933515,"Block D, 4, Todd Hunter Nagar, Saidapet, Chennai, Tamil Nadu 600015, India"
2932,2c,Ellaiamman koil,600028,13.0223022,80.25913709999999,"123, Krishnapuri, velacheri, Chennai, Tamil Nadu 600028, India"
7880,29,Kamatchi,600093,13.053658934452248,80.19974272346171,"34, Durai Arasan St, Kaveri Rangan nagar, Saligramam, Chennai, Tamil Nadu 600092, India"
2909,19D,Urappakkam School Stop,603211,12.866039211268268,80.06614871438455,"12, Muthamil Salai Rd, Selvaraj Nagar, Urapakkam, Chengalpattu, Tamil Nadu 603211, India"
1580,20,"Jaya chandran, Pallikaranai ",600100,12.9171412,80.1940972,"45, 3rd Street, Perumbakkam, Chennai, Tamil Nadu 600100, India"
5381,5,Mmda,600106,13.071261938730943,80.21567404968783,"46, Razzak Garden Main Rd, Rani Anna Nagar, Arumbakkam, Chennai, Tamil Nadu 600106, India"
7792,3c,Kellys Signal,600010,13.085585447858673,80.24535066504708,"127, Purasaivakkam High Rd, Kilpauk, Chennai, Tamil Nadu 600010, India"
4717,42,"Indhra gandhi statue, Arakkonam ",631004,13.09250357912967,79.65972110514491,"Tnhb Main Road, Near Indira Gandhi Statue Arakkonam., 3MV5+3V5, Arakkonam, Tamil Nadu 631001, India"
6046,18D,Ajeya stadium ,600054,13.119631391806784,80.10181385284525,"94, Chennai - Tiruvallur High Rd, Jak City, Kasturba Nagar, Avadi, Tamil Nadu 600054, India"
2515,28,Power House,600024,13.0558386,80.2183754,"7, Easwar Nagar 1st St, Muthu Thottam, Kodambakkam, Chennai, Tamil Nadu 600024, India"
8059,28c,Powerhouse,600024,13.046792525383603,80.21894564731171,"1/14, Samiyar Madam, Kodambakkam, Chennai, Tamil Nadu 600033, India"
1604,42,"Old bus stand , Arakkonam ",631001,13.0870681,79.6670506,"37a, Tahsildar St, Stuartpet, Arakkonam, Tamil Nadu 631001, India"
3578,41A,"Anna salai, Arcot",632503,12.9079964,79.3249341,"W85F+5XV, Arcot, Tamil Nadu 632503, India"
8047,37A,Porur,600116,13.0442295,80.14616149999999,"Porur Square, Chettiyar Agaram Rd, Gandhi Nagar, Porur, Chennai, Tamil Nadu 600095, India"
4783,42,"Indira Gandhi statue, Arakkonam ",631001,13.096285,79.666349,"3MW8+9JW, Ganesh Nagar, Arakkonam, Tamil Nadu 631001, India"
2956,40c,Kanchipuram,631502,12.853381030319667,79.70661396481246,"VP34+9P4, Kannakulam, Konerikuppam, Kanchipuram, Tamil Nadu 631502, India"
4040,37,"Saravana stores, porur",600116,13.0324123,80.1640371,"106, Mount Poonamallee Rd, Porur, Chennai, Tamil Nadu 600116, India"
217,2,Lakshmi koil,600081,13.13801067015168,80.29426697548664,"Shop No:739, Sri Durga Complex, Thiruvottiyur High Rd, New Washermenpet, Tondiarpet, Chennai, Tamil Nadu 600081, India"
5195,5B,Maduravoyal Erikarai,600095,13.06106922333512,80.16327599282933,"16, Kamaraj Nagar, Maduravoyal, Chennai, Tamil Nadu 600095, India"
5667,35,Kundrathur ,600069,12.997422577651708,80.09576079763822,"09, Thulukka St, opposite City Union Bank, Jaganathapuram, Kundrathur, Chennai, Sikkarayapuram, Tamil Nadu 600069, India"
4722,40c,Ramas cafe,631502,12.976128,80.2193408,"6, SaiPutra Rd, Vijaya Nagar, Velachery, Chennai, Tamil Nadu 600042, India"
7867,35,Kundrathur ,600069,12.997501871833178,80.09624920426025,"Kundrathur, Murugan Kovil Rd, Kundrathur, Sikkarayapuram, Tamil Nadu 600069, India"
5975,35A,Aravind Eye Hospital,600056,13.050954884545064,80.1276690483125,"4/267, Goparasanallur, Chennai, Tamil Nadu 600056, India"
8100,15c,Thandurai ,600072,13.113805847437124,80.06291492804337,"4377+G53, Thandurai, Avadi, Tamil Nadu 600072, India"
