user,bus_no,boarding_point_name,pincode,latitude,longitude,address
8813,,,600019,13.152434662495407,80.29962049142871,"7B, Kaladipet, Tiruvottiyur, Chennai, Tamil Nadu 600019, India"
11245,,,600023,13.09764482559838,80.24028585408905,"53/17 & 55/18,15/1/18/1, ICF South Colony, Venkatesapuram Colony, Ayanavaram, Chennai, Tamil Nadu 600023, India"
10273,,,600118,13.1261096,80.2491749,"8/4, Ethiraj Samy Salai Rd, Erukkanchery, Rajiv Gandhi Nagar, Kodungaiyur, Chennai, Tamil Nadu 600118, India"
8795,,,600016,13.00904228418893,80.2040302208388,"10, Chennai - Theni Hwy, Ramapuram, Guindy Industrial Estate, SIDCO Industrial Estate, Guindy, Chennai, Tamil Nadu 600032, India"
9226,,,600005,13.0587341,80.2740342,"1, Triplicane High Rd, Triplicane, Chennai, Tamil Nadu 600005, India"
10855,,,600091,12.961175411351856,80.18762171598175,"1/1, Iyappa Nagar, Keelkattalai, Chennai, Tamil Nadu 600091, India"
8339,,,602001,13.1226901,79.91176899999999,"4WF6+3PC, Tiruvallur, Kakkalur, Tamil Nadu 602001, India"
10963,,,600071,13.089011,80.1098805,"34Q5+JX Avadi, Tamil Nadu, India"
8472,,,600071,13.1080632,80.0977002,"No 22, 55, 9th St, Kumaran Nagar East, Kamaraj Nagar, Avadi, Tamil Nadu 600071, India"
9012,,,602106,12.9259146,79.88007669999999,"WVGJ+929, Sunguvarchatram, Tamil Nadu 602106, India"
8623,,,600019,13.152359887834193,80.30162876138476,"19a, Market Ln, ABC Avenue, Sbi Colony, Tondiarpet, Chennai, Tamil Nadu 600019, India"
9797,,,600042,12.982583643859586,80.22203081255032,"No. 1, Dandeeshwaram Main Rd, Ram Nagar, Karnam Street, Dhadeswaram Nagar, Velachery, Chennai, Tamil Nadu 600042, India"
10344,,,600095,13.067102714008602,80.17579397100336,"211, Poonamallee High Rd, Vishwas Nagar, Maduravoyal, Chennai, Tamil Nadu 95, India"
11424,,,600063,9.974016142545036,78.1385021163,"6, Thirumalai Nagar 2nd St, Velnagar, Tiruppalai, Madurai, Tamil Nadu 625014, India"
11426,,,600053,13.1173713,80.15703309999999,"127, Kalli Kuppam Rd, Venkatapuram, Prithvi Pakkam, Ambattur, Chennai, Tamil Nadu 600053, India"
11425,,,631502,12.8472749,79.69962369999999,"RMWX+WR Achukattu, Tamil Nadu, India"
10247,,,600037,13.0785923,80.1805661,"A-10, Mogappair Industrial Estate, Paneer Nagar, Mogappair East, Chennai, Tamil Nadu 600037, India"
10479,,,600072,13.113438452934515,80.06266417750132,"4377+94F, Palla St, Thandurai, Pattabiram, Avadi, Tamil Nadu 600072, India"
8651,,,600052,13.168103046474252,80.1469916369754,"549X+924, Pammathukulam, Tamil Nadu 600052, India"
10750,,,600016,12.99548270218419,80.18859626580772,"355 A, Grand Southern Trunk Rd, Kannan Colony, Alandur, Chennai, Tamil Nadu 600016, India"
8423,,,602001,13.1465216,79.9080448,"4WW5+P6H, MGM Nagar, Ikkadu, Tamil Nadu 602001, India"
10077,,,600117,12.9560647,80.18629539999999,"Kilkattalai, Arulmurugan Nagar Extention, Thiruvalluvar Nagar, Keelkattalai, Chennai, Tamil Nadu 600117, India"
10384,,,600116,13.0377692,80.1593461,"3, Arcot Rd, Karambakkam, Rajeswari Nagar, Porur, Chennai, Tamil Nadu 600116, India"
9186,,,632513,12.920368555679458,79.37991107067226,"W9CH+5QP, Thangal, Walajapet, Tamil Nadu 632513, India"
9185,,,600116,13.0398782,80.1661956,"Maan Sarovar Raaja, Ganesh Nagar Main Rd, Ganesh Nagar, Porur, Chennai, Tamil Nadu 600116, India"
9006,,,600066,13.1426846,80.1945393,"100, Surapet Main Rd, J P Nagar, Surappattu, Chennai, Tamil Nadu 600099, India"
9156,,,600006,13.0628586,80.2532374,"H-block, Police Quarters, Greams Rd, Thousand Lights West, Thousand Lights, Chennai, Tamil Nadu 600006, India"
8585,,,600097,12.948529673026648,80.23544183993977,"1/569, MCN Nagar Ext, Vinayaganagar, MCN Nagar Extension, Thoraipakkam, Chennai, Tamil Nadu 600097, India"
11303,,,600052,13.1911498,80.1589065,"55R5+FH3, Varathammal Nagar, Eswaran Nagar, Red Hills, Chennai, Pammathukulam, Tamil Nadu 600052, India"
9035,,,600062,13.16504940282782,80.11590173862308,"5488+4C8, Swarnambigai Nagar, New Vellanur, Tamil Nadu 600062, India"
9277,,,600021,13.1197812,80.2883043,"27/13, Balu St, Sanjeevarayanpet, Washermanpet, Chennai, Tamil Nadu 600021, India"
10529,,,600053,13.1289011,80.1608029,"15, Karunanidhi St, Pudur, Ambattur, Chennai, Tamil Nadu 600053, India"
9608,,,631501,12.8305078,79.68980859999999,"20/26, Lingappan Palayam St, Pillaiyarpalayam, Kanchipuram, Tamil Nadu 631502, India"
10891,,,600106,13.073961560324936,80.20966247727421,"5/3, Jagannatha Nagar, Arumbakkam, Chennai, Tamil Nadu 600106, India"
9513,,,600114,12.98885098384126,80.1847130177751,"15/8, 15/8, Ellai Muthamman Koil St, Pazhavanthangal, Chennai, Tamil Nadu 600061, India"
10856,,,600050,13.091726199548122,80.17884529255983,"8-16, Sathya Nagar, Padi, Chennai, Tamil Nadu 600050, India"
9727,,,632513,12.924159774345531,79.368808746784,"64, Vetrilaikara St, Rajiv Gandhi Nagar, Aishwariya Nagar, Walajapet, Tamil Nadu 632513, India"
11393,,,600054,13.1194358,80.0949565,"Avadi Check Post, NH716, Kasturba Nagar, Avadi, Tamil Nadu 600054, India"
11108,,,600122,13.007998891059062,80.1387844917073,"Vgn Krona Phase 2, 73, Bharathi Nagar, Tharapakkam, Chennai, Tamil Nadu 600128, India"
11416,,,600090,12.9998173,80.2708106,"L16, Besant Nagar, Chennai, Tamil Nadu 600090, India"
11400,,,600042,12.980373,80.229309,"X6JH+4PQ, 1st Main Rd, Baby Nagar, Velachery, Chennai, Tamil Nadu 600042, India"
8206,,,600057,13.197816396879954,80.31530456892797,"7th Street annai Sivagami Nagar, no 83, Sivakami Nagar, Ennore, Chennai, Tamil Nadu 600057, India"
10928,,,600118,13.1336087,80.2565256,"47M4+CJR, Kodungaiyur (East), Kaviarasu Kannadhasan Nagar, Kodungaiyur, Chennai, Tamil Nadu 600118, India"
8670,,,602001,13.132506557832995,79.90283586184246,"4/5, SP Nagar, Periyakuppam, Tamil Nadu 602001, India"
9477,,,600054,13.1356701,80.1011541,"44P2+7F Avadi, Tamil Nadu, India"
9533,,,600062,13.13962248661632,80.10401711031336,"Bus Stop, 184, Kovilpadagai Main Rd, near Kovilpadgai, Poompozhil Nagar Phase II, Poompozhil Nagar, Avadi, Chennai, Tamil Nadu 600062, India"
10314,,,600116,13.0380627,80.1596041,"IDBI Bank Ltd, 9, Arcot Rd, Lakshmi Nagar, Porur, AMBATTUR, Chennai, Tamil Nadu 600116, India"
8922,,,600045,12.9301224,80.1130338,"101, Gandhi Rd, West Tambaram, Tambaram, Chennai, Tamil Nadu 600045, India"
11315,,,600056,13.03773419564724,80.09865431503579,"23PX+RM6, Lakshmipuram, Ramachandran Nagar, Poonamallee, Chennai, Tamil Nadu 600122, India"
9256,,,600037,13.082229587736633,80.1687452921108,"NO.2, PC-1A, Bus Stand Rd, opposite to VISHNU EYE CLINIC, Mogappair West, Ambattur Industrial Estate, Chennai, Tamil Nadu 600037, India"
10201,,,600089,13.1141389,80.2243742,"29, Karthikeyan Rd, Periyar Nagar West, Perambur, Chennai, Tamil Nadu 600082, India"
9182,,,600077,13.098305903962292,80.13537900234267,"34XP+75V, School St, TNHB Colony, Annanur, Ambattur, Chennai, Tamil Nadu 600058, India"
11422,,,600056,13.0380617,80.1353549,"24QP+648, VGN Nagar, Iyyappanthangal, Chennai, Tamil Nadu 600056, India"
11421,,,600053,13.137583909534388,80.16275986485749,"2/1, North Banu Nagar, Pudur, Ambattur, Chennai, Tamil Nadu 600053, India"
11415,,,600018,13.033630115567496,80.25869519694281,"22/1A, Beemanna mudali, Nehru Nagar 1st St, Anandapuram Puram, Alwarpet, Chennai, Tamil Nadu 600018, India"
11401,,,602001,13.1414202,79.9033125,"4WR3+F9G, Anna Indira Nagar, Egattur, Tamil Nadu 631203, India"
11399,,,631502,12.8374008632431,79.70392702827759,"116, Kamarajar St, Bavaji Nagar, Nellukara st, Kanchipuram, Tamil Nadu 631502, India"
9069,,,600118,13.1339095,80.2517446,"6/10, Muthamizh Nagar, Kodungaiyur, Chennai, Tamil Nadu 600118, India"
11418,,,602105,12.972194111046482,79.95406335955705,"XXC3+RJQ, Nenmeli, Sriperumbudur, Tamil Nadu 602105, India"
11356,,,603211,12.8702198,80.0725238,"3, Railway Gate Rd, Kilambakkam, Urapakkam, Chennai, Tamil Nadu 603211, India"
11414,,,600106,13.071224604275574,80.20838261534152,"1, Jai Nagar, Arumbakkam, Chennai, Tamil Nadu 600106, India"
11417,,,603001,12.6775127,79.9822126,"RESEARCH BLOCK, CHENGALPATTU MEDICAL COLLEGE AND HOSPITAL, Kamarajar Nagar, Chengalpattu, Ammanambakkam, Tamil Nadu 603001, India"
8647,,,602002,13.0831966886784,79.9090377178753,"T.C.L., Melnallathur, Tamil Nadu 602002, India"
11218,,,600124,13.0890949,80.0108208,"4, Chennai Tiruvallur High Rd, Puduchatram, Tamil Nadu 600124, India"
11389,,,600126,12.919609,80.1710552,"1/182, Velachery Rd, Santhosapuram, Sembakkam, Chennai, Tamil Nadu 600117, India"
10389,,,600088,12.9780556,80.2101152,"X6H6+627, 4th Main Rd, AGS Colony, Velachery, Chennai, Tamil Nadu 600042, India"
10011,,,600019,13.1637859,80.29839179999999,"724, Tiruvottiyur, Chennai, Tamil Nadu 600019, India"
8309,,,600128,13.00529931910443,80.10941516506276,"60, Kundrathur Main Rd, Moondram Kattalai, Chennai, Thandalam, Tamil Nadu 600128, India"
11402,,,600099,13.145407,80.18380760000001,"45WM+5G7, Annai Indira Nagar, Surapet, Chennai, Mottur, Tamil Nadu 600066, India"
11059,,,606604,12.24902111315884,79.08076148867596,"2/1 Karunya street, Avalurpet Rd, Krishna Nagar, Mathalangulam, Tiruvannamalai, Tamil Nadu 606604, இந்தியா"
10118,,,600062,13.113810231843456,80.13122363254665,"Ayapakkam Tnhb, Jyothi Nagar, Annanur, Ambattur, Chennai, Tamil Nadu 600062, India"
11148,,,600099,13.13841341705001,80.19608304553908,"108, Purushothaman Nagar, Kolathur, Chennai, Tamil Nadu 600099, India"
11410,,,600125,13.0233774,80.1569389,"62, kannammal St, Santhosh Nagar, Guruswamy Nagar, Madhanandapuram, Chennai, Tamil Nadu 600125, India"
9915,,,600037,13.079235672546712,80.17831988424753,"2e, Gandhi St, Paneer Nagar, Mogappair, Chennai, Tamil Nadu 600037, India"
8397,,,600049,13.103338314928504,80.19929365301093,"New, 23, Madras Thiruvallur High Rd, Sidco Industrial Estate, Villivakkam, Chennai, Tamil Nadu 600049, India"
11412,,,600012,13.0942005,80.2541214,"55/24, Venkatadri St, Kosapet, Purasaiwakkam, Chennai, Tamil Nadu 600012, India"
9357,,,631209,13.184297924190872,79.61094297462579,"Old Chennai Road, Senthamil Nagar, Thiruttani, Tamil Nadu 631209, India"
11411,,,600053,13.131282852529072,80.17192653857143,"16, 2nd Main Rd, Gangai Nagar, Ambattur, Chennai, Tamil Nadu 600053, India"
11398,,,631002,13.074952849123818,79.67103818154624,"80, Gandhi Rd, griblespet, Arakkonam, Ammanur R.F., Tamil Nadu 631002, India"
8365,,,600039,13.1231079,80.2614037,"47F6+6HR, MKB Nagar, Mahakavi Bharathiyar Nagar Central, Mahakavi Bharathi Nagar, Vyasarpadi, Chennai, Tamil Nadu 600039, India"
9823,,,600053,13.13054494390452,80.15884837609968,"45J5+5HJ, Pudur, Ambattur, Chennai, Tamil Nadu 600053, India"
9953,,,600053,13.1322915,80.16946089999999,"234, Ambattur Red Hills Rd, Kallikuppam, Ambattur, Chennai, Tamil Nadu 600053, India"
8418,,,600019,13.1599336,80.3043994,"61, Apparsamy Koil St, Theradi, Radhakrishnan Nagar, Rajakadai, Tiruvottiyur, Chennai, Tamil Nadu 600019, India"
11408,,,600064,12.9320536,80.1399464,"12/6, 12/6, Kumaran St, Ponniamman Nagar, Chitlapakkam, Chennai, Tamil Nadu 600064, India"
10254,,,601204,13.3339909,80.1893305,"85MQ+HVH, NGO Nagar, Ponneri, Tamil Nadu 601204, India"
9223,,,600045,12.93073761353406,80.10544179836425,"W4J5+P35, Old State Bank Colony, Tambaram, Chennai, Tamil Nadu 600045, India"
8861,,,631502,12.8499242,79.7044262,"Ponneri Karai Bridge, Tamil Nadu 631502, India"
11409,,,600053,13.106017,80.15089499999999,"4542+C92, Vanagaram Main Rd, Sivananda Nagar, Ambattur, Chennai, Tamil Nadu 600053, India"
9023,,,600107,13.0606937,80.186694,"4/2, Anna Main Rd, Mookambigai Nagar, Rajiv Gandhi Nagar, Koyambedu, Chennai, Tamil Nadu 600102, India"
11407,,,600037,13.08552127163073,80.1834232383751,"35PM+68X, TS Krishna Nagar, J J Nagar, Mogappair East, Chennai, Tamil Nadu 600037, India"
10633,,,600078,13.0319649,80.2040092,"26J3+QJJ, MM Ramasami St, Netaji Nagar, West Jafferkhanpet, Chennai, Tamil Nadu 600083, India"
11386,,,600004,13.041447992986118,80.26496488508307,"112, PS Sivasamy Salai, Kattukoil Garden, Mylapore, Chennai, Tamil Nadu 600004, India"
11406,,,600106,13.062681841981796,80.21448940123638,"15, 1st Main Rd, SIDCO Industrial Estate, Vinayakapuram, Arumbakkam, Chennai, Tamil Nadu 600106, India"
11405,,,602024,13.16433870003231,80.03152331617112,"Ramanathapuram, Kilakondaiyur, Tamil Nadu 602024, India"
9968,,,600021,13.122136745238665,80.28707136259615,"Clock Tower, Thiruvottiyur High Rd, Korukkupet, Tondiarpet, Chennai, Tamil Nadu 600021, India"
11404,,,600011,13.108238480719368,80.24820774527096,"Perambur Dippo, Vasan St, Chinnaiyan Colony, Perambur, Chennai, Tamil Nadu 600039, India"
10926,,,600010,13.0857974,80.24457149999999,"25, Medavakkam Tank Rd, Kellys, Davidpuram, Kilpauk, Chennai, Tamil Nadu 600010, India"
11395,,,600010,13.085657276664024,80.24521696534234,"1, Medavakkam Tank Rd, Kellys, Davidpuram, Kilpauk, Chennai, Tamil Nadu 600010, India"
11394,,,600051,13.163536284810627,80.25857614553644,"189a, Kamaraj Salai, Avurikollaimedu, Manali, Chennai, Tamil Nadu 600068, India"
11057,,,600077,13.065738144880264,80.13770574198162,"VGN ML Extension V, Perumalagaram Salai, Thiruverkadu, Chennai, Tamil Nadu 600077, India"
10128,,,600094,13.0645942,80.232567,"Nungambakkam, Railway Border Rd, Sowrashtra Nagar, Choolaimedu, Chennai, Tamil Nadu 600094, India"
9712,,,600078,13.0424463,80.1904267,"5-16, 5-16, Loganathan St, Vetri Nagar, New Bangaru Colony, Bangaru Colony, K. K. Nagar, Chennai, Tamil Nadu 600083, India"
10163,,,600043,12.9692343,80.1502144,"Pallavaram, Chennai - Theni Hwy, Sriperumbudu, Pallavaram, Chennai, Tamil Nadu 600043, India"
10099,,,600079,13.105917806387133,80.28029780963806,"Vallalar Nagar, Old Washermanpet, Chennai, Tamil Nadu 600001, India"
9761,,,600048,12.89117843251091,80.07013337927935,"5/302, Mannivakkam Extension, Mannivakkam, Tamil Nadu 600048, India"
11390,,,600122,13.015583569611156,80.13674095717167,"Gerugambakkam, Anna St, Periyapanicheri, Gerugambakkam, Chennai, Tamil Nadu 600116, India"
10630,,,600053,13.1382849,80.1607135,"45Q6+879, 29th Ave, North Banu Nagar, Banu Nagar, Chennai, Tamil Nadu 600053, India"
11314,,,631151,13.016079377444331,79.73019794574681,"2P8J+C3W, Kandaswamy Koil St, Thakkolam, Mangattucheri, Tamil Nadu 631151, India"
8558,,,600073,12.9170315,80.1459475,"4, Indira Nagar, Selaiyur, Chennai, Tamil Nadu 600073, India"
8371,,,600071,13.1159932,80.1025032,"4482+FW4, New Military Rd, Thirumalai Rajapuram, TNHB Mig V Block, Avadi, Tamil Nadu 600054, India"
9856,,,631003,13.09442643001109,79.65907441424804,"3MV5+QJF, Arakkonam, Tamil Nadu 631003, India"
9651,,,600078,13.031168848959815,80.19146580231629,"17, Kanu Nagar Main Rd, Choolaipallam, Bharathi Nagar, Manapakkam, Chennai, Tamil Nadu 600078, India"
9242,,,600077,13.091738942137626,80.12247345394704,"34RC+MVJ, Chennai, Tamil Nadu 600077, India"
11392,,,600060,13.145775927402925,80.2332790604976,"33, 1st Main Rd, Pukraj Nagar, Madhavaram, Chennai, Tamil Nadu 600060, India"
11391,,,600044,12.9515582,80.14002169999999,"200, Chennai - Theni Hwy, New Colony, Chromepet, Chennai, Tamil Nadu 600044, India"
10080,,,600058,13.09752313870305,80.14678497153676,"Church, Ayanambakkam Rd, Ambattur Tank, Ambattur, Chennai, Tamil Nadu 600053, India"
8590,,,600028,13.0239427,80.2657404,"224, Ramakrishna Nagar, Mandaveli, Chennai, Tamil Nadu 600028, India"
10025,,,600106,13.07361051713435,80.2077554068571,"44/38, Jagannatha Nagar, Arumbakkam, Chennai, Tamil Nadu 600106, India"
11388,,,600101,13.09568420742927,80.19706223621634,"8/335, 19th St, C-Sector, Anna Nagar West Extension, Chennai, Tamil Nadu 600101, India"
8557,,,603101,12.7081783,79.9611924,"PX56+7FM, Kanthalur, Tamil Nadu 603101, India"
11387,,,600031,13.071920562676622,80.24296439831271,"43/16/1, School Rd, Doss Puram, MS Colony, Jagannathapuram, Chetpet, Chennai, Tamil Nadu 600031, India"
8253,,,602002,13.1064375,79.9100469,"4W46+H2F, Manavalanagar, Tamil Nadu 602002, India"
8824,,,600116,13.025123175614944,80.15415383558195,"16, Ganga Kaveri St, Ramakrishna Nagar, Kurinji Nagar, Porur, Chennai, Tamil Nadu 125, India"
8178,,,600088,12.985791294040606,80.2121352087288,"23-83, Ramakrishna Nagar Main Rd, Radh Nagar, Mohanpuri, Chennai, Tamil Nadu 600042, India"
9853,,,631501,12.823572960463904,79.70478953982531,"18/59, Ennaikaran, Kanchipuram, Tamil Nadu 631501, India"
9172,,,600071,13.093656803860329,80.10852823395052,"34V5+FCJ, Avadi Rd, Paruthippattu, Indira Nagar, Avadi, Tamil Nadu 600071, India"
10377,,,600011,13.1250312,80.2417156,"43, Madhavaram High Rd, Simpsons Sembiyam Estate, Sembiyam, Perambur, Chennai, Tamil Nadu 600011, India"
8675,,,601101,13.324175108717167,80.06406422277675,"Karanai, Kasavanpettai, Tamil Nadu 601101, India"
8778,,,600040,13.085789476748952,80.2088952408156,"G' Block, AP 781, 1st St, near Kuchice, Z Block, Ranganathan Garden, Anna Nagar, Chennai, Tamil Nadu 600040, India"
10894,,,600023,13.099303,80.2250043,"572/221, Ramanuja Nagar, Tagore Nagar, Ayanavaram, Chennai, Tamil Nadu 600023, India"
9506,,,600056,13.0387787,80.13523889999999,"24QP+G39, VGN Nagar, Iyyappanthangal, Chennai, Tamil Nadu 600056, India"
9238,,,632513,12.91877382737155,79.3824970270893,"W99M+J32, Thangal, Tamil Nadu 632513, India"
9401,,,600126,12.89914585867527,80.15777830209144,"V5X5+M5R, Madambakkam, Chennai, Tamil Nadu 600126, India"
10965,,,600053,13.1350066,80.1608478,"12/77, Pudur, Ambattur, Chennai, Tamil Nadu 600053, India"
8918,,,631502,12.839158029107743,79.69989625941822,"110a, SVN Pillai St, Periya, Kanchipuram, Tamil Nadu 631502, India"
8450,,,600088,12.98211799764462,80.20333013491785,"9, Vel Nagar 2nd St, near DAV School, Balaji Nagar Part I, Lakshmi Nagar, Adambakkam, Chennai, Tamil Nadu 600088, India"
8599,,,600059,12.924108300250248,80.13329060038242,"W4FM+J7H, Saloman St, Annai Theresa Nagar, East Tambaram, Tambaram, Chennai, Tamil Nadu 600059, India"
8366,,,600010,13.083261771675838,80.23092934011396,"36MJ+897, Police Colony, Kilpauk Garden Colony, Kilpauk, Chennai, Tamil Nadu 600010, India"
8264,,,600081,13.137839759437558,80.29797788586282,"81/37, Surya Narayana St, Thangal, Chariyan Nagar, Tondiarpet, Chennai, Tamil Nadu 600081, India"
8358,,,600032,13.0009376,80.21821080000001,"216-1, State Hwy 48, Guindy, Chennai, Tamil Nadu 600032, India"
10117,,,600021,13.106381590924238,80.28018471271255,"Mint, Railway Quaters, Old Washermanpet, Chennai, Tamil Nadu 600021, India"
11253,,,600065,13.166714212010104,80.0960178466786,"538W+QCC, 1st Main Rd, Ramsamaj Nagar, Bharathi Nagar, New Vellanur, Tamil Nadu 600055, India"
8431,,,603202,12.84426963254201,80.0598777923623,"2, Railway Station Rd, Guduvancheri, Tamil Nadu 603202, India"
8434,,,600062,13.1618513,80.1409912,"546R+Q98, பம்மதுகுளம், தமிழ் நாடு 600062, இந்தியா"
11098,,,600037,13.078475923247392,80.18154314869233,"VGN RAKSHA, 369, Church Rd, Golden George Nagar, Mogappair East, Chennai, Tamil Nadu 600107, India"
10984,,,600064,12.9381026,80.1420635,"1/30, Srinivasa Nagar, Hasthinapuram, Chitlapakkam, Chennai, Tamil Nadu 600064, India"
10714,,,600099,13.123299335876563,80.2227901695363,"23/22, Red Hills Rd, Sri Ganapathi Rao Nagar, Kolathur, Chennai, Tamil Nadu 600099, India"
8381,,,600077,13.0378524,80.1350401,"Iyyappanthangal, Iyyappanthangal, Chennai, Tamil Nadu 600056, India"
8710,,,600082,13.114357528629473,80.22463534833257,"Thirunamandapam, Periyar Nagar West, Perambur, Chennai, Tamil Nadu 600082, India"
10902,,,631002,13.075091274676842,79.67043801300366,"Railway Station Road (Near SR Gate Krishnampet Arakkonam - 631 002, Arakkonam, Ammanur R.F., Tamil Nadu 631002, India"
8350,,,600016,13.001293853248615,80.2007696320177,"No. 1, Railway Station Road st. Thomas mount, Ramapuram, Alandur, Chennai, Tamil Nadu 600016, India"
11075,,,600028,13.0239371,80.2551752,"9/5, 7th Main Rd, Govindaswamy Nagar, Raja Annamalai Puram, Chennai, Tamil Nadu 600028, India"
10402,,,602001,13.13681412167901,79.92143941919167,"99, Chennai - Tiruvallur High Rd, Poonga Nagar, Kakkalur, Tamil Nadu 602001, India"
8462,,,600095,13.0678656,80.1701303,"82, Union Rd, Chinna Nolambur, Chennai, Tamil Nadu 600095, India"
9571,,,600020,13.0008124,80.2562402,"138, Lattice Bridge Road, Indira Nagar, Adyar, Venkata Rathinam Nagar, Adyar, Chennai, Tamil Nadu 600020, India"
10046,,,600086,13.0461247,80.2504554,"10/18, Chokli St, Chokkalingam Nagar, Teynampet, Chennai, Tamil Nadu 600006, India"
9939,,,600073,12.925414565485235,80.15336052289274,"W5G3+59M, SBI Colony 2nd St, Kamarajapuram, State Bank Of India Colony, Sembakkam, Chennai, Tamil Nadu 600073, India"
11174,,,602003,13.126960416112873,79.91876441627197,"4WG9+QG3, Appaswamy Salai, Poonga Nagar, Kakkalur, Tamil Nadu 602001, India"
8938,,,602024,13.124840682439496,79.99732775754131,"89, Chennai - Tiruvallur High Rd, Veppambaattu, Tamil Nadu 602024, India"
11334,,,631501,12.8191776,79.6915252,"E-15, Rajiv Gandhi St, Pallavan Nagar, Gem Nagar, Kanchipuram, Tamil Nadu 631501, India"
10467,,,602001,13.136907991936528,79.91720049333122,"710, TNHB Rd, V.M Nagar, Kakkalur, Tamil Nadu 602001, India"
9803,,,600106,13.059554433467234,80.21570144218126,"27, Padmanaba Nagar Main Rd, Andavar Nagar, Choolaimedu, Chennai, Tamil Nadu 600094, India"
10741,,,600049,13.1088659,80.1825205,"K G BLOCK, BAKTHAVACHALAM VIDHYASHRAM SCHOOL, 14, Street Number 31, Periyar Nagar, Venkatraman Nagar, Korattur, Chennai, Tamil Nadu 600050, India"
10804,,,600037,13.0858714,80.1661027,"Mathi Apartments Block-B, Jaswanth Nagar Badminton Court, 11, Reddipalayam Road, Jeswant Nagar Phase 1, Mogappair West, Ambattur Industrial Estate, Chennai, Tamil Nadu 600037, India"
9499,,,600053,13.1214371,80.148208,"125, Chennai - Thiruttani - Renigunta Hwy, Vivek Nagar, Ram Nagar, Ambattur, Chennai, Tamil Nadu 600053, India"
11117,,,600089,13.01441054007284,80.19337049418023,"5/12B, Taluka, Ramapuram, Poonthottam Colony, Tambaram, Chennai, Nandambakkam, Tamil Nadu 600089, India"
9839,,,600070,12.9844974,80.1324273,"9, Guruswamy Nagar, Anakaputhur, Chennai, Tamil Nadu 600074, India"
10042,,,600048,12.915265943524185,80.06818794719356,"1, SH 110, Asthalakshmi Nagar, Mudichur, Tamil Nadu 600048, India"
11339,,,600127,12.884606411956211,80.10949270660706,"3, Gandhi Rd, NEDUNGUNDARAM, Chennai, Tamil Nadu 600127, India"
11087,,,600066,13.16398681991068,80.20265345196026,"65, GNT Rd, St Anthony Nagar, Redhills, Chennai, Tiruvallur, Tamil Nadu 600066, India"
9347,,,600095,13.05509578337251,80.16647309421764,"Dhanalakshmi Nagar, Chennai, Tamil Nadu 600095, India"
8272,,,600045,12.925467353448704,80.10427483025308,"Kulakkarai, Ramanatha Nagar, Tambaram, Chennai, Tamil Nadu 600045, India"
10999,,,600110,13.1306471,80.21389769999999,"46J7+7H2, Retteri Flyover, United Colony, Kolathur, Chennai, Tamil Nadu 600099, India"
10102,,,600071,13.117052,80.09688299999999,"Ramarathna Theatre, Kannigapuram, TNHB Mig V Block, Avadi, Tamil Nadu 600054, India"
8403,,,602024,13.1229206,80.0019601,"6th cross bajani koil st, 89, 42F2+2WJ, 89veppampattu, Bharathiyar Nagar, Sundara Babu Nagar, Veppambaattu, Tamil Nadu 602024, India"
11170,,,600095,13.066677274356254,80.17510225111783,"467, Nh48, Vishwas Nagar, Maduravoyal, Chennai, Tamil Nadu 600107, India"
8545,,,600051,13.152110191025596,80.23965256936094,"16/17A, Kumarappapuram Main Rd, Telephone Colony, Madhavaram Milk Colony, Kadirvedu, Chennai, Tamil Nadu 600060, India"
10332,,,600092,13.05099,80.19535239999999,"Jains Kences Retreat, Phase 1, krishna Nagar, Virugambakkam, Chennai, Tamil Nadu 600092, India"
9114,,,600122,13.011690353948966,80.12964444801324,"No:1/10D,Kundrathur main road, Perrypanicherry, Kovur, Periyapanicheri, Tharapakkam, Chennai, Tamil Nadu 600128, India"
8323,,,600001,13.102702297936355,80.29061759573138,"473R+36F, Ibrahim Sahib St, Thiruvalluvar Nagar, George Town, Chennai, Tamil Nadu 600001, India"
10883,,,600026,13.0585373,80.2108285,"20/19, Mannar 1st St, Thiru Nagar Colony, Tiru Nagar, Vadapalani, Chennai, Tamil Nadu 600026, India"
11123,,,600068,13.163139888088642,80.25923137264066,"16/33, 8-16/33, Chinnasekkadu, Manali, Chennai, Tamil Nadu 600068, India"
11048,,,600077,13.0703492,80.1270578,"13/95, Pallavan Nagar, Thiruverkadu, Chennai, Tamil Nadu 600077, India"
9127,,,600094,13.067456211976085,80.22339558528097,"No 60, 98, 1st St, Kamarajar Nagar, Thiruvalluvar Puram, Choolaimedu, Chennai, Tamil Nadu 600094, India"
10970,,,600099,13.140061144862315,80.17999508489221,"197/9,Sunshine apartments, Ambattur Red Hills Rd, Shanmugapuram, Sivaprakasam Nagar, Puzhal, Chennai, Tamil Nadu 600099, India"
10449,,,600117,12.9562727,80.1791368,"19, Kalaivani Nagar, Keelkattalai, Chennai, Tamil Nadu 600117, India"
10709,,,602001,13.122654422568733,79.91171667304356,"Thiruvallur Oil Mill, Kakkalur, Tamil Nadu 602001, India"
9119,,,600050,13.08741396014998,80.18217535725486,"1503, TS Krishna Nagar, J J Nagar, Mogappair East, Chennai, Tamil Nadu 600037, India"
9479,,,600062,13.132646133957778,80.13209113595494,"27, Mother Teresa St, Tirumullaivayal, Thirumullaivoyal, Chennai, Tamil Nadu 600062, India"
10859,,,600026,13.05830409550431,80.21061830899393,"17/2/2, Thiru Nagar Colony, Tiru Nagar, Vadapalani, Chennai, Tamil Nadu 600026, India"
8183,,,600054,13.110911372588024,80.10998725891113,"4466+92J, JB Estate, Avadi, Tamil Nadu 600054, India"
10014,,,600116,13.01957443571561,80.1414988859272,"6/176, 6/176, Krishna St, Kovur, Rajiv Gandhi Nagar, Moulivakkam, Chennai, Tamil Nadu 600069, India"
10897,,,600073,12.9155116,80.1521428,"226, Indira Nagar, Selaiyur, Chennai, Tamil Nadu 600073, India"
10644,,,600053,13.1180275,80.1455188,"A14, Thiruvengada Nagar, Ambattur, Chennai, Tamil Nadu 600053, India"
10269,,,600099,13.1398108,80.2058313,"46Q4+W8G, Vinayakapuram, Lakshmipuram, Chennai, Tamil Nadu 600099, India"
8782,,,600117,12.95778712011647,80.18438913047692,"P1, Thiruvallur Nagar Main Rd, Rajamanickam Nagar, Keelkattalai, Chennai, Tamil Nadu 600043, India"
10446,,,600053,13.1322915,80.16946089999999,"234, Ambattur Red Hills Rd, Kallikuppam, Ambattur, Chennai, Tamil Nadu 600053, India"
9097,,,600077,13.0830447,80.1029526,"34M3+33M, Viraraghavapuram, Avadi, Tamil Nadu 600077, India"
9518,,,601301,12.8818627,80.0208848,"V2JC+R7H, Padappai, Tamil Nadu 601301, India"
8368,,,600122,13.027023975286571,80.110807407915,"24G6+Q8W, Mangadu Rd, Then Colony, Mangadu, Chennai, Tamil Nadu 600122, India"
9570,,,600018,13.039157,80.2470897,"429, Anna Salai, Teynampet, Chennai, Tamil Nadu 600018, India"
9556,,,600091,12.964182324418235,80.21605765958496,"Kaiveli, Madipakkam, Chennai, Tamil Nadu 600042, India"
8331,,,600060,13.1295676,80.2416298,"18, Tondiarpet High Rd, Moolakadai, Kodungaiyur, Chennai, Tamil Nadu 600060, India"
8803,,,600116,13.02826764831621,80.15128553167877,"Vigneshwara Nagar, MS Nagar, Madhanandapuram, Chennai, Tamil Nadu 600125, India"
9603,,,600080,13.098015903999592,80.18033170173457,"817, Madras Thiruvallur High Rd, Mes Colony, Chennai, Tamil Nadu 600050, India"
9086,,,600005,13.058264225238494,80.27621270270849,"4/44, Allangath St, Narayana Krishnaraja Puram, Triplicane, Chennai, Tamil Nadu 600005, India"
9708,,,600037,13.080993721016512,80.18184721129657,"10-567, Block 10, J J Nagar, Mogappair East, Chennai, Tamil Nadu 600037, India"
10698,,,602105,12.9517688,79.9410384,"XW2R+PC3, Subathra Nagar, Sarala Nagar, Pondur, Sriperumbudur, Tamil Nadu 602105, India"
9713,,,600060,13.140915335761592,80.23743897580066,"46Rp+9Xj, 46, Madavaram Red Hills Rd, Thapalpetti, KKR Garden, Selaivayal, Chennai, Tamil Nadu 600060, India"
11092,,,600011,13.11579019733373,80.24585981962913,"No.131 - 133, M P M Road, Perambur, Chennai, Tamil Nadu 600011, India"
9695,,,600080,13.10822248685504,80.18356592920725,"39, S Ave Rd, TNHB Colony, Venkatraman Nagar, Korattur, Chennai, Tamil Nadu 600050, India"
10035,,,600118,13.1295676,80.2416298,"18, Tondiarpet High Rd, Moolakadai, Kodungaiyur, Chennai, Tamil Nadu 600060, India"
8974,,,600095,13.061259161663871,80.1632830873222,"27/2, Poonamallee High Rd, Maduravoyal, Chennai, Tamil Nadu 600095, India"
9982,,,600013,13.107464894379518,80.29421228805965,"11, S Madha Church St, Chetty Thottam, Royapuram, Chennai, Tamil Nadu 600013, India"
8391,,,600004,13.038271207071714,80.27854584111029,"27QH+7FJ, Kailasapuram, Mylapore, Chennai, Tamil Nadu 600004, India"
9077,,,600106,13.0772399,80.2094707,"36G5+VQX, Poonamallee High Rd, Amaravathi Nagar, Arumbakkam, Chennai, Tamil Nadu 600106, India"
9306,,,600082,13.1198567,80.2325773,"15th Street, 511, SRP Koil St N, Tiru Vi Ka Nagar, Perambur, Chennai, Tamil Nadu 600082, India"
9834,,,600013,13.1158257,80.29484529999999,"94/78, Subba Road Avenue, Kalmandapam, Royapuram, Chennai, Tamil Nadu 600013, India"
8602,,,600095,13.066611339452392,80.17511033198188,"467, Nh48, Vishwas Nagar, Maduravoyal, Chennai, Tamil Nadu 600107, India"
9422,,,600039,13.121721545411182,80.2546023361718,"29/70, Sharma Nagar, Vyasarpadi, Chennai, Tamil Nadu 600039, India"
10002,,,600001,13.1062861,80.2801478,"Mint Terminus, METRO STATION-WASHERMENPET, Railway Quaters, Old Washermanpet, Chennai, Tamil Nadu 600021, India"
8186,,,600077,13.0695939,80.1240011,"349F+RJJ, Koladi Rd, Munusamy Nagar, Parasakthi Nagar, Thiruverkadu, Tamil Nadu 600077, India"
8235,,,631204,13.19851790860438,79.79119195949256,"5QXR+CQQ, Ramanjeri, Tamil Nadu 631204, India"
10934,,,600070,12.984841691301131,80.13111323491822,"6A, Ramachandra Nagar, Meenambakkam, Chennai, Tamil Nadu 601213, India"
10379,,,600088,12.99201174048157,80.19890658262186,"1, Viswanathapuram 3rd St, Kesari Nagar, Surendra Nagar, Adambakkam, Chennai, Tamil Nadu 600088, India"
10327,,,600069,12.985276969199122,80.06660274801864,"X3P8+4JQ, Pallavaram, Sirukalathur, Tamil Nadu 600069, India"
10878,,,600063,12.891888117049485,80.1119434296219,"Block-D21, TVS GREEN HILL, Alappakam, New Perungalathur, Chennai, Sadhanathapuram, Tamil Nadu 600063, India"
9483,,,631003,13.0991519,79.6558404,"51/38, Jaya Nagar, Arakkonam, Tamil Nadu 631003, India"
9133,,,600082,13.1141389,80.2243742,"29, Karthikeyan Rd, Periyar Nagar West, Perambur, Chennai, Tamil Nadu 600082, India"
8757,,,600100,12.9122017760894,80.19538841401166,"4/515, Velachery Rd, Puthu Nagar, Medavakkam, Chennai, Tamil Nadu 600100, India"
8576,,,600024,13.0580064,80.2209145,"44/33, 3rd St, Bharatheeswarar Colony, Bharatheswarar Colony, Choolaimedu, Chennai, Tamil Nadu 600024, India"
10744,,,600081,13.1251842,80.289183,"67QF+QMF, 42, Thiruvottiyur High Rd, Sanjeevarayanpet, Tondiarpet, Kodakarai, Chennai, Tamil Nadu 600120, India"
9824,,,600037,13.0855227,80.1766705,"69, Sangeetha Street, VGP Nagar, Mogappair, Mogappair East, Chennai, Tamil Nadu 600037, India"
11375,,,600054,13.11941162732829,80.09496450011007,"Avadi Check Post, NH716, Kasturba Nagar, Avadi, Tamil Nadu 600054, India"
10645,,,600049,13.101276365062112,80.21303647805529,"OLD NO. 87, NEW, NO: 209, Madras Thiruvallur High Rd, Moorthy Nagar, ICF West Colony, Villivakkam, Chennai, Tamil Nadu 600038, India"
10235,,,600077,13.0710766,80.1222219,"5B, Munusamy Nagar, Thiruverkadu, Chennai, Tamil Nadu 600077, India"
9822,,,600024,13.0450363,80.2173037,"11, Raghavan Colony, Kodambakkam, Chennai, Tamil Nadu 600024, India"
8751,,,600043,12.963690910476275,80.14700734188298,"101, Grand Southern Trunk Rd, West Tambaram, Pallavaram, Chennai, Tamil Nadu 600043, India"
9655,,,631502,12.83527665615576,79.70503636931154,"RPP4+42 Ennaikaran, Kanchipuram, Tamil Nadu, India"
9896,,,600086,13.04639379587763,80.25836445775981,"81, Prasanna Vinayagar St, Pudupet, Royapettah, Chennai, Tamil Nadu 600086, India"
10779,,,600101,13.087150323071702,80.19277335187599,"23A-2A, SH 112, near Corner Waves Mugappair, Thirumangalam, Anna Nagar West Extension, Chennai, Tamil Nadu 600040, India"
9079,,,600050,13.098421101286611,80.18194277379122,"101/48, Chennai Tiruvallur High Rd, Gopal Nagar, Padi, Chennai, Tamil Nadu 600050, India"
11366,,,600101,13.08686975071557,80.18659018169045,"35PP+PJH, J J Nagar, Anna Nagar West Extension, Chennai, Tamil Nadu 600037, India"
10224,9A,DRJ Super Market,600095,13.068330822013936,80.17074741696531,"Jains Nakshatra Block-14, Chinna Nolambur, Chennai, Tamil Nadu 600095, India"
11131,,,600048,12.923005115556396,80.07719356174258,"W3FG+7R9, Royappa Nagar, Tamil Nadu 600048, India"
9131,,,602024,13.1248349,79.9968324,"Veppampattu Railway Station, NH 716, Sudaraon Nagar, Veppambaattu, Tamil Nadu 602024, India"
8862,,,600117,12.9484848,80.20999410000002,"W6X5+9XX Kamatchi Hospital Bridge, Velachery Rd, Dandeeswarar Nagar, Rose Avenue, Pallikaranai, Chennai, Tamil Nadu 600100, India"
10758,,,600004,13.03642911329938,80.26717813141768,"275, Ramakrishna Mutt Rd, Kapali Thottam, Mylapore, Chennai, Tamil Nadu 600004, India"
10350,,,600114,12.983062015812004,80.18854959556528,"No. 1, 1st floor, 1st Main Rd, Nanganallur, Chennai, Tamil Nadu 600061, India"
10069,,,600023,13.0968569,80.2413831,"No.9, 1st Cross St, M.H.Colony, ICF South Colony, Venkatesapuram Colony, Ayanavaram, Chennai, Tamil Nadu 600023, India"
9808,,,600040,13.087064952061764,80.1944778800394,"B36, 4th Floor, TNHB QUARTERS, Anna Nagar West, Govt Officers Colony, Chennai, Tamil Nadu 600040, India"
9075,,,600014,13.0519454,80.2609114,"31/16, Ganapathy Colony, Gopalapuram, Chennai, Tamil Nadu 600014, India"
10497,,,632508,12.9012315,79.4606939,"Kaveripakkam Bus Stand, NH 46, Kaveripakkam, Tamil Nadu 632508, India"
8669,38C,Housing board ,631501,12.8180093,79.6930026,"No 4, Vinobaji St, Vedachalam Nagar Extension, Gem Nagar, Kanchipuram, Tamil Nadu 631502, India"
9446,,,600053,13.116813278724685,80.15765003547364,"20/1A, Maya St, Venkatapuram, Prithvi Pakkam, Ambattur, Chennai, Tamil Nadu 600053, India"
10055,,,600101,13.091121751365872,80.19473014543837,"754, Door No.5 4th Avenue, Mademoiselle apartments, Leo Matriculation Higher Secondary School, or, behind SBOA CBSE SCHOOL, opp. ROAD FROM, Anna Nagar West Extension, Chennai, Tamil Nadu 600101, India"
9687,,,600087,13.0402725,80.1722913,"111, S.V.S. Nagar, 1st Main Rd, Vani Nagar, S. V. S Nagar, Valasaravakkam, Chennai, Tamil Nadu 600087, India"
10824,,,600037,13.0785923,80.1805661,"A-10, Mogappair Industrial Estate, Paneer Nagar, Mogappair East, Chennai, Tamil Nadu 600037, India"
10647,,,600048,12.9015838,80.0625336,"W327+J2, Mudichur, Tamil Nadu 600048, India"
8236,,,600005,13.0429239,80.27377170000001,"Citi Centre, Dr Radha Krishnan Salai, Loganathan Colony, Mylapore, Chennai, Tamil Nadu 600004, India"
8274,,,600017,13.0326988,80.22741250000001,"41/16-1, Kannammapet, T. Nagar, Chennai, Tamil Nadu 600017, India"
9116,,,600087,13.041664,80.1767424,"3, Rajaji Ave, opposite to S.J Mahal, Rajaji Avenue, Valasaravakkam, Chennai, Tamil Nadu 600087, India"
9025,,,600082,13.114069738378204,80.21754803146055,"56-84, 29th St, Kambar Nagar, Perambur, Chennai, Tamil Nadu 600049, India"
10992,,,600062,13.144232082719624,80.13342346096104,"96/7, Thirumalai Nagar, Thirumullaivoyal, Chennai, Tamil Nadu 600062, India"
9593,,,600001,13.0929471,80.2920097,"Burma Bazaar, 69a, Rajaji Rd, Chennai Port Trust, Chennai, Tamil Nadu 600001, India"
8311,,,600116,13.0615251,80.1647153,"Maduravoyal Arikari, Maduravoyal, Chennai, Tamil Nadu 600095, India"
9549,13,"Thiruvalluvar kalyana mandappam, Periyar nagar",600082,13.1143045,80.2185305,"30, Kambar Nagar, Perambur, Chennai, Tamil Nadu 600082, India"
11239,,,600072,13.1215226,80.0545503,"5/3, Tvk Nagar, Pattabiram, Tamil Nadu 600072, India"
8442,,,600017,13.0524406,80.2376891,"123, Dharmapuram Main Rd, Darmapuram, T. Nagar, Chennai, Tamil Nadu 600017, India"
8638,,,600084,13.0837192,80.2540737,"9-82, Purasaiwakkam, Chennai, Tamil Nadu 600084, India"
9720,,,600053,13.127922309500551,80.14815324107312,"28/6, Tiruvalluvar St, Lenin Nagar, Ambattur, Chennai, Tamil Nadu 600053, India"
8929,,,600030,13.080345515342072,80.22540795572274,"2/31, Pulla Ave, Venkatasamy Nagar, Shenoy Nagar, Chennai, Tamil Nadu 600030, India"
9054,,,600064,12.9360621,80.1517272,"W5P2+CMG, Hasthinapuram, Chitlapakkam, Chennai, Tamil Nadu 600064, India"
9293,,,600099,13.123340269547924,80.2016045810851,"No.49 vellavan nagar, Vivekananda Nagar, Kolathur, Chennai, Tamil Nadu 600099, India"
9771,,,600117,12.95193354854531,80.17143886012724,"D.J. Mat. School, Chennai, Tamil Nadu 600117, India"
9777,9A,Krishna's Dosa Kadai,600095,13.0806666,80.1631252,"40, TNHB Phase I, Nolambur, Ambattur Industrial Estate, Chennai, Tamil Nadu 600037, India"
11279,,,600116,13.045079513198168,80.15990252023774,"4-195, Sunaresan Nagar, Andal Nagar, Krishna Industrial Estate, Porur, Chennai, Tamil Nadu 600116, India"
9958,42,Indira Gandhi Statue,631001,13.092553090893697,79.65957876556371,"2, Kalyana Mandapam St, Arakkonam, Tamil Nadu 631003, India"
9324,,,600060,13.154686163643367,80.22726858031,"4, Thirumurugan Nagar Rd, Mettu Ma Nagar, Madhavaram, Chennai, Tamil Nadu 600060, India"
10435,,,600077,13.085665664337196,80.10086130982415,"28, Kannampalayam, Chennai, Avadi, Tamil Nadu 600071, India"
10639,,,600077,13.078059645791791,80.11577363666228,"107, Chakkareswarai Nagar, Thiruverkadu, Chennai, Tamil Nadu 600077, India"
9486,,,600055,13.143183402648871,80.05974881520514,"52B, 1st Cross St, Defence Colony, Muthapudupet, Avadi, Pattabiram, Tamil Nadu 600055, India"
9466,18D,Muthapudupet ,600055,13.14985208682223,80.06394474314396,"1, 5th St, Mittanemili, Periyar Nagar, Avadi, Tamil Nadu 600055, India"
10649,,,600028,13.027252101710786,80.26741781391458,"7, Mandavelipakkam, Raja Annamalai Puram, Chennai, Tamil Nadu 600028, India"
8494,,,600073,12.9270733,80.1451262,"36/69, 100 Feet Rd, East Tambaram, Selaiyur, Chennai, Tamil Nadu 600073, India"
10343,,,600012,13.106830642568184,80.24811771658018,"57-34, Perambur High Rd 1st St, Shanthi Nagar, Desia Colony, Jamalia, Chennai, Tamil Nadu 600007, India"
11256,,,600099,13.1404463,80.2085072,"46R5+5CC, Parimalam Nagar, Vinayakapuram, Kolathur, Chennai, Tamil Nadu 600099, India"
11381,,,600071,13.093640599200718,80.10854322090148,"34V5+FCJ, Avadi Rd, Paruthippattu, Indira Nagar, Avadi, Tamil Nadu 600071, India"
9614,,,600077,13.0940883,80.1264583,"F 2, VGN PLATINA, Plot No 74, Tiruverkadu Rd, Ambigai Nagar, MGR Nagar, Ayappakkam, Chennai, Tamil Nadu 600077, India"
9989,,,600076,13.11863214894513,80.19855178791408,"200feet, Jawaharlal Nehru Salai, Thathan Kuppam, Villivakkam, Chennai, Tamil Nadu 600049, India"
10981,,,600128,12.983276,80.12772,"Anakaputhur Amman Kovil, Mutharulandi Nagar, Anakaputhur, Chennai, Tamil Nadu 600070, India"
11228,,,600066,13.171174,80.2139785,"83, 3rd Rd, Mahalakshmi Nagar, Puzhal, Chennai, Tamil Nadu 600066, India"
11357,,,600116,13.0362278,80.1572499,"48, SH 113, Kuyapettai, Ramakrishna Nagar, Porur, Chennai, Tamil Nadu 600116, India"
9703,,,600077,13.073809416765496,80.11223409445495,"76, Paruttippattu Rd, Senneerkuppam, Chennai, Tamil Nadu 600077, India"
11069,,,600107,13.0648085,80.20773,"3675+W3H, SAF Games Village, Annai Sathya Nagar, Koyambedu, Chennai, Tamil Nadu 600107, India"
8591,,,600098,13.1041961,80.1716381,"32B, Pattara Vakkam, Kanchinanpuram, Ambattur, Chennai, Tamil Nadu 600058, India"
9370,,,600053,13.12139316548414,80.14811578380387,"119, Madras Thiruvallur High Rd, Vivek Nagar, Ambattur, Chennai, Tamil Nadu 600053, India"
11312,,,600004,13.044977665720248,80.26131400087928,"119, Dr Radha Krishnan Salai, opp. to Savera Hotel, CIT Colony, Mylapore, Chennai, Tamil Nadu 600004, India"
11080,,,600056,13.040932194308608,80.09412779723812,"23RV+FHW, Ganapathy Nagar, Poonamallee, Chennai, Tamil Nadu 600056, India"
8988,42c,Vedal road,632502,13.083531974328912,79.59643695953622,"3HMW+CH Vedal, Tamil Nadu, India"
9021,,,602105,12.952030180349684,79.9409844662048,"XW2R+V8Q, Subathra Nagar, Sarala Nagar, Sriperumbudur, Tamil Nadu 602105, India"
9654,8C,Waves,600101,13.0902873,80.1933328,"6/808, Anna Nagar West, Sector D, Syndicate Bank Colony, Chennai, Tamil Nadu 600101, India"
9103,,,600037,13.075457,80.1796009,"E2, 6th Main Rd, Gangai Amman Nagar, Mogappair Eri Scheme, Mogappair, Chennai, Tamil Nadu 600037, India"
10141,,,600091,12.964605420659575,80.21133559038302,"5, 2nd Main Rd, near Nilgiris, Srinivasa Nagar, Ram Nagar South, Madipakkam, Chennai, Tamil Nadu 600091, India"
10551,,,600037,13.081169076574216,80.18749857119363,"55-515, Agathiyar Rd, Block 5, Mogappair East, Chennai, Tamil Nadu 600037, India"
10674,,,600066,13.1718635,80.2008245,"20/30, Kavankarai, Kannada Palaiyam, Puzhal, Chennai, Tamil Nadu 600066, India"
10826,,,600056,13.0378524,80.1350401,"Iyyappanthangal, Iyyappanthangal, Chennai, Tamil Nadu 600056, India"
9919,,,600051,13.1295676,80.2416298,"18, Tondiarpet High Rd, Moolakadai, Kodungaiyur, Chennai, Tamil Nadu 600060, India"
9932,,,600049,13.1137625,80.2086094,"21/1, Rajaji Nagar, Villivakkam, Chennai, Tamil Nadu 600049, India"
11271,1,lift gate,600057,13.198909473196329,80.3158201427542,"Annai Sivakami Nagar, Sivakami Nagar, Chennai, Ennore, Tamil Nadu 600057, India"
8321,,,600054,13.111309465829418,80.10878055521353,"Om Shakthi Kovil JB Estate, JB Estate, Avadi, Tamil Nadu 600054, India"
8188,,,600057,13.1847336,80.3113632,"Lift gat, 67, Second St, Bharath Nagar, Neidhal Nagar, Tiruvottiyur, Chennai, Tamil Nadu 600057, India"
10543,,,600096,12.959411909283784,80.24462368465527,"2/15, Tirumalai Nagar, Perungudi, Chennai, Tamil Nadu 600096, India"
10761,,,632513,12.9342045,79.3844298,"W9MM+7R2, Vellore, Tamil Nadu 632513, India"
9975,,,600101,13.090359076366868,80.18871795456562,"47, Devar Nagar, Anna Nagar West, Anna Nagar West Extension, Chennai, Tamil Nadu 600101, India"
10764,,,631003,13.09440737615158,79.6590343645785,"3MV5+QJF, Arakkonam, Tamil Nadu 631003, India"
9122,8C,Waves,600040,13.087135265144813,80.19459098514149,"105, West, Anna Nagar West, Anna Nagar, Chennai, Tamil Nadu 600040, India"
9523,,,600123,13.032458363230608,80.08610661228364,"23JP+XFW, Ponniamman koil St, Meppur Village, Chennai, Tamil Nadu 600123, India"
10909,,,600116,13.0615449,80.1646353,"Ground Floor, 241, Poonamallee High Rd, Maduravoyal, Chennai, Tamil Nadu 600095, India"
8800,,,600053,13.1285907,80.1486383,"Venkateshwara nagar, oragadam, near velammal school, Venkateswara Nagar, Ambattur, Chennai, Tamil Nadu 600053, India"
8251,,,600068,13.1721113,80.2464335,"945, Bharathi Nagar, Chinna Mathur, Mathur, Tamil Nadu 600068, India"
10871,,,600026,13.04614778795634,80.21247701335588,"26W7+F26, SH 2, Sarvamangala Colony, Aruna Colony, Vadapalani, Chennai, Tamil Nadu 600026, India"
9567,,,602001,13.127242486887994,79.91752727467896,"4WG9+W2W, Poonga Nagar, Kakkalur, Tamil Nadu 602001, India"
10034,,,600053,13.1275026,80.15377819999999,"31/46, Surapet Main Rd, Bharati Nagar, Ambattur, Chennai, Tamil Nadu 600053, India"
8479,,,600095,13.054152664307592,80.17700221301996,"10, Mettukuppam Rd, Ganga Nagar, Maduravoyal, Chennai, Tamil Nadu 600087, India"
8568,,,600037,13.074357292945512,80.17956299109758,"LIG-897, Lig, Mogappair West, Mogappair, Chennai, Tamil Nadu 600037, India"
8676,,,600066,13.17162739496664,80.19871457712532,"13, Pillayar Kovil St, Kavankarai, Kannada Palaiyam, Puzhal, Chennai, Tamil Nadu 600066, India"
9144,,,600037,13.0845182,80.1621332,"Block-B, Sunstone Apartment, TNHB Phase I, Reddipalaiyam, Ambattur Industrial Estate, Chennai, Tamil Nadu 600037, India"
8781,,,631502,12.815699258333742,79.69099551673764,"RM8R+7CH, Arcot - Kanchipuram Rd, Gem Nagar, Kanchipuram, Tamil Nadu 631502, India"
11379,,,600073,12.9114845,80.1743216,"8, Adinath Ave Main Rd, Santhosapuram, Chennai, Tamil Nadu 600073, India"
10450,,,600053,13.131919290748716,80.1639685791621,"21, Ambattur Red Hills Rd, nearby brownie cake factory, Pasumpon Nagar II, East Banu Nagar, Kallikuppam, Ambattur, Chennai, Tamil Nadu 600053, India"
11096,,,600063,12.904982406691094,80.09518684835248,"14, Gandhi Rd, Kamaraj Nagar, New Perungalathur, Chennai, Tamil Nadu 600063, India"
10610,,,600073,12.92047043048726,80.16853656407666,"First Floor 2, 24, Velachery Rd, above Lenskart, Gowriwakkam, Sembakkam, Chennai, Tamil Nadu 600073, India"
10904,,,600050,13.0975484,80.1879822,"10/4, Padi, Chennai, Tamil Nadu 600050, India"
11371,,,600107,13.075314191820322,80.18669826965355,"88/89, Golden George Nagar, Mogappair East, Chennai, Tamil Nadu 600037, India"
9003,,,600051,13.1482618,80.2524797,"47X2+6XW, Pope Johns Leprosy Garden, Manali, Chennai, Tamil Nadu 600051, India"
9179,,,600051,13.145791208342343,80.24022561899945,"3, 10, Sriram Ave, Periyar Nagar, Madhavaram Milk Colony, Chennai, Tamil Nadu 600051, India"
9938,,,600083,13.0416229,80.2092764,"St Mathias Church, 86th St, Sector 10, Sector 13, K. K. Nagar, Chennai, Tamil Nadu 600083, India"
8540,,,603202,12.8648187,80.0610376,"V376+W99, Subashchandrabose St, MG Nagar VI, Urapakkam, Guduvancheri, Tamil Nadu 603202, India"
9802,,,600083,13.0442693,80.2092035,"Nagathamman Koil, Ottagapalayam, Sector 14, K. K. Nagar, Chennai, Tamil Nadu 600078, India"
10243,,,600069,12.990702480164584,80.0908359055749,"X3RR+C79, Jaganathapuram, Sikkarayapuram, Tamil Nadu 600069, India"
9910,,,600037,13.080425,80.18038539999999,"1, Church Rd, J J Nagar, Mogappair, Chennai, Tamil Nadu 600037, India"
9897,,,600044,12.95636643662164,80.14314051549617,"407/27A2, Grand Southern Trunk Rd, Chambers Colony, Chromepet, Chennai, Tamil Nadu 600044, India"
9208,5b,Vanagaram,600095,13.067496859055185,80.14924518612074,"348X+XMH, Rajankuppam, Maduravoyal, Chennai, Tamil Nadu 600095, India"
8841,,,600024,13.0572648,80.2201925,"AlagiriPuram 1st Street Bharatheeswarar Colony street, Bharatheeswarar Colony, Gandhi Nagar, Bharatheswarar Colony, Choolaimedu, Chennai, Tamil Nadu 600024, India"
11172,,,600100,12.94278327195209,80.20770178764418,"No.395, Jones Towers, Velachery - Tambaram Main Rd, Kamakoti Nagar, Pallikaranai, Chennai, Tamil Nadu 600100, India"
8553,,,600050,13.089422242638632,80.18173483253416,"1214, 17th St, Bhagyathammal Nagar, West End Colony, Anna Nagar West Extension, Chennai, Tamil Nadu 600050, India"
9725,,,600076,13.123207485959195,80.19417145844022,"220, TVS Nagar, Korattur, Chennai, Tamil Nadu 600076, India"
8703,,,602105,12.955052820905424,79.93788861784397,"XW3Q+X49, V.R.P. Chatram, Sriperumbudur, Tamil Nadu 602105, India"
9917,,,600082,13.123373482825746,80.22842549358712,"14-24, 14-24, Kanniyappan St, Vetri Nagar, Kolathur, Chennai, Tamil Nadu 600011, India"
8581,,,600024,13.058945226490865,80.2237158649074,"16/19, Choolaimedu, Chennai, Tamil Nadu 600094, India"
11034,,,602002,13.0910104,79.9078873,"3WR5+C52, Pallavan Thiru Nagar, Melnallathur, Tamil Nadu 602002, India"
10168,,,600023,13.099560874474976,80.23063055769433,"242, 278, Konnur High Rd, Officers Colony, United India Nagar, Ayanavaram, Chennai, Tamil Nadu 600023, India"
10361,,,600075,12.979632,80.143844,"20/41, Anna Nagar, Pammal, Chennai, Tamil Nadu 600075, India"
10462,,,631502,12.818170982499518,79.70529348633298,"24/674, Venkateshwara Nagar, Teachers Nagar, Kanchipuram, Tamil Nadu 631502, India"
9973,,,600056,13.03199,80.1307593,"32, 2nd Cross Rd, Papanthangal, Chennai, Tamil Nadu 600056, India"
10039,,,600013,13.10927014024278,80.29280218326716,"189/82, Pudumanaikuppam, Royapuram, Chennai, Tamil Nadu 600013, India"
8790,,,600127,12.880097786810415,80.08026160607196,"V3JJ+54Q, Grand Southern Trunk Rd, Peerakankaranai, Tamil Nadu 600048, India"
8260,,,600043,12.9715336,80.1454751,"ST. THERESA GIRLS HIGHER SECONDARY SCHOOL-PALLAVARAM, 1, Rajendra Prasad St, Pallavaram, Chennai, Tamil Nadu 600043, India"
9711,,,603001,12.675288837881338,79.97775019864325,"MXGH+628, Alagesan Nagar, Varadharaja Nagar, Chengalpattu, Ammanambakkam, Tamil Nadu 603001, India"
11299,,,632508,12.9024987,79.4591378,"WF35+2C2, Kaveripakkam, Tamil Nadu 632508, India"
8741,,,631003,13.064940590345776,79.60578727212418,"3J74+W84, Chitheri, Tamil Nadu 631003, India"
10510,,,602002,13.111833537455189,79.91546987970182,"4W68+P6P, Manavalanagar, Tamil Nadu 602002, India"
9275,34C,Nazharathpettai bunk,600123,13.047231,80.08013059999999,"23WJ+V3R, Nazarathpettai, Tamil Nadu 600123, India"
10076,,,600056,13.038197324338055,80.13471287050018,"Iyyappanthangal, VGN Nagar, Iyyappanthangal, Chennai, Tamil Nadu 600056, India"
11382,,,600087,13.0409465,80.1722485,"25RC+9R4, Bhuvaneshwari Nagar, Valasaravakkam, Chennai, Tamil Nadu 600087, India"
10838,,,600106,13.071220036058296,80.20840583316787,"1, Jai Nagar, Arumbakkam, Chennai, Tamil Nadu 600106, India"
8530,,,600093,13.055123808318614,80.20409221573259,"44, Arunachalam Rd, Shanthi Nagar, Saligramam, Chennai, Tamil Nadu 600093, India"
9653,,,600021,13.1173102,80.2735715,"144, Korukkupet, Old Washermanpet, Chennai, Tamil Nadu 600021, India"
10024,,,631502,12.836886,79.7078499,"10-A/5, Melkathirpur, Periya, Kanchipuram, Tamil Nadu 631501, India"
9402,,,600082,13.1178255,80.2255088,"2nd Floor, Shop No.1, New No:8 Old No:159, 15th Street, S.R.P.Colony, Bhuvaneshwary Nagar, SRP Colony, Kolathur, Chennai, Tamil Nadu 600082, India"
11383,,,600125,13.0194038,80.1620574,"20, 4th Ave, near AGS Park, Phase-3, AGS Colony, Mugalivakkam, Chennai, Tamil Nadu 600125, India"
8643,,,600087,13.041841304364636,80.17579789735804,"No.36, Arcot Rd, Thandavamoorthy Nagar, Valasaravakkam, Chennai, Tamil Nadu 600087, India"
10499,,,600054,13.11111149365098,80.12117928473636,"11, Tonakela Camp, Annanur, Ambattur, Chennai, Tamil Nadu 600077, India"
8509,,,631209,13.180424178713055,79.60993602092712,"5JJ6+622, kadapa trunk road, Steward Pet, Thiruttani, Tamil Nadu 631209, India"
8537,,,631304,13.212515541523226,79.70641857474205,"6P64+RMC, Tiruttani Main Road, Arcot Kuppam, Tamil Nadu 631204, India"
11031,,,632406,12.9678313,79.2966771,"50, BHEL Ancilliary Estate, Ranipet Sipcot, Ranipet, Tamil Nadu 632406, India"
10526,,,631501,12.813096326711724,79.70578505689019,"7, Uthramerur Main Rd, Karpagam Nagar, Sivapuram, Orikkai, Kanchipuram, Tamil Nadu 631501, India"
10817,,,631003,13.0947864,79.6581807,"Bharsthidasan street, Jothi nagar, Arakkonam, Tamil Nadu 631003, India"
11142,,,631551,12.8777933,79.61953419999999,"VJH9+4QG, Anna Nagar, Baluchetty Chatram, Tamil Nadu 631551, India"
8884,36c,Porur Bridge down,600116,13.035711681299432,80.1533735658365,"38/46, Jaya Nagar, Porur, Chennai, Tamil Nadu 600116, India"
10527,,,600095,13.061181845960336,80.16393376431652,"Bus Stop, 187, Poonamallee High Rd, near Earikkarai, Pallavan Nagar, Maduravoyal, Chennai, Tamil Nadu 600095, India"
11380,,,600005,13.061241820570258,80.27218726937937,"42/62, Pillaiyar Koil St, Padupakkam, Triplicane, Chennai, Tamil Nadu 600005, India"
9469,,,600122,13.0102674,80.1326779,"4/42, Periyapanicheri, Chennai, Tamil Nadu 600128, India"
9309,,,600077,13.098761,80.132513,"Ayapakkam Water Tank, TNHB Colony, Ayappakkam, Chennai, Tamil Nadu 600077, India"
10918,,,601301,12.884554956648756,80.01248710002119,"Salamangalam, Padappai, Tamil Nadu 601301, India"
9142,,,631003,13.0925574,79.659652,"Tnhb Main Road, Near Indira Gandhi Statue Arakkonam., 3MV5+3V5, Arakkonam, Tamil Nadu 631003, India"
11012,,,600088,12.9798895,80.2044523,"44, Balaji Nagar Main Rd, near D A V SCHOOL, Saraswathi Nagar, Balaji Nagar, Adambakkam, Chennai, Tamil Nadu 600088, India"
10119,,,631502,12.838755143395844,79.70146700566728,"108, Kamarajar St, Pillaiyarpalayam, Kanchipuram, Tamil Nadu 631502, India"
8408,,,600019,13.1525141,80.3000117,"126, Tvt Highroad Kaldipet, Rajakadai, Tiruchanankuppam, Chennai, Tamil Nadu 600019, India"
9434,,,602002,13.11051326433388,79.91072744291742,"4W66+684, SH 57, Manavalanagar, Tamil Nadu 602002, India"
8763,,,600100,12.9173006,80.1935118,"Medavakkam Junction, Velachery - Tambaram Main Rd, Vengaivasal, Medavakkam, Chennai, Tamil Nadu 600100, India"
11139,,,600075,12.974494745409263,80.1353327729653,"Pammal, Pammal Main Rd, Brindavan Colony, Pallavaram, Chennai, Tamil Nadu 600074, India"
8993,,,600082,13.110414946071378,80.2266379652593,"131, Siva Elango Salai, G.K.M Colony, General Kumaramangalam Colony, Perambur, Chennai, Tamil Nadu 600082, India"
9130,,,602025,13.1179711,79.9552141,"4X94+9R9, Tirur, Thozhur, Tamil Nadu 602025, India"
11378,,,600077,13.061374357987498,80.15152594001,"27, Poonamallee High Rd, near Srivaaru Kalyanamandapam Traffic Signal, Ganapathy Nagar, Vanagaram, Chennai, Tamil Nadu 600095, India"
8854,,,600101,13.09552,80.194054,"19/233, 12th St, C-Sector, Anna Nagar West Extension, Chennai, Tamil Nadu 600101, India"
9976,7C,Thirumangalam,600040,13.087175984493989,80.19559886996129,"No.15/2,v.v. koil street,anna nagar west, Gaingaiammaannagar, Anna Nagar West, Govt Officers Colony, Chennai, Tamil Nadu 600040, India"
9218,,,600030,13.0785292,80.2276254,"16, Venkatasamy Nagar, Shenoy Nagar, Chennai, Tamil Nadu 600040, India"
10486,,,600091,12.9698513798036,80.2083983123967,"8/1, Ramasamy St, Puludivakkam, Sivaprakasam Nagar, Madipakkam, Chennai, Tamil Nadu 600091, India"
10430,,,600067,13.195414588251566,80.1660226487326,"No: 1/1709, Gandhi Nagar,T.H Road, Red Hills, Padianallur, Chennai, Tamil Nadu 600052, India"
10399,,,631502,12.83730335543299,79.70405487358313,"RPP3+WM7, Nellukara St, Nellukara st, Tamil Nadu 631502, India"
10559,,,600116,13.03625330983822,80.1453461958899,"3/192, SH 55, Venugopal Nagar, Iyyappanthangal, Chennai, Tamil Nadu 600116, India"
8792,,,600128,13.01047934074098,80.11441492081168,"1/210, Kundrathur Main Rd, Kovur, Mookambigai Nagar, Chennai, Tamil Nadu 600069, India"
8441,,,600043,12.9664642,80.1502256,"25, Thiru Vi Ka St, near THENMOZHI MEN'S SALOON, Subramaniya, Pallavaram, Chennai, Tamil Nadu 600043, India"
10351,,,600043,12.9613217,80.1601513,"No. 122, PV Vaithiyalingam Rd, Malliga Nagar, Thiruvalluvar Nagar, Old Pallavaram, Chennai, Tamil Nadu 600117, India"
9554,,,600116,13.0359496,80.1672281,"32-153, 1st Main Rd, Lakshmi Nagar Extention, Lakshmi Nagar, Porur, Chennai, Tamil Nadu 600116, India"
9715,,,600094,13.0676286,80.2267091,"No. 360, 17th, West St, Metha Nagar, Thiruvalluvar Puram, Kundrathur, Chennai, Tamil Nadu 600069, India"
8219,,,631501,12.8356114,79.7051222,"RPP4+75C, Ennaikaran, Kanchipuram, Tamil Nadu 631501, India"
9399,,,600033,13.042158,80.2281409,"49/40, Ramakrishnapuram, West Mambalam, Chennai, Tamil Nadu 600033, India"
8888,,,600040,13.094525,80.205765,"1945/3, 18th Main Rd, Aishwarya Colony, Thiruvalluvar Colony, Anna Nagar, Chennai, Tamil Nadu 600040, India"
11343,,,600056,13.0467615,80.0984715,"4, Sundar Nagar Main Rd, Gandhi Nagar, Poonamallee, Mannivakkam, Chennai, Tamil Nadu 600056, India"
10181,,,600086,13.0488323,80.2558288,"No. 278, Avvai Shanmugham Lane, Gopalpuram, Royapettah, near AIADMK Office, Gopalapuram, Chennai, Tamil Nadu 600086, India"
8814,,,600099,13.1275136962268,80.22398751288333,"46GF+XJJ, 1st St, Iyappan Nagar, Thirupathi Nagar, Ponniammanmedu, Chennai, Tamil Nadu 600110, India"
8360,,,600078,13.038108820631289,80.19270367806902,"778, Munusamy Salai, KK Nagar West, Nesapakkam, Chennai, Tamil Nadu 600078, India"
10339,,,600011,13.113246,80.2465266,"85/98, Thulasingam St, Chinnaiyan Colony, Perambur, Chennai, Tamil Nadu 600011, India"
9018,,,600037,13.0827447,80.17625559999999,"359, VGP Nagar, Mogappair West, Mogappair East, Chennai, Tamil Nadu 600037, India"
10366,,,600083,13.03525054700498,80.20860898615891,"26P5+3FP, 84th St, Ashok Nagar, Chennai, Tamil Nadu 600078, India"
8982,,,600038,13.108053260111726,80.21418763684007,"7/E, Seeyalam, Villivakkam, Chennai, Tamil Nadu 600049, India"
10216,,,600073,12.9223725,80.1430328,"W4CV+W6V, Camp Road Junction, Barathi Nagar, Ezhil Nagar, Selaiyur, Chennai, Tamil Nadu 600073, India"
9851,,,601301,12.886963946931443,80.02229158628022,"V2PC+QR5, Padappai, Tamil Nadu 601301, India"
10987,,,600099,13.119776125240408,80.20875744811491,"84/15, Indira St, Sri Venkatesa Nagar, Venkateshwara Nagar, Kolathur, Chennai, Tamil Nadu 600099, India"
10159,,,600124,13.053049457713977,80.06110001757989,"36, Shanmugapuram 1st St, Poonamallee, Thirumazhisai, Tamil Nadu 600065, India"
8244,,,631501,12.8148385,79.73795989999999,"RP7Q+W5 Nattapettai, Tamil Nadu, India"
10382,,,631502,12.817693573929446,79.70074458020585,"RP92+589, Thayarkulam St, Thaiyar Kullam, Kanchipuram, Tamil Nadu 631502, India"
8621,,,600017,13.052556949151656,80.23982829181618,"221, Kodambakkam High Rd, Kakkan Colony, Darmapuram, T. Nagar, Chennai, Tamil Nadu 600017, India"
10410,,,602002,13.1101374,79.9208442,"4W5C+XCC, Venkathur, Tamil Nadu 602002, India"
9338,,,600080,13.1072152,80.18674519999999,"L4/3, E Ave Rd, TNHB Colony, TVS Industries, Padi, Chennai, Tamil Nadu 600050, India"
10156,,,600052,13.1891462,80.1842525,"34, Mettu St, Red Hills, Theerthagiriyampattu, Chennai, Tamil Nadu 600052, India"
10352,,,600056,13.0506113,80.09865289999999,"No:1-B, Pazhankottai St, Nambi Nagar, Poonamallee, Chennai, Tamil Nadu 600056, India"
9473,,,600107,13.058479654886176,80.18290954239866,"38, Rajiv Gandhi Nagar 2nd St, Janakiraman Colony, Rajiv Gandhi Nagar, Valasaravakkam, Chennai, Tamil Nadu 600107, India"
10175,,,600014,13.0476393,80.262605,"183/106, 183/106, Avvai Shanmugham Salai, opposite Dadha Chambers, Lakshmipuram, Royapettah, Chennai, Tamil Nadu 600014, India"
10562,,,602001,13.136948921356597,79.91769579729994,"Old Collector Office Bus Stop, TNHB Rd, Ma. Po. Si. Nagar, Tiruvallur, Kakkalur, Tamil Nadu 602001, India"
10036,,,600091,12.9749536,80.20131339999999,"54, Amman Nagar 3rd St, New India Colony, Ganesh Nagar, Puzhuthivakkam, Madipakkam, Chennai, Tamil Nadu 600091, India"
10850,,,600054,13.1110018,80.1084633,"101/165, JB Estate, Vivekananda Nagar, TNHB Mig V Block, Avadi, Tamil Nadu 600054, India"
10689,,,600060,13.143437,80.2351374,"Sakthi Towers, 349, Madavaram Red Hills Rd, Kamaraj Nagar, Madhavaram, Chennai, Tamil Nadu 600060, India"
8889,,,600099,13.123456894832607,80.2228021863988,"No.5, Red Hills Rd, Velavan Nagar, Kolathur, Chennai, Tamil Nadu 600099, India"
9369,,,600007,13.091479262128068,80.26303984103015,"9/8, Govinthan St, Choolai, Chennai, Tamil Nadu 600007, India"
8736,,,631551,12.876056399199234,79.619631945166,"VJG9+9V6, Baluchetty Chatram, Tamil Nadu 631551, India"
8369,,,600112,13.089860496946764,80.26508475029404,"bus stand, 90/177, Choolai High Rd, opp. to RAMALINGAA VILAS HOTEL , ( LANDMARK, Periyamedu, Choolai, Chennai, Tamil Nadu 600007, India"
9569,,,600071,13.1085418,80.1006918,"11/2, Ram Nagar 1st St, Ram Nagar, Avadi, Tamil Nadu 600071, India"
9796,,,600099,13.122070761474296,80.22013745581613,"21/27, Anjugam Nagar, Kolathur, Chennai, Tamil Nadu 600099, India"
9728,,,602105,12.971356685511802,79.95179114444038,"2-3, Car St, Sri Sai Laksmi Nagar, Nenmeli, Sriperumbudur, Tamil Nadu 602105, India"
8382,,,602105,12.963219188554849,79.94959485936054,"XW7X+9P8, Katchipedu, Sriperumbudur, Tamil Nadu 602105, India"
8642,,,600020,13.002897011769972,80.26845880720838,"Alcot School, 3rd Ave, Tiruvalluvar Nagar, Besant Nagar, Chennai, Tamil Nadu 600090, India"
10309,,,600099,13.12467538184462,80.20891239922034,"46F5+VHM, Nehru St, Thenpalani Nagar, Kolathur, Chennai, Tamil Nadu 600099, India"
10567,,,600037,13.0806471,80.1853564,"4-118, 5th Block Rd, Pari Salai, Mogappair East, Chennai, Tamil Nadu 600037, India"
9961,,,600094,13.064009778901507,80.2207958121152,"44/61, Kamarajar Nagar, Kamaraj Nagar, NGO Colony, Choolaimedu, Chennai, Tamil Nadu 600094, India"
8615,,,600048,12.8920017,80.0832117,"2/163,1st street, 3rd Main St, Vandalur, Tamil Nadu 600048, India"
9455,,,600037,13.080429823434594,80.18037722673714,"1, Church Rd, J J Nagar, Mogappair, Chennai, Tamil Nadu 600037, India"
8833,,,631003,13.094406695310592,79.65906537929298,"3MV5+QJF, Arakkonam, Tamil Nadu 631003, India"
10659,,,600054,13.123483504690128,80.08597920468004,"43FP+9G6, Avadi, Tamil Nadu 600054, India"
11246,,,631501,12.818471387071726,79.70485183943764,"107 Bharathiyar street, Military Rd, opposite ARASU NAGAR, Orikkai, Kanchipuram, Tamil Nadu 631502, India"
10491,,,600080,13.1043227,80.1785896,"18/103, Periyar Nagar, Sidco Tiny Sector, Chennai, Tamil Nadu 600050, India"
8718,,,600124,13.0501172,80.0610012,"3326+572, Thirumazhisai, Tamil Nadu 600124, India"
10810,,,600030,13.069809054337878,80.22436865726186,"126, Nelson Manickam Rd, Railway Colony, Aminjikarai, Chennai, Tamil Nadu 600030, India"
9474,,,600052,13.1864645,80.1998776,"55PX+HXJ, Vadakarai, Grant Lyon, Red Hills, Chennai, Alinjivakkam, Tamil Nadu 600052, India"
9213,,,600064,12.93240014627891,80.15053678661714,"25, Kanakaraj Ave 3rd St, Sarvamangala Nagar, Chitlapakkam, Chennai, Tamil Nadu 600064, India"
8417,12A,Madhavaram rountana ,600060,13.15827874398209,80.22240091879917,"565C+7X6, VS Mani Nagar, Madhavaram, Chennai, Manjampakkam, Tamil Nadu 600060, India"
10614,7c,Tsk Nagar,600037,13.0883392,80.1846499,"18/4, Anna Nagar West Extension, Chennai, Tamil Nadu 600050, India"
10518,,,601204,13.301543055313871,80.16059712824173,"5, Ponneri Hwy, Andarkuppam, Tiruvallur, Tamil Nadu 601204, India"
10081,,,600062,13.12753818785279,80.12562103421627,"15, 4th St, Vaishnavi Nagar, Cholambedu, Chennai, Tamil Nadu 600109, India"
8465,,,600126,12.896625,80.17115559999999,"V5WC+MF2, Noothencheri, Madambakkam, Chennai, Tamil Nadu 600126, India"
9782,,,600069,12.996016976648324,80.10983333615854,"X4W5+FW2, Jawaharlal Nehru Rd, Tiruneermalai, Kannadapalayam, Paraniputhur, Tamil Nadu 600069, India"
9174,,,600016,12.997041214914503,80.19333559755324,"22, MKN Rd, Ramapuram, Thiruvalluvar Nagar, Alandur, Chennai, Tamil Nadu 600016, India"
10557,25,"Domino's pizza, Vettuvankeni",600115,12.936111472894552,80.25232535470526,"3/235, East Coast Rd, near Domino's Pizza | Injambakkam, Vettuvangeni, Pandian Nagar, Vettuvankeni, Chennai, Tamil Nadu 600041, India"
8633,,,600083,13.03011838019988,80.20926344515853,"Kasi Theatre, Anjugam Nagar, West Jafferkhanpet, Chennai, Tamil Nadu 600083, India"
8848,,,600095,13.05888467274606,80.17766378192886,"7/273, 7th Block St, Kamakshi Nagar, Koyambedu, Chennai, Tamil Nadu 600095, India"
11185,,,600053,13.1226034,80.14741479999999,"1, Ambattur Red Hills Rd, Ram Nagar, Ambattur, Chennai, Tamil Nadu 600053, India"
10596,,,600099,13.12222445489988,80.20878122368566,"No 1, 21, N Red Hills Rd, Thenpalani Nagar, Kolathur, Chennai, Tamil Nadu 600099, India"
8298,,,600118,13.1456781,80.25461399999999,"No:30b, Sri, Durgai Avenue, 1st, Selaivayal Rd, Sri Dhurghai Avenue, Kodungaiyur, Chennai, Tamil Nadu 600051, India"
11219,,,631051,12.978340714227173,79.61752333037539,"107, Annasalai Rd, Arakkonam, Nemili, Ranipet, Tamil Nadu 631051, India"
8572,,,600116,13.019217,80.1423697,"214, Kundrathur Main Rd, Rajiv Gandhi Nagar, Moulivakkam, Chennai, Tamil Nadu 600125, India"
8342,,,600056,13.05679809017464,80.11626266772413,"3448+QGV, 331, Bengaluru - Chennai Hwy, Senneer Kuppam, Poonamallee, Chennai, Tamil Nadu 600077, India"
10797,,,600095,13.061269588057074,80.16348728302508,"8, Poonamallee High Rd, Kamaraj Nagar, Maduravoyal, Erigarai, Chennai, Tamil Nadu 600095, India"
8506,,,631501,12.83324154224149,79.70436678043951,"9, Sheikpet Nadu St, Ennaikaran, Kanchipuram, Tamil Nadu 631501, India"
10910,30,Natesan Nagar,600092,13.060295,80.2028863,"6/3, VOC St, Devaraja Nagar, Gandhi Nagar, Saligramam, Chennai, Tamil Nadu 600093, India"
11083,,,600107,13.071580463575604,80.18603604039504,"Old No. 6/1, New, 5/3, Poonamallee High Rd, Nerkundram, Chennai, Tamil Nadu 600107, India"
10290,24C,Pallavaram ,600042,12.9565609,80.152851,"Mantri Serene Block-A, Mantri Serene, Raja Joseph Colony, Pallavaram, Chennai, Tamil Nadu 600043, India"
8512,,,631502,12.8170287,79.7110807,"3/4, Venkateshwara Nagar, Teachers Nagar, Kanchipuram, Arappanacheri, Tamil Nadu 631501, India"
10772,,,600093,13.0592631,80.2020533,"34, Sri Ramar St, Devaraja Nagar, Dasaratha Puram, Vadapalani, Chennai, Tamil Nadu 600093, India"
10913,,,600106,13.0637276,80.2120253,"132, Vinayagapuram Main Rd, Kamala Nehru Nagar, Vinayakapuram, Balavinayagar Nagar, Chennai, Tamil Nadu 600106, India"
8232,,,631502,12.810338,79.706283,"13A, Thandavaraya Nagar, Orikkai, Tamil Nadu 631502, India"
9929,,,600044,12.9558248,80.14331399999999,"159, Grand Southern Trunk Rd, Lakshmi Nagar, Chromepet, Chennai, Tamil Nadu 600044, India"
8997,,,600095,13.0740789,80.166184,"Jains Sunderbans Block-9, JAINS SUNDERBANS, Block 10, Nolambur, Ambattur Industrial Estate, Chennai, Tamil Nadu 600095, India"
9731,18D,"Kollumedu, perumal kovil st, avadi",600062,13.1631328,80.114251,"5477+7P2, New Vellanur, Tamil Nadu 600062, India"
10358,,,602002,13.1054137,79.9093001,"4W45+7PM, Venkathur, Tamil Nadu 602002, India"
9096,,,600040,13.083528,80.1944807,"35MV+CQ9, Thirumangalam, Anna Nagar West Extension, Chennai, Tamil Nadu 600040, India"
10337,,,600090,12.996519708887378,80.26791120968997,"First Floor, Megawin Towers, E-29, 2nd Ave, GOCHS Colony, Besant Nagar, Chennai, Tamil Nadu 600090, India"
11054,15D,Ayapakkam church,600077,13.091681351588734,80.1374036184374,"D4, Pachaiappan Nagar Phase I, Koladdi Village, Ayappakkam, Chennai, Tamil Nadu 600077, India"
9770,,,602001,13.121329049136708,79.91115143910238,"43/33A DR.M Varadharasanar street, Rajajipuram, Kakkalur, Tamil Nadu 602001, India"
11255,,,600052,13.196734178833765,80.18120728881793,"Redhills, Padianallur, Chennai, Tamil Nadu 600052, India"
8275,25C,Balaji hospital (Guindy),600016,13.002355004159762,80.207402234775,"17, Morrison Street, Ramapuram, Alandur, Chennai, Tamil Nadu 600016, India"
8927,,,602002,13.109364161270232,79.90844557827963,"21, Ponnusamy St, Manavalanagar, Tamil Nadu 602002, India"
9890,,,602001,13.1236581,79.91159379999999,"74, JN Rd, near Oil Mill Bus Stop, Kakkalur, Tamil Nadu 602001, India"
11335,,,631502,12.818565586402968,79.69022118815312,"H10, Kamarajar St, Pallavan Nagar, Gem Nagar, Kanchipuram, Tamil Nadu 631502, India"
9425,34,Porur Ramachandra ,600116,13.0486032,80.1432894,"27, Subha Giri Nagar, Thandlam, Chennai, Adayalampattu, Tamil Nadu 600077, India"
10516,5B,Maduravoyal Erikarai,600095,13.0485154,80.16047689999999,"Ganapathi Nagar, 2/2A, Sakthi Sairam Street, Alapakkam, Porur, Chennai, Tamil Nadu 600116, India"
10540,,,600049,13.1189858,80.2072457,"4694+HVX, Kolathur Main Rd, Srinivasa Nagar, Kolathur, Chennai, Tamil Nadu 600099, India"
9875,38c,Manampathy X  road,603403,12.631878630228144,79.64766164185454,"JJJX+H79, road, Manampathy, Tamil Nadu 603403, India"
10229,,,600071,13.1054663,80.0963972,"434W+5HJ, Kamaraj Nagar, Avadi, Tamil Nadu 600071, India"
9057,,,600012,13.098153567056997,80.25100886455688,"395, Konnur High Rd, Otteri, Purasaiwakkam, Chennai, Tamil Nadu 600012, India"
9067,,,600099,13.137537039653328,80.20577013051026,"19, Villivakkam Rd, Kalpalayam, Kolathur, Chennai, Tamil Nadu 600099, India"
8995,,,600101,13.099100201096745,80.19465236137694,"15-68, AP Block 13th Cross St, U R Nagar Extension, AP Block, Sector A, Anna Nagar West Extension, Chennai, Tamil Nadu 600101, India"
8775,,,600002,13.0770571,80.2716388,"34/166, Singanna Chetty St, Chintadripet, Chennai, Tamil Nadu 600002, India"
9956,,,600101,13.0924736,80.1912043,"45th block, Jeevan Bhima Nagar Rd, Jeevan Bhima Nagar, Anna Nagar West Extension, Chennai, Tamil Nadu 600101, India"
8914,,,600069,12.9983313,80.0964315,"X3XW+8HF, Big Street, Kundrathur, Sikkarayapuram, Tamil Nadu 600069, India"
11263,,,631501,12.821500815559098,79.69784797717149,"29, Arcot - Kanchipuram Rd, Gem Nagar, Kanchipuram, Tamil Nadu 631502, India"
10090,,,600107,13.0769295,80.1859808,"Pohs Apartment, A1-6, 2nd floor, 64, Justice Rathinavel Pandian Rd, Golden George Nagar, Mogappair East, Chennai, Tamil Nadu 600107, India"
11327,,,600052,13.196681653662342,80.18109855874486,"Redhills, Padianallur, Chennai, Tamil Nadu 600052, India"
11267,,,600052,13.1995591,80.1772951,"55XG+WXV, M.A.Nagar, Padianallur, Chennai, Tamil Nadu 600052, India"
10677,,,600054,13.119010788205484,80.0821763076513,"5/4, Chennai - Tiruvallur High Rd, Sindhu Nagar, Pattabiram, Avadi, Tamil Nadu 600072, India"
8361,,,600019,13.16366627665644,80.30355260448171,"789, Thiruvottiyur High Rd, Anjugam Nagar, Tiruvottiyur, Chennai, Tamil Nadu 600019, India"
9980,,,600040,13.08618543160191,80.20470628505457,"36P3+FW3, H Block, Anna Nagar, Ranganathan Garden, Anna Nagar, Chennai, Tamil Nadu 600040, India"
8789,19D,Vandalur zoo ,600048,12.8706793,80.11015189999999,"V4C6+73C, Kolapakkam, Tamil Nadu 600127, India"
9545,,,600089,13.0242974,80.1772675,"DLF IT SEZ Park Main Entrance, Ramapuram, Chennai, Tamil Nadu 600089, India"
10047,,,600061,12.98051714709221,80.19154068021349,"3/55, 6th Main Rd, Ram Nagar, Nanganallur, Chennai, Tamil Nadu 600061, India"
8318,,,600037,13.0836377,80.1717706,"399, Mogappair West, Mohanram Nagar, Mogappair, Chennai, Tamil Nadu 600037, India"
9321,,,600110,13.130912438651928,80.22055870571317,"22, Devaki Nagar Main Rd, Majestic Nagar, Ponniammanmedu, Chennai, Tamil Nadu 600110, India"
8582,13A,Kolathur (Don bosco),600099,13.1151231,80.2086819,"28/19, Rajaji Nagar, Villivakkam, Chennai, Tamil Nadu 600049, India"
8640,,,600070,12.977558235750111,80.13059367026644,"24, 7th St, Lakshmi Narayana Nagar, Anakaputhur, Chennai, Tamil Nadu 600070, India"
8291,,,600083,13.035992503874343,80.20353902811067,"26P3+99P, K. K. Nagar, Chennai, Tamil Nadu 600078, India"
9873,,,600095,13.06121817714295,80.16467204536518,"185, Poonamallee High Rd, Pallavan Nagar, Maduravoyal, Chennai, Tamil Nadu 600095, India"
11376,,,632510,13.0910347,79.5681748,"3HR9+C77, Salai, Tamil Nadu 632510, India"
9948,,,600095,13.07525987318318,80.16153816827543,"Citilights Meadows Block-C, Citilights Meadows, 82, Andal Ammal St, Nolambur, Ambattur Industrial Estate, Chennai, Tamil Nadu 600095, India"
11332,,,631502,12.810338,79.706283,"13A, Thandavaraya Nagar, Orikkai, Tamil Nadu 631502, India"
9187,,,600017,13.038148028520627,80.23535693833638,"21/11, Venkatanarayana Rd, T. Nagar, Chennai, Tamil Nadu 600017, India"
11260,42,Arakkonam old bus stand ,631001,13.084413291906747,79.66648627068452,"street, Arakkonam New Bus Stand Rd, behind Venkateshwara textiles, Gandhi Nagar, Arakkonam, Velakulam, Arakkonam, Tamil Nadu 631001, India"
10199,,,600019,13.166357755876376,80.30624434040799,"22/11, TSR Nagar, Tiruvottiyur, Chennai, Tamil Nadu 600019, India"
11377,,,600014,13.0587341,80.2740342,"1, Triplicane High Rd, Triplicane, Chennai, Tamil Nadu 600005, India"
10222,,,600053,13.120912708904768,80.14818700154426,"6/107, Vivek Nagar, West Krishnapuram, Ambattur, Chennai, Tamil Nadu 600053, India"
9617,,,600093,13.05347425156807,80.20129844956506,"17/7, Durai Arasan St, Kaveri Rangan nagar, Saligramam, Chennai, Tamil Nadu 600093, India"
9683,,,600087,13.042567959261488,80.1810193409055,"170, Fathima Nagar, Valasaravakkam, Chennai, Tamil Nadu 600087, India"
10725,,,600116,13.0400182,80.1532458,"4-3/3, Samayapuram Nagar, Porur, Chennai, Tamil Nadu 600116, India"
9924,,,600095,13.06430273005455,80.17188085385433,"13, Pallavan Nagar, Maduravoyal, Chennai, Tamil Nadu 600095, India"
10908,,,600037,13.0758978,80.1653348,"Block-A1, DABC AISHWARYAM, Nolambur, Ambattur Industrial Estate, Chennai, Tamil Nadu 600095, India"
9986,,,600116,13.03271545960654,80.16302447526012,"76/81, commercial block Muktha Nirman Apartments, Mount Poonamallee Rd, near Saravana provision stores, Porur, Chennai, Tamil Nadu 600116, India"
8495,,,600024,13.0537519,80.22798949999999,"Sekar Emporium Textiles Pvt.Ltd, 22, Arcot Rd, Taylor Estate, Kodambakkam, Chennai, Tamil Nadu 600024, India"
10525,9A,Nolambur ,600037,13.0789295,80.1617174,"BLOCK-1, HIGHWAY VIEW, Nolambur, Ambattur Industrial Estate, Chennai, Tamil Nadu 600037, India"
9524,,,602002,13.102488330720131,79.90832297906309,"4W35+2CP, Kumaran Nagar, Venkathur, Tamil Nadu 602002, India"
10130,,,600037,13.081120204734608,80.18446956112706,"31, Dudhiya, Pari Salai, Mogappair East, Chennai, Tamil Nadu 600037, India"
8807,,,600070,12.980807767305665,80.12274468801328,"X4JC+7XH, Pari Nagar, Anakaputhur, Chennai, Tamil Nadu 600070, India"
9573,,,600023,13.099707689274467,80.22469344163346,"No.212, Konnur High Rd, Ramanuja Nagar, Tagore Nagar, Ayanavaram, Chennai, Tamil Nadu 600023, India"
10138,,,600093,13.055748,80.1992434,"17A, Mathiyazhagan Nagar, Balaji Nagar, Saligramam, Chennai, Tamil Nadu 600092, India"
9203,,,600107,13.0708305,80.1956291,"2-29, Sriniivasa Nagar, Virrugambakkam, Virugambakkam, Chennai, Tamil Nadu 600102, India"
10323,,,600080,13.0997551,80.1788752,"Uni5, Periyar Nagar, Mannurpet, Padi, Chennai, Tamil Nadu 600080, India"
8556,37B,Karaiyanchavadi bus stop,600056,13.047748108442772,80.1133411973081,"33, DRR Nagar, Karayanchavadi, Poonamallee, Chennai, Tamil Nadu 600056, India"
9194,12,MKB Nagar,600118,13.126896838739595,80.25550169478046,"82B, TVK Link Rd, Kodungaiyur (East), Thiruvalluvar Nagar, Kodungaiyur, Chennai, Tamil Nadu 600118, India"
9532,,,600129,12.9482448,80.1896242,"2/473, 200 Feet Radial Rd, Ganapathy Nagar, Kovilambakkam, Chennai, Tamil Nadu 600129, India"
8345,,,600094,13.0636324235994,80.22873583910358,"41/14, Sherfuddin St, Thiruvalluvar Puram, Choolaimedu, Chennai, Tamil Nadu 600094, India"
10501,,,600080,13.108821761768374,80.18603811170065,"672, Street Number 28, TNHB Colony, Venkatraman Nagar, Korattur, Chennai, Tamil Nadu 600050, India"
10171,,,600099,13.13526698627168,80.21632553724825,"46P8+3J2, 30 Feet Rd, Sastry Nagar, Kolathur, Chennai, Tamil Nadu 600099, India"
11064,,,600041,12.9892237,80.2622016,"79-84, Kalakshetra Colony, Thiruvanmiyur, Chennai, Tamil Nadu 600041, India"
11241,40,"Walajabad, bus stand",631605,12.79593995186487,79.81552524869811,"QRW8+96H, 1, Mill Rd, Walajabad, Tamil Nadu 631605, India"
9541,6,Kandasamy College,600102,13.085319703299175,80.22045704649237,"85/F-20, 2nd Main Rd, Block F, Annanagar East, Chennai, Tamil Nadu 600102, India"
9073,,,600015,13.021074361284208,80.21685023090512,"23, Ramapuram Ramasamy Street, Sadullakhan Nagar, Saidapet, Chennai, Tamil Nadu 600015, India"
10799,42,"Jothi nagar stopping, Arakkonam (TK)",631003,13.0949446,79.658699,"Jothi Nagar, 1, Bharathidasan Rd, Jothi Nagar, Arakkonam, Tamil Nadu 631003, India"
10176,,,600062,13.1275845489258,80.12897905961421,"25, 10th St, West Gandhi Nagar, Vaishnavi Nagar, Thirumullaivoyal, Chennai, Tamil Nadu 600062, India"
9107,,,600101,13.087057,80.1928082,"A/A1, Mugappair Main Road, Anna Nagar, R-23, Ambattur Estate Rd, Thirumangalam, Govt Officers Colony, Chennai, Tamil Nadu 600040, India"
9158,18C,Kaduvetti ,600077,13.073706569844944,80.11216952906024,"76, Paruttippattu Rd, Senneerkuppam, Chennai, Tamil Nadu 600077, India"
10658,,,600012,13.1035823,80.2537349,"4733+9FR, Demellows Rd, Shanthi Nagar, Buckingham Carnatic Mills, Jamalia, Chennai, Tamil Nadu 600012, India"
10749,1,Ajax ,600019,13.17357989684277,80.30567217739474,"407, Thiruvottiyur High Rd, Jeevan Lal Nagar, Tiruvottiyur, Chennai, Tamil Nadu 600019, India"
8846,,,602001,13.1230558,79.9119526,"111, Egmore, Tiruvallur, Kakkalur, Tamil Nadu 602023, India"
11295,,,600088,12.9942571,80.19949299999999,"St Thomas Mount Railway Reservation Counter, Pedestrian Opas, Ramapuram, TNGO Colony, Adambakkam, Chennai, Tamil Nadu 600088, India"
10662,,,631502,12.8160004,79.69102989999999,"RM8R+GC4, SH 116, Gem Nagar, Kanchipuram, Tamil Nadu 631502, India"
10582,,,600100,12.915835448995104,80.18540984213423,"9/951, Sriram Nagar, Sivagami Nagar, Medavakkam, Chennai, Tamil Nadu 600100, India"
10474,4,Halls Road Junction,600008,13.07137242316137,80.25363261024779,"Guild of Service, Sulaiman Zackria Avenue, Egmore, Chennai, Tamil Nadu 600008, India"
8570,,,600083,13.02890570025135,80.20884998960845,"73, Viswanathapuram 3rd St, near Kasi Theatre, Anjugam Nagar, West Jafferkhanpet, Chennai, Tamil Nadu 600083, India"
9898,,,631501,12.818836862256104,79.69373748337746,"14f, Vandavasi Rd, Vedachalam Nagar Extension, Gem Nagar, Sevlimedu, Kanchipuram, Tamil Nadu 631502, India"
11072,,,600007,13.0837135,80.2545877,"37M3+FR7, Gangadeeshwar Koil St, Purasaiwakkam, Chennai, Tamil Nadu 600084, India"
11181,,,600053,13.118761,80.1635374,"5/16A, Pari Nagar, Ambattur, Chennai, Tamil Nadu 600053, India"
8247,,,600126,12.894127907097014,80.14110949050969,"38, Vinayagar Koil St, Puthur, Tiruvanchery, Agravaram, Arcot, Ranipet, Tamil Nadu 600126, India"
8473,,,600043,12.9692343,80.1502144,"Pallavaram, Chennai - Theni Hwy, Sriperumbudu, Pallavaram, Chennai, Tamil Nadu 600043, India"
8565,,,600023,13.099718,80.229782,"Joint Office, Ayanavaram Rd, United India Nagar, Ayanavaram, Chennai, Tamil Nadu 600023, India"
10584,,,600037,13.08067627129096,80.18097590784039,"J.J. Nagar East, Block 10, J J Nagar, Mogappair East, Chennai, Tamil Nadu 600037, India"
8608,,,600073,12.912331808613295,80.14310828121285,"Indira Nagar, Selaiyur, Chennai, Tamil Nadu 600073, India"
11182,,,600118,13.129201778689458,80.25893692443161,"2/20, Jawahar St, Meenambal Rd, opp. site Indian bank, Kodungaiyur (East), Krishnamoorthy Nagar, Kodungaiyur, Chennai, Tamil Nadu 600118, India"
11021,,,600094,13.065176822933791,80.21916936120608,"3689+3MP, Kamarajar Nagar, Dr.Subbarao Nagar, NGO Colony, Choolaimedu, Chennai, Tamil Nadu 600094, India"
10051,,,600076,13.1201316,80.1960924,"45CW+2F2, TVS Nagar, Korattur, Chennai, Tamil Nadu 600076, India"
11257,,,631502,12.8412201,79.7053379,"116, Sengaluneer Odai St, Periya, Kanchipuram, Tamil Nadu 631502, India"
9739,,,631003,13.097376,79.65591189999999,"Thiruthani Road Velur District Near, Bus Stand, Arakkonam, Tamil Nadu 631003, India"
10239,,,600064,12.939526578334169,80.14386604671215,"16/8, Raman St, Venkataraman Nagar, Srinivasa Nagar, Hasthinapuram, Chitlapakkam, Chennai, Tamil Nadu 600064, India"
11074,19D,Guduvanchery bus stand ,603202,12.84495025801074,80.06157811595378,"BUS STOP, Guduvancheri Bus Terminus, Kamarajapuram, Guduvancheri, Tamil Nadu 603202, India"
9175,,,600077,13.0667917,80.1361401,"348P+QF5, Perumalagaram, Thiruverkadu, Chennai, Tamil Nadu 600077, India"
8518,7C,TSK Nagar,600037,13.095097,80.185538,"No - 1, Moorthy Nagar, Padi, Chennai, Tamil Nadu 600050, India"
10628,,,600024,13.046859631385828,80.22585559148632,"158, Rangarajapuram Main Rd, Viswanatha Puram, Kodambakkam, Chennai, Tamil Nadu 600024, India"
10063,,,600037,13.0814762,80.1669512,"DR Super Market, Mogappair West Main Rd, 4th Block, Mogappair West, Ambattur Industrial Estate, Chennai, Tamil Nadu 600037, India"
10228,,,600087,13.0420346,80.18017859999999,"82, near Kesavardhini Products, Majestic Colony, Brindavan Nagar, Valasaravakkam, Chennai, Tamil Nadu 600087, India"
8334,,,600099,13.12259342276309,80.20536392209016,"72/11, Thillai Nagar, Mahavir Nagar, Kolathur, Chennai, Tamil Nadu 600099, India"
9134,,,602024,13.1272076,80.0406965,"42GR+V5W Children's play area, Nadukuthagai, Tamil Nadu 602024, India"
11294,12C,Perambur railway station,600011,13.1083605,80.2427757,"465V+C46, Paper Mills Road, Bunder Garden, Perambur, Chennai, Tamil Nadu 600011, India"
11049,,,600095,13.061450345877864,80.14385298102714,"1/29, Velappanchavadi, Poonamallee, Chennai, Tamil Nadu 600077, India"
11350,11C,Bakthavatchalam School Signal Korattur,600050,13.108872860626535,80.18353747710866,"48/644, Street Number 31, TNHB Colony, Venkatraman Nagar, Korattur, Chennai, Tamil Nadu 600050, India"
10070,10C,Villivakkam Kalpana Hotel,600049,13.102944779427125,80.20825386710501,"102/21, Mettu St, opposite Bharat Petrol Pump, Villivakkam, Chennai, Tamil Nadu 600049, India"
8378,,,600037,13.0776883,80.1785187,"81, 1st Main Rd, Thiruvalluvar Nagar, Mogappair Eri Scheme, Mogappair East, Chennai, Tamil Nadu 600037, India"
9903,5B,Kil Aynambakkam,600095,13.07763820633515,80.1467467935689,"304, S And P Main Rd, Agraharam, Kil Ayanambakkam, Chennai, Tamil Nadu 600095, India"
8554,,,600070,12.981594137718092,80.12925656048822,"80, Jawaharlal Nehru Rd, Guruswamy Nagar, Anakaputhur, Chennai, Tamil Nadu 600070, India"
8819,10C,Binny mill church,600012,13.1030607,80.2486798,"NO,38, 70, Krishnadoss Rd, Shanthi Nagar, Mangalapuram, Jamalia, Chennai, Tamil Nadu 600012, India"
10690,,,600056,13.037931889926416,80.13540096439189,"8/59, Mount Poonamallee Rd, Ramachandra Nagar, Iyyappanthangal, Chennai, Tamil Nadu 600056, India"
10152,,,600023,13.09764853069331,80.23932991332178,"21, Ayanavaram Rd, ICF South Colony, Venkatesapuram Colony, Ayanavaram, Chennai, Tamil Nadu 600023, India"
8829,36C,PORUR BRIDGE DOWN,600116,13.0379233,80.15550499999999,"4, 29, Pillaiyar Koil St, Karambakkam, Buddhar Colony, Porur, Chennai, Tamil Nadu 600116, India"
9576,,,600041,12.995102904767826,80.2567392269164,"69, Marudeeswarar Nagar, Indira Nagar, Thiruvanmiyur, Chennai, Tamil Nadu 600041, India"
10073,,,600116,13.0324123,80.1640371,"106, Mount Poonamallee Rd, Porur, Chennai, Tamil Nadu 600116, India"
9864,,,600099,13.122590175808709,80.20536453346507,"72/11, Thillai Nagar, Mahavir Nagar, Kolathur, Chennai, Tamil Nadu 600099, India"
8880,,,600045,12.9183309,80.1040514,"2, West Tambaram, Irumbuliyur, Chennai, Tamil Nadu 600045, India"
8664,,,600068,13.172672294210496,80.24700238391304,"672, Bharathi Nagar, Chinna Mathur, Mathur, Tamil Nadu 600068, India"
10986,,,600056,13.043718,80.09773299999999,"25A, Raja Nagar, Lakshman Nagar, Poonamallee, Chennai, Tamil Nadu 600056, India"
9912,,,600096,13.0751132,80.1956054,"Rohini Theatre, Poonamalle High Road, Virrugambakkam, கோயம்பேடு, Koyambedu, Chennai, Tamil Nadu 600107, India"
9160,,,600091,12.962333637119118,80.19523965701255,"665, 6th St, Karthikeyapuram, Madipakkam, Chennai, Tamil Nadu 600091, India"
10126,,,600050,13.108555124813131,80.18354106511379,"8A, Street Number 31, TNHB Colony, Venkatraman Nagar, Korattur, Chennai, Tamil Nadu 600050, India"
9842,34B,Kattupakkam ,600056,13.040966229780858,80.12750691082682,"2/47, Mount Poonamallee Rd, Swaminatha Nagar, Kattupakkam, Chennai, Tamil Nadu 600056, India"
11259,578,Poonamallee,600056,13.0451473,80.096208,"29, Shrishti Sai Nagar Layout, Sirdi Sai Nagar, Poonamallee, Chennai, Tamil Nadu 600056, India"
11187,,,600059,12.918071881968888,80.10933038718903,"W495+6PJ, Suddhananda Bharathi St, Ganapathipuram, East Tambaram, Irumbuliyur, Chennai, Tamil Nadu 600059, India"
11015,,,600122,13.0263641,80.1084877,"24G5+G9R, Melma Nagar, Mangadu, Chennai, Tamil Nadu 600122, India"
8448,33C,Nesapakkam,600089,13.0310159,80.1873942,"17, 17th St, Sakthi Nagar, GR Nagar, West Jafferkhanpet, Chennai, Tamil Nadu 600078, India"
9382,,,600116,13.0324123,80.1640371,"106, Mount Poonamallee Rd, Porur, Chennai, Tamil Nadu 600116, India"
9302,,,602024,13.121420119912612,80.03761585622685,"42CP+FR, Thiruninravur, Tamil Nadu 602024, India"
11101,,,600077,13.070597,80.1208862,"5, Sivan Kovil Rd, Sri Ganapathy Nagar, Thambusamy Nagar, Thiruverkadu, Tamil Nadu 600077, India"
8868,,,631502,12.849551777489234,79.69295393208725,"17, Oilmohammadpettai, Pillaiyarpalayam, Kanchipuram, Tamil Nadu 631502, India"
10954,,,632510,13.090216911926465,79.57004342835236,"MDR792, Perumalrajapet, Tamil Nadu 632510, India"
10535,,,600087,13.045365531381334,80.1708842814247,"23-82, Alapakkam 6th St, Kamakshi Nagar, Valasaravakkam, Chennai, Tamil Nadu 600087, India"
9448,,,602024,13.1241375,80.0446406,"No. 12, Thiruninravur, Janaki Nagar, Thiruninravur, Tamil Nadu 602024, India"
8821,,,631501,12.8379575,79.7024005,"32-I/114, Bavaji Nagar, Pillaiyarpalayam, Kanchipuram, Tamil Nadu 631502, India"
11370,,,631502,12.807749238903138,79.71218175496698,"100, Sekkizhar St, Nethaji Nagar, Kanchipuram, Orikkai, Tamil Nadu 631501, India"
10256,,,600037,13.0745961,80.17605689999999,"VGN Ferndale, Vgn Ferndale, VGN Ferndale Apartments, 440/6, Padma Street, VGN Avenue Phase 2, Mogappair Eri Scheme, Mogappair, Chennai, Tamil Nadu 600037, India"
9522,,,600061,12.976012,80.1826679,"159, Hindu Colony 2nd Main Rd, Hindu Colony, Nanganallur, Chennai, Tamil Nadu 600061, India"
8519,17A,Manavalanagar Railway Station,602002,13.0931484,79.7611911,"2/435, Harichandrapuram, Tamil Nadu 631210, India"
10007,23,Kovilambakkam,600129,12.9436859,80.1828429,"3773, Medavakkam Main Rd, Rose Nagar, Kovilambakkam, Chennai, Tamil Nadu 600129, India"
8724,,,600053,13.122763863489942,80.1462423562794,"495, Madras Thiruvallur High Rd, Vardharajapuram, Venkatapuram, Vijayalakshmi Puram, Ambattur, Chennai, Tamil Nadu 600053, India"
8583,24,Ranga theater ,600114,12.981771945400704,80.18147072507642,"14/16, Venugopalapuram, Kanakammal Colony, Nanganallur, Chennai, Tamil Nadu 600061, India"
11247,20A,Rajakilpakkam,600073,12.914057123434016,80.1553184874621,"46A, VGP Srinivasa Nagar North, Madambakkam, Chennai, Rajakilpakkam, Tamil Nadu 600126, India"
10409,,,600062,13.13970527240292,80.10405375881275,"Kovilpadagai, Poompozhil Nagar Phase II, Poompozhil Nagar, Avadi, Tamil Nadu 600062, India"
10289,13A,Mannurpet ,600050,13.1006756,80.1726845,"23, Manikkam Pillai St, Periyar Nagar, Mannurpet, Korattur, Chennai, Tamil Nadu 600050, India"
10512,,,600117,12.961041340109157,80.18535939401828,"X56P+94J, Jayalakshmi St, Sai Nagar, Gandhi Nagar, Keelkattalai, Chennai, Tamil Nadu 600091, India"
9765,,,600095,13.071366489002749,80.16865476332262,"DABC Abhinayam Phase 1, Shakti Nagar 2nd Ave, D.A.B.C. Abhinayam Phase I, Nolambur, Ambattur Industrial Estate, Chennai, Tamil Nadu 600095, India"
11321,,,600107,13.069447,80.181378,"1/98, Nh48, Pallavan Nagar, Nerkundram, Chennai, Tamil Nadu 600107, India"
9526,,,600032,13.0038717,80.21100729999999,"11, Chakrapani Rd, Ramapuram, Narasinga Colony, Maduvinkarai, Guindy, Chennai, Tamil Nadu 600032, India"
9542,6,Hot chips,600040,13.0850088,80.2031159,"C44 12th Main Road, 2nd Ave, Anna Nagar, Anna Nagar West, Anna Nagar, Chennai, Tamil Nadu 600040, India"
9933,,,600117,12.956685798765946,80.18346154541013,"15, Gandhi Main Rd, AG'S Office Colony, Thiruvalluvar Nagar, Chennai, Tamil Nadu 600043, India"
8820,,,600040,13.087081,80.1979442,"Thirumangalam EB Office, Ambattur Estate Rd, Gaingaiammaannagar, Natarajan Nagar, Thirumangalam, Chennai, Tamil Nadu 600050, India"
8739,42A,Illuppaithandalam gate,631151,13.01374052631685,79.67566311820556,"2M7G+G4W, Kanchipuram - Thirupathi Hwy, Poyyapakkam, Tamil Nadu 631151, India"
8869,,,600056,13.0378524,80.1350401,"Iyyappanthangal, Iyyappanthangal, Chennai, Tamil Nadu 600056, India"
10646,,,600056,13.046604710332828,80.11178703932228,"5, Poonamallee - Avadi High Rd, Karayanchavadi, Poonamallee, Chennai, Tamil Nadu 600056, India"
8436,,,600126,12.891169321974578,80.14071955111272,"Meppadu Hospital, Agaram Main Rd., Puthur, Secretariat Colony, Tiruvanchery, Selaiyur, Chennai, Tamil Nadu 600126, India"
8267,12,Ambedkar arts college vyasarpadi ,600039,13.11830968214639,80.25957986089556,"204, MKB Nagar, Nehru Nagar, Vyasarpadi, Chennai, Tamil Nadu 600039, India"
9095,,,600077,13.0667604169545,80.13579171328628,"Perumalagaram, Perumalagaram, Thiruverkadu, Chennai, Tamil Nadu 600077, India"
9295,,,600093,13.0476829,80.1998366,"48, Arcot Road, Muthukumarappa St, Velayutham Colony, Saligramam, Chennai, Tamil Nadu 600093, India"
9076,,,600037,13.084807,80.175697,"12-171, Paneer Nagar Main Rd, near Vayal Organic Store, Paneer Nagar, Mogappair, Chennai, Tamil Nadu 600037, India"
11089,,,600071,13.089176861809229,80.10874608636794,"34Q5+MF Avadi, Tamil Nadu, India"
11065,3,"Gangadheeswaran koil Street ,purasaiwalkam ",600084,13.08440403921522,80.25470633596997,"no 113, Gangadeeshwar Koil St, Purasaiwakkam, Chennai, Tamil Nadu 600084, India"
9547,12B,Welding Shop,600099,13.12311424057462,80.22294209000913,"19, Sri Ganapathi Rao Nagar, Kolathur, Chennai, Tamil Nadu 600099, India"
9183,,,600116,13.01967885670752,80.13952132485531,"9, Sri Ranga Nagar, Sri Ranara Nagar, Moulivakkam, Chennai, Tamil Nadu 600125, India"
10641,,,600099,13.125595518168192,80.19660620428908,"16, Varasakthi Nagar, Annex, Kolathur, Chennai, Tamil Nadu 600099, India"
11040,,,600070,12.983206315465846,80.12780896856576,"Anakaputhur Amman Kovil, Mutharulandi Nagar, Anakaputhur, Chennai, Tamil Nadu 600070, India"
8986,,,600069,12.988317529891775,80.11786912596672,"11, Jawaharlal Nehru Rd, Kollachery, Manikandan Nagar, Tiruneermalai, Chennai, Tamil Nadu 600069, India"
8891,18c,Vathal thottam,600056,13.062204056012176,80.11302338005582,"3/782, Senneer Kuppam, Chennai, Tamil Nadu 600077, India"
9416,,,600056,13.056365877474583,80.09715510286406,"Ashok Leyland, Muthamil Nagar, Maran Nagar, Chennai, Tamil Nadu 600056, India"
11310,26,Triplicane ice house ,600005,13.0524579424357,80.27808408719986,"38/22, Narayana Krishnaraja Puram, Triplicane, Chennai, Tamil Nadu 600005, India"
10261,,,602024,13.093828404718138,80.00869162637657,"Periya Kottamedu, Tamil Nadu 602024, India"
11226,,,602105,12.965676660572743,79.9453187647125,"2, Ramanujar Nagar, Sriperumbudur, Tamil Nadu 602105, India"
9908,,,600060,13.143020482382497,80.23532506130041,"Alex Nagar Road, 139, Madavaram Red Hills Rd, Kanchi Ponnusamy Thottam, Madhavaram, Chennai, Tamil Nadu 600060, India"
8505,,,631003,13.0907982,79.6582794,"3MR5+78J, Gandhi Nagar, Arakkonam, Tamil Nadu 631003, India"
10207,,,600107,13.06524133599846,80.20810602970937,"B-1, SAF Games Village, Annai Sathya Nagar, Koyambedu, Chennai, Tamil Nadu 600107, India"
10109,,,602001,13.125420352702578,79.91111590651491,"4WG6+5FV, JN Rd, Tiruvallur, Kakkalur, Tamil Nadu 602001, India"
11121,24,Pazhavanthangal road junction ,600114,12.987871932670345,80.18531303358343,"Pazavanthangal Road Jn, Krishnaswamy Street, Pazavanthangal, Chennai, Tamil Nadu 600114, India"
10443,17B,Opp to LIC,602001,13.125409679083653,79.91107294381979,"170, JN Rd, opp. to LIC, Poonga Nagar, Kakkalur, Tamil Nadu 602001, India"
8341,,,600053,13.131712575765546,80.15896472294804,"The Illam, 246, Palaniappa Nagar, Pudur, Ambattur, Chennai, Tamil Nadu 600053, India"
10364,14C,Madhavaram old bus stand,600060,13.1479319,80.2309647,"No:380, Bazaar St, Corporation zone 3, Rajaji Nagar, Madhavaram, Chennai, Tamil Nadu 600060, India"
8624,,,600019,13.167826,80.3043618,"No:758/386, Thiruvottiyur High Rd, Periyar Nagar, Tiruvottiyur, Chennai, Tamil Nadu 600019, India"
10930,,,600126,12.900128065963417,80.14685498634843,"Plot No. 14, Yeshwanth Nagar 4th St, near Malleswari Nagar 9th Street, Jaiwanthpuram, Yeswanth Nagar, Madambakkam, Chennai, Tamil Nadu 600126, India"
11340,20E,Sanatorium TB Hospital ,600047,12.9427442979969,80.13359624780472,"Plot No 15, GST ROAD, TAMBARAM SANATORIUM, opp. TB HOSPITAL, Kamakshi Colony, Chromepet, Chennai, Tamil Nadu 600047, India"
10967,20C,"Ponniamman kovil, Madipakkam ",600091,12.968977441731791,80.19554613870058,"41-21, 41-21, Kannagai St, Karunanithi Puram, Amman Nagar, Madipakkam, Chennai, Tamil Nadu 600088, India"
8470,,,600038,13.1004657,80.21425479999999,"ICF Post Office, ICF HOSPITAL, ICF West Colony, Villivakkam, Chennai, Tamil Nadu 600038, India"
8564,9B,MOGAPPAIR WEST WATER TANK ROAD,600037,13.0815707,80.1729108,"563, Kavimani St, Brindawan Colony, Mogappair, Chennai, Tamil Nadu 600037, India"
9988,,,600063,12.8935386,80.1184316,"V4V9+C97, SSM Nagar, Alappakam, New Perungalathur, Chennai, Tamil Nadu 600063, India"
11073,21,Alandur court,600016,12.99620610583922,80.19424198679559,"X5WV+GM5, Hoffman 1st St, Ramapuram, Thiruvalluvar Nagar, Alandur, Chennai, Tamil Nadu 600016, India"
8187,,,600116,13.0248793,80.1576492,"390/97, Udaya Nagar Extension, Porur, Chennai, Tamil Nadu 600116, India"
8808,,,600024,13.054096,80.23093279999999,"363J+H7Q, Taylor Estate, Kodambakkam, Chennai, Tamil Nadu 600024, India"
10961,,,600116,13.038215633633111,80.16608678709879,"9-12, near VNH Naidu Hall The Family Store - Valasaravakkam, Sai Nagar, Chennai, Tamil Nadu 600116, India"
9535,,,632510,13.09626178355995,79.52467498022651,"3GWF+FWJ, Jyotipuram, Paranji, Tamil Nadu 632510, India"
8678,,,631003,13.0958211,79.6661669,"3MW8+8CP, Ganesh Nagar 6th St, Ganesh Nagar, Arakkonam, Tamil Nadu 631003, India"
11152,20E,Sanatorium TB Hospital,600047,12.942720269949566,80.13360651583318,"Plot No 15, GST ROAD, TAMBARAM SANATORIUM, opp. TB HOSPITAL, Kamakshi Colony, Chromepet, Chennai, Tamil Nadu 600047, India"
10089,,,600056,13.0474559,80.12045859999999,"Alaka Palazzo, Nagalakshmi Nagar, Goparasanallur, Chennai, Tamil Nadu 600056, India"
9493,,,600053,13.122610241049124,80.15414713384007,"4/1, Natesa St, Vijayalakshmi Puram, Ambattur, Chennai, Tamil Nadu 600053, India"
8493,,,602025,13.1252341,79.96606609999999,"SEVVAPET ROAD ,RAILWAY TICKET COUNTER, Sevvapet, Tamil Nadu 602025, India"
10369,,,600095,13.061330033263456,80.1515697975144,"27, Poonamallee High Rd, near Srivaaru Kalyanamandapam Traffic Signal, Ganapathy Nagar, Vanagaram, Chennai, Tamil Nadu 600095, India"
11122,,,600052,13.1946383,80.1919426,"41, balaji garden, Red Hills, Chennai, Padianallur, Tamil Nadu 600052, India"
10110,30,Sai nagar,600092,13.059865724643917,80.19547023237322,"7a, 1st Main Rd, Sri Venkatesh Nagar, Sai Nagar, Virugambakkam, Chennai, Tamil Nadu 600092, India"
11205,,,600118,13.129784,80.2514429,"47H2+WGX, 87, 1st Main Rd, Kodungaiyur (East), MR Nagar, Kodungaiyur, Chennai, Tamil Nadu 600118, India"
10123,9b,Mogappair Water Tank Road,600037,13.0815707,80.1729108,"563, Kavimani St, Brindawan Colony, Mogappair, Chennai, Tamil Nadu 600037, India"
10264,25C,Besant nagar Rajaji Bhavan,600090,13.003231485056393,80.26879224070859,"Rajaji Bhavan, Besant Nagar, Chennai, Tamil Nadu, India"
11135,,,600049,13.1124555,80.2017349,"18/7, Annex, North Jagannatha Nagar, Villivakkam, Chennai, Tamil Nadu 600049, India"
9303,,,600118,13.136390165546723,80.25538982464523,"29, Tondiarpet High Rd, Selva Perumal, Chinnandimadam Nagar, Kodungaiyur, Chennai, Tamil Nadu 600118, India"
9881,,,600056,13.04872516344415,80.10370481822861,"19/34, Sri Nagar, Mullai Thottam, Poonamallee, Chennai, Tamil Nadu 600056, India"
8443,,,602001,13.1247433,79.9133265,"4WF7+R8H, Pallavan St, Hariram Nagar, Poonga Nagar, Kakkalur, Tamil Nadu 602001, India"
11186,,,600062,13.1307405,80.1314386,"41A, Arunanagar, Pachaiamman Nagar, Thirumullaivoyal, Chennai, Tamil Nadu 600062, India"
10454,37C,Poonamallee ambedkar statue,600056,13.0459842,80.1002762,"62, Sarthi Nagar, Poonamallee, Chennai, Tamil Nadu 600056, India"
10920,,,600106,13.0709284,80.2101763,"No. 1, Panchali Amman Koil Street, Kannappa Nagar, Arumbakkam, Chennai, Tamil Nadu 600106, India"
11091,,,631561,12.873657791082492,79.74278422154912,"NH-48, Madras Bombay Trunk Rd, Vedal, Tamil Nadu 631561, India"
9783,,,600093,13.0494007,80.20301409999999,"3, Arunachalam Rd, Velayutham Colony, Saligramam, Chennai, Tamil Nadu 600093, India"
8375,,,600125,13.02261637574739,80.1462159018177,"3, Kundrathur Main Rd, Shanmuga Nagar, Porur, Chennai, Tamil Nadu 600125, India"
9546,16A,Kallikuppam ,600053,13.1314403,80.1740275,"36/15, Muthtamil Nagar, Korattur, Chennai, Tamil Nadu 600053, India"
9291,,,600053,13.121074671860416,80.14852540400403,"455, Madras Thiruvallur High Rd, Vivek Nagar, OT, Ambattur, Chennai, Tamil Nadu 600053, India"
9042,,,600124,13.0477727,80.0525656,"23X2+4X Block G, Thirumazhisai, Tamil Nadu 600124, India"
11326,,,631502,12.844986353422584,79.69667124391692,"RMVW+XJV, SH58, Periya, Kanchipuram, Tamil Nadu 631502, India"
9166,,,600058,13.091690390493952,80.14530199947505,"104, Seetha Patabi Nagar, ICF Employees Colony, Ambattur, Chennai, Tamil Nadu 600077, India"
11202,,,600069,12.995913543040606,80.1098480324694,"X4W5+9W3, Paraniputhur, Chennai, Tamil Nadu 600069, India"
11345,,,600015,13.023761456848618,80.22119803218956,"46/75, Koothaadum Pillayar Koil St, Suriyammapet, Saidapet, Chennai, Tamil Nadu 600015, India"
9580,,,600053,13.122804215240404,80.14893641673056,"No.1, Ambattur Flats, Ambattur Red Hills Rd, near to Ponnu Super Market, Vardharajapuram, Vijayalakshmi Puram, Ambattur, Chennai, Tamil Nadu 600053, India"
10998,,,600132,12.9403008,80.0705199,"W3RC+557, Dharkast, Tamil Nadu 600132, India"
10973,,,600126,12.8846194,80.1297523,"Plot No: G2, 2nd Main Road, Sri Sai Avenue, Mappedu, Chennai, Tamil Nadu 600126, India"
9928,,,600073,12.922377398452497,80.14157678498992,"225, Velachery Rd, Selaiyur, Chennai, Tamil Nadu 600073, India"
8722,,,600099,13.126014442133028,80.20697479084387,"46G4+9QW, Jawaharlal Nehru Salai, Ambedkar Nagar, Kolathur, Chennai, Tamil Nadu 600099, India"
11076,,,602024,13.134859,80.0042175,"46, EB Colony, Thiruvel Murugan Nagar, Veppambaattu, Tamil Nadu 602024, India"
9850,,,631502,12.8125535,79.7087387,"18/220, Venkateswara Nagar, Sivapuram, Kanchipuram, Tamil Nadu 631501, India"
9667,,,631502,12.848269,79.7070898,"RPX4+8V7, Iyankaran Nagar, Konerikuppam, Tamil Nadu 631502, India"
11307,,,600078,13.0380448,80.1927267,"1052, Munusamy Salai, KK Nagar West, Nesapakkam, Chennai, Tamil Nadu 600078, India"
9780,18,HINDU COLLEGE,600072,13.121002601526037,80.05326102368164,"43C3+JH6, Chennai - Tiruvallur High Rd, Pattabiram, Tamil Nadu 600072, India"
9272,,,600071,13.09371475466786,80.10845765146298,"34V5+FCJ, Avadi Rd, Paruthippattu, Indira Nagar, Avadi, Tamil Nadu 600071, India"
10899,,,600073,12.920887,80.163984,"33, Tiruvalluvar St, Sivagami Nagar, Gowriwakkam, Sembakkam, Chennai, Tamil Nadu 600073, India"
10230,,,600058,13.092359146383124,80.15360875578757,"23/31, Athipet, Attipattu, Ambattur, Chennai, Tamil Nadu 600058, India"
8904,,,600007,13.043046180458347,80.19830844452812,"20/608, 51st St, Sector 9, K. K. Nagar, Chennai, Tamil Nadu 600078, India"
10186,,,631051,12.977770959209092,79.62207585541874,"XJHC+5PQ, Tamil Nadu 631051, India"
11213,18D,Ajeya stadium avadi,600062,13.13848029011424,80.11121024952006,"44Q6+9F7, Poompozhil Nagar Phase I, Poompozhil Nagar, Avadi, New Vellanur, Tamil Nadu 600062, India"
9744,,,600077,13.0823253,80.1116375,"RMK Chola Gardens, Gate No. 2, (J - Block, Sundaracholapuram Rd, Thiruverkadu, Chennai, Tamil Nadu 600077, India"
8883,20A,Outer ring road madanapuram ,600048,12.9157224,80.0746894,"W38F+8VM, Mudichur, Tamil Nadu 600048, India"
11191,,,600062,13.1354472,80.1282681,"Jesu Illam, 8, Subramanya Bharathi Nagar, Thirumullaivoyal, Chennai, Tamil Nadu 600062, India"
10699,,,600091,12.977989497191896,80.20410975114366,"Balaji Nagar, Vanuvampet, Madipakkam, Chennai, Tamil Nadu, India"
10538,,,600062,13.129519047244091,80.12503193087464,"Vaishnavi Nagar, Chennai - Tiruttani Hwy, Siva Sankarapuram, Santhipuram, Thirumullaivoyal, Chennai, Tamil Nadu 600109, India"
11090,16C,Pudur,600053,13.1356393,80.1628717,"25/4, 19th Ave, Banu Nagar, Chennai, Tamil Nadu 600053, India"
9259,,,600053,13.128543044754489,80.16110046816296,"2/11, Min Nagar, Pudur, Ambattur, Chennai, Tamil Nadu 600053, India"
9278,,,600087,13.0417017,80.1757876,"33a, Arcot Rd, Rajaji Avenue, Valasaravakkam, Chennai, Tamil Nadu 600087, India"
10586,,,600082,13.1141389,80.2243742,"29, Karthikeyan Rd, Periyar Nagar West, Perambur, Chennai, Tamil Nadu 600082, India"
10004,,,600012,13.106820193229469,80.24798897054747,"57-34, Perambur High Rd 1st St, Shanthi Nagar, Desia Colony, Jamalia, Chennai, Tamil Nadu 600007, India"
11347,,,600062,13.13098181528593,80.12931810088044,"44JH+9Q4, Santhipuram, Cholambedu, Chennai, Tamil Nadu 600062, India"
10762,,,600011,13.1169204,80.2464124,"47, Car Nagar, Perambur, Chennai, Tamil Nadu 600011, India"
11060,,,600087,13.040709819336428,80.17219690618128,"158, Arcot Rd, near corporation office, opposite Tamil Nadu, Subramanya Swamy Nagar, Valasaravakkam, Chennai, Tamil Nadu 600087, India"
10966,,,600125,13.0161063,80.1813822,"Navin's Jayaram Garden, 2/514, Ambedkar Nagar Main Rd, Ramapuram, Parthasarathy Nagar, Manapakkam, Chennai, Tamil Nadu 600089, India"
9536,,,600012,13.097944394032597,80.2513254408589,"Otteri Bridge, Brick Kiln Rd, TNHB Colony, Purasaiwakkam, Chennai, Tamil Nadu 600012, India"
9572,22,Murugan kalayanamandabam,600042,12.98408636923818,80.21800278404433,"No. 1, Velachery Bypass Rd, Rajalakshmi Nagar, Velachery, Chennai, Tamil Nadu 600042, India"
10576,,,600087,13.04202787410986,80.180300587628,"1a, near Kesavardhini Products, Majestic Colony, Valasaravakkam, Chennai, Tamil Nadu 600087, India"
9680,,,600080,13.108223938174495,80.18375433552067,"Central Avenue, Street Number 31, TNHB Colony, Venkatraman Nagar, Korattur, Chennai, Tamil Nadu 600098, India"
10955,11C,Bakthavatchalam school signal ,600080,13.108220913013,80.18361348848924,"Central Avenue, Street Number 31, TNHB Colony, Venkatraman Nagar, Korattur, Chennai, Tamil Nadu 600098, India"
10108,25C,Besant Nagar,600090,12.9927524,80.2692275,"4, Coastal Rd, Kalakshetra Colony, Besant Nagar, Chennai, Tamil Nadu 600090, India"
8941,,,600082,13.12176212125355,80.2247540618173,"10-121, Poompuhar Nagar 7th Cross St, Peravallur, Kolathur, Chennai, Tamil Nadu 600011, India"
8279,,,600044,12.94893482492574,80.16425020533896,"W5X7+HM9, Annai Teresa St, Iswarya Nagar, Nemilichery, Chromepet, Chennai, Tamil Nadu 600044, India"
11104,,,600097,12.944955317998367,80.23863074708251,"10, Rajiv Gandhi Salai, Customs Colony, Ellaiamman Nagar, Thoraipakkam, Chennai, Tamil Nadu 600097, India"
10988,,,600005,13.0655639,80.2721814,"50/41, Mukthurunnisa Begum Ave, Ellis Puram, Padupakkam, Triplicane, Chennai, Tamil Nadu 600014, India"
8969,10,Podikadai bus stop,600012,13.097942569335476,80.25092268685702,"Otteri, TNHB Colony, Purasaiwakkam, Chennai, Tamil Nadu 600012, India"
10459,,,600106,13.071259450055834,80.21410816275895,"Mettu St, Rani Annanagar, 106, near Indian Bank, Branch, Arumbakkam, Chennai, Tamil Nadu 600106, India"
10394,,,600093,13.057733955647953,80.20166632002498,"26-40, KK Salai, Devraj Nagar, Annamalai Colony, Chennai, Tamil Nadu 600093, India"
8600,,,600056,13.040791,80.0922856,"23, SP Ave Cross St, Shrishti Sai Nagar Layout, Poonamallee, Chennai, Tamil Nadu 600056, India"
10539,37B,"National Institute for the Visually Handicapped , Poonamallee",600056,13.045903916747266,80.1057616557476,"32A, Lakshmi Nagar, Poonamallee, Chennai, Tamil Nadu 600056, India"
9718,,,600082,13.114457284598464,80.2244261883408,"40-127, 40-127, Karthikeyan Rd, Periyar Nagar West, Perambur, Chennai, Tamil Nadu 600049, India"
11097,18C,Avadi market,600054,13.1149238,80.1034375,"Alpha Lotus Tower Block-3, ALPHA LOTUS TOWER, Vivekananda Nagar, TNHB Mig V Block, Avadi, Tamil Nadu 600054, India"
9004,1C,GH (Rajiv Gandhi Hospital),600003,13.0855524,80.2775143,"53, Nyniappa St, Edapalaiyam, Park Town, Chennai, Tamil Nadu 600003, India"
11367,597,Karayanchavadi bus stand,600056,13.048369044116944,80.10804376020452,"24X5+95W, Ms Viswanathan Nagar, Karayanchavadi, Chennai, Tamil Nadu 600056, India"
8245,18A,JB estate ,600054,13.10989123599922,80.1061949644268,"Plot No. 1681, Vivekananda Nagar, TNHB Mig V Block, Avadi, Chennai, Tamil Nadu 600054, India"
9582,24,Independence park,600061,12.9777778,80.1877741,"mangayar karasi nagar, Nanganallur, 46th St, near Bank of India, I Cross Extension, Nanganallur, Chennai, Tamil Nadu 600061, India"
9274,,,600118,13.129791105154492,80.26022173117431,"17/63, Kodungaiyur (East), Krishnamoorthy Nagar, Kodungaiyur, Chennai, Tamil Nadu 600118, India"
9082,,,600081,13.1251842,80.289183,"67QF+QMF, 42, Thiruvottiyur High Rd, Sanjeevarayanpet, Tondiarpet, Kodakarai, Chennai, Tamil Nadu 600120, India"
8818,22,Tanci Nagar,600042,12.976527465473096,80.22760459801198,"Fire Station, 9, Sastri St, behind Velachery, Annai Indira Nagar, Anna Nagar Extension, Velachery, Chennai, Tamil Nadu 600042, India"
10059,5B,Shrivari signal ,600077,13.061374327339967,80.15141108779079,"Spr chennai food court, 76, 112, Poonamallee High Rd, Ganapathy Nagar, Vanagaram, Chennai, Tamil Nadu 600095, India"
9372,23B,Pallavaram,600043,12.96647216628324,80.14880791615694,"32, Grand Southern Trunk Rd, near Hotel Manickam Grand, Subramaniya, Pallavaram, Chennai, Tamil Nadu 600043, India"
10200,,,600037,13.0808045,80.16447629999999,"Plot No 3, Phase 1, 1st Ave, Mogappair West Main Rd, near French Loaf, next to SBI Bank, Nolambur, Ambattur Industrial Estate, Chennai, Tamil Nadu 600037, India"
11300,,,632508,12.900772195497092,79.46048756013212,"Kaveripakkam Bus Stand, NH 46, Kaveripakkam, Tamil Nadu 632508, India"
11002,,,600053,13.1167153,80.1592068,"5, Prithvi Pakkam, Ambattur, Chennai, Tamil Nadu 600053, India"
9492,,,600019,13.166202295509448,80.30164362029127,"5882+FP6, SP Koil 1st St, Sornam Nagar, Tiruvottiyur, Chennai, Tamil Nadu 600019, India"
11353,1,Murugappa Nagar,600057,13.185017297002522,80.30270350710131,"32, Manali High Rd, Mullai Nagar, Ernavur, Tiruvottiyur, Chennai, Tamil Nadu 600057, India"
10922,,,631502,12.849602,79.6929467,"17, Oilmohammadpettai, Pillaiyarpalayam, Kanchipuram, Tamil Nadu 631502, India"
9601,,,600087,13.0425229,80.18174789999999,"4, Arcot Rd, Janaki Nagar, Alwartirunagar, Valasaravakkam, Chennai, Tamil Nadu 600087, India"
10101,13C,Grace Super Market,600099,13.1187562,80.2077881,"No. 5 janakiraman Reddy colony, Villivakkam, Ganesh Nagar, Villivakkam, Chennai, Tamil Nadu 600049, India"
8769,23,ullagaram,600091,12.972616815788252,80.19280569660113,"Vimala Garden, 13/10, Puzhuthivakkam Main Road, Puzhuthivakkam, Madipakkam, Chennai, Tamil Nadu 600091, India"
11358,,,600099,13.1215898,80.2025209,"75a, 13th Cross St, Periyarnagar, Senthil Nagar, Kolathur, Chennai, Tamil Nadu 600099, India"
10311,9C,"Toni and Guy, Nolumbur",600037,13.0831094,80.1612815,"35M6+7F5, Mel Ayanambakkam, Ambattur Industrial Estate, Chennai, Tamil Nadu 600058, India"
11212,,,600053,13.1143212,80.15447429999999,"4573+PQH, Ambattur, Chennai, Tamil Nadu 600053, India"
10697,,,631502,12.815644948922566,79.69765190869852,"RM8X+832, Gem Nagar, Kanchipuram, Tamil Nadu 631502, India"
8737,26C,Kalaignar Arch,600015,13.0182115,80.2198732,"3, Abith Colony Main Rd, Abith Colony, Industrial Area, Saidapet, Chennai, Tamil Nadu 600015, India"
11201,16A,Wireless,600053,13.131838796486514,80.16534315323503,"West Balaji Nagar, Kallikuppam, Ambattur, Chennai, Tamil Nadu 600053, India"
8896,,,600030,13.08172195345425,80.21947411874086,"10/9, Crescent Rd, Kumaran Nagar, Block A, A Block, Annanagar East, Chennai, Tamil Nadu 600030, India"
10977,,,600031,13.0724569,80.2464372,"10/11/2, Dhanamal St, MKB Nagar, M.S. Nagar, Mukta Gardens, Chetpet, Chennai, Tamil Nadu 600031, India"
10180,,,600094,13.066922252567949,80.21821144191615,"4/17, Brindavan Colony Rd, Kamarajar Nagar, Mangala Nagar, Azad Nagar, Choolaimedu, Chennai, Tamil Nadu 600094, India"
8502,,,600010,13.089936573243383,80.24433474099999,"62/159, Nallaiah Naidu St, A K Swamy Nagar, Kilpauk, Chennai, Tamil Nadu 600010, India"
8688,,,600099,13.123731678076645,80.2029819342619,"Senthil Nagar, SH 2, Periyarnagar, Sivananda Nagar, Kolathur, Chennai, Tamil Nadu 600099, India"
9465,,,600088,12.987456160401424,80.20390350926209,"13, Mohanapuri 2nd St, V V Colony, Pramesh Nagar, Adambakkam, Chennai, Tamil Nadu 600088, India"
10832,,,600039,13.12485559050986,80.25916684752805,"No.1, 1st Main Road, 15th West Cross St, MKB Nagar, Mahakavi Bharathiyar Nagar West, Mahakavi Bharathi Nagar, Vyasarpadi, Chennai, Tamil Nadu 600039, India"
9529,3C,Shenoy Nagar metro / Shenoy Nagar bus stop,600030,13.077368,80.2223815,"24/28, Gajalakshmi Colony, Kathiravan Colony, Shenoy Nagar, Chennai, Tamil Nadu 600030, India"
11025,,,600092,13.0607348,80.190539,"10, Chithirai St, Chinmaya Nagar, Ramalinga Nagar, Virugambakkam, Chennai, Tamil Nadu 600092, India"
9109,,,600011,13.11373979919333,80.2355011057262,"Venus Theatre, Gopal Colony, Perambur, Chennai, Tamil Nadu 600011, India"
9015,,,600004,13.0400833,80.2721408,"23, Rakkiappa St, Slaterpuram, Mylapore, Chennai, Tamil Nadu 600004, India"
8758,,,600089,13.02108777043412,80.18355865152859,"4, Mount Poonamallee Rd, Parthasarathy Nagar, Ramapuram, Chennai, Tamil Nadu 600089, India"
8376,,,602105,12.916895402779156,79.93251816719274,"Therasapuram, Automotive Corridor, Tamil Nadu 602105, India"
10570,,,600077,13.045778684687344,80.13840267587759,"24WQ+897, 1st Main Rd, Phase 3, Padmavathi Nagar, Iyyappanthangal, Chennai, Tamil Nadu 600077, India"
10336,,,600084,13.085740082528517,80.25605772857256,"No: 19/10, Ponappa St, Pennagaram, Purasaiwakkam, Chennai, Tamil Nadu 600084, India"
9241,,,600053,13.1103651,80.1491507,"38/70, Nehru St, Ambattur, Chennai, Tamil Nadu 600053, India"
9537,,,600007,13.090189519154762,80.25605498009267,"3/9, Mookathal St, Perumalpet, Purasaiwakkam, Chennai, Tamil Nadu 600007, India"
8939,,,600048,12.8433283,80.1379946,"24, Nellikuppam Rd, Rajiv Gandhi Nagar, Melakottaiyur, Agaramthen, Tamil Nadu 600127, India"
8329,,,600053,13.1227581,80.1495844,"26/163, Vardharajapuram, Venkatapuram, Vijayalakshmi Puram, Ambattur, Chennai, Tamil Nadu 600053, India"
9630,,,600073,12.923127936839604,80.15495983191427,"40, Velachery Rd, Ranga Colony, Kamarajapuram, Gowriwakkam, Sembakkam, Chennai, Tamil Nadu 600073, India"
8981,,,600058,13.0932246,80.16146479999999,"NO.61, Chelliamman koil street, Thulasi garden, Athipet, Ambattur ,, Old Ambattur, Attipattu, Twp Colony, Chennai, Tamil Nadu 600058, India"
9868,,,600087,13.0346429,80.1749156,"1/16A, Balambigai Nagar, Ramapuram, Chennai, Tamil Nadu 600089, India"
11079,,,600005,13.0587341,80.2740342,"1, Triplicane High Rd, Triplicane, Chennai, Tamil Nadu 600005, India"
9597,,,600051,13.149135001737038,80.24985429580789,"Indian postal advisor, Rajeshwari Ibb, DRS meenakshi bharathi co operative nagar phase 2, Mula Chatram, Selaivayal, Chennai, Tamil Nadu 600051, India"
8574,,,600073,12.922643721781853,80.15181167633588,"128, Velachery Rd, Sembakkam, Selaiyur, Chennai, Tamil Nadu 600073, India"
10609,,,600100,12.919699,80.1823372,"W59J+VWG, Ranganathapuram, Medavakkam, Chennai, Tamil Nadu 600100, India"
10696,28,kodambakkam bridge(sekar emporium),600024,13.052551924302511,80.2277346669213,"11, U I Colony 1st Main Rd, Akbarabad, West Mambalam, Chennai, Tamil Nadu 600024, India"
10511,27,R.A.Puram,600028,13.0274281,80.256635,"52, 2nd Main Rd, RA Puram, Trustpakkam, Raja Annamalai Puram, Chennai, Tamil Nadu 600028, India"
10574,,,600127,12.8359936,80.1387662,"BLOCK-36, POLICE QUARTERS TNPHC FLATS, Vengadamangalam, Tamil Nadu 600127, India"
8452,17,"Sairam mahal , siruvanur kandigai via utthukotai road.",631203,13.1590674,79.8890067,"60, Pullarambakkam, Tamil Nadu 631203, India"
11220,,,600055,13.152826393373992,80.07376680119692,"533F+375, Morai, Tamil Nadu 600055, India"
9056,30,Sai nagar bus stop ,600092,13.05974602915742,80.19535733282092,"Sai Nagar, Chinmaya Nagar Stage 2, Natesan Nagar, Virugambakkam, Chennai, Tamil Nadu 600092, India"
8503,,,600024,13.055907580780175,80.22553199697681,"2-25, 4th Cross St, Trustpuram, Kodambakkam, Chennai, Tamil Nadu 600094, India"
10771,,,600118,13.1320451,80.2483917,"1/503, Muthamiz Nagar, Sector 5, Muthamil Nagar, Chennai, Tamil Nadu 600110, India"
9066,,,600072,13.103806436311276,80.05866787108997,"4335+CCP, Anaikattucherry, Avadi, Tamil Nadu 600072, India"
10861,4,Pudupet ,600002,13.070166387515966,80.26729943678355,"37C8+3X6, Venkatachala Naicken St, Pudupet, Komaleeswaranpet, Egmore, Chennai, Tamil Nadu 600002, India"
9574,,,603103,12.822934460515402,80.20180450295233,"KP Habitat, Amar garden, 23, MR Radha Rd, opposite Amirtham Organic Shop, Chennai, Siruseri, Tamil Nadu 603103, India"
11251,39c,Ekambaranathar street,631502,12.84573609218736,79.69581987396563,"64D, Vellaikulam St, 64D, Kanchipuram, Tamil Nadu 631501, India"
8407,,,600044,12.943288679279302,80.13845893107536,"84, Dr Rajendra Prasad Rd, Kamaraj Colony, Nehru Nagar, Chitlapakkam, Chennai, Tamil Nadu 600044, India"
10706,,,600123,13.04721899019566,80.08061564948115,"Nazareth Pettai, Nazarathpettai, Tamil Nadu 600123, India"
10298,,,600089,13.0420346,80.18017859999999,"82, near Kesavardhini Products, Majestic Colony, Brindavan Nagar, Valasaravakkam, Chennai, Tamil Nadu 600087, India"
9735,,,600066,13.16069997344714,80.2024333398166,"5663+24V, NH 16, New Central Jail, Puzhal, Chennai, Tamil Nadu 600066, India"
9604,,,600087,13.038000359249413,80.17227456474438,"26, 1st Main Rd, S. V. S Nagar, Jai Garden, Valasaravakkam, Chennai, Tamil Nadu 600087, India"
10846,35C,Mangadu,600122,13.039188384020882,80.11361656092329,"9A, 1st Cross St, Manali Saravana Nagar, Kamatchiamman Nagar, Poonamallee, Chennai, Tamil Nadu 600056, India"
11329,,,600001,13.1057965,80.280307,"Metro Station-Washermenpet, METRO STATION-WASHERMENPET, Old Washermanpet, Chennai, Tamil Nadu 600001, India"
8770,,,600075,12.9728868,80.1385321,"No 169, Pammal Main Rd, Allapakkam, Krishna Nagar, Muthamizh Nagar, Pallavaram, Chennai, Tamil Nadu 600075, India"
9426,,,600072,13.103789203629436,80.05866597754952,"4335+CCP, Anaikattucherry, Avadi, Tamil Nadu 600072, India"
9136,,,600078,13.033865,80.200558,"14-53, Annal Gandhi St, MGR Nagar, Mgr Nagar, Chennai, Tamil Nadu 600078, India"
10740,15E,Kathirvedu ,600066,13.1492274,80.20411229999999,"No.8, Sembium Redhills Main Road, Kathirvedu, Puzhal, Chennai, Kadirvedu, Tamil Nadu 600066, India"
10194,,,600053,13.130282235679822,80.15626167219165,"6/8, Santhi Valluvar Nagar, Pudur, Ambattur, Chennai, Tamil Nadu 600053, India"
8528,,,600001,13.0998285,80.28688609999999,"10/11, Prakasam Road, Muthialpet, Parrys, Chennai, Tamil Nadu 600001, India"
11158,37D,Nazarathpet bharat petroleum bunk,600123,13.0475182,80.0788929,"198, near Nazarathpettai, Chennai, Nazarathpettai, Tamil Nadu 600072, India"
11276,16,Janapanchatram koot Road,600067,13.262597090712642,80.15522686303034,"7564+W4J, Janappanchatram, Tamil Nadu 600067, India"
10974,,,600049,13.099536395315283,80.20326211629363,"15/14/73, Block Q, Thiru Nagar, Anna Nagar, Chennai, Tamil Nadu 600049, India"
9336,,,600050,13.0995943,80.1877442,"43/9, Padi, Chennai, Tamil Nadu 600050, India"
10322,,,600130,12.872776923204905,80.19851537352253,"V5FX+4C Chennai, Tamil Nadu, India"
11167,40C,Ramas Cafe,631502,12.839215905713177,79.70758385421809,"116A/100, Kamakshi Amman Sannathi St, Melkathirpur, Periya, Kanchipuram, Tamil Nadu 631501, India"
10205,,,600080,13.110077206930384,80.18323286662893,"456M+478, 49th St, Venkatraman Nagar, Korattur, Chennai, Tamil Nadu 600050, India"
10875,,,602106,12.948345963293736,79.81760212560853,"511, Maduramangalam, Tamil Nadu 602108, India"
10827,,,600118,13.1320426,80.2483865,"1/503, Muthamiz Nagar, Sector 5, Muthamil Nagar, Chennai, Tamil Nadu 600110, India"
10234,,,600071,13.09279374346725,80.10413658836909,"15, Agraharam St, Paruthippattu, Avadi, Tamil Nadu 600071, India"
9258,,,601301,12.8730853,80.0195063,"V2F9+8PF, Athanancherry, Padappai, Tamil Nadu 601301, India"
9979,,,600087,13.046196033122513,80.18190699024353,"Navin's Kumarakottam, 16, Radhakrishnan St, Palaniappa Nagar, Valasaravakkam, Chennai, Tamil Nadu 600087, India"
8949,16E,Avadi Check Post,600054,13.12117536037593,80.0969090518804,"50, Gandhi Nagar, Avadi, Tamil Nadu 600054, India"
10952,,,602001,13.133325742238403,79.91402132335867,"74, JJ St, opp. Sri Sai Mini Hall, Hariram Nagar, V.M Nagar, Tiruvallur, Kakkalur, Tamil Nadu 602001, India"
9996,,,600092,13.0456778,80.1902475,"12, Vembuliamman Koil St, Sankareswarar Nagar, Virugambakkam, Chennai, Tamil Nadu 600078, India"
10837,,,600106,13.0682015,80.2101287,"10-3-1, Venkata Krishna Nagar, Arumbakkam, Chennai, Tamil Nadu 600106, India"
9487,,,600083,13.037432795466705,80.21652575988372,"18/9, Sarvamangala Colony, Kamatchi Puram, West Mambalam, Chennai, Tamil Nadu 600083, India"
10821,,,600118,13.1320433,80.2483874,"1/503, Muthamiz Nagar, Sector 5, Muthamil Nagar, Chennai, Tamil Nadu 600110, India"
8214,16,Krishnapuram ,601204,13.31973201783807,80.18243473705797,"No 143, KRISHNAPURAM, Kodur, Tamil Nadu 601204, India"
9638,,,600050,13.100645579364974,80.19010278976974,"Bus Stand, 15, Madras Thiruvallur High Rd, near Padi, Padi, Chennai, Tamil Nadu 600050, India"
9008,16C,Pudur,600053,13.1159282,80.1675254,"14b, Periyar St, Gnanamoorthy Nagar Extension, Ganesh Nagar, Kolathur, Chennai, Tamil Nadu 600099, India"
10757,,,600037,13.07429146132393,80.17588241347447,"22, Padma Street, VGN Avenue Phase 2, Mogappair Eri Scheme, Mogappair, Chennai, Tamil Nadu 600037, India"
8541,4C,NSK Nagar Bus Stop,600106,13.072365532358292,80.21200706322935,"3rd Street, 1st St, SBI Staff Colony, Arumbakkam, Chennai, Tamil Nadu 600106, India"
9299,16C,pudur,600053,13.1281337,80.1638914,"Block E, 12, Rajiv Gandhi Nagar, Pudur, Ambattur, Chennai, Tamil Nadu 600053, India"
10066,,,600095,13.0674463,80.1614803,"CS-1, 2nd Main Road, MCK Layout 1st Main Rd, Nolambur, Maduravoyal, Chennai, Tamil Nadu 600095, India"
9230,,,600123,13.039477657428032,80.06169532890543,"23Q6+RM2, Lakshmipuram Main Rd, Chembarambakkam, Thirumazhisai, Tamil Nadu 600123, India"
11233,,,600062,13.148387805833735,80.1099182203818,"44X6+837, RR Nagar Main Rd, Kovil Pathagai, Poompozhil Nagar, Avadi, Tamil Nadu 600062, India"
10255,13,Thiruvalluvar kalyanamandabam,600082,13.11200398622841,80.22628716249618,"354, 7th St, Periyar Nagar West, Bakthavatsalam Colony, Perambur, Chennai, Tamil Nadu 600082, India"
11269,36C,Madhanandapuram Bus Stop,600125,13.0129745,80.17355649999999,"236, Manapakkam Main Rd, Ramapuram, Ambedkar Nagar, Manapakkam, Chennai, Tamil Nadu 600125, India"
11338,,,600033,13.035369082051616,80.22054769848548,"4/106A, near Bank Of India, Postal Colony, West Mambalam, Chennai, Tamil Nadu 600033, India"
11063,,,600101,13.083733652147629,80.18898090907143,"26, 9th St, Padi Pudur Nagar, J J Nagar, Anna Nagar West Extension, Chennai, Tamil Nadu 600037, India"
11254,,,600055,13.14931011,80.0628128,"1ST STREET, 4th Cross, Mittanemili, SABHI NAGAR, Muthapudupet, Avadi, Tamil Nadu 600055, India"
10150,,,600078,13.0371765,80.20003779999999,"1399, Sangeetha Colony, Sector 6, K. K. Nagar, Chennai, Tamil Nadu 600078, India"
9344,,,600062,13.130677672630576,80.13096674802556,"81, Chennai - Tiruvallur High Rd, Venugopal Nagar, Cholambedu, Chennai, Tamil Nadu 600062, India"
10782,,,600101,13.091003,80.193978,"750, 4th Ave, Syndicate Bank Colony, Chennai, Tamil Nadu 600101, India"
10334,,,600088,12.979941773510289,80.20443084232791,"44, Balaji Nagar Main Rd, near D A V SCHOOL, Saraswathi Nagar, Balaji Nagar, Adambakkam, Chennai, Tamil Nadu 600088, India"
9216,,,602001,13.123625919710433,79.91158061957186,"74, JN Rd, near Oil Mill Bus Stop, Kakkalur, Tamil Nadu 602001, India"
8212,17C,Thiruvallur GRT,602001,13.1236581,79.91159379999999,"74, JN Rd, near Oil Mill Bus Stop, Kakkalur, Tamil Nadu 602001, India"
11262,,,600116,13.042589005833351,80.16370408043882,"89A, Alapakkam Main Rd, opposite to Jeeva Complex, Govindappa Nagar, Porur, Chennai, Tamil Nadu 600116, India"
9894,,,631501,12.836774856527072,79.70645017215541,"3b, Nellukara St, Nellukara st, Kanchipuram, Tamil Nadu 631502, India"
10592,3,Choolai post office ,600112,13.0920326,80.26605289999999,"37-1, Mudali St, Thattankulam, Choolai, Chennai, Tamil Nadu 600084, India"
8985,,,600088,12.985188290355278,80.20499871651738,"13, Brindavan Nagar Main Rd, Okkiayam, Brindavan Nagar, Valasaravakkam, Chennai, Tamil Nadu 600088, India"
10661,,,600124,13.058572868571003,80.06118846090891,"29, Kavalcheri Rd, Ramachandra Nagar, Thirumazhisai, Tamil Nadu 600124, India"
10991,,,600030,13.0810823,80.224568,"9/4, West St, C Block, Bharathi Puram, Shenoy Nagar, Chennai, Tamil Nadu 600040, India"
8745,27,Airtel office,600028,13.021688961900598,80.27046675055149,"22-1, Rohini Garden Rd, Karpagam Avenue, Mandavelipakkam, Chennai, Tamil Nadu 600028, India"
8258,,,600021,13.1103542,80.2849492,"pensioner, 476M+4XF, Kalingarayan Main St, NN Garden, Washermanpet, Chennai, Tamil Nadu 600021, India"
9817,,,600114,12.9889738,80.18523460000002,"X5QP+H3Q, Service Rd, Pazavanthangal, Chennai, Tamil Nadu 600061, India"
10335,,,600066,13.168475024944248,80.2053875954183,"95, Kavankarai, Kannada Palaiyam, Puzhal, Chennai, Payasambakkam, Tamil Nadu 600066, India"
11086,,,600118,13.132492893942338,80.24692644373454,"1/460, 13th St, Teacher's Colony, Kodungaiyur, Chennai, Tamil Nadu 600118, India"
11145,15A,"Thiruverkadu,Devi Nagar 3rd cross street ",600077,13.0740549,80.1253833,"9/18, Karumariamman Nagar, MGR Nagar, Thiruverkadu, Chennai, Tamil Nadu 600077, India"
10563,,,602001,13.139338503050665,79.90747690583936,"55, 155, Tamil Nadu 602001, India"
9304,,,600049,13.108315240379545,80.1992776820859,"132, SIDCO Industrial Rd, Sidco Nagar, Villivakkam, Chennai, Tamil Nadu 600049, India"
9985,,,600041,12.96981743848839,80.25575395999985,"1/376, Kalathu Mattu Cross St, Valmiki Nagar, Swaminathan Nagar, Kottivakkam, Chennai, Tamil Nadu 600041, India"
8965,,,600030,13.069893581804925,80.2307087056653,"22/10, Aminjikarai, Chennai, Tamil Nadu 600030, India"
8989,,,600100,12.9171412,80.1940972,"45, 3rd Street, Perumbakkam, Chennai, Tamil Nadu 600100, India"
9768,,,600099,13.1189858,80.2072457,"4694+HVX, Kolathur Main Rd, Srinivasa Nagar, Kolathur, Chennai, Tamil Nadu 600099, India"
8317,,,600048,12.882141096251122,80.07437717259268,"5/38, Otteri Extension, Mannivakkam, Tamil Nadu 600048, India"
10022,13A,Don Bosco School  Kolathur ,600082,13.119821399306709,80.22497775867737,"DON BOSCO MATRICULATION HIGHER SECONDARY SCHOOL-ANJUGAM NAGAR, 32, Anjugam Nagar, Lakshmanan Nagar, Perambur, Chennai, Tamil Nadu 600011, India"
8348,,,600095,13.0615449,80.1646353,"Ground Floor, 241, Poonamallee High Rd, Maduravoyal, Chennai, Tamil Nadu 600095, India"
10594,,,602024,13.121207244809275,80.0295165347274,"42CH+GR4, Thiruninravur, Thiruvenkada Nagar, Tamil Nadu 602024, India"
10493,,,602021,13.1559484,79.9183749,"638, Ikkadu, Chinnaekkadu, Tamil Nadu 602021, India"
10863,,,603210,12.861938297575715,80.07020747709136,"3rd, 6th St, priya nagar, Urapakkam, Chennai, Tamil Nadu 603210, India"
9397,38C,Mangal,631701,12.7087535,79.6654719,"PM58+896, Mangal, Tamil Nadu 631701, India"
8681,5C,Thirunagar ambica empire hotel ,600026,13.0538681,80.2159376,"85/78, Gangai Amman Colony, Vadapalani, Chennai, Tamil Nadu 600026, India"
10953,,,602001,13.133360619865073,79.91402427310867,"9, 60 Feet Rd, Hariram Nagar, V.M Nagar, Tiruvallur, Kakkalur, Tamil Nadu 602001, India"
8911,19A,No.68 Arputham Nagar Tiruneermalai road west Tambaram ,600045,12.9301224,80.1130338,"101, Gandhi Rd, West Tambaram, Tambaram, Chennai, Tamil Nadu 600045, India"
9934,,,603210,12.866350015010294,80.07495218930305,"972, Chennai - Theni Hwy, Bharathi Nagar, Vurapakkam, Urapakkam, Chennai, Tamil Nadu 603210, India"
9977,8,Anna Nagar wesr depo,600101,13.093379,80.1951893,"W-582, School Rd, near Maruti Suzuki Driving School, W Block, Anna Nagar West Extension, Chennai, Tamil Nadu 600101, India"
10122,,,600099,13.118830079073682,80.20721062098552,"18, Kolathur Main Rd, Makkaram Thottam, Silanthi Kuttai, Chennai, Tamil Nadu 600099, India"
9577,,,600115,12.948693628631691,80.25196980567276,"4/175, Saraswathi Nagar, Neelankarai, Chennai, Tamil Nadu 600115, India"
9794,,,600116,13.043905393507815,80.16165829904476,"93, 4th Ave, Metro Nagar, Alapakkam, Chennai, Tamil Nadu 600116, India"
10514,17C,Chevappettai	,602025,13.129014001519035,79.97174930913694,"Sevvapet, Sirukadal, Tamil Nadu 602025, India"
10916,20A,Rajakilpakkam Signal,600073,12.92368916403696,80.15294706204074,"6/2, Ranga Colony, Sembakkam, Chennai, Rajakilpakkam, Tamil Nadu 600073, India"
9517,1,Theradi,600019,13.16492427003642,80.29706250174752,"4F, KCP Staff Colony, Tiruvottiyur, Chennai, Tamil Nadu 600019, India"
10346,,,600048,12.916988474723786,80.06187993368974,"Bus Stop, 2, Manimangalam Rd, near PTC Quarters, Vijaynagar, Varadharajapuram, Mudichur, Tamil Nadu 600048, India"
10788,,,600123,13.050041071989511,80.07923104392306,"332H+2M Varadarajapuram, Tamil Nadu, India"
10263,,,600024,13.044902292219325,80.22570919447745,"12, near SIP - Five Lights, Rangarajapuram, West Mambalam, Chennai, Tamil Nadu 600024, India"
9016,,,600100,12.921023692195066,80.19711138722381,"1/1, Rice Mill Rd, Jalladiampet, Medavakkam, Chennai, Tamil Nadu 600100, India"
8761,,,603202,12.846284549821332,80.06182687514115,"78, Grand Southern Trunk Rd, Nandivaram Bazar, Guduvancheri, Chennai, Guduvancheri, Tamil Nadu 603202, India"
10431,17B,Kumaran nagar ,602002,13.1042637,79.907201,"4W35+Q4, Venkathur, Tamil Nadu 602002, India"
10840,,,600099,13.1284455,80.21033609999999,"29, 200 Feet Rd, Malligai Avenue Nagar, Kolathur, Chennai, Tamil Nadu 600099, India"
8801,,,600070,12.98240895753975,80.13116930213013,"X4JJ+XFF, Periyar St, Padmanabha Nagar, Guruswamy Nagar, Anakaputhur, Chennai, Tamil Nadu 600070, India"
10418,,,600045,12.924842485967137,80.09999509963657,"W4F2+X2C Karim.molla, Karummariamman Nagar, Vishnu Nagar, Tambaram, Chennai, Tamil Nadu 600045, India"
9911,40C,Kanchipuram Bus stand,631502,12.836918,79.7134004,"RPP7+QCC, Shanmuga Nagar, Kanchipuram, Tamil Nadu 631502, India"
9697,,,631601,12.805100600698928,79.76357080983588,"RQ47+694, Ayyampettai, Tamil Nadu 631601, India"
11320,13,Jawahar Nagar bus stop ,600082,13.112429921383088,80.23155958441608,"140-46, Jawahar Nagar 1st Main Rd, Agaram, Perambur, Chennai, Tamil Nadu 600082, India"
11106,11A,Ambattur Telephone Exchange,600098,13.1008548,80.1663705,"129, Chennai Tiruvallur High Road, Kochar Panchsheel, bus stand, Apartments, opposite Ambattur estate, Mangalapuram, Sidco Industrial Estate, Ambattur Industrial Estate, Chennai, Tamil Nadu 600058, India"
10561,33,Ajantha,600078,13.0398002,80.19769,"11/331, Sector 8, K. K. Nagar, Chennai, Tamil Nadu 600078, India"
10506,,,602024,13.118384847888318,80.02906243213069,"Government School, SH 50A, Thiruninravur, Gomathipuram, Tamil Nadu 602024, India"
8601,16B,velammal engineering college,600066,13.15063621325499,80.19143347770998,"Velammal College, Ambattur Red Hills Rd, Puzhal, Kadirvedu, Chennai, Tamil Nadu 600066, India"
9732,,,600011,13.1176241,80.2333515,"15/6a, ESI Hospital St, Venkatesan Nagar, Tiru Vi Ka Nagar, Perambur, Chennai, Tamil Nadu 600011, India"
9888,,,600055,13.174166,80.08718499999999,"New Colony, Bharathi Nagar, Morai, Tamil Nadu 600055, India"
8908,,,600056,13.0409988,80.12731040000001,"2nd floor, 2/65, Mount Poonamallee Rd, Swaminatha Nagar, Kattupakkam, Chennai, Tamil Nadu 600056, India"
9947,,,631702,12.7588793,79.70072110000001,"QP52+H7 Vadakalpakkam, Tamil Nadu, India"
10236,16B,velammal engineering college,600066,13.150458045934805,80.19117380718153,"Velammal College, Ambattur Red Hills Rd, Puzhal, Kadirvedu, Chennai, Tamil Nadu 600066, India"
8305,33,Ajantha,600078,13.0398028,80.1976916,"11/331, Sector 8, K. K. Nagar, Chennai, Tamil Nadu 600078, India"
10174,,,600069,12.9908583,80.1084013,"Ramachandra Enclave, Jai Nagar, 25a & 25 b, Mehta Nagar Main Rd, Mehta Nagar, Tiruneermalai, Chennai, Tamil Nadu 600069, India"
10616,,,632503,12.9079964,79.3249341,"W85F+5XV, Arcot, Tamil Nadu 632503, India"
8730,,,632510,13.09771601079586,79.52316847806769,"3GXF+37 Paranji, Tamil Nadu, India"
8327,,,600117,12.9535388,80.1993158,"X53X+8Q4, S. Kolathur, Unmai Nagar, Mylai Kapaleshwarar Nagar, Kovilambakkam, Chennai, Tamil Nadu 600091, India"
10204,30,Sai nagar,600092,13.059910917629503,80.19649935277864,"5/86, Sai Nagar, Virugambakkam, Chennai, Tamil Nadu 600092, India"
9110,,,600129,12.9331376,80.1734181,"6/369, Siddharth Nagar, Nanmangalam, Vellakkal, Chennai, Tamil Nadu 600129, India"
10277,12C,Lakshmi Amman Koil(Ramana Nagar),600011,13.1186043,80.24370490000001,"469V+CFH, Madhavaram, Ramana Nagar, Perambur, Chennai, Tamil Nadu 600011, India"
9450,,,600091,12.96143054676086,80.20309450611266,"P9, Periyar Nagar, Madipakkam, Chennai, Tamil Nadu 600091, India"
10085,,,600004,13.031133695135969,80.2696919757109,"18/22, Alamelu Manga Puram, Sankarapuram, Mylapore, Chennai, Tamil Nadu 600004, India"
10536,17B,TCL,602002,13.0817843,79.9118087,"3WJ6+JPC, Venkathur, Tamil Nadu 602002, India"
8649,9,Mogappair east bus stop 7H,600037,13.0784567,80.1861807,"4/6/202, Barner Rd, Block 6, Mogappair East, Chennai, Tamil Nadu 600037, India"
9138,,,602105,12.8479293,79.9472502,"5/48, kalinjarstreet, Oragadam Industrial Corridor, Panapakkam, Tamil Nadu 602118, India"
8246,42,"Indira Gandhi statue, arakkonam ",631003,13.0927977,79.6628189,"No.H18, Tnhb, Arakkonam-631003, Tamil Nadu Housing Board, Arakkonam, Tamil Nadu 631003, India"
9168,11C,Lucas TVS,600050,13.100700842370587,80.18899086762501,"452Q+6GJ, Chennai Tiruvallur High Rd, TVS Industries, Padi, Chennai, Tamil Nadu 600050, India"
11204,,,631501,12.818247364752375,79.72005612613926,"37/13, Nethaji Nagar, Kanchipuram, Arappanacheri, Tamil Nadu 631501, India"
9071,,,600073,12.92034066597116,80.15563995487159,"1, Kanagaraja St, behind primary health center, Sembakkam, Rajakilpakkam, Chennai, Tamil Nadu 600073, India"
10707,,,631502,12.8145348,79.69011909999999,"340, Vandavasi Rd, Subbu Nagar, Gem Nagar, Kanchipuram, Tamil Nadu 631502, India"
9562,,,600092,13.0575778,80.1937902,"5-240, Chinmaya Nagar Stage 2, Natesan Nagar, Virugambakkam, Chennai, Tamil Nadu 600092, India"
9588,,,600024,13.0537519,80.22798949999999,"Sekar Emporium Textiles Pvt.Ltd, 22, Arcot Rd, Taylor Estate, Kodambakkam, Chennai, Tamil Nadu 600024, India"
10284,,,600124,13.0477978,80.0521195,"23X2+4R Thirumazhisai, Tamil Nadu, India"
9431,,,600056,13.0378524,80.1350401,"Iyyappanthangal, Iyyappanthangal, Chennai, Tamil Nadu 600056, India"
8872,,,631209,13.1873766,79.6100273,"5JQ5+9FG, NH 716, Kasinathapuram, Thiruttani, Tamil Nadu 631209, India"
9420,,,600082,13.112437131180368,80.23169671324465,"466J+XP6, SRP Koil St N, Agaram, Perambur, Chennai, Tamil Nadu 600082, India"
9950,,,600017,13.035862770448636,80.23660590404755,"48, Venkatanarayana Rd, T. Nagar, Chennai, Tamil Nadu 600017, India"
9733,,,600073,12.918804,80.1524266,"51/1, Madambakkam Main Rd, Sembakkam, Rajakilpakkam, Chennai, Tamil Nadu 600073, India"
8760,,,600056,13.047024003217516,80.12471092490607,"Royal Garden, 14, Royal Garden, Kattupakkam, Chennai, Tamil Nadu 600056, India"
8252,,,631003,13.095973,79.6630162,"3MW7+94V, Arakkonam, Tamil Nadu 631003, India"
10299,,,600002,13.0752237,80.2662823,"37, W Coovam River Rd, Chindatripet, Chintadripet, Chennai, Tamil Nadu 600002, India"
9899,,,600016,13.0021286,80.2004924,"21, Ramapuram, Avvai Nagar, Selaiyur, Chennai, Tamil Nadu 600016, India"
9811,,,600073,12.9223725,80.1430328,"W4CV+W6V, Camp Road Junction, Barathi Nagar, Ezhil Nagar, Selaiyur, Chennai, Tamil Nadu 600073, India"
10939,,,600042,12.982265858750113,80.22463015006763,"30/7A, Dhandeeswaram 4th Main Rd, Dhandeeswaram, Velachery, Chennai, Tamil Nadu 600042, India"
10038,,,600040,13.0948405,80.20340399999999,"36V3+W9J, 18th Main Rd, opposite Santhosh Super Market, Kambar Colony, I Block, Anna Nagar, Chennai, Tamil Nadu 600040, India"
9555,,,600077,13.1072,80.1308672,"Landmark : Ganesh Bhavan, 2071, TNHB Rd, Rajammal nagar, TNHB Colony, Annanur, Ayappakkam, Chennai, Tamil Nadu 600077, India"
8831,,,600110,13.0346903,80.1644877,"25M7+VQP, Lakshmi Nagar, Porur, Chennai, Tamil Nadu 600116, India"
10461,16A,Kallikuppam arch,600053,13.1343215,80.1686274,"45M9+PFC, Pudhu 1st St, West Balaji Nagar Extension, Kallikuppam, Ambattur, Chennai, Tamil Nadu 600062, India"
9098,,,600007,13.089764397669136,80.25230285858305,"11/18, Otteri, Purasaiwakkam, Chennai, Tamil Nadu 600007, India"
10067,,,602118,12.8745852,79.9321972,"Block-122, CASAGRAND ARENA, Tamil Nadu 602118, India"
9228,,,600116,13.0324123,80.1640371,"106, Mount Poonamallee Rd, Porur, Chennai, Tamil Nadu 600116, India"
8690,,,600057,13.1897004,80.30847419999999,"30/33, 2nd Main St, Gandhi Nagar, Netaji Nagar, Ernavur, Ennore, Chennai, Tamil Nadu 600057, India"
8667,11a,Thathankuppam,600049,13.119195887754053,80.20061383760377,"23-24/B, Sivalingapuram, SRB Nagar, Kolathur, Chennai, Tamil Nadu 600099, India"
8295,5c,Ambika empire,600026,13.055721809867658,80.21118695767213,"70, Jawaharlal Nehru Salai, Thiru Nagar Colony, NGO Colony, Vadapalani, Chennai, Tamil Nadu 600026, India"
10169,,,600014,13.04759769709823,80.2683828244217,"Door No. 103/74, A1 Vijayakalyani Apartments, Avvai Shanmugham Salai, Jagadambal Colony, Teachers Colony, Royapettah, Chennai, Tamil Nadu 600014, India"
8485,,,600063,12.90429886007628,80.09450306026909,"Perungalathur railway station, Kamaraj Nagar, New Perungalathur, Tamil Nadu 600063, India"
8193,,,600066,13.1462733,80.1911203,"118, Taluka, Ezhil Nagar, Surapet, Chennai, Tamil Nadu 600066, India"
11157,,,600094,13.058566228946038,80.21159872082013,"115, Periyar Pathai, Senthil Nagar, Andavar Nagar, Choolaimedu, Chennai, Tamil Nadu 600026, India"
8962,,,602024,13.1197432,80.00156729999999,"4292+VJW, Ganesh Nagar, Sundara Babu Nagar, Veppambaattu, Tamil Nadu 602024, India"
9955,,,600056,13.03786285225975,80.13531904973755,"FIRST FLOOR, No:8/59, Gangai Amman Koil St, Ramachandra Nagar, Iyyappanthangal, Chennai, Tamil Nadu 600056, India"
11362,17B,Thiruvallur,602001,13.121500968365904,79.91432799957069,"71C-23, Periyakuppam, Kakkalur, Tamil Nadu 602001, India"
11311,,,600053,13.1322915,80.16946089999999,"234, Ambattur Red Hills Rd, Kallikuppam, Ambattur, Chennai, Tamil Nadu 600053, India"
9854,,,600112,13.0904226,80.2627045,"117/42, Avadhanam Pappa Rd, Choolai, Chennai, Tamil Nadu 600112, India"
8806,,,602001,13.130277098465305,79.91181063744878,"4WJ6+3PF, Hariram Nagar, Poonga Nagar, Kakkalur, Tamil Nadu 602001, India"
9033,,,602105,12.87361195077128,79.9377686931488,"VWFQ+926, Mathur, Tamil Nadu 602118, India"
9104,30,Sai nagar,600092,13.059598507138748,80.19537168407955,"37c, Kaliamman Koil St, Chinmaya Nagar Stage 2, Natesan Nagar, Virugambakkam, Chennai, Tamil Nadu 600092, India"
8701,,,600058,13.093243566485144,80.14650827000867,"34VW+JMX, Ayanambakkam Rd, Seetha Patabi Nagar, Udayar Palayam Nagar, Ragavendra Colony, Chennai, Tamil Nadu 600077, India"
9734,,,631501,12.816891476455844,79.73832828716037,"RP8Q+Q7X, Thrivulluvar Nagar, Kanchipuram, Nattapettai, Tamil Nadu 631501, India"
8687,,,603204,12.7747205,79.996499,"3, S Mada St, Krishna Nagar, Thirukkachur, Maraimalai Nagar, Tamil Nadu 603204, India"
10565,,,600054,13.115800210627812,80.11042898906507,"56/128, Pillaiyar Kovil St, Arundhati Palaiyam, Chennai, Avadi, Tamil Nadu 600054, India"
10281,6,Hot Chips,600040,13.084873,80.2101753,"2038, AD Block, Anna Nagar, Chennai, Tamil Nadu 600040, India"
10879,,,600056,13.045206487114651,80.09794813399351,"1/38, Sri Srinivasa Nagar, Raja Nagar, Vignesh Nagar, Poonamallee, Chennai, Tamil Nadu 600056, India"
9791,,,631702,12.786255,79.673881,"527, Abdullapuram, Tamil Nadu 631702, India"
9051,,,600124,13.039910194981822,80.05597713126454,"23Q4+W97, Chembarambakkam, Tamil Nadu 600123, India"
9337,,,600021,13.1153868,80.28308559999999,"1083, Thiruvottiyur High Rd, Mottai Garden, Washermanpet, Chennai, Tamil Nadu 600021, India"
10213,,,600125,13.0281878,80.17027949999999,"Flat No. 4-A, New, 124, Mount Poonamallee Rd, Adithi Colony, Sabari Nagar, Mugalivakkam, Chennai, Tamil Nadu 600116, India"
11020,,,600056,13.041318331446009,80.13214093451536,"Prestige Bella Vista, PRESTIGE BELLA VISTA, Prestige Bella Vista Rd, Moovendhar Nagar, Iyyappanthangal, Chennai, Tamil Nadu 600056, India"
10096,5C,Ambica empire,600094,13.0588903,80.2186767,"153, Periyar Pathai, Iyappa Nagar, Avvai Nagar, Choolaimedu, Chennai, Tamil Nadu 600024, India"
9534,,,600055,13.153885395686538,80.05782834624756,"5335+H6, Avadi, Tamil Nadu 600055, India"
9575,,,600096,12.9710218,80.2467851,"X6CW+CP3, Jayendra Colony, Thiruvengadam Nagar, Perungudi, Chennai, Tamil Nadu 600096, India"
10148,,,602024,13.1248349,79.9968324,"Veppampattu Railway Station, NH 716, Sudaraon Nagar, Veppambaattu, Tamil Nadu 602024, India"
10620,,,600032,13.017453971953538,80.20577085956548,"Ekkattuthangal, 2684+X8J, Poomagal Main Rd, Labour Colony, SIDCO Industrial Estate, Guindy, Chennai, Tamil Nadu 600032, India"
10599,29C,Mega Mart,600087,13.0486029,80.1832234,"148, CV Raman Street, Ramakrishna Nagar, Valasaravakkam, Chennai, Tamil Nadu 600087, India"
9606,,,600077,13.113036339134702,80.1262782675674,"22, Station Rd, Jyothi Nagar, Annanur, Ambattur, Chennai, Tamil Nadu 600062, India"
8957,,,603002,12.6081942,80.0647677,"41, Tirukazhukundram, Tamil Nadu 603109, India"
8698,,,603204,12.758953936153386,80.01096762185674,"Q256+GFC, Singaperumal Koil, Tamil Nadu 603204, India"
9063,,,600124,13.0399468,80.0562489,"23Q4+XFG, Chembarambakkam, Tamil Nadu 600124, India"
10030,,,600054,13.119682181961265,80.09464902662837,"11, Anna St, Gandhi Nagar, Avadi, Tamil Nadu 600054, India"
11313,,,600019,13.1796056,80.3004716,"5A, opposite Arun Kumaran Textiles, Jothi Nagar, Tiruvottiyur, Kanchipuram, Chennai, Tamil Nadu 631502, India"
11225,,,600066,13.172071222544446,80.19869971516427,"63, GNT Rd, Kavankarai, Kannada Palaiyam, Puzhal, Chennai, Tamil Nadu 600066, India"
11022,24,Madipakkam koot road,600091,12.9693159,80.1896127,"2, Moovarasampet Road, Kannan Nagar, Madipakkam, Chennai, Tamil Nadu 600091, India"
10625,,,600128,13.008756837549088,80.11461759518477,"6/629A, Kundrathur Main Rd, Kovur, Adilakshmi Nagar, Chennai, Thandalam, Tamil Nadu 600128, India"
11373,,,600019,13.17937996921644,80.30014370383287,"12/19, 6th St, Jothi Nagar, Tiruvottiyur, Chennai, Tamil Nadu 600019, India"
11166,,,600099,13.1311262,80.2201419,"25, Devaki Nagar Main Rd, Vajravel Nagar, Kolathur, Chennai, Tamil Nadu 600110, India"
9270,,,600054,13.1109113,80.110055,"7/1, Sivan Koil St, JB Estate, Chennai, Avadi, Tamil Nadu 600054, India"
10885,12B,Lakshmi amman Koil,600099,13.129598675157448,80.22122151747392,"15/1, Jawahar St, Thirupathi Nagar, Kolathur, Chennai, Tamil Nadu 600099, India"
9421,,,600092,13.0537182,80.1906046,"19, Elango Nagar, Virugambakkam, Chennai, Tamil Nadu 600092, India"
10513,,,600089,13.033624488891377,80.17240166034742,"1-82, Suresh Nagar, Ramapuram, Chennai, Tamil Nadu 600087, India"
8837,16E,Ptr ,600053,13.1245553,80.15219189999999,"Madras Thiruvallur High Road,MTH Road,मद्रास थिरूवल्लूर हाई मार्ग, 62, Surapet Main Rd, Vijayalakshmi Puram, Ambattur, Chennai, Tamil Nadu 600053, India"
9736,17c,Grt thiruvallur ,602001,13.123739143270058,79.91155622004959,"74, JN Rd, near Oil Mill Bus Stop, Kakkalur, Tamil Nadu 602001, India"
9749,29,Saligramam bus stand ,600092,13.055646646825869,80.19669538985033,"23-5A, Venkatesh Nagar, Virugambakkam, Chennai, Tamil Nadu 600092, India"
9239,,,600122,13.0327236,80.1072388,"115/6, Sri Chakra Nagar, Mangadu, Chennai, Tamil Nadu 600122, India"
10319,,,600053,13.1377988,80.1513592,"No 21 Annai velankannai street, Pasumpon Salai, Ganapathy Nagar, Oragadam, Chennai, Tamil Nadu 600053, India"
11206,,,631051,13.0005709549772,79.67519926391424,"Attupakkam Road, Illuppaithandalam, Tamil Nadu 631051, India"
9264,,,600116,13.0160465,80.15127439999999,"2, 26B, 1st Cross Street, Maxworth Nagar Phase II, Kolapakkam, Chennai, Tamil Nadu 600125, India"
8835,,,600119,12.906984267099604,80.2332179882556,"28, Village High Rd, TNHB, Sholinganallur, Chennai, Tamil Nadu 600119, India"
9340,,,600056,13.0424896,80.1246106,"24RF+XRX, Kattupakkam, Chennai, Tamil Nadu 600056, India"
10427,15B,Vaishnavi nagar ,600062,13.123305,80.1245254,"72, Subash St, SivaSakthi Nagar, Annanur, Cholambedu, Chennai, Tamil Nadu 600062, India"
8652,29C,Valasaravaakam Signal ,600087,13.0471009,80.1816126,"77, Ramakrishna Nagar Ext, Fathima Nagar, Valasaravakkam, Veppambaattu, Chennai, Tamil Nadu 602024, India"
11333,,,600011,13.115909363980531,80.2450577854545,"123b, MPM Street, Perambur, Chennai, Tamil Nadu 600011, India"
10578,,,600044,12.940336430748069,80.15016088187672,"No 1, Dr Rajendra Prasad Rd, Velmurugan Nagar, Hasthinapuram, Chromepet, Chennai, Tamil Nadu 600044, India"
9923,,,600099,13.1306389,80.2067848,"46J4+6PF, Kadappa Rd, Teachers's Colony, Lakshmipuram, Chennai, Tamil Nadu 600099, India"
8618,8C,"32, Pari Rd, J J Nagar, Mogappair East, Chennai, Tamil Nadu 600037, India",600037,13.081122,80.18391199999999,"32, Pari Rd, J J Nagar, Mogappair East, Chennai, Tamil Nadu 600037, India"
10192,13C,Poombukar Nagar,600099,13.1238043,80.2120047,"34, Ram Nagar 1st Cross St, Vivekananda Nagar Extension, MGR Nagar, Kolathur, Chennai, Tamil Nadu 600099, India"
8951,,,600048,12.907544328505749,80.0676650112439,"8A, Sriram Nagar, Mudichur, Tamil Nadu 600048, India"
11168,,,600011,13.1122713,80.2378842,"Old No 74/1, New No 95, Perambur High Road, Perambur, Near Perambur Bus Terminus, Neelam Garden, Perambur, Chennai, Tamil Nadu 600011, India"
8631,,,600061,12.9812002,80.1858056,"Independence Day Park, 3, 6th Main Rd, TNGO Colony, Nanganallur, Chennai, Tamil Nadu 600061, India"
11304,,,600011,13.1122713,80.2378842,"Old No 74/1, New No 95, Perambur High Road, Perambur, Near Perambur Bus Terminus, Neelam Garden, Perambur, Chennai, Tamil Nadu 600011, India"
8373,,,600094,13.0645942,80.232567,"Nungambakkam, Railway Border Rd, Sowrashtra Nagar, Choolaimedu, Chennai, Tamil Nadu 600094, India"
11192,,,600007,13.0863651,80.2569535,"263, Purasaivakkam High Rd, Purasaiwakkam, Chennai, Tamil Nadu 600007, India"
10571,12,MKB nagar,600118,13.1261096,80.2491749,"8/4, Ethiraj Samy Salai Rd, Erukkanchery, Rajiv Gandhi Nagar, Kodungaiyur, Chennai, Tamil Nadu 600118, India"
10202,,,600092,13.05989785346997,80.19652349265978,"5/86, Sai Nagar, Virugambakkam, Chennai, Tamil Nadu 600092, India"
9489,37B,karayanchavadi,600056,13.046441739358116,80.11176175295795,"2/248, Avadi Rd, DRR Nagar, Karayanchavadi, Poonamallee, Chennai, Tamil Nadu 600056, India"
9656,19,Chengalpattu ,603001,12.679592153471752,79.98063749380421,"94, Grand Southern Trunk Rd, Anna Nagar, Chengalpattu, Ammanambakkam, Tamil Nadu 603002, India"
9221,,,600082,13.122215411782436,80.23048463427453,"46CJ+W5Q, Vetri Nagar, Perambur, Chennai, Tamil Nadu 600082, India"
8899,,,600074,12.989776,80.14408999999999,"Pozhichalur, Kalaignar St, MGR Nagar, Pozhichalur, Chennai, Tamil Nadu 600074, India"
10798,,,600016,13.008251,80.1941331,"3, St Patricks Church Rd, Ramapuram, Parangi Malai, Chennai, St.Thomas Mount, Tamil Nadu 600083, India"
10842,,,600007,13.086596669089651,80.25714649929222,"8, Purasaivakkam High Rd, Purasaiwakkam, Chennai, Tamil Nadu 600007, India"
9539,24C,Chrompet bus stand,600044,12.9476739,80.1478065,"19, 3rd St, Bharathipuram, Chromepet, Chennai, Tamil Nadu 600044, India"
10313,,,600091,12.966836444707194,80.19297400039882,"5/191-196, Gopal St, Defence Colony, Madipakkam, Chennai, Tamil Nadu 600091, India"
9050,,,600106,13.0709284,80.2101763,"No. 1, Panchali Amman Koil Street, Kannappa Nagar, Arumbakkam, Chennai, Tamil Nadu 600106, India"
9792,,,600048,12.879320890182916,80.079956653212,"Vandalur, Peerakankaranai, Tamil Nadu 600048, India"
10994,,,600026,13.050663166011269,80.21552813126137,"42/24, Kavarai Street, Dr.Subbaraya Nagar, Vadapalani, Chennai, Tamil Nadu 600026, India"
10453,,,600089,13.020910072471484,80.18365354547728,"4, Mount Poonamallee Rd, Parthasarathy Nagar, Ramapuram, Chennai, Tamil Nadu 600089, India"
11323,,,600106,13.0769287,80.2071258,"513, Poonamallee High Rd, Amaravathi Nagar, Arumbakkam, Chennai, Tamil Nadu 600106, India"
10720,,,601204,13.301670955115735,80.16076977664875,"Andarkuppam, SH 56, Thatchoor, Tamil Nadu 601204, India"
11149,5A,Maduravoyal ration shop,600095,13.066560772840766,80.17491747950046,"462, Madras Bombay Trunk Rd, Vishwas Nagar, Maduravoyal, Chennai, Tamil Nadu 600095, India"
11203,,,631501,12.81924334364125,79.72110040991994,"45, CV Rajagopal St, Nethaji Nagar, Kanchipuram, Arappanacheri, Tamil Nadu 631501, India"
9841,,,602024,13.178293585466491,80.03325215368586,"52HM+88 Kilakondaiyur, Tamil Nadu, India"
11163,,,600106,13.0769287,80.2071258,"513, Poonamallee High Rd, Amaravathi Nagar, Arumbakkam, Chennai, Tamil Nadu 600106, India"
11103,17d,Veppampattu railway gate,602024,13.1292203,80.0065775,"1/141, Thiru Nagar, Veppambaattu, Tamil Nadu 602024, India"
9145,,,600009,12.9968928,80.1084884,"30, Kundrathur, Chennai, Kannadapalayam, Tamil Nadu 600069, India"
9966,,,602024,13.1320523,80.0408051,"42JR+V74, Naduguthagai Main Rd, Thiruninravur, Nadukuthagai, Tamil Nadu 602024, India"
8310,16,redhills,600052,13.194366,80.1886617,"2/274, 9th St, Pudhu Nagar, Red Hills, Chennai, Padianallur, Tamil Nadu 600052, India"
11019,,,600085,13.0191703,80.2417265,"A M M MATRICULATION HIGHER SECONDARY SCHOOL, 18, Gandhi Mandapam Rd, Avvai Colony, Kotturpuram, Chennai, Tamil Nadu 600085, India"
9260,5C,Nerkundram ,600107,13.07054743349472,80.1832201925539,"85, Poonamallee High Rd, Pallavan Nagar, Nerkundram, Chennai, Tamil Nadu 600107, India"
10241,,,600053,13.1334626,80.166193,"108, 1st Main Rd, West Balaji Nagar, Kallikuppam, Banu Nagar, Chennai, Tamil Nadu 600053, India"
8933,,,600053,13.1160325,80.1508967,"73, 6th St, opposite Pet World, Indira Nagar, ot, Ambattur, Chennai, Tamil Nadu 600053, India"
8587,55X,Mudichur lakshmi nagar Naira petrol bunk,600048,12.90272181459464,80.06536232787144,"2/10, Nehru Colony, West Lakshmi Nagar, Lakshmi Nagar, Mudichur, Tamil Nadu 600048, India"
11337,,,600099,13.1306471,80.21389769999999,"46J7+7H2, Retteri Flyover, United Colony, Kolathur, Chennai, Tamil Nadu 600099, India"
8963,26C,SIET Signal,600018,13.03371139132012,80.25029532413461,"No. 121, 2, Alwarpet St, Cooperative Colony, Sri Ram Nagar, Alwarpet, Chennai, Tamil Nadu 600018, India"
11164,,,600053,13.127403025418277,80.15383056983643,"4, Gandhi Main Rd, Vijayalakshmi Puram, Oragadam, ambatturChennai, Chennai, Tamil Nadu 600053, India"
10903,39C,"Ekambareshwarar shiva temple, periya Kanchipuram ",631502,12.8472749,79.69962369999999,"RMWX+WR Achukattu, Tamil Nadu, India"
11176,,,600056,13.049793630805755,80.09127563857955,"23XR+WGV, Rukmani Nagar, Poonamallee, Chennai, Tamil Nadu 600056, India"
8303,,,600037,13.077693847890446,80.17133477065931,"6, TNHB, Nolambur Phase II, Mogappair West, Ambattur Industrial Estate, Chennai, Tamil Nadu 600037, India"
9189,,,600016,13.0108992,80.1969081,"6b, Karaiyar Koil St, Ramapuram, Ravi Colony, Gandhi Nagar, St.Thomas Mount, Chennai, Tamil Nadu 600016, India"
10206,,,600081,13.1354163,80.2933872,"15, Sivagami Nagar, Tondiarpet, Chennai, Tamil Nadu 600081, India"
10907,28c,avichi school arcot road,600093,13.048129723713014,80.1999050588608,"48, Muthukumarappa St, Velayutham Colony, Saligramam, Chennai, Tamil Nadu 600093, India"
8812,,,600059,12.933928711948218,80.12966870959161,"5, Erikkarai St, Tambaram, Tambaram Sanatorium, Chennai, Tamil Nadu 600047, India"
10016,,,631502,12.84016952468866,79.70670146913261,"3, Kuppa St, Melkathirpur, Periya, Kanchipuram, Tamil Nadu 631501, India"
10359,,,600056,13.043344045353216,80.13007355827084,"Tower-8, PRESTIGE BELLA VISTA, Moovendhar Nagar, Kattupakkam, Chennai, Tamil Nadu 600056, India"
10544,,,600093,13.05472,80.2012632,"54, Kalaignar St, Kaveri Rangan nagar, Saligramam, Chennai, Tamil Nadu 600093, India"
9236,,,600082,13.1155325,80.2313465,"New no 24, Old, no 87, Sundaraj Perumal Koil St S, New Kamaraj Nagar, Agaram, Perambur, Chennai, Tamil Nadu 600082, India"
8500,35B,Anakaputhur Amman Kovil ,600070,12.9881666,80.1265822,"44, Gowri Nagar, Kasturba Nagar, Thandalam, Chennai, Tamil Nadu 600069, India"
9181,5C,Vengaya Mandi,600107,13.069353714691935,80.18114897159496,"13, Dayasadan St, Pallavan Nagar, Nerkundram, Chennai, Tamil Nadu 600107, India"
10468,,,600107,13.07459546507198,80.19930146496932,"Vijayakanth Kalayana Mandapam, Koyambedu, Chennai, Tamil Nadu 600107, India"
9038,,,600106,13.0719475,80.2117603,"5-14, SBI Staff Colony, Nehru Nagar, Chennai, Tamil Nadu 600106, India"
10095,,,600045,12.9307388,80.11716229999999,"W4J8+8W2, Ranganathapuram, Tambaram, Chennai, Tamil Nadu 600045, India"
9234,,,600118,13.133547106896334,80.2625167604121,"169, T.H Rd, Kodungaiyur (East), Susila Nagar, Muthamizh Nagar, Kodungaiyur, Chennai, Tamil Nadu 600019, India"
8627,15B,Ambattur OT bus stand ,600062,13.1189868602578,80.15740082926636,"79/154, Venkatapuram, Ambattur, Chennai, Tamil Nadu 600053, India"
9738,,,602001,13.123985630502476,79.91174834183143,"4WF6+HM7, Periyakuppam, Kakkalur, Tamil Nadu 602001, India"
9893,,,600014,13.052873470876186,80.2709632011271,"16/40, Mirsahibpet, Royapettah, Chennai, Tamil Nadu 600014, India"
10386,,,600037,13.082887801826388,80.16252405271672,"24, 2nd Main Rd, TNHB Phase I, Reddipalaiyam, Ambattur Industrial Estate, Chennai, Tamil Nadu 600037, India"
8811,,,600044,12.940478,80.150728,"W5R2+57X, B.H.E.L Nagar, Hasthinapuram, Chromepet, Chennai, Tamil Nadu 600044, India"
9696,7,Anna Nagar east,600102,13.087090251594551,80.22577596896117,"g 69, 12th St, R.V. Nagar, Thiruvalluvar Nagar, ICF South Colony, Anna Nagar, Chennai, Tamil Nadu 600038, India"
9673,,,602001,13.1281473,79.9163493,"4WH8+8G9, Hariram Nagar, Poonga Nagar, Kakkalur, Tamil Nadu 602001, India"
10426,19B,Varatharaja Theatre ,600064,12.935345498994897,80.14059108719306,"1, Kannammal 2nd Cross St, State Bank Of India Colony, Chitlapakkam, Chennai, Tamil Nadu 600064, India"
11100,12A,Ambattur telephone exchange,600098,13.1008548,80.1663705,"129, Chennai Tiruvallur High Road, Kochar Panchsheel, bus stand, Apartments, opposite Ambattur estate, Mangalapuram, Sidco Industrial Estate, Ambattur Industrial Estate, Chennai, Tamil Nadu 600058, India"
10185,,,602002,13.104380183957268,79.90897853861325,"Manavala Nagar Pattarai, 4W35+QHX, Venkathur, Tamil Nadu 602002, India"
9882,,,602002,13.078960591305442,79.91020719243214,"3WH6+WCC, Vijaya Nagar Rd, Vijaya Nagar, Venkathur, Tamil Nadu 602002, India"
10671,17B,"Manavalanagar signal,Thiruvallur",602002,13.109721623864544,79.9131484056904,"10, Bharathidasan St, Manavalanagar, Tamil Nadu 602002, India"
10484,40C,Kanchipuram Bus stand ,631502,12.837378551354565,79.70684676059362,"88, E Raja St, Periya, Kanchipuram, Tamil Nadu 631502, India"
10416,,,600026,13.05452409137458,80.21162118820301,"1, Nerkundram Pathai, Thirunagar, Bhakthavathchalam Colony, Vadapalani, Chennai, Tamil Nadu 600026, India"
8435,,,631209,13.184285408196615,79.61099009860713,"SH 106, Senthamil Nagar, Thiruttani, Tamil Nadu 631209, India"
11146,28,nungambakkam (Shastri bhawan),600034,13.061363426947125,80.24314143547363,"1/3, New St, near police quarters, Ponnangipuram, Seetha Nagar, Nungambakkam, Chennai, Tamil Nadu 600034, இந்தியா"
10259,,,600066,13.17119858591514,80.19884763142446,"254, GNT Rd, Kavankarai, Puzhal, Chennai, Tamil Nadu 600066, India"
11318,,,600062,13.139546647622089,80.10351835939994,"2, Indira Nagar Main Rd, Indira Nagar, Avadi, Tamil Nadu 600062, India"
9676,,,600107,13.06941799755226,80.18122803441916,"1/98, Nh48, Pallavan Nagar, Nerkundram, Chennai, Tamil Nadu 600107, India"
11231,,,600062,13.1434694,80.1135553,"27, Hari Krishna Nagar, Poompozhil Nagar, New Vellanur, Tamil Nadu 600062, India"
10482,,,600099,13.125992700675626,80.21941722845001,"Kolathur / Moogambigai, Sundaram Nagar, Siva Parvathi Nagar, Kolathur, Chennai, Tamil Nadu 600099, India"
10260,,,600044,12.940236503227185,80.15073993041328,"1, 1, Dr Rajendra Prasad Rd, near bus Terminus, Velmurugan Nagar, Hasthinapuram, Chromepet, Chennai, Tamil Nadu 600044, India"
10392,,,600053,13.1271665,80.1708941,"13, Iyappan St, Gayatri Nagar, Korattur, Chennai, Tamil Nadu 600053, India"
8437,,,600102,13.0918386,80.2237442,"L, 212, 1st Ave, L Block, Annanagar East, Chennai, Tamil Nadu 600102, India"
10033,17B,RM Vishranthi avenue CV Naidu salai near kfc THIRUVALLUR ,602001,13.1418821,79.9009599,"4WR2+M7G, Tamil Nadu 602001, India"
8764,12C,Perambur Bus Depot,600011,13.108164829467862,80.24800850953362,"465X+66F, Shanthi Nagar, Chinnaiyan Colony, Perambur, Chennai, Tamil Nadu 600011, India"
10711,,,600110,13.1413643,80.22391809999999,"Radiance Suprema, 131, Grand Northern Trunk Rd, near Madhavaram, Roundana, Madhavaram, Chennai, Tamil Nadu 600110, India"
10330,,,600055,13.14840785853231,80.06738579779035,"43X8+FWG, Defence Enclave, Avadi, Tamil Nadu 600055, India"
10778,,,600126,12.883492572282462,80.15762056718698,"V5M4+8WH, Paduvanchery, Madambakkam, Chennai, Tamil Nadu 600126, India"
9909,,,600024,13.0537519,80.22798949999999,"Sekar Emporium Textiles Pvt.Ltd, 22, Arcot Rd, Taylor Estate, Kodambakkam, Chennai, Tamil Nadu 600024, India"
8411,,,600056,13.0409988,80.12731040000001,"2nd floor, 2/65, Mount Poonamallee Rd, Swaminatha Nagar, Kattupakkam, Chennai, Tamil Nadu 600056, India"
8194,16C,Pudur ,600053,13.1299346,80.1603018,"39, Pudur, Ambattur, Chennai, Tamil Nadu 600053, India"
9404,,,600061,12.971001519746547,80.18544841728915,"27, Kannan Nagar 3rd St, Eswaran Colony, Lakshmi Nagar, AGS Colony, Nanganallur, Chennai, Tamil Nadu 600061, India"
8659,35,Pammal ,600070,12.974898808139796,80.13285053829462,"58/7, 78, Nallathambi Main Rd, Pasumpon Nagar, Pammal, Chennai, Tamil Nadu 600075, India"
10495,,,602002,13.0299999,79.9183956,"2WH9+X9R, Sengadu, Tamil Nadu 602002, India"
10617,28C,Samiyar Madam,600024,13.0457207,80.22062869999999,"26WC+77J, Samiyar Madam, Kodambakkam, Chennai, Tamil Nadu 600024, India"
11248,,,600122,13.0098711,80.1200496,"Kovur Government Higher Secondary School, Kovur, Chennai, Thandalam, Tamil Nadu 600128, India"
11230,,,600083,13.0294896,80.2084704,"92, Jawaharlal Nehru Salai, near Kasi Theatre, Kasi Estate, Ashok Nagar, Chennai, Tamil Nadu 600083, India"
9959,17B,Vasantha bhavan hotel,602001,13.153876131433538,79.91370417722335,"5W37+GFF, Ikkadu, Chinnaekkadu, Tamil Nadu 602021, India"
10618,,,600102,13.0916682,80.2209665,"Old No. 73, New Door No. 273, Gujji, VOC Nagar Main Rd, Block K, Annanagar East, Chennai, Tamil Nadu 600102, India"
11216,,,631501,12.8215698,79.7173035,"18/80A, Nethaji Nagar, Kanchipuram, Arappanacheri, Tamil Nadu 631501, India"
10695,16B,Surapet Main Road,600099,13.14296260534228,80.20017062721986,"P67A, Veeraragahavalu Nagar, Kolathur, Chennai, Tamil Nadu 600099, India"
9449,,,600056,13.0435524,80.1364855,"B6/2/306, EVP Park Ave, Moovendhar Nagar, Subbiah Nagar, Ashok Brindavan, Iyyappanthangal, Chennai, Tamil Nadu 600056, India"
9871,,,631502,12.83812,79.7008659,"Alwar banglow,Kachabeswarar temple back side, RPQ2+68X, Pillaiyarpalayam, Tamil Nadu 631502, India"
10124,,,600073,12.923148534084406,80.16033356449059,"First Floor, No 187, Velachery Rd, next to Jolen hsopital, Durga Colony, Sembakkam, Chennai, Tamil Nadu 600073, India"
9152,16b,Redhills bus stop,600052,13.186486297841904,80.19765051741814,"Vadakarai School, Vadakarai, Grant Lyon, Red Hills, Chennai, Tamil Nadu 600052, India"
9916,,,631501,12.8096019,79.7269698,"282, Venkateshwara Nagar, Nethaji Nagar, Kanchipuram, Nattapettai, Tamil Nadu 631501, India"
10246,16C,Puzhal bypass ,600066,13.177005807516062,80.19592025782346,"6, Kannappasamy Nagar, Kannada Palaiyam, Puzhal, Chennai, Tamil Nadu 600066, India"
11293,,,631501,12.8228144,79.6984418,"205, Kamaraj Nagar, Periya, Kanchipuram, Tamil Nadu 631502, India"
8517,1C,"Annamalai mandram    OR    Mannady,george town",600001,13.0986765,80.284052,"4, Venkatesan St, Peddanaickenpet, George Town, Chennai, Tamil Nadu 600001, India"
10547,13,Agaram BPCL Bunk,600082,13.1111506,80.2267732,"466G+FP6 Cluster_chennai 63, Jawahar Nagar, Perambur, Chennai, Tamil Nadu 600082, India"
8439,,,600002,13.0625442,80.2742479,"126, Triplicane High Rd, Ellis Puram, Padupakkam, Triplicane, Chennai, Tamil Nadu 600005, India"
9034,,,631002,13.074950827842082,79.67098721714122,"80, Gandhi Rd, griblespet, Arakkonam, Ammanur R.F., Tamil Nadu 631002, India"
9424,,,600011,13.1110434,80.2461167,"15/5/2A, Meenakshi, Chinnaiyan Colony, Perambur, Chennai, Tamil Nadu 600011, India"
9014,,,600054,13.105234088919044,80.10857426184482,"18, Poonamallee - Avadi High Rd, Rajbai Nagar, Vasantham Nagar, Avadi, Tamil Nadu 600072, India"
9170,,,600092,13.0620719,80.1923735,"T/B -99, Anna Fruit Market, Vedha Nagar, Chinmaya Nagar Stage II Extension, Kumaran Nagar, Virugambakkam, Chennai, Tamil Nadu 600092, India"
8196,10C,Ayanavaram ,600023,13.099718,80.229782,"Joint Office, Ayanavaram Rd, United India Nagar, Ayanavaram, Chennai, Tamil Nadu 600023, India"
8285,16,"Krishnapuram Bus stand , Ponneri.",601204,13.319767751357704,80.18258721234461,"No 143, KRISHNAPURAM, Kodur, Tamil Nadu 601204, India"
8666,,,600071,13.101822316660147,80.108418082799,"104, Poonamallee - Avadi High Rd, Govardanagiri, Avadi, Tamil Nadu 600071, India"
9974,9c,DR super market,600095,13.08108108108108,80.17045290573199,"35JC+F45, Mogappair West, Ambattur Industrial Estate, Chennai, Tamil Nadu 600037, India"
11336,,,600123,13.047231,80.08013059999999,"23WJ+V3R, Nazarathpettai, Tamil Nadu 600123, India"
8767,,,600053,13.104628772135568,80.15351805979537,"4/12, NH 716, Kamarajapuram, Ambattur, Chennai, Tamil Nadu 600053, India"
10438,16C,KAVANGARAI ,600066,13.1704109,80.1977292,"11, Kannappasamy Nagar, Puzhal, Chennai, Tamil Nadu 600066, India"
8754,,,600016,12.9883098,80.1798343,"X5QH+8WG, NAD Colony, National Airports Authority Colony, Meenambakkam, Chennai, Tamil Nadu 600016, India"
8269,,,600023,13.098415,80.234931,"Noor Hotel, Ayanavaram Road, Venkatesapuram Colony, Ayanavaram, Chennai, Tamil Nadu 600023, India"
11229,,,600005,13.0559645,80.2788557,"8/2, Narayana Krishnaraja Puram, Triplicane, Chennai, Tamil Nadu 600005, India"
8573,,,600044,12.9514922,80.1408089,"X42R+VG3 Chrompet Train Station, Chrompet Train Station, Railway, Radha Nagar, Chromepet, Chennai, Tamil Nadu 600044, India"
10451,,,632007,12.965888166237471,79.14419918208121,"122, Bharathiyar Nagar Rd, Suthanthira Ponvizha Nagar, Bharathi Nagar, Katpadi, Vellore, Tamil Nadu 632007, India"
9029,,,600124,13.04353514741321,80.05336379833992,"23V3+C92, Thirumazhisai, Tamil Nadu 600124, India"
10867,,,600056,13.0424737,80.1011792,"64, Kirupananda Variar Nagar, Lakshman Nagar, Poonamallee, Chennai, Tamil Nadu 600056, India"
11322,,,600099,13.1360238,80.20278549999999,"54C, Soba Teachers Nagar, Vinayakapuram, Kolathur, Chennai, Tamil Nadu 600099, India"
11324,,,600099,13.1398108,80.2058313,"46Q4+W8G, Vinayakapuram, Lakshmipuram, Chennai, Tamil Nadu 600099, India"
10057,,,631402,13.044794071387743,79.81852112259631,"3/1118, பேரம்பாக்கம், தமிழ் நாடு 631402, இந்தியா"
8793,13A,Kolathur (Don Bosco School),600049,13.118827341844929,80.20746458768396,"18, Kolathur Main Rd, Bharathi Nagar, Ganesh Nagar, Villivakkam, Chennai, Tamil Nadu 600049, India"
9387,,,600052,13.1917566,80.18729239999999,"32, Vallalar St, Red Hills, Naravarikuppam, Padianallur, Tamil Nadu 600052, India"
9314,15E,Kallikupam tea kadai,600053,13.132991684702336,80.17372929295276,"No-260, Ambattur Red Hills Rd, VPC Nagar, Kallikuppam, Ambattur, Chennai, Tamil Nadu 600053, India"
10588,,,600095,13.0490321,80.1581205,"25X5+J69, Jeyaraman Nagar, Jeyaraman nagar, Porur, Chennai, Tamil Nadu 600116, India"
10534,25,thiruvanmiur rto,600041,12.9769622,80.2538252,"X7G3+QGH, Avvai Nagar, Thiruvanmiyur, Chennai, Tamil Nadu 600041, India"
8766,,,600077,13.0873189,80.1386845,"600077, Pachaiappan Nagar Phase I, Koladdi Village, Ayappakkam, Chennai, Tamil Nadu 600095, India"
11099,4C,"Loyola College, Nungambakkam",600034,13.0557379,80.2366701,"4, SP Balasubrahmanyam Rd, Opposite Sundar Villa, Kamdar Nagar, Nungambakkam, Chennai, Tamil Nadu 600034, India"
9987,37C,Poonamallee Ambedkar statue,600056,13.0495193,80.08848669999999,"23XQ+R95, Ettima Nagar, Poonamallee, Chennai, Tamil Nadu 600056, Indien"
9900,,,600053,13.1198698,80.14463889999999,"5A, 5th Cross St, Cholapuram, Ambattur, Chennai, Tamil Nadu 600053, India"
8203,18B,Pattabiram Bridge,600072,13.117117117117116,80.05268158260809,"4383+R3 Avadi, Tamil Nadu, India"
8239,,,600048,12.89993097965815,80.07423105891235,"V3XF+XM Perungalathur, Tamil Nadu, India"
10324,,,631003,13.085121481989496,79.64491367340088,"3JPV+3W5, Ramadas Nagar, Arakkonam, Tamil Nadu 631003, India"
10456,,,600114,12.987848115361526,80.18531765175254,"Pazavanthangal Road Jn, Krishnaswamy Street, Pazavanthangal, Chennai, Tamil Nadu 600114, India"
9540,5,Razack garden,600106,13.0724931,80.2175352,"20, Indirani Ln, Ayyavoo Colony, Aminjikarai, Chennai, Tamil Nadu 600030, India"
9334,19A,Vandalur Gate Bus Stop (Near Perumal Koil),600048,12.89361465822624,80.08214737691723,"V3VJ+9VX, Tambaram - Mudichur - Walajabad Rd, Vandalur, Tamil Nadu 600048, India"
10249,19A,Vandalur Gate Bus Stop (Near Perumal Koil),600048,12.89361665293224,80.08214585990233,"V3VJ+9VX, Tambaram - Mudichur - Walajabad Rd, Vandalur, Tamil Nadu 600048, India"
11030,10C,NOOR HOTEL,600023,13.098407934253572,80.23438889577028,"209-80, Devarajulu St, near Paras jewellers, Venkatesapuram Colony, United India Nagar, Chennai, Tamil Nadu 600023, India"
9363,14c,Veterinary college mathur,600051,13.1625003,80.243687,"567V+2F3, Madhavaram Milk Colony Rd, Madhavaram Milk Colony, Chennai, Tamil Nadu 600051, India"
9747,,,600116,13.0441489,80.1675588,"62, Sridevi Nagar, Alapakkam, Porur, Chennai, Tamil Nadu 600116, India"
11298,18D,Vel Tech Junction,600062,13.1664795,80.09555,"200, Ramsamaj Nagar, Bharathi Nagar, New Vellanur, Tamil Nadu 600055, India"
9247,,,600124,13.0435439292618,80.05330930239431,"23V3+C92, Thirumazhisai, Tamil Nadu 600124, India"
8850,1,Ennore,600057,13.2145944,80.3202929,"687C+R4M, Ennore, Chennai, Tamil Nadu 600057, India"
8312,26,Triplicane,600005,13.050075766566698,80.27669257591857,"16, Gajapathy Lala St, Rama Nagaram, Triplicane, Chennai, Tamil Nadu 600005, India"
8474,,,600029,13.075056763199292,80.21585318316372,"Chandra super market Landmark :Near DG Vaishnav College, NSK bustop, 36F8+X8Q, Poonamallee High Rd, Razaak Garden, SBI Officers Colony, Arumbakkam, Chennai, Tamil Nadu 600106, India"
11215,,,602002,13.073347401820508,79.90102995351648,"280, Perumal Koil St, Kammavarpalayam, Tamil Nadu 602002, India"
10439,,,600072,13.1231361,80.0579673,"Number 2, DRR St, Charles Nagar, Pattabiram, Tamil Nadu 600072, India"
11169,,,600106,13.073346984732654,80.20664410820615,"36F4+8JQ, Jagannatha Nagar, Arumbakkam, Chennai, Tamil Nadu 600106, India"
10226,16B,Redhills bus stand ,600067,13.2379184,80.2005577,"66Q2+567, Budur, Tamil Nadu 600067, India"
9205,12,Mkb nagar,600039,13.1214201,80.2648612,"D13, Mahakavi Bharathiyar Nagar East, Mahakavi Bharathi Nagar, Vyasarpadi, Chennai, Tamil Nadu 600039, India"
11062,,,600099,13.1306471,80.21389769999999,"46J7+7H2, Retteri Flyover, United Colony, Kolathur, Chennai, Tamil Nadu 600099, India"
11199,18B,Avadi Check post ,600054,13.120359349675192,80.09617398733548,"11, OP Raman St, Bhaktavatsala Puram, Avadi, Tamil Nadu 600054, India"
9801,,,600078,13.0442601,80.19515849999999,"3, PV Rajamannar Salai, Navarathna Colony, K. K. Nagar, Chennai, Tamil Nadu 600078, India"
10390,,,600101,13.087715449100529,80.18797889499788,"32, J J Nagar, Mogappair, Tiruvallur, Chennai, Tamil Nadu 600060, India"
9995,,,600128,13.0108473,80.1177335,"Sambandham Nagar, Kundrathur, Kovur, Chennai, Tamil Nadu 600128, India"
10342,38C,Kanchipuram collectorate,631501,12.8278661,79.72316119999999,"13a, Thirukalimedu, 192Kanchipuram, Tamil Nadu 631501, India"
9379,32c,ramapuram,600089,13.0260906,80.1847873,"Navin's Subhamangala, NAVIN'S SUBHAMANGLA, Kalasathamman Koil St, Chellammal Nagar, Ramapuram, Chennai, Tamil Nadu 600089, India"
11217,,,600062,13.1563551,80.10710999999999,"Priya nagar, Police Station, near T7 Tank Factory, Avadi, New Vellanur, Tamil Nadu 600062, India"
8654,5,Vanagaram ,600077,13.0554861,80.1484461,"4/217, 3rd St, Rajiv Nagar, Dhanalakshmi Nagar, Vanagaram, Chennai, Adayalampattu, Tamil Nadu 600077, India"
10315,,,600099,13.127639323110822,80.21730940282825,"46H8+2W3, Vivek Nagar, Kolathur, Chennai, Tamil Nadu 600082, India"
9440,,,600053,13.127152930358855,80.15392139225312,"2, Mani Street, Vijayalakshmi Puram, Ambattur, Chennai, Tamil Nadu 600053, India"
9454,25,tidel park,600041,12.987822325491372,80.25279204610582,"244, Appu Colony, Kamaraj Nagar, Thiruvanmiyur, Chennai, Tamil Nadu 600041, India"
10858,8,Singarampillai School ,600049,13.1091642418284,80.20283429786987,"119A, 3rd Main Rd, Sidco Nagar, Villivakkam, Chennai, Tamil Nadu 600049, India"
11118,,,600066,13.1793628,80.1984322,"15, Kannada Palaiyam, Puzhal, Chennai, Payasambakkam, Tamil Nadu 600066, India"
9810,21,Arun icecream parlour ,600088,12.983914608426588,80.20496535828276,"87a, 1st Main Rd, Okkiayam, Thouraipakkam, Mahalakshmi Nagar, Adambakkam, Chennai, Tamil Nadu 600088, India"
8931,,,600083,13.03110105210038,80.20255768913967,"Nu Tech Indira Block-3, 150, Pillaiyar Koil St, Sapthagiri Colony, West Jafferkhanpet, Chennai, Tamil Nadu 600083, India"
11301,24,Independence Park,600114,12.9826816,80.183296,"11/6, 7th St, Nehru Colony, Nanganallur, Chennai, Tamil Nadu 600061, India"
10167,,,600091,12.971843500662262,80.19364862683078,"X5CV+PF6, Thangavelu St, Puzhuthivakkam, Madipakkam, Chennai, Tamil Nadu 600091, India"
9884,,,600095,13.0706433,80.1632332,"C-4, 4th St, Nolambur, Ambattur Industrial Estate, Chennai, Tamil Nadu 600095, India"
11045,36,Bai kadai bus stand,600125,13.019437941728151,80.14274189338533,"61, Kundrathur Main Rd, Sri Ranara Nagar, Moulivakkam, Chennai, Tamil Nadu 600125, India"
10895,38,Punjaiarasanthangal,631502,12.791049971313392,79.67685612269656,"QMRG+8JC, Kanchipuram, Tamil Nadu 631502, India"
8714,,,600088,12.9945617,80.2098749,"SAI GREEN INDUSTRIES, NO 9, 5th St, Periyar Nagar, Indira Gandhi Nagar, Adambakkam, Chennai, Tamil Nadu 600088, India"
9030,,,603210,12.863752511231676,80.0859091275356,"V37P+FCX, Godavari Nagar Main Rd, Godavarinagar, Urapakkam, Chennai, Tamil Nadu 603210, India"
8913,8,"Poorvika Showroom,Thiruvallur ",602001,13.1412918,79.9166465,"Kakkalur, Chinnaekkadu, Kakkalur, Tamil Nadu 602001, India"
11305,18D,"Ajeya stadium,Avadi",600062,13.1396354,80.1116257,"100, Poonga St, Poompozhil Nagar Phase I, Poompozhil Nagar, Avadi, New Vellanur, Tamil Nadu 600062, India"
8836,18D,Ajay stadium ,600062,13.1389036,80.0980506,"2449, 9th St, Kalaignar Nagar, Kovilpadagai, Avadi, Tamil Nadu 600062, India"
11302,,,631052,12.921437218789231,79.56487655639648,"9E, Bazar St, Panapakkam, Tamil Nadu 631052, India"
10589,,,600014,13.050191394488824,80.26132645785518,"3726+2GP, Govardhan St, Ganapathy Colony, Gopalapuram, Chennai, Tamil Nadu 600014, India"
10990,,,600080,13.1092887,80.1818774,"863, North Ave, Venkatraman Nagar, Tnhb, Korattur, Chennai, Tamil Nadu 600050, India"
10729,35D,"Bharath petrol Bunk, ANAKAPUTHUR",600070,12.978912,80.12991120000001,"42, Pasumpon Nagar, Anakaputhur, Chennai, Tamil Nadu 600070, India"
8992,,,600129,12.936681091026768,80.18202351447279,"2/501, Nanmangalam, Chennai, Tamil Nadu 600129, India"
11208,,,631601,12.8096209,79.7601398,"RQ56+R23, Ayyampettai, Tamil Nadu 631601, India"
8699,17D,Veppampattu railway gate,602024,13.1275021,80.0040821,"42H3+3W8, Thiru Nagar, Veppambaattu, Tamil Nadu 602024, India"
11221,18B,Avadi Pillyarkoil,600054,13.1197675,80.0903782,"13, Moses St, Gandhi Nagar, Avadi, Tamil Nadu 600054, India"
9476,19A,Perungalathur bus stop ,600048,12.896250253967663,80.08392147471152,"14 3rd Street, Extension, Balaji Nagar, Vandalur, Tamil Nadu 600048, India"
8716,44,govarthan nagar sriperumbudur,602105,12.963640854443318,79.94854361581137,"XW7X+CC8, Service Rd, Katchipedu, Sriperumbudur, Tamil Nadu 602105, India"
11189,,,600037,13.078059295120104,80.1791677945816,"No 1, Mogappair Eri Scheme, Mogappair, Chennai, Tamil Nadu 600037, India"
10283,,,600106,13.071510177185385,80.20597609720001,"31, 19th St, Jai Nagar, Arumbakkam, Chennai, Tamil Nadu 600106, India"
8384,20D,Vellakal bus stop,600129,12.931672294954646,80.17781858798435,"19, Ponniamman Koladi, Nanmangalam, Vellakkal, Chennai, Tamil Nadu 600129, India"
10985,,,631209,13.182406199501798,79.61061900604786,"5JM5+5X9, Senthamizh Nagar, Senthamil Nagar, Thiruttani, Tamil Nadu 631209, India"
9428,,,600011,13.113431283046076,80.23418783732615,"1/23, 1st St, Gopal Colony, Perambur, Chennai, Tamil Nadu 600082, India"
9828,,,600094,13.0603396,80.2232674,"366F+58F, Uliyanallore, Kamaraj Nagar, Choolaimedu, Chennai, Tamil Nadu 600094, India"
9756,,,600099,13.125246975489,80.20817284506677,"258, Ambedkar Nagar, Kolathur, Chennai, Tamil Nadu 600099, India"
11280,,,600110,13.134195086004548,80.22364246974514,"130A, 2nd Cross St, Prakash Nagar, Ponniammanmedu, Chennai, Tamil Nadu 600110, India"
11275,,,602002,13.11160950569495,79.91102111598018,"SRI, PERAMBATHUR HIGH ROAD, Manavalanagar, Tiruvallur, Tamil Nadu 602002, India"
11236,,,602002,13.109831911323816,79.91550354726527,"3, Mettu street, Ondikuppam, Manavalanagar, Tamil Nadu 602002, India"
9413,,,600072,13.119347478725652,80.07400049517086,"Hindu College, NH 716, Pattabiram, Tamil Nadu 600054, India"
11270,,,600005,13.0587341,80.2740342,"1, Triplicane High Rd, Triplicane, Chennai, Tamil Nadu 600005, India"
10835,,,603210,12.8664206,80.0752885,"Urapakkam, Kubera Nagar, Urapakkam, Tamil Nadu 603210, India"
10515,,,631502,12.813913767519644,79.69344678612391,"No79B Alamelumangai Street, Chinnaiyan Nagar, Gem Nagar, Tamil Nadu 631502, India"
8650,29c,Seethalakshmi stores,600092,13.05051040573168,80.19625213583114,"135-140, Kamarajar Salai, AVM Colony, Virugambakkam, Chennai, Tamil Nadu 600092, India"
10478,,,600101,13.088220115969994,80.19447712361216,"29/1, Anna Nagar West, Welcome Colony, Anna Nagar West Extension, Chennai, Tamil Nadu 600101, India"
10072,18B,Sekkadu Bus Stop,600072,13.120071030996971,80.07963121491528,"74, Rajiv Gandhi Nagar, Pattabiram, Tamil Nadu 600072, India"
9438,42,"Sr gate,griblespet,arakkonam",631001,13.07499480146575,79.67052715175735,"79, Gandhi Rd, near SR Gate, Griblespet, Arakkonam, Vellore, Tamil Nadu 631002, India"
11297,42,Thakkolam kootroad,631151,13.02379404067551,79.67759617158426,"2MFH+G2X, Arigilapadi, Poyyapakkam, Tamil Nadu 631151, India"
11264,40C,Rama's cafe,631502,12.8371959,79.7038472,"83, Annai Indira Gandhi Salai, Bavaji Nagar, Pillaiyarpalayam, Kanchipuram, Tamil Nadu 631502, India"
9212,,,600072,13.1228447,80.06006119999999,"43F6+42M Pattabiram Bridge, Pattabiram, Tamil Nadu 600072, India"
11234,578,Sunguvarchatharam Bus stop,602106,12.9259146,79.88007669999999,"WVGJ+929, Sunguvarchatram, Tamil Nadu 602106, India"
9026,,,600051,13.145291514281377,80.24682760148892,"P-9/D-5, 10th Cross Rd, Goyyathoppu, Subramanya Garden, Kodungaiyur, Chennai, Tamil Nadu 600051, India"
11274,,,600062,13.1290985812414,80.13908758320323,"485, Madras Thiruvallur High Rd, Saraswati Nagar, Thirumullaivoyal, Chennai, Tamil Nadu 600062, India"
9700,,,600060,13.1589259,80.2276329,"232, Ring Road Housing Sector, Manthaveli, Kadirvedu, Chennai, Tamil Nadu 600060, India"
9561,18B,Avadi pilyarkoil,600054,13.115853,80.105324,"Avadi Market, New Military Rd, Arundhati Palaiyam, Avadi, Tamil Nadu 600071, India"
9790,,,602001,13.1230558,79.9119526,"111, Egmore, Tiruvallur, Kakkalur, Tamil Nadu 602023, India"
10730,16b,Redhills bus stand ,600052,13.1929122,80.1839626,"55VM+4GG, Red Hills, Padianallur, Chennai, Tamil Nadu 600052, India"
8238,,,600053,13.131798,80.1633193,"18, Surapet Main Rd, East Banu Nagar, Pudur, Ambattur, Chennai, Tamil Nadu 600053, India"
11153,12B,Welding shop,600082,13.12331970235864,80.22286479586329,"20, Red Hills Rd, Sri Ganapathi Rao Nagar, Kolathur, Chennai, Tamil Nadu 600099, India"
9262,,,600021,13.1110485,80.27858499999999,"Pencil Factory, Korukkupet, Old Washermanpet, Chennai, Tamil Nadu 600021, India"
11195,,,631052,12.9356027,79.5887995,"WHPQ+5HF, Reddivalam, Agavalam, Tamil Nadu 631052, India"
9688,,,600051,13.161734024374798,80.25110356776472,"No. 26, 1st St, PVN nagar, Madhavaram, Chennai, Tamil Nadu 600051, India"
9313,4,Harrington Road,600030,13.070633230002024,80.23219086455272,"3/9, Vaidyanathan St, Behind Pachaiyappa's College, Shenoy Nagar, Aminjikarai, Chennai, Tamil Nadu 600030, India"
11296,,,600053,13.11872822243337,80.14976981845687,"Empty, Old Bank Of Baroda St, Secretariat Colony, Venkatapuram, Ambattur, Chennai, Tamil Nadu 600053, India"
11283,,,600053,13.11870972847565,80.14980596722017,"1, NH 716, Secretariat Colony, Venkatapuram, Ambattur, Chennai, Tamil Nadu 600053, India"
10815,,,600020,13.0090054,80.25165989999999,"76, 3rd Main Rd, Gandhi Nagar, Adyar, Chennai, Tamil Nadu 600020, India"
11214,,,600067,13.2397425,80.1639667,"1/316, Sholavaram, Sothuperumbedu, Tamil Nadu 600067, India"
11349,,,600123,13.04494,80.0815897,"132, Nazarathpet, Chennai, Nazarathpettai, Tamil Nadu 600123, India"
11360,6,Hot chips,600040,13.0861501,80.2021105,"Rangnath Garden, 2014, 5th St, near Gokulam House, H Block, Anna Nagar, Sector A, Anna Nagar, Chennai, Tamil Nadu 600040, India"
9514,,,600044,12.954965714935028,80.1469147113865,"28, Shanti Nagar, Lakshmi Nagar, Chromepet, Chennai, Tamil Nadu 600044, India"
8877,19D,Urapakkam Tea Kadai,603210,12.862139519267878,80.07325836441801,"Urapakkam- Near Tea kadai, Urapakkam, Chennai, Tamil Nadu 603210, India"
9022,45,Sriperumbudur,602105,12.96692238445928,79.94554903892188,"181, Gandhi Rd, Opp to Devi Hospital, Nenmeli, Sriperumbudur, Tamil Nadu 602105, India"
9111,2C,"Mint Old Bus Stand, Padmanabha theatre",600021,13.106252794827103,80.28008277964872,"Mint Terminus, METRO STATION-WASHERMENPET, Railway Quaters, Old Washermanpet, Chennai, Tamil Nadu 600021, India"
9675,,,600123,13.046813529173916,80.0791213084173,"23WH+PHG, Nazarathpettai, Tamil Nadu 600123, India"
8296,4,Pantaloons aminjikarai,600094,13.0639083,80.219772,"55-22, Kamaraj Nagar 3rd St, Kamarajar Nagar, Kamaraj Nagar, Veerapandi Nagar, Choolaimedu, Chennai, Tamil Nadu 600094, India"
10972,,,600056,13.049467450754449,80.13027899415039,"30, Poonamallee, Chennai, Tamil Nadu 600077, India"
11309,,,600061,12.98781360688745,80.18531853622844,"Pazavanthangal Road Jn, Krishnaswamy Street, Pazavanthangal, Chennai, Tamil Nadu 600114, India"
9895,,,631501,12.818032467634316,79.69075433888275,"RM9R+477, Pallavan Nagar, Gem Nagar, Govindavadi, Tamil Nadu 631502, India"
11289,,,602001,13.134402037966472,79.9088981448614,"4WM5+VG4, V.M Nagar, Kakkalur, Tamil Nadu 602001, India"
10303,34,Kattupakkam Maran Garden,600056,13.044441669026872,80.12599842746248,"No:44A, 1st Cross Street, MAC Nagar, Sendurpuram, Kattupakkam, Chennai, Tamil Nadu 600056, India"
11179,1,Tollgate BusStand ,600081,13.144138874903788,80.29685862839763,"47VW+PQ2, Thiruvottiyur High Rd, Thangal, Vasantha Nagar, Thyagarajapuram, Tiruvottiyur, Chennai, Tamil Nadu 600019, India"
8668,,,600008,13.0719524,80.26347299999999,"20-59, 20-59, Thiruvengadam St, Pudupet, Komaleeswaranpet, Park Town, Chennai, Tamil Nadu 600002, India"
11173,,,601204,13.299015126043232,80.15444331358201,"75X3+HQH, Thatchoor, Tamil Nadu 601204, India"
8326,,,600028,13.01597431753392,80.2596999132644,"Sathya Studio, Adyar Bridge, State Bank of India Colony, Raja Annamalai Puram, Chennai, Tamil Nadu 600028, India"
9626,21,"sakthi cars, velachery",600088,12.979899429110551,80.20000842147462,"3, Jawaharlal Nehru Salai, Usha Nagar, Vanuvampet, Velachery, Chennai, Tamil Nadu 600091, India"
9904,,,600004,13.044464110489578,80.26844774658272,"Dr Radha Krishnan Salai, 27V9+R88, Dwarka Colony, Mylapore, Chennai, Tamil Nadu 600004, India"
11017,,,600020,12.998242878577903,80.26223833152159,"No. 145, vannanthurai, Ellaiamman Koil Street, Shastri Nagar, Adyar, Vannanthurai, Besant Nagar, Chennai, Tamil Nadu 600020, India"
11331,10c,Noor hotel,600023,13.098663,80.234472,"310, Konnur High Rd, Vasantha nagar, Chinna Chembarambakkam, Ayanavaram, Chennai, Tamil Nadu 600023, India"
11240,39C,sunguvarchatram,602106,12.921049560766354,79.87995598473513,"WVCJ+C6, Sunguvarchatram, Tamil Nadu 602106, India"
8956,35,Puthukovil pammal,600075,12.9745021,80.1426525,"Manickam Illam, 95, Aramgamatjam Nagar, Pammal, Chennai, Tamil Nadu 600075, India"
8924,,,603002,12.6943304,79.9682564,"20/7, Gangai Amman Kovil St, Natham, Chengalpattu, Tamil Nadu 603002, India"
8840,,,600083,13.031086,80.21618099999999,"B-211, 11th Ave, 11th Avenue, Mettuppalayam, Ashok Nagar, Chennai, Tamil Nadu 600083, India"
9120,,,600076,13.1260108,80.1928779,"CLUBHOUSE, ALLIANCE ORCHID SPRINGS, Korattur Tank, Korattur, Puthagaram, Chennai, Tamil Nadu 600076, India"
10010,,,600050,13.0883754,80.179361,"1406, Golden Colony, Chennai, Tamil Nadu 600050, India"
9757,,,600063,12.9222291,80.0816821,"144, Parvathi Nagar, Shanthi Nagar, Saravana Bawa Nagar, Mudichur, Old Perungalathur, Tamil Nadu 600063, India"
9558,12B,Lakshmi amman Koil,600099,13.12601683714289,80.21933272898559,"Moogambigai Bus Stop, Sundaram Nagar, Kolathur, Chennai, Tamil Nadu 600099, India"
11249,37C,Poonamallee,600056,13.049725292680236,80.09277450967551,"11/12, Rukmani Nagar, Poonamallee, Chennai, Tamil Nadu 600056, India"
10509,,,600116,13.0379366,80.1481354,"Osian Chlorophyll Block-1, Osian Chlorophyll, Gandhi Nagar, Porur, Chennai, Tamil Nadu 600116, India"
8176,,,600061,12.971911558826177,80.18282125302683,"84, Teachers Colony, Nanganallur, Chennai, Tamil Nadu 600061, India"
9414,,,600060,13.1544202,80.2355354,"Sindur Orchid, sector, Ganesh Nagar, Madhavaram Milk Colony, Chennai, Tamil Nadu 60, India"
8596,18B,Hindu College Bus Stop,600072,13.123516,80.07397259999999,"43FG+924, Deena Dayalan Nagar, Pattabiram, Tamil Nadu 600072, India"
10381,,,600042,12.9818176,80.23035589999999,"No: 7/41, Ramagiri, 100 Feet Taramani Road, Opp to Naidu Hall, adjacent to Tata Consultancy Services -Velachery, Ayodhya Colony, Velachery, Chennai, Tamil Nadu 600042, India"
11232,20D,Vadakupattu,600129,12.935503174596535,80.18255584769338,"11/395, Karpagam Nagar Main Rd, Kulattur, Chennai, Tamil Nadu 600129, India"
9090,,,600124,13.0580412,80.0638058,"84, Kavalcheri Rd, Thirumazhisai, Tamil Nadu 600124, India"
10704,,,600081,13.132531,80.2784402,"103, Indira Gandhi Nagar, New Washermenpet, Tondiarpet, Chennai, Tamil Nadu 600081, India"
9793,,,600125,13.02147076609238,80.15363204857321,"3/236, Subbiah Nagar, Parvathi Avenue, Porur, Chennai, Tamil Nadu 600125, India"
11223,17A,Kakkalur bus stop,602003,13.1293379,79.9272319,"47B, 5th Cross St, Poonga Nagar, Anjaneya Puram, Kakkalur, Tamil Nadu 602003, India"
10017,,,600041,12.968290430715664,80.25362786292115,"7, Venkateshpuram, Kottivakkam, Chennai, Tamil Nadu 600041, India"
10307,,,600053,13.1324452,80.1710447,"Rwd Lemongraz, Kallikuppam, Ambattur, Chennai, Tamil Nadu 600053, India"
10969,27,Kauvery Hospital Alwarpet ,600018,13.038238,80.25713610000001,"81, TT Krishnamachari Rd, CIT Colony, Alwarpet, Chennai, Tamil Nadu 600018, India"
8192,,,600053,13.111350451358184,80.15146068972946,"369, NH 716, Teachers Colony, Chennai, Tamil Nadu 600053, India"
10823,,,600049,13.108623493095005,80.20257948801346,"84, 62nd St, Sidco Nagar, Villivakkam, Chennai, Tamil Nadu 600049, India"
9484,,,600053,13.111439233326116,80.1513758211812,"371/372, Madras Thiruvallur High Rd, Teachers Colony, Chennai, Tamil Nadu 600053, India"
8415,,,600048,12.9030151,80.0607486,"1E/240, Ramar Thottam, Mudichur, Tamil Nadu 600048, India"
11159,,,600080,13.109288152894448,80.18188330955796,"864, North Ave, Venkatraman Nagar, Tnhb, Korattur, Chennai, Tamil Nadu 600050, India"
11354,,,600050,13.088119758087796,80.17909763243323,"Golden Flat, Mogappair, Chennai, Tamil Nadu 600050, India"
11198,,,600116,13.0385599,80.1571501,"3/38, Karambakkam, Buddhar Colony, Porur, Chennai, Tamil Nadu 600116, India"
10422,,,631209,13.17698686108602,79.61502881157755,"No.80, Dr Radhakrishnan St, Murugappa Nagar, Thiruttani, Tamil Nadu 631209, India"
10601,36,Bai Kadai,600125,13.018603543464344,80.15131729922912,"PLOT I & V, Madha Nagar Main Road, MRK Nagar, Madhanandapuram, Chennai, Tamil Nadu 600125, India"
9914,,,600107,13.074651418179656,80.1948886980525,"New No 1170, Old No 46, Poonthamalli High Road, Land Mark Opposite of, Koyambedu, Chennai, Tamil Nadu 600107, India"
10820,,,600062,13.1213078,80.133192,"10/71, Srinivasa Nagar, Annanur, Cholambedu, Chennai, Tamil Nadu 600062, India"
10380,,,600053,13.132169848427452,80.16947645594544,"234, Ambattur Red Hills Rd, Kallikuppam, Ambattur, Chennai, Tamil Nadu 600053, India"
8713,,,600083,13.038172736042338,80.21596766939814,"25/4, Sarvamangala Colony, Sri Devi Colony, Ashok Nagar, Chennai, Tamil Nadu 600083, India"
9339,,,600041,12.9884141466756,80.26035401014822,"148, Valmiki St, Kamaraj Nagar, Thiruvanmiyur, Chennai, Tamil Nadu 600041, India"
9423,,,600118,13.1362021,80.2585897,"257/8, Kodungaiyur (East), muthamil Nagar, Kodungaiyur, Chennai, Tamil Nadu 600118, India"
10496,,,600107,13.071343822531992,80.18617280636411,"Poonamalle High Rd, Pallavan Nagar, Koyambedu, Chennai, Tamil Nadu 600107, India"
10624,,,600107,13.074025775076509,80.20037129622655,"Vijayakanth Kalayana Mandapam, Jawaharlal Nehru Salai, Virrugambakkam, Koyambedu, Chennai, Tamil Nadu 600107, India"
8398,,,600099,13.1252008,80.2206952,"17, Red Hills Rd, Meenakshi Nagar, Somanathapuram, Kolathur, Chennai, Tamil Nadu 600099, India"
11006,32,CIT Nagar Bus Stop,600035,13.0281996,80.2328098,"22/61,4/60/2, Anna Salai 3rd Main Rd, CIT Nagar West, CIT Nagar, Chennai, Tamil Nadu 600035, India"
8486,,,600053,13.13276439100351,80.17355138970183,"No.160/1 new no.36, red hills main road abi party hall building, opposite to sai baba temple, Muthtamil Nagar, Ambattur, Chennai, Tamil Nadu 600053, India"
11265,,,600011,13.113795,80.2352042,"467P+G38 Venus park, Paper Mills Road, Gopal Colony, Perambur, Chennai, Tamil Nadu 600011, India"
11053,,,600124,13.0437611,80.0534959,"23V3+G95, Thirumazhisai, Tamil Nadu 600124, India"
10996,,,600087,13.043844364105269,80.18522082963867,"1, Janaki Nagar, Alwartirunagar, Valasaravakkam, Chennai, Tamil Nadu 600087, India"
11277,7C,Thirumangalam EB Bus Stop,600040,13.085076212383088,80.19432412622261,"127a, Avvai St, Tiruvalleeswarar Nagar, Thirumangalam, Anna Nagar, Chennai, Tamil Nadu 600040, India"
10143,21A,Jothi Theatre,600016,13.0061676,80.20130379999999,"Jothi Theatre, 40, Chennai - Theni Hwy, near Jothi Theatre, Ramapuram, Viralur, Chakrapani Colony, St.Thomas Mount, Chennai, Tamil Nadu 600016, India"
10211,5B,Erikarai Maduravoyal ,600095,13.054530227222113,80.1713154430014,"2, Sri Krishna Nagar, Seemathamman Nagar, Maduravoyal, Chennai, Tamil Nadu 600095, India"
11284,,,600080,13.10890645291414,80.1818485236923,"7/821, Venkatraman Nagar, Korattur, Chennai, Tamil Nadu 600050, India"
9456,,,631209,13.1808552,79.59405439999999,"5HJV+8JV AYYAPPAN, Thiruttani, Tamil Nadu 631209, India"
8947,15C,Ambattur OT bus stand,600053,13.1196793,80.1500391,"84, S Park St, Secretariat Colony, Venkatapuram, Ambattur, Chennai, Tamil Nadu 600053, India"
11109,,,600034,13.059544106787015,80.24774414603273,"Taj Coramandel, Tirumurthy Nagar, Nungambakkam, Chennai, Tamil Nadu 600034, India"
11196,36C,Madhanandapuram Bus Stop,600125,13.0214398,80.1506211,"53/1296, P/53/1296, Ramachandran Nagar Rd, Madanandapuram, Porur, Chennai, Tamil Nadu 600125, India"
9726,4c,Indian hospital arumbakkam ,600106,13.076207117472862,80.2061423298656,"29/26, Venkatesa Perumal Nagar, Arumbakkam, Chennai, Tamil Nadu 600106, India"
10275,,,600077,13.0777182,80.120927,"55/32, TTS Nagar, Thiruverkadu, Chennai, Tamil Nadu 600077, India"
10045,,,600056,13.0454818,80.1197839,"Eta Star Jasmine Court Block-C, Eta Star Jasmine Court, Goparasanallur, Chennai, Tamil Nadu 600056, India"
9511,26C,Saidapet metro station ,600015,13.0214,80.2208464,"22/4, Suriyammapet, Saidapet, Chennai, Tamil Nadu 600015, India"
9229,18D,"Anna Street Entrance Kovil Pathagai, Poompozhil Nagar, Avadi, Tamil Nadu 600062, India",600062,13.1392906,80.1085178,"44Q5+P98, Anna St, Poompozhil Nagar Phase II, Poompozhil Nagar, Avadi, Tamil Nadu 600062, India"
10165,,,600081,13.134546602225187,80.29328984635399,"12, Poondi Thangammal St, New Washermenpet, Tondiarpet, Chennai, Tamil Nadu 600081, India"
9845,3C,"kilpauk garden road , police quarters",600010,13.083206414205677,80.23051827513623,"36MJ+653, Kilpauk Garden Road, Thandavaraya, Shenoy Nagar, Chennai, Tamil Nadu 600010, India"
8794,,,600099,13.124182,80.222034,"Welding Pattarai, Balaji Nagar, Kolathur, Chennai, Tamil Nadu 600099, India"
8845,42 ,Vimal school,631003,13.1069578,79.646352,"991/a, Nagalamman nagar, Arakkonam, Tamil Nadu 631003, India"
11288,,,631502,12.8381192,79.6936269,"RMQV+6FJ, 16/35, Thathimedu, Pillaiyarpalayam, Kanchipuram, Karuppadithattadai, Tamil Nadu 631501, India"
9157,,,600012,13.096800129657034,80.24690255155122,"13/4, Subburayan Main St, Nammalwarpet, Purasaiwakkam, Chennai, Tamil Nadu 600012, India"
9965,,,600037,13.082159164946876,80.17996735263137,"No - 25, 11th block, Thiruvalluvar Salai, Block 11, J J Nagar, Mogappair East, Chennai, Tamil Nadu 600037, India"
10190,,,631502,12.849774,79.7096583,"VP25+2WM, Iyankaran Nagar, Konerikuppam, Kanchipuram, Tamil Nadu 631502, India"
8514,,,600001,13.1004882,80.2915871,"11/4, Angappa Naicken St, Seethakadi Nagar, George Town, Chennai, Tamil Nadu 600001, India"
9587,,,600095,13.0741868,80.1659724,"Jains Sunderbans Block-9, JAINS SUNDERBANS, Block 10, Nolambur, Ambattur Industrial Estate, Chennai, Tamil Nadu 600095, India"
8390,16B,Redhills bus stand ,600052,13.1929122,80.1839626,"55VM+4GG, Red Hills, Padianallur, Chennai, Tamil Nadu 600052, India"
10293,16C,Wireless ,600053,13.13357445746439,80.16524256811144,"45M8+F5C, 5th Cross St, East Banu Nagar, Kallikuppam, Banu Nagar, Chennai, Tamil Nadu 600053, India"
9375,32,Cit Nagar ,600035,13.030380747452387,80.23600235624829,"102/14, CIT Nagar East, CIT Nagar, Chennai, Tamil Nadu 600035, India"
8622,19A,"Krishnanagar, Perungalathur ",600063,12.9163708,80.0955801,"36/4, Shakthi Nagar, Perungalattur, Chennai, Tamil Nadu 600063, India"
10968,37C,Chembarambakkam signal,600124,13.0406428,80.05584019999999,"23R4+78 Thirumazhisai, Tamil Nadu, India"
9769,,,600045,12.924599069747352,80.09835439379363,"1B, Mudichur Rd, Pandian Nagar, West Tambaram, Tambaram, Chennai, Tamil Nadu 600045, India"
9637,,,601301,12.888367747630882,80.01399138485584,"V2Q7+8JR, Athanacherry Colony, Padappai, Tamil Nadu 601301, India"
9245,,,600099,13.123355625890014,80.20160894893495,"No.49 vellavan nagar, Vivekananda Nagar, Kolathur, Chennai, Tamil Nadu 600099, India"
9706,,,600062,13.121608714575776,80.1315025712726,"Gs Bhavan, 5A, Srisakthi Nagar, Srinivasa Nagar, Annanur, Cholambedu, Chennai, Tamil Nadu 600062, India"
10637,,,600076,13.118721112379854,80.19833275844357,"4, Palla St, Annai Nagar, Agraharam, Korattur, Chennai, Tamil Nadu 600076, India"
8456,,,600126,12.889704,80.143089,"Kasma Puram, Agaram Main Rd, Secretariat Colony, Tiruvanchery, Selaiyur, Chennai, Tamil Nadu 600048, India"
10134,15E,Vinayagapuram,600099,13.1374822,80.2087677,"97, Perambur Red Hills High Rd, Akbar Nagar, Kolathur, Chennai, Tamil Nadu 99, India"
9778,4C,Nungambakkam Railway Station,600034,13.0645942,80.232567,"Nungambakkam, Railway Border Rd, Sowrashtra Nagar, Choolaimedu, Chennai, Tamil Nadu 600094, India"
8629,19C,Santorium TB hospital,600047,12.943079329714474,80.1335334623356,"W4VM+7C6, Grand Southern Trunk Rd, Kamakshi Colony, Chromepet, Chennai, Tamil Nadu 600047, இந்தியா"
10473,19A,Perungalathur bus stand ,600063,12.903424260690224,80.08513389845564,"W33P+82Q, Muthuvelar St, Balaji Nagar, New Perungalathur, Perungalathur, Tamil Nadu 600063, India"
8606,,,600083,13.028766777894411,80.2087660768179,"119, Jawaharlal Nehru Salai, Anjugam Nagar, West Jafferkhanpet, Chennai, Tamil Nadu 600083, India"
8475,1c,tondairpet depot,600081,13.1314444,80.2889788,"22, TNHB Colony, Tondiarpet, Chennai, Tamil Nadu 600081, India"
10158,,,600128,13.0153287,80.1365452,"2/272, Anna St, Periyapanicheri, Chennai, Tamil Nadu 600128, India"
9512,,,602024,13.124684769721783,80.00634680082293,"Veppumpattu Puliyamaram, Veppambaattu, Tamil Nadu 602024, India"
9717,,,600044,12.9511449,80.1441013,"18, Bharathi Street, Radha Nagar, Chromepet, Chennai, Tamil Nadu 600044, India"
9962,,,600037,13.084500918900092,80.16631729261107,"53, Jeswant Nagar Phase 1, AIBEA Nagar, Mogappair West, Ambattur Industrial Estate, Chennai, Tamil Nadu 600037, India"
11005,17D,Veppampattu Railway Station,602024,13.124902,79.997101,"Veppampattu Railway Station, Sudaraon Nagar, Veppambaattu, Tamil Nadu 602024, India"
8777,,,600094,13.0640072,80.226275,"35/16, Abith Nagar, Thiruvalluvar Puram, Choolaimedu, Chennai, Tamil Nadu 600094, India"
8613,38C,Kanchipuram collectorate,631501,12.821640012495012,79.69814495224318,"36,A, Vandavasi Rd, opp. Collecter Office, Thaiyar Kullam, Kanchipuram, Tamil Nadu 631501, India"
10276,,,600063,12.9164274,80.0871027,"Ruby Enclave, Kurinji Nagar 2nd Main Street Mudichur, Road, Lingam Nagar, Tambaram, Old Perungalathur, Tamil Nadu 600063, India"
11001,,,600043,12.97322617720883,80.15337303590029,"Pallavaram, Pallavaram, Chennai, Tamil Nadu 600043, India"
10028,,,600125,13.0136428,80.1682532,"2579+Q88, Ramapuram, Sriram Gardens, Indira Nagar, Manapakkam, Chennai, Tamil Nadu 600125, India"
8195,12C,Lakshmi amman Kovil ramana nagar Perambur ,600011,13.1190571,80.2417122,"32/15/H, Shanthi Nagar, Jamaliya Nagar, Perambur, Chennai, Tamil Nadu 600011, India"
10374,17B,Manavalanagar ,602002,13.106566141548292,79.9095926366944,"7, Alagiri St, Kabilar Nagar, Manavalanagar, Tamil Nadu 602002, India"
8533,,,600124,13.067180151938794,80.01950171370258,"3289+VPF, Nemam, Tamil Nadu 600124, India"
9283,,,632602,12.9452633,78.8762176,"WVWG+3FQ, Arunachala Nagar, Gudiyatham, Tamil Nadu 632602, India"
11143,,,600082,13.123277063743918,80.22289443970695,"20, Red Hills Rd, Sri Ganapathi Rao Nagar, Kolathur, Chennai, Tamil Nadu 600099, India"
10738,,,631502,12.836056264925965,79.7174731549295,"8, Karl Marx St, Shanmuga Nagar, Kanchipuram, Tamil Nadu 631561, India"
9108,15C,Stedford hospital ,600053,13.1255449,80.1440334,"Sir Ivan Stedford Hospital, Lenin Nagar, Thirumullaivoyal, Chennai, Tamil Nadu 600053, India"
8874,,,600033,13.0364141,80.21923439999999,"15/8, Postal Colony 2nd St, Postal Colony, West Mambalam, Chennai, Tamil Nadu 600033, India"
11081,21C,jayalakshmi theatre,600088,12.991733625443892,80.1987385154654,"No.56,1st floor, Vellalar St, Nanganallur, Jeevan Nagar, Adambakkam, Chennai, Tamil Nadu 600088, India"
8692,16C,Kavangarai ,600066,13.17127172068491,80.19906570346186,"55CX+GM6, Service Rd, Kavankarai, Kannada Palaiyam, Puzhal, Chennai, Tamil Nadu 600066, India"
9565,8c ,IOB bus stop,600037,13.07886444191572,80.18536210624895,"16-6/139, J J Nagar, Mogappair East, Chennai, Tamil Nadu 600037, India"
10713,5B ,Velappanchavadi ( Harsha Toyota ) ,600056,13.0646016,80.1308672,"18/21, Velappar Nagar, Thiruverkadu, Chennai, Tamil Nadu 600077, India"
8610,,,600048,12.902764025083217,80.06560077946867,"304, Lakshmi Nagar East, Mannivakkam, Mudichur, Tamil Nadu 600048, India"
9285,16A,Kallikuppam tea stall,600053,13.1306424,80.1762985,"600053, Muthamizh Nagar, Muthtamil Nagar, Korattur, Chennai, Tamil Nadu 600053, India"
10759,20c,"Saravana stores,Chrompet",600044,12.949596,80.1525356,"7/8, M Swamy St, Jamin Rayapettah, Periyar Nagar, Chromepet, Chennai, Tamil Nadu 600044, India"
11008,21,Thillai ganga nagar subway,600088,12.993568989878977,80.19923542270682,"28, TNGO Colony, Adambakkam, Chennai, Tamil Nadu 600088, India"
11036,29c,Saligramam,600093,13.0486093,80.1976937,"130, Arcot Rd, AVM Nagar, Virugambakkam, Chennai, Tamil Nadu 600092, India"
10623,,,600043,12.96859457647,80.16006246518342,"X596+C2 Chennai, Tamil Nadu, India"
10631,,,600122,13.031459483178033,80.11113643593771,"24J6+JH6, Kamatchiamman Nagar, Poonamallee, Chennai, Tamil Nadu 600122, India"
9622,6,Gangaiamman koil,600102,13.089065728156486,80.22996868670678,"36QJ+H2P, Gujji Main Rd, Kumaran Nagar, Kilpauk, Chennai, Tamil Nadu 600102, India"
9439,17D,Jaya public school (Near Prakash Nagar Police booth),602024,13.125007878269654,80.04585561024778,"Kavarapalayam, Sriram Nagar, Tamil Nadu 602024, India"
10471,37C,Poonamallee  Ambedkar statue ,600056,13.0495193,80.08848669999999,"23XQ+R95, Ettima Nagar, Poonamallee, Chennai, Tamil Nadu 600056, India"
9250,42,"Pillayar Kovil, stuartpet ,Arakkonam ",631001,13.086224089066947,79.66258868557054,"3MP7+G32, Arakkonam, Tamil Nadu 631001, India"
11156,,,600095,13.051825443759189,80.16901593830677,"32, Sri Krishna Nagar 4th St, Sri Krishna Nagar, Alapakkam, Maduravoyal, Chennai, Tamil Nadu 600095, India"
9442,,,600112,13.08999625767518,80.26502243887053,"130, Avadhanam Papier Road, Choolai, Chennai, Tamil Nadu 600007, India"
9301,,,600037,13.077139624647888,80.18187500880369,"Greenland Apartments, 1/24, Church Rd, near State Bank of India, Golden George Nagar, Mogappair East, Chennai, Tamil Nadu 600037, India"
9373,36C,Porur signal,600116,13.0348072,80.15594,"25M4+W9G Porur flyover, MGR Flyover, Ramakrishna Nagar, Porur, Chennai, Tamil Nadu 600116, India"
10890,,,631701,12.725067775164948,79.64974698627066,"9, Factory Area, Mangal, Cholavaram, Tamil Nadu 631701, India"
9094,,,600077,13.0372987,80.1346324,"24PM+WV6, Iyyappanthangal, Chennai, Tamil Nadu 600056, India"
10266,,,600042,12.995720339913172,80.21654777002234,"X6W8+8F8, Vandikaran St, Nehru Nagar, Velachery, Chennai, Tamil Nadu 600042, India"
10845,,,600050,13.0950093,80.1827986,"29/33, Padi, Chennai, Tamil Nadu 600050, India"
10420,10C,NOOR HOTEL,600023,13.095592920107142,80.23373383802854,"105/34, Venkatesapuram Colony, Ayanavaram, Chennai, Tamil Nadu 600023, India"
9199,,,600002,13.068371609321874,80.26843442349808,"83-A, S Coovam River Rd, Pudupet, Komaleeswaranpet, Pudupet, Chennai, Tamil Nadu 600002, India"
10026,,,600037,13.082112696160603,80.17893386511628,"125A, Phase 2, Paneer Nagar, Mogappair East, Chennai, Tamil Nadu 600037, India"
10483,,,600101,13.0889715,80.193054,"50/1, Soundarya Colony, Anna Nagar, Tiruvallur, Chennai, Tamil Nadu 600050, India"
10460,33c,Nesapakkam Bus Stand,600089,13.032303766721384,80.18690044695002,"Tnhb, 3, Senthamil Nagar Rd, Sakthi Nagar, Senthamizh Nagar, Ramapuram, Chennai, Tamil Nadu 600089, India"
9027,19A,Irumpuliyur,600045,12.9172024,80.1045845,"29, West Tambaram, Irumbuliyur, Chennai, Tamil Nadu 600045, India"
9978,9C,DRJ SuperMarket,600095,13.0732778,80.1701559,"35FC+755, Nolambur, Chennai, Tamil Nadu 600095, India"
9074,,,600078,13.03711466710986,80.19630626753789,"58, 2, Anna Main Rd, அண்ணா நகர், MGR Nagar, Nesapakkam, Chennai, Tamil Nadu 600078, India"
10000,,,600125,13.0228386,80.1463194,"Porur, Ponni Nagar, Madhanandapuram, Chennai, Tamil Nadu 600125, India"
9201,5,Razaack garden ,600106,13.0729863,80.2167333,"14/1A, Dr Ambedkar St, Razaak Garden, Ayyavoo Colony, Arumbakkam, Chennai, Tamil Nadu 600106, India"
10244,,,631004,13.0849128,79.6607662,"3MM6+X86, Arakkonam New Bus Stand Rd, Balaji Nagar, Arakkonam, Tamil Nadu 631001, India"
9949,13C,Poombukar nagar,600099,13.1239409,80.2119896,"46F6+JQ5, Anusuya Nagar, Kolathur, Chennai, Tamil Nadu 600099, India"
9163,,,600068,13.173790991322974,80.25283607735904,"3/2A, MGR Salai, Apollo Armstrong Nagar, Mathur, Chennai, Tamil Nadu 600068, India"
10345,18c,"Kendriya vihar paruthipattu ,avadi,chennai",600071,13.0877277,80.1097413,"No B 903, Santha Towers, Paruthipattu Rd, Avadi, Tamil Nadu 600071, India"
9781,32,Blue Tank,600083,13.0338504,80.2152055,"78/30, 53rd St, Indira Colony, Ashok Nagar, Chennai, Tamil Nadu 600083, India"
9323,12A,Korattur police station,600080,13.1126997,80.1823283,"457J+3WP, Venkatraman Nagar, Korattur, Chennai, Tamil Nadu 600050, India"
10793,20D,Vellakal,600100,12.931530079802208,80.18151227530211,"Vellaikal, Vellakal, Vellakkal, Chennai, Tamil Nadu 600100, India"
10407,,,600062,13.13067431201009,80.13112458671073,"paichaiyamman kovil, 77, Chennai - Tiruvallur High Rd, paichaiyamman kovil signal, signal, Thirumullaivoyal, Chennai, Tamil Nadu 600062, India"
9367,15E,Vinayagapuram KVB ATM,600099,13.1399878,80.1994515,"44B, Thirumal Nagar, Kolathur, Chennai, Tamil Nadu 600099, India"
9190,34B,Kattupakkam Bus stand,600056,13.040886943592607,80.12770607552268,"2/361, Mount Poonamallee Rd, Kattupakkam, Chennai, Tamil Nadu 600056, India"
8237,14c,Veterinary college,600051,13.163643307353434,80.23254657453015,"193, 7th St, Assisi Nagar, Madhavaram, Chennai, Tamil Nadu 600068, India"
10947,,,600077,13.0516384,80.1351158,"Rajesh Garden, 46, Noombal Rd, Judges Colony, Velappanchavadi, Chennai, Tamil Nadu 600077, India"
8964,14c,"Madhavaram,vetinary college ",600051,13.1646412,80.2406929,"567R+V75, C.K.M Nagar, Gopalsamy Nagar, Chennai, Tamil Nadu 600068, India"
9237,,,602024,13.093686889843676,80.02154264839083,"32VC+9GQ, Kosapalayam, Perumalpattu, Tamil Nadu 602024, India"
9616,,,601206,13.363798041572574,80.13985807868977,"947Q+GXV, Kavaraipettai, Kilmudalambedu, Tamil Nadu 601206, India"
8336,22,Perungudi,600096,12.961361410912456,80.2455253137829,"X66W+F86, OMR Service Rd, Burma Colony, Industrial Estate, Perungudi, Chennai, Tamil Nadu 600096, India"
10387,,,600064,12.9377414,80.1390205,"190/2B, 1st Main Rd, Jothi Nagar, Chitlapakkam, Chennai, Tamil Nadu 600064, India"
10227,25C,Indira nagar water tank adyar,600020,12.99538885404472,80.2524761693115,"IndraNagar Water Tank, 1st Avenue, Indira Nagar, Chennai, Tamil Nadu, Indira Nagar, Adyar, Chennai, Tamil Nadu 600020, India"
8954,18A,Paruthipattu Police Checkpost,600077,13.0827875,80.1089844,"34M5+4H9, Viraraghavapuram, Avadi, Tamil Nadu 600077, India"
10347,,,600077,13.057369246044663,80.12795437249142,"ACS Medical College & Hospital, Goparasanallur, Chennai, Tamil Nadu 600077, India"
10605,9B,Grace super market,600037,13.078439764400503,80.18093311752862,"35HJ+994, Church Rd, Golden George Nagar, Mogappair East, Chennai, Tamil Nadu 600037, India"
8555,42,THANIGAI POLUR,631003,13.128525971420968,79.64065148190066,"4JHR+C8G, Thiruthani Rd, Polur, Tamil Nadu 631003, India"
9222,36,Kovur,600128,13.011934828026629,80.15346145309933,"No.3/613, 40 Feet Road,Rajeshwari Avenue,, Madhandapuram,, 40 Feet Road, Mahalakshmi Nagar, Kolapakkam, Chennai, Tamil Nadu 600128, India"
8242,4C,Nungambakkam Railway Station,600029,13.0695112,80.2299203,"23, 1st St, Apparao Garden, Officers Colony, Aminjikarai, Chennai, Tamil Nadu 600030, India"
10371,35,Pozhihcalur Church,600074,12.9877657,80.1452691,"X4QW+442, TTK Nagar, Pozhichalur, Chennai, Tamil Nadu 600074, India"
10485,14C,Madhavaram bus stand,600060,13.1532782,80.2264245,"21/9, Kilburn Nagar, Madhavaram, Kadirvedu, Chennai, Tamil Nadu 600060, India"
9776,10C,Joint Office Ayanavaram,600023,13.099446685373922,80.230735727092,"309/127, Market St, United India Nagar, Ayanavaram, Chennai, Tamil Nadu 600023, India"
9999,9C,"DR Supermarket, Mogappair West",600095,13.0814762,80.1669512,"DR Super Market, Mogappair West Main Rd, 4th Block, Mogappair West, Ambattur Industrial Estate, Chennai, Tamil Nadu 600037, India"
9624,33C,Nesapakkam bus stop,600078,13.037959835322344,80.19274985381037,"107 A, Munusamy Salai, KK Nagar West, K. K. Nagar, Chennai, Tamil Nadu 600078, India"
10457,3,saravana stores pursaiwakkam,600084,13.087822938467506,80.25480796629417,"37Q3+4WF, Tana St, Purasaiwakkam, Chennai, Tamil Nadu 600007, India"
8271,15D,Ayappakkam ration shop,600077,13.10738662488678,80.13131121363968,"Ganesh Bhavan, Rajammal nagar, TNHB Colony, Annanur, Ayappakkam, Chennai, Tamil Nadu 600077, India"
10151,19C,Kumaran kundram ,600044,12.9438238,80.1430373,"W4VV+G6F, Hastinapuram Main Rd, Nehru Nagar, Chromepet, Chennai, Tamil Nadu 600044, India"
8875,17C,Aranvoyal X Road(Aranvoyal kuppam),602025,13.0743411,79.9660578,"3XF8+Q9F, Koppur, Tamil Nadu 602025, India"
10429,15C,Ambattur singapore shoping,600053,13.121493378443107,80.14814911375251,"125, Chennai - Thiruttani - Renigunta Hwy, Vivek Nagar, Ram Nagar, Ambattur, Chennai, Tamil Nadu 600053, India"
9528,31,srm hospital,600033,13.0427783717187,80.22794942634606,"20-12, Punjab Garden St, Subramaniyan Nagar, West Mambalam, Chennai, Tamil Nadu 600024, India"
10285,17,State bank,602001,13.13284085894914,79.91091243714273,"10/4a, VM Nagar Rd, Hariram Nagar, Poonga Nagar, Kakkalur, Tamil Nadu 602001, India"
9815,23c,Palvanthangal subway,600114,12.9889896,80.1882195,"X5QQ+H7X, Pazhavanthangal, Chennai, Tamil Nadu 600061, India"
8693,14C,Mathur mmda first main road ,600068,13.1670145,80.2403216,"1/42, Kamaraj Salai, Periya Thoppu, Mathur, Chennai, Tamil Nadu 600068, India"
8887,27,Billrtoth Hospital,600018,13.031501770957204,80.25908148553073,"27J5+JJ5, 3rd St, Abiramapuram, Chennai, Tamil Nadu 600018, India"
9758,13C,SBI bank poombukar nagar,600099,13.12387474143817,80.21220496324308,"Mariamman Koil, Anusuya Nagar, Kolathur, Chennai, Tamil Nadu 600099, India"
10338,5C,Vallavan Hotel,600106,13.063712372829643,80.21152068410684,"Shop No:51 J, N. Salai, Jawaharlal Nehru Salai, Annai Sathya Nagar, Arumbakkam, Chennai, Tamil Nadu 600106, India"
10212,5B,"Erikarai, Maduravoyal ",600095,13.054621570134076,80.17129369404483,"211, Sri Krishna Nagar, Seemathamman Nagar, Maduravoyal, Chennai, Tamil Nadu 600095, India"
9671,11A,Thathankuppam,600076,13.12653666254346,80.19398412487361,"45GV+PJG orchid springss central roundabout, Korattur Tank, Korattur, Puthagaram, Chennai, Tamil Nadu 600076, India"
9267,36c,porur EB office,600116,13.029187677674878,80.15737675333823,"6, Ramakrishna Nagar 1st Ave, Jayabharathi Nagar, Ramakrishna Nagar, Porur, Chennai, Tamil Nadu 600116, India"
8319,36C,Madhanandhapuram bus stop,600116,13.0173453,80.1575111,"First Floor, 12, Udayanagar 1st St, Mahalakshmi Nagar Annexe, Mugalivakkam, Chennai, Tamil Nadu 600125, India"
10931,38C,Vandavasi New Bus stand,606604,12.259379681881052,79.08665676929515,"317, Avalurpettai Rd, Mathalangulam, Tiruvannamalai, Tamil Nadu 606601, India"
9398,15D,Ayappakkam church(water tank),600058,13.0939405,80.1415575,"43, Srinivasa Nagar Main Rd, Seetha Patabi Nagar, Srinivasa Nagar, Ayappakkam, Chennai, Tamil Nadu 600077, India"
9502,28,five lights,600024,13.047476881131132,80.22927929891061,"13/7, Azeez Nagar, West Mambalam, Chennai, Tamil Nadu 600024, India"
9855,36,Kovur High school ,600128,13.011640376542626,80.12480094736748,"No:39, 4, Kundrathur Main Rd, Kovur, Chennai, Tamil Nadu 600128, India"
9153,39c,Ponneri karai,631502,12.8447687,79.7040762,"13/3a, Kullappan St, Periya, Kanchipuram, Tamil Nadu 631502, India"
10056,2C,Lakshmi kovil,600081,13.13979634752391,80.29821279458626,"10, Cherian Nagar, Thangal, New Washermenpet, Tondiarpet, Chennai, Tamil Nadu 600081, India"
8294,17D,No.1/74 CTH ROAD 88 veppampattu thiruvallur,602024,13.1259265,80.0075051,"42G4+8XR, Ganesh Nagar, Veppambaattu, Tamil Nadu 602024, India"
9816,23B,Nagalkeni (nayara petrol bunk),600044,12.958722029475071,80.12912363983389,"X45H+CJQ, West Tambaram, Chromepet, Chennai, Tamil Nadu 600044, India"
10312,36C,Madhanandhapuram Bus Stop,600125,13.0229855,80.1470993,"New No 6/27B, First Floor, S.No-67/2, Kundrathur Main Rd, Himachal Nagar, Ponni Nagar, Madhanandapuram, Chennai, Tamil Nadu 600125, India"
9742,15B,Vaishnavi nagar ,600062,13.1286067,80.122771,"44HF+65Q, Sathyamurthi Nagar, Poompozhil Nagar, Avadi, Tamil Nadu 600062, India"
9530,5C ,Vengaya mandi ,600107,13.0692767238186,80.18085904811637,"119, Poonamallee High Rd, Nerkundram, Maduravoyal, Chennai, Tamil Nadu 600095, India"
9764,17D,Nemelichery rountana,600055,13.124440868591542,80.05284415335039,"1, Chennai - Tiruttani Hwy, Pattabiram, Tamil Nadu 602024, India"
8421,2,Maharani(Singapore Shopee),600021,13.1169251,80.2854623,"29/23, Avathana Ramasamy St, Sanjeevarayanpet, Old Washermanpet, Chennai, Tamil Nadu 600021, India"
10262,9,Grace super market,600037,13.0748306,80.1863264,"195, Golden George Nagar, Mogappair East, Chennai, Tamil Nadu 600037, India"
10542,12B,kolathur junction ,600099,13.122495490142231,80.2091130326492,"17/34, Kolathur Rd, Thenpalani Nagar, Kolathur, Chennai, Tamil Nadu 600099, India"
9681,28,Sekar Emporium,600024,13.05383429908343,80.22789029401778,"Sekar Emporium, Taylor Estate, Kodambakkam, Chennai, Tamil Nadu 600024, India"
9005,37c,Poonamallee ambedkar statue,600056,13.0495193,80.08848669999999,"23XQ+R95, Ettima Nagar, Poonamallee, Chennai, Tamil Nadu 600056, India"
9403,15,Ambattur OT,600053,13.121813112464327,80.14763583448111,"484, Madras Thiruvallur High Rd, Vivek Nagar, Ambattur, Chennai, Tamil Nadu 600053, India"
9432,1,Thiruvottiyur Market ,600019,13.1639178,80.3034824,"Thiruvottiyur Market, Thiruvottiyur High Rd, Tiruvottiyur, Chennai, Tamil Nadu 600019, India"
8944,22,Sholinganallur,600119,12.8973268,80.22746769999999,"239, Rajiv Gandhi Salai, near Food Mall, Sholinganallur, Chennai, Tamil Nadu 600119, India"
10708,45,Sriperumbudur bus stand ,602105,12.9650934,79.9466864,"Mahatma Gandhi Nagar, Near Bus Stand 602 105, Nenmeli, Sriperumbudur, Tamil Nadu 602105, India"
11068,17,Thiruvallur grt,602001,13.127053558753586,79.91222288931914,"RajajiPuram, 1, Siva Vishnu Kovil St, Kakkalur, Tamil Nadu 602001, India"
9068,37A,Iyyappanthangal( Reliance Mart),600056,13.035497791509387,80.13460535669448,"8/145A, Ramachandra Nagar, Iyyappanthangal, Chennai, Tamil Nadu 600056, India"
9196,18,Ramrathna ,600071,13.1117565,80.094818,"13/6, Nehru Colony, Kamaraj Nagar, Chennai, Avadi, Tamil Nadu 600071, India"
9099,3,Motcham theatre,600007,13.0870011,80.2517739,"5/3, Salama Nagar, Purasaiwakkam, Chennai, Tamil Nadu 600007, India"
8694,18B,Sekkadu,600072,13.0915772,80.0702555,"43F4+7VWChennai - Thiruttani, Chennai - Thiruttani - Renigunta Hwy, Soranjeri, Tamil Nadu 600072, India"
10363,9C,Mogappair West ,600037,13.0848241,80.1712824,"715CS, Mogappair West, Mogappair, Chennai, Tamil Nadu 600037, India"
10541,5B,Harsha toyota Velapanchavadi,600077,13.0605182,80.1329398,"142A, Poonamallee High Rd, near ACS Medical College, Velappanchavadi, Thiruverkadu, Chennai, Tamil Nadu 600077, India"
8282,18d,Veltech junction ,600082,13.165793,80.0973142,"SENBAGAM NAGAR, opposite BCT hall, A/C, Bharathi Nagar, Morai, New Vellanur, Tamil Nadu 600062, India"
10905,20,Pallikaranai Jayachandran ,600100,12.9213919,80.1975877,"1A, Jeyachandran Nagar 1st Main Rd, Jeyachandran Nagar, Pallikaranai, Chennai, Tamil Nadu 600100, India"
9646,15b,Thirumullaivoyal,600062,13.127085,80.1298988,"Tamil Nadu Housing Board Netaji Nagar Block-O, TAMIL NADU HOUSING BOARD-NETAJI NAGAR, West Gandhi Nagar, Netaji Nagar, Thirumullaivoyal, Chennai, Tamil Nadu 600062, India"
10214,9C,Mogappair West ,600095,13.073318,80.1686987,"60, Sriram Nagar Main Rd, Nolambur, Ambattur Industrial Estate, Chennai, Tamil Nadu 600095, India"
10517,7,Anna Nagar RTO Office ,600023,13.095398934519146,80.22388406092864,"14/11, Muthuamman Nagar, Thanthai Periyar Nagar, Chakravarthi Nagar, Chennai, Tamil Nadu 600023, India"
8972,1C,"Everest hotel, park town chennai",600003,13.0806861,80.2674806,"60, Poonamallee High Rd, Adikesavarpuram, Egmore, Chennai, Tamil Nadu 600003, India"
10657,26,ICE House,600005,13.0511782,80.2735032,"25/9, Mirsahibpet, Royapettah, Chennai, Tamil Nadu 600014, India"
11033,7,Nuts N spices,600040,13.09312724554046,80.20756955868744,"7/1699, 38th St, Anna Nagar West, P Block, Vasantham Colony, Anna Nagar, Chennai, Tamil Nadu 600038, India"
9497,15B,Vaishnavi Nagar,600062,13.129595091286436,80.12504566223528,"Vaishnavi Nagar, Chennai - Tiruttani Hwy, Siva Sankarapuram, Santhipuram, Thirumullaivoyal, Chennai, Tamil Nadu 600109, India"
8926,19C,Hastinapuram Bus Stand,600064,12.940456038231048,80.15072396601511,"W5R2+57X, B.H.E.L Nagar, Hasthinapuram, Chromepet, Chennai, Tamil Nadu 600044, India"
8842,42A,Senthamangalam,631051,12.98551386819442,79.65168504189451,"XMP2+5G2, Nemili - Senthamangalam Rd, Sainapuram, Tamil Nadu 631051, India"
8363,17B,"Vasantha bavan hotel,jayanagar  thiruvallur ",602001,13.13318096665542,79.91075743978685,"4WM6+77X, Hariram Nagar, Poonga Nagar, Kakkalur, Tamil Nadu 602001, India"
10396,11,Kalpana lamps,600110,13.1288146,80.23196109999999,"No.91/4, VPC Nagar, Madhavaram, Ponniamman Medu, Srinivasa Nagar, Ponniammanmedu, Chennai, Tamil Nadu 600110, India"
10267,19E,"Yeswanth nagar busstop, madambakkam",600126,12.9070157,80.1528888,"29, Chairman Thambiah Reddy Colony, Parvathy Nagar North, Yeswanth Nagar, Madambakkam, Chennai, Tamil Nadu 600126, India"
9714,15d,Ayapakkam water tank,600077,13.098163661208172,80.1366444922606,"no.38, Tiruverkadu Rd, TNHB Colony, Dharma Nagar, Ayappakkam, Chennai, Tamil Nadu 600077, India"
10915,18,Ponnu super market opposite,600054,13.113887461743628,80.1034745122384,"51, Vivekananda Nagar, TNHB Mig V Block, Avadi, Tamil Nadu 600054, India"
10268,7,Anna nagar bata showroom,600040,13.09461978089974,80.20597773763355,"Vasantham Colony, Thangam Colony, Anna Nagar, Chennai, Tamil Nadu 600040, India"
10452,18C,kENDRIYA VIHAR,600071,13.0893683,80.1102639,"Block-C, Hazel Apartment, Avadi, Tamil Nadu 600071, India"
10739,40B,Oli Mohamed pettai (kori),631502,12.849875288033378,79.69317279609649,"67, Kanchipuram To Thirupathi Hwy, Oilmohammadpettai, Pillaiyarpalayam, Kanchipuram, Tamil Nadu 631502, India"
10809,39C,Ponneri karai,631502,12.8451174,79.7049707,"57c, Big Kamala St, Periya, Kanchipuram, Tamil Nadu 631502, India"
10919,9B,Mogappair West bus stand 7M,600037,13.082449313687908,80.1705012580437,"35MC+264, 1st Ave, Mogappair West, Ambattur Industrial Estate, Chennai, Tamil Nadu 600037, India"
10296,4c,"Sathya agencies,Arumbakkam",600106,13.07662277319334,80.20451541028143,"No.54, Poonamallee High Rd, SVP Nagar, Amaravathi Nagar, Arumbakkam, Chennai, Tamil Nadu 600106, India"
10225,5C,SAF Games Village,600106,13.071141295344724,80.20875981968669,"7/2, 2nd St, Jai Nagar, Arumbakkam, Chennai, Tamil Nadu 600106, India"
10710,16A,"Hindustan Petroleum Pump, 31/46, Surapet Main Rd, Bharati Nagar, Vijayalakshmi Puram, Ambattur",600053,13.126181689431956,80.15152217222344,"17/6, EVR St, Vinayagapuram, Ambattur, Chennai, Tamil Nadu 600053, India"
10553,44,Panapakkam ,631052,12.9238851,79.5626268,"WHF7+C3C, SH 126, Nethaji Nagar, Peruvalayam, Tamil Nadu 631052, India"
9282,15D,ayappakkam church (water tank),600058,13.0959624627668,80.1451913035603,"8/18/39A, Gopal Swamy Nagar, New Century Colony, Ambattur, Chennai, Tamil Nadu 600053, India"
9724,33c,Nesapakkam bus stop,600078,13.038366087261958,80.19276636375942,"70-1057/1, Sector 12, K. K. Nagar, Chennai, Tamil Nadu 600078, India"
9406,2,Mint bus stop(old) near clock tower ,600001,13.1014286,80.2785242,"11, Kondithope, George Town, Chennai, Tamil Nadu 600001, India"
9224,9B,"Water tank road, mugappair ",600037,13.083145290665527,80.1725636764952,"35MF+73V, Kavimani St, Brindawan Colony, Mogappair, Chennai, Tamil Nadu 600037, India"
10297,12b,Lakshmi amman koil,600099,13.126030428092074,80.2192605534954,"Kolathur, Lakshmi Amman Koil St, Sundaram Nagar, Selli Amman Nagar, Ponniammanmedu, Chennai, Tamil Nadu 600082, India"
10397,5B,Vanagram bus stop ,600095,13.05770081322042,80.15523811657323,"1/217, Church Rd, Balaji Nagar, Vanagaram, Chennai, Tamil Nadu 600095, India"
9132,4C,Anna Arch,600106,13.078402772364225,80.21708815546387,"456/01, 25th St, NSK Nagar, Arumbakkam, Chennai, Tamil Nadu 600106, India"
9310,1,Thiruvottiyur Market,600019,13.16610887427329,80.30262379897884,"17, SP Koil 1st St, Tiruvottiyur, Chennai, Tamil Nadu 600019, India"
9672,16C,Thirumalai Priya nagar,600053,13.1308778,80.1628339,"15, Thirumalai Priya Nagar Main Rd, Tirumalai Priya Nagar, Ambattur, Tiruvallur, Chennai, Tamil Nadu 600053, India"
9885,18C,Govarthan Nagiri,600071,13.107934,80.0993803,"435X+4QP, 2nd Main Rd, Kumaran Nagar East, Kumaran Nagar, Avadi, Tamil Nadu 600071, India"
9265,23B,Nagalkeni (Nayara Petrol Bunk) ,600044,12.95875061931827,80.12922494369747,"19, Tiruneermalai Main Rd, Saraswathipuram, Chromepet, Chennai, Tamil Nadu 600044, India"
9643,15B,"Thirumullaivoyal , Ambattur ",600062,13.142212329447457,80.1359852366194,"Rc Adena May Flower, Rc Adena, Nethaji Street, Kamalam Nagar, Thirumullaivoyal, Chennai, Tamil Nadu 600062, India"
8749,2c,Lakshmikoil,600081,13.1366117894479,80.2895067544805,"263C, Kamaraj Colony Rd, Pwd Quarters, New Washermenpet, Tondiarpet, Chennai, Tamil Nadu 600081, India"
10523,40,"Casa Grande Arena , vallakottai",602105,12.879095059604838,79.93658018453367,"VWHP+HR5, Mathur, Tamil Nadu 602118, India"
9070,24,nanganallur,600061,12.9812002,80.1858056,"Independence Day Park, 3, 6th Main Rd, TNGO Colony, Nanganallur, Chennai, Tamil Nadu 600061, India"
10792,10C,Nathamuni Theater bus stop ,600049,13.103358212282505,80.20187849330077,"4632+8QJ, NRN Colony, Anna Nagar, Chennai, Tamil Nadu 600049, India"
10666,26,Bells Road MCC,600005,13.06372455712352,80.27821823624573,"190, Bells Rd, Chepauk, Triplicane, Chennai, Tamil Nadu 600005, India"
10182,37B,Indian bank,600056,13.0484537,80.1157389,"12/337, Ethiraj Nagar, Karayanchavadi, Poonamallee, Chennai, Tamil Nadu 600056, India"
9620,15 ,Koladi HP petrol bunk,600077,13.08108108108108,80.13345684993793,"60, VR Nagar, Thiruverkadu, Chennai, Tamil Nadu 600077, India"
9266,34,Ambedkar Statue,600056,13.037430114660378,80.13679724936522,"2/132, Trunk Rd, Ramachandra Nagar, Balaji Avenue, Iyyappanthangal, Chennai, Tamil Nadu 600056, India"
9623,26,D1 police station,600005,13.064787980164104,80.27394069129984,"33/16, Quaideh Milath Rd, near Wheat Hotel, SVM Nagar, Ellis Puram, Padupakkam, Triplicane, Chennai, Tamil Nadu 600005, India"
9508,12,KKD NAGAR,600118,13.1351985,80.25956719999999,"47P5+3RG, Tondiarpet High Rd, Kodungaiyur (East), Abirami Avenue, Kodungaiyur, Chennai, Tamil Nadu 600118, India"
9296,12C,Perambur Bus Depot,600011,13.111557940304715,80.24867901971284,"11, Vadivelu 3rd Cross St, Chinnaiyan Colony, Perambur, Chennai, Tamil Nadu 600011, India"
11038,44,Santhavellore ,602106,12.91693723901891,79.86093681307322,"46, Santhavellore, Tamil Nadu 602106, India"
11094,44,Sunguvarchatram ,602106,12.9263356,79.8760585,"3/11331, Sunguvarchatram, Tamil Nadu 602106, India"
8351,16A,Kallikuppam arch,600053,13.12504775882707,80.16563363060646,"30, Indira Nagar, Ambattur, Chennai, Tamil Nadu 600053, India"
9983,20D,Selaiyur police station ,600059,12.9230221,80.13531329999999,"W4FP+53W, Velachery Rd, Aarthi Nagar, Selaiyur, Chennai, Tamil Nadu 600073, India"
10286,9B,7M Amutha Matric. School,600037,13.084327545731949,80.17121516217367,"51, 3rd Block Road, Mogappair West, Mogappair, Chennai, Tamil Nadu 600037, India"
9162,13,Thiruvalluvar Kalyanamandabam,600082,13.111431343892928,80.22487582648924,"1570, 13th St, General Kumaramangalam Colony, Perambur, Chennai, Tamil Nadu 600082, India"
9849,47p,Poonamallee,600056,13.050640072047452,80.0893010524605,"NO: 296/2, Poonamallee Bypass Rd, Ettima Nagar, Poonamallee, Chennai, Tamil Nadu 600056, India"
9294,5B,Madhuravoyal Ration Shop,600095,13.0548854,80.1714638,"353C+XH4 Vanitha house, Sri Krishna Nagar, Seemathamman Nagar, Maduravoyal, Chennai, Tamil Nadu 600095, India"
10006,10C,Noor Hotel ,600023,13.098289163856926,80.2350651610849,"3/1-A, Venkatesapuram Colony, Ayanavaram, Chennai, Tamil Nadu 600023, India"
10829,13,Peravalur,600082,13.1141389,80.2243742,"29, Karthikeyan Rd, Periyar Nagar West, Perambur, Chennai, Tamil Nadu 600082, India"
8783,7,Kovai palamuthircholai,600040,13.0948725,80.2149777,"543, ICF South Colony, Anna Nagar, Chennai, Tamil Nadu 600040, India"
9139,37D,Chembarambakkam ,600123,13.037527307669972,80.04980819537734,"22PX+XVR, Chembarambakkam, Tamil Nadu 600123, India"
11084,26C,Nandanam signal,600035,13.0309697,80.2396235,"26JQ+GWR, Anna Salai, CIT Nagar West, CIT Nagar, Chennai, Tamil Nadu 600035, India"
10811,14C,Veterinary College (Mathur) ,600051,13.1625003,80.243687,"567V+2F3, Madhavaram Milk Colony Rd, Madhavaram Milk Colony, Chennai, Tamil Nadu 600051, India"
9345,15E,Vinayagapuram,600099,13.1374836,80.2088431,"97, Perambur Red Hills High Rd, Akbar Nagar, Kolathur, Chennai, Tamil Nadu 99, India"
9383,35C,Pattu koot road,600122,13.0269792,80.11083529999999,"24G6+Q8W, Mangadu Rd, Then Colony, Mangadu, Chennai, Tamil Nadu 600122, India"
9429,1,Ellaiamman Kovil ,600019,13.157743051873563,80.30180627368314,"930/1, Thiruvottiyur High Rd, Sathiyamoorthy Nagar, Rajakadai, Tiruvottiyur, Chennai, Tamil Nadu 600019, India"
10393,4C,Mehta Nagar ,600029,13.06822359790452,80.22632349561961,"369G+8G2, Nelson Manickam Rd, Railway Colony, Aminjikarai, Chennai, Tamil Nadu 600030, India"
10265,28C,KARAPAKKAM,600116,12.9190519,80.2300343,"48/22, Karapakkam, Chennai, Tamil Nadu 97, India"
10447,12C,Ajantha Bakers,600011,13.112213829902425,80.23787883558198,"New no.2,old no.27,nettal garden street,perambur, Opp to iob bank, Neelam Garden, Gopal Colony, Perambur, Chennai, Tamil Nadu 600011, India"
10941,18B,Sekkadu,600072,13.124451001197214,80.07979888561881,"43FH+MW6, 7th St, Pattabiram, Tamil Nadu 600072, India"
10590,41,Ranipet ,632513,12.9195833,79.3757001,"197, Kamban Street, Belliyappa Nagar, Walajapet, Tamil Nadu 632513, India"
10465,40B,"Mungil mandapam,Kanchipuram.",631501,12.8316682,79.69745549999999,"53, Mandapam St, Pillaiyarpalayam, Kanchipuram, Tamil Nadu 631501, India"
9699,19D,Vandalur,600127,12.8361937,80.12863279999999,"BLOCK-I, UNIHOMES APARTMENT, Rattinamangalam, Tamil Nadu 600127, India"
10292,9B,Grace super market ,600037,13.0785923,80.1805661,"A-10, Mogappair Industrial Estate, Paneer Nagar, Mogappair East, Chennai, Tamil Nadu 600037, India"
9312,37A,Iyyappanthangal (reliance mart),600122,13.038571,80.13386299999999,"J Center Bus Depot, Mount Poonamallee Rd, near Iyyappanthangal, VGN Nagar, Iyyappanthangal, Chennai, Tamil Nadu 600056, India"
9635,20B,Lakshmi ammal college,600126,12.8999461,80.1430575,"Ruby Grand Block-N, RUBY GRAND, Padamavathy Nagar, Yeswanth Nagar, Selaiyur, Chennai, Tamil Nadu 600126, India"
10304,20A,Sembakkam Bus Stop,600073,12.92259676191692,80.15884175291839,"W5F5+3F4 Dream Homes Apartment, Velachery Rd, Durga Colony, Sembakkam, Chennai, Tamil Nadu 600073, India"
9993,33,MGR Nagar Market,600078,13.036316538003144,80.20140600522103,"80, Kalaignar Karunanidhi Rd, R.V. Nagar, MGR Nagar, K. K. Nagar, Chennai, Tamil Nadu 600078, India"
10240,25C,"ambica appalam, adyar",600020,13.006475,80.2518152,"1, 3rd Cross St, Kasturba Nagar, Adyar, Chennai, Tamil Nadu 600020, India"
9870,33,K.K.Nagar (Sivan park),600078,13.04289282458842,80.20387694973579,"90, PV Rajamannar Salai, Kannigapuram, Sector 14, K. K. Nagar, Chennai, Tamil Nadu 600078, India"
9360,41,Walajapet Bus stand ,632513,12.93596825740086,79.363588979141,"W9P7+GGC, Walajapet, Tamil Nadu 632513, India"
10964,26C,Kalaignar Arch Saidapet ,600015,13.0200986,80.2245209,"10, Jeenis Rd, Saidapet, Chennai, Tamil Nadu 600015, India"
9284,17D,Thirumazhisai bus stand,600124,13.055494,80.056709,"Thirumazhisai Bus Stand, Chennai Tiruvallur High Rd, Ramachandra Nagar, Thirumazhisai, Tamil Nadu 600124, India"
9193,14c, Moolakadai,600011,13.1122713,80.2378842,"Old No 74/1, New No 95, Perambur High Road, Perambur, Near Perambur Bus Terminus, Neelam Garden, Perambur, Chennai, Tamil Nadu 600011, India"
9322,35C,Pattu Koot Road,600122,13.025870303680565,80.12048662394672,"14, Walaja St, Pattur, Mangadu, Chennai, Tamil Nadu 600122, India"
9566,16E,Oragadam - PTR Kalyana Mandapam,600053,13.1245553,80.15219189999999,"Madras Thiruvallur High Road,MTH Road,मद्रास थिरूवल्लूर हाई मार्ग, 62, Surapet Main Rd, Vijayalakshmi Puram, Ambattur, Chennai, Tamil Nadu 600053, India"
10053,18B,Sekkadu,600072,13.1084531,80.0801561,"435J+93V, Sekkadu, Avadi, Tamil Nadu 600072, India"
9625,3,muthumari amman kovil,600084,13.095348956955869,80.25522429807079,"62-93/1 1, Kandaswamy Koil St, Kosapet, Purasaiwakkam, Chennai, Tamil Nadu 600012, India"
10560,18B,Sekkadu bus stand,600072,13.126667875998242,80.08240495764807,"No.183/D thirukural 1st street, Park, near Balaji Nagar, Balaji Nagar, Pattabiram, Tamil Nadu 600072, India"
9618,1C,Kalmandapam ,600013,13.111146,80.2920634,"42, MS Koil St, Grace Garden, Royapuram, Chennai, Tamil Nadu 600013, India"
9921,20E,Korattur,600080,13.1024374,80.1846809,"101, 3rd Cross St, Kumaraswami Nagar, Korattur, Chennai, Tamil Nadu 600050, India"
10726,20A,Kamarajapuram,600073,12.9264122,80.1532243,"State Bank Of India Colony, 4, Vasantham Ave, Ranga Colony, Sadasivam Nagar, Sembakkam, Chennai, Tamil Nadu 600073, India"
9821,33c,Vempuliamman koil ,600092,13.0620719,80.1923735,"T/B -99, Anna Fruit Market, Vedha Nagar, Chinmaya Nagar Stage II Extension, Kumaran Nagar, Virugambakkam, Chennai, Tamil Nadu 600092, India"
9297,2c,Mint old bus stand,600021,13.1075121,80.280174,"77/34, Basin Bridge, Old Washermenpet, Chennai, Tamil Nadu 600021, India"
9287,35C,Pattu Koot Road,600122,13.03155782394638,80.10424982557466,"24J3+MMV Aakash Ganga Apartment, Mangadu Rd, nearby Address:, Friends Nagar, Poonamallee, Chennai, Tamil Nadu 600056, India"
11016,10,Tb hospital,600012,13.0962671,80.2457801,"56/2, Nammalwarpet, Purasaiwakkam, Chennai, Tamil Nadu 600012, India"
8977,27C,Light House,600004,13.037744251620692,80.2784132710251,"27, Kamarajar Salai, Kailasapuram, Mylapore, Chennai, Tamil Nadu 600004, India"
10636,21,Prem Care Hospital,600088,12.9800718,80.2038939,"13, 10th St, Cooperative Nagar, Balaji Nagar Extn-II, Balaji Nagar, Adambakkam, Chennai, Tamil Nadu 600088, India"
10884,15B,Vaishnavi nagar,600062,13.128362649335845,80.12297565709895,"44HF+65Q, Sathyamurthi Nagar, Poompozhil Nagar, Avadi, Tamil Nadu 600062, India"
10537,15,TI cycle ambattur,600053,13.113449433266682,80.14422808660466,"BLOCK-37, IRWO RAIL VIHAR, Gandhi Nagar, Ambattur, Chennai, Tamil Nadu 600053, India"
8961,17A,Manavala nagar Railway station ,631210,13.112868028255363,79.91214228241839,"53, Poonamallee High Rd, Manavalanagar, Tamil Nadu 602002, India"
9693,12A,Retteri RTO,600110,13.136671101872684,80.22113891061613,"31, Munusamy Nagar, Gandhi Nagar, Ponniammanmedu, Chennai, Tamil Nadu 600110, India"
9784,13,"Murugan Temple,Agaram, Perambur, Chennai, Tamil Nadu 600082",600082,13.115663089953795,80.22849918073148,"18/24, Temple Rd, Jawahar Nagar, Perambur, Chennai, Tamil Nadu 600082, India"
9087,42,Old bus stand,631001,13.087605847576304,79.66709787393388,"3MQ8+6R9, Town Hall 4th St, Arakkonam, Tamil Nadu 631001, India"
9195,35C,Mangadu,600122,13.027877,80.1107313,"7A, Permual Koil St, Ramakrishnapuram, Mangadu, Chennai, Tamil Nadu 600122, India"
10140,20E,"MIT Bridge, Chrompet ",600044,12.943357351364096,80.13818279105867,"87, Dr Rajendra Prasad Rd, Kamaraj Colony, Nehru Nagar, Chromepet, Chennai, Tamil Nadu 600044, India"
8882,42C,Narasingapuram,631402,13.029828649832318,79.8027678120121,"Narasingapuram, Arakkonam Hwy, Tamil Nadu 631402, India"
11013,7,Anna Nagar East 1st Avenue,600102,13.091769149249076,80.22359291433813,"L, 212, 1st Ave, L Block, Annanagar East, Chennai, Tamil Nadu 600102, India"
10137,37B,RIT bus stop ,600124,13.036688797264654,80.04551509391189,"22PW+P35, Chembarambakkam, Tamil Nadu 600123, India"
9930,33C,Nesapakkam Double Petrol Bunk Bus Stand,600089,13.0379385,80.1919681,"25QR+5Q9, Raghavendra Nagar, Nesapakkam, Chennai, Tamil Nadu 600078, India"
10349,19B,Varatharaja Theatre,600064,12.93587806621978,80.13874530779493,"4/5, State Bank Of India Colony, Chitlapakkam, Chennai, Tamil Nadu 600064, India"
10995,13,Periyar nagar,600082,13.1099685,80.2211178,"31A/4A, G.K.M Colony, Venkateshwar Nagar, Perambur, Chennai, Tamil Nadu 600082, India"
10135,1c,Clive Battery ,600001,13.100489966080088,80.29434336948657,"58/59, Seethakadi Nagar, Parrys, Chennai, Tamil Nadu 600001, India"
9159,29C,Mega Mart,600087,13.04794605102467,80.17610636326158,"42, 2nd St, Ashtalakshmi Nagar, Valasaravakkam, Chennai, Tamil Nadu 600087, India"
9550,13B,TVK Nagar,600082,13.1198567,80.2325773,"15th Street, 511, SRP Koil St N, Tiru Vi Ka Nagar, Perambur, Chennai, Tamil Nadu 600082, India"
9789,13A,Korattur,600099,13.12636361829261,80.19579409339295,"Bhuvanam plot no 10 , 11 Vanasakthi nagar Extn, Varasakthi Nagar, Kolathur, Chennai, Tamil Nadu 600099, India"
10373,26,Rathna Café,600005,13.055734554861692,80.27769847433166,"5, Singarachari St, Narayana Krishnaraja Puram, Triplicane, Chennai, Tamil Nadu 600005, India"
10477,36C,"Vigneshwara nagar ,madhanandapuram- porur road ",600116,13.0272342,80.1530692,"25G3+W53, VOC St, Duraisamy Nagar, Porur, Chennai, Tamil Nadu 600125, India"
10742,20,"IOB bank, pallikaranai",600100,12.938327693062698,80.20520750270735,"33, 1st Main Rd, adjacent to Pappammal mandabam, IIT Colony, Maxworth Nagar, Pallikaranai, Chennai, Tamil Nadu 600100, India"
9753,5B,Maduravayol Erikarai,600095,13.05272793775769,80.15403659018892,"2AI, Visalakshi Nagar, Vanagaram, Thoraipakkam, Chennai, Tamil Nadu 600095, India"
9059,36,Periya Panichery,600128,13.011823392051095,80.12958027919393,"4/297, Kundrathur Main Rd, Kovur, Periyapanicheri, Chennai, Tamil Nadu 600122, India"
9836,44,Baluchetty chathiram,631551,12.8560913,79.6216288,"154, Melottivakkam, Tamil Nadu 631551, India"
10142,7c,Thirumangalam EB office,600040,13.085813522516863,80.19544460809021,"No:40, VV Koil St, near Vinayagar Kovil Street, Tiruvalleeswarar Nagar, Anna Nagar West, Anna Nagar West Extension, Chennai, Tamil Nadu 600040, India"
10064,25,Kottivakkam bus stop,600041,12.970304,80.2568874,"1/467, Anna St, Valmiki Nagar, Swaminathan Nagar, Kottivakkam, Chennai, Tamil Nadu 600041, India"
9705,30,Natesan nagar,600092,13.0585828,80.19378329999999,"355V+CGM, Natesan Nagar, Chinmaya Nagar Stage 2, Natesan Nagar, Virugambakkam, Chennai, Tamil Nadu 600092, India"
9198,5B,Vanagaram Bus Stop,600095,13.0675782,80.1474057,"31, Vadanoombal, Chelliamma Nagar, Chennai, Tamil Nadu 600095, India"
9255,10,Ayanavaram - Indian Bank,600023,13.09456218545112,80.23662407136817,"3/2, Arignar Anna St, Venkatesh Puram Colony Extension, Ayanavaram, Chennai, Tamil Nadu 600023, India"
10898,35A,Gangai Amman Koil Street,600056,13.038219212033368,80.11312033953223,"No. 50, Gangai Amman Koil Stop Mangadu, near Gangai Amman Temple, Kamachi Nagar, Poonamallee, Chennai, Tamil Nadu 600122, India"
9538,39C,SUNGUVARCHATTRAM,602106,12.926480035041491,79.88103740680327,"Kirubai complex, 781/A, near union bank of India, Sunguvarchatram, Tamil Nadu 602106, India"
10732,11A,Thathankuppam(Drj),600099,13.13286741717968,80.2058381013097,"50/114, Villivakam Road Lakshmipuram, Kolathur, near S.V.MAHAL, a/c, Kolathur, Chennai, Tamil Nadu 600099, India"
9176,6,New Avadi road water tank opposite ,600010,13.087719289268078,80.23453205469923,"New Mandapam Rd, Kumaran Nagar, Kilpauk, Chennai, Tamil Nadu 600102, India"
9024,5C,Thirunagar (Ambica Empire Hotel),600094,13.060000119539394,80.21775479729816,"35/19, Avvai Nagar, Choolaimedu, Chennai, Tamil Nadu 600094, India"
10665,2C,Mint old bus stand,600021,13.1085182,80.2796844,"Pensioners Colony, Old Washermenpet, 11/2, Basin Bridge, Kathibada, Chennai, Tamil Nadu 600021, India"
10145,17B,Vasantha Bhavan Hotel ,602002,13.139867688900312,79.90495395448646,"4WQ4+V4M, Tiruvallur, Tamil Nadu 602001, India"
9036,18C,RAJBAI NAGAR MURTHY NAGAR BUS STOP,600071,13.102470059185029,80.10846703708806,"118 Raj Boy Nagar Murthi Nagar, Avadi, Tamil Nadu 600071, India"
10906,37B,Parivakkam signal,600056,13.056395888663298,80.09734842003809,"Ashok Leyland, Muthamil Nagar, Maran Nagar, Chennai, Tamil Nadu 600056, India"
9346,32,Aranganathan Sub Way,600015,13.028022,80.2244478,"Apartments, 7&8, West Hills, Reddy Kuppam Rd, Appavu Nagar, Saidapet, Chennai, Tamil Nadu 600015, India"
10005,10C,Binny Mill Church,600012,13.102242812924825,80.2503993460531,"26-11/1, Shanthi Nagar, Puthuvazhama Nagar, Jamalia, Chennai, Tamil Nadu 600007, India"
10106,21,Prem care,600088,12.9798895,80.2044523,"44, Balaji Nagar Main Rd, near D A V SCHOOL, Saraswathi Nagar, Balaji Nagar, Adambakkam, Chennai, Tamil Nadu 600088, India"
9065,17B,Polivakkam ,602002,13.059629644649055,79.91197237115381,"3W56+VP6, Polivakkam, Tamil Nadu 602002, India"
10505,21A,Velachery Checkpost,600042,12.997607078547942,80.21605979342726,"Five Furlong Road, Maduvinkarai, Guindy, Chennai, Tamil Nadu 600032, India"
10362,7,Avadi iyakulam ,600071,13.090809161986876,80.10445148692064,"Sri Ram Nagar, 2, Kannampalayam, Chennai, Avadi, Tamil Nadu 600071, India"
8432,2,Maharani (Singapore Shoppee),600021,13.113430169783731,80.28192659755987,"480, Thiruvottiyur High Rd, near Amar Jewellers, Korukkupet, Old Washermanpet, Chennai, Tamil Nadu 600021, India"
9685,35,krishna nagar,600075,12.979154610931127,80.14066309686353,"X4HR+M7V, 8th Cross St, Iyyappan Nagar, Anna Nagar, HL Colony, Pallavaram, Chennai, Tamil Nadu 600075, India"
10587,18D,veltech junction ,600062,13.167072116934564,80.09839241831148,"Vel Tech Junction, Bharathi Nagar, New Vellanur, Tamil Nadu 600065, India"
11085,5C,Thirunagar (Ambica Empire Hotel),600026,13.0557401,80.21116549999999,"79, Jawaharlal Nehru Salai, Thiru Nagar Colony, NGO Colony, Vadapalani, Chennai, Tamil Nadu 600026, India"
9798,31,Pondy bazaar (power house signal),600017,13.035286719077044,80.24123591265223,"26/32, Melony Rd, T. Nagar, Chennai, Tamil Nadu 600017, India"
9563,22,Perungudi ,600096,12.965202935955968,80.24713041654414,"124, Rajiv Gandhi Salai, Kandhanchavadi, Perungudi, Chennai, Tamil Nadu 600096, India"
9819,44,Baluchetty chatram,631551,12.876306987797436,79.6225585495775,"VJGF+94H, Kanchipuram - Vellore Rd, Baluchetty Chatram, Sirunaiperugal, Tamil Nadu 631551, India"
9350,20,Medavakkam Koot Road,600100,12.919699,80.1823372,"W59J+VWG, Ranganathapuram, Medavakkam, Chennai, Tamil Nadu 600100, India"
11093,16c,Puzhal jail ,600066,13.163407919635793,80.20280335779509,"154, GNT Rd, St Anthony Nagar, Puzhal, Chennai, Tamil Nadu 600066, India"
9865,30C,Friends park hotel,600116,13.049611617698682,80.17084641447161,"394, 13th St, Ashtalakshmi Nagar, Valasaravakkam, Chennai, Tamil Nadu 600116, India"
8978,29C,Valasaravakkam signal me,600087,13.0538999,80.176299,"3-23, Ganga Nagar, Chennai, Tamil Nadu 600087, India"
9833,24,Nanganallur bus stand ,600061,12.982612889912067,80.18571956080942,"17a, 5th Main Rd, Nehru Colony, Nanganallur, Chennai, Tamil Nadu 600061, India"
10775,36,Gerugambakkam Bus Stop ,600122,13.012157402277293,80.13669501260635,"Pooja Kalpavriksham, Chennai, Tamil Nadu 600128, India"
9252,13,Mookambika bus stop,600099,13.1262907,80.2197874,"Aishwaryam Complex, Sundaram Nagar, Balakumaran Nagar, Kolathur, Chennai, Tamil Nadu 600099, India"
9141,9,Mogappair east ,600037,13.0810525,80.1798413,"193, Paneer Nagar, Mogappair, Chennai, Tamil Nadu 600037, India"
9268,7C,Golden flats,600037,13.088277100514516,80.17966418700468,"1386, Golden Colony 1st Main Rd, TS Krishna Colony, Chennai, Tamil Nadu 600050, India"
9055,18B,Pattabiram bridge,600072,13.1203108106593,80.06312302332769,"no. 8, 5th Cross St, Pattabiram, Tamil Nadu 600072, India"
10886,6,hot chips,600040,13.084475760127122,80.2041793081688,"13/3362, 8th St, Block AF, Anna Nagar, AF Block, Anna Nagar, Chennai, Tamil Nadu 600040, India"
8551,12A,MR Nagar,600118,13.1299664,80.2501027,"2, Tondiarpet High Rd, Kodungaiyur (East), MR Nagar, Kodungaiyur, Chennai, Tamil Nadu 600118, India"
9527,1,Ernavoor,600057,13.1866086,80.30782789999999,"133/1, Kathivakkam High Rd, Gandhi Nagar, Ernavur, Ennore, Chennai, Tamil Nadu 600057, India"
10552,25c,BSNL office adyar,600020,12.99879680748513,80.26999264265044,"13, 16th Cross St, GOCHS Colony, Besant Nagar, Chennai, Tamil Nadu 600090, India"
9830,29C,Valasaravakkam,600087,13.040564506983692,80.17224302023773,"158, Arcot Rd, near corporation office, opposite Tamil Nadu, Subramanya Swamy Nagar, Valasaravakkam, Chennai, Tamil Nadu 600087, India"
9290,8,Anna Nagar West Depot,600101,13.0960904,80.1975087,"No.110/16, Vanavil Apartments, E Main Rd, C-Sector, Anna Nagar West Extension, Chennai, Tamil Nadu 600101, India"
10753,12,MR Nagar,600118,13.13352737440892,80.24639906002731,"3/317, Mr Nagar Rd, 3rd Block, Muthamizh Nagar, Kodungaiyur, Chennai, Tamil Nadu 600118, India"
8711,39,Keel Gate,631501,12.821425593064204,79.70562321629511,"58, Narayanapalayam St, Ennaikaran, Kanchipuram, Tamil Nadu 631501, India"
10209,29,Saligramam ,600093,13.059385196535526,80.19889496734744,"Pokkal Illam, 4/19, Angamuthu St, Venkatesa Nagar Extension-2, Nehru Nagar, Virugambakkam, Chennai, Tamil Nadu 600093, India"
10927,30C,Friends Park Hotel,600087,13.052851645421072,80.1751063748035,"12, Radha Nagar 1st St, Ganga Nagar, Maduravoyal, Chennai, Tamil Nadu 600088, India"
10232,3C,Murugan hospital,600010,13.081334674391757,80.23842260523392,"25/9A, Kilpauk, Chennai, Tamil Nadu 600010, India"
9494,43,Kanchipadi village ,631204,13.2003773,79.78372550000002,"6Q2M+4C4, Kanchipadi, Thiruthani High Road, NH 205, Kanchipadi, Tamil Nadu 631204, India"
10257,20C,Indian Oil Petrol Bunk,600091,12.965409170198106,80.20147832568286,"Plot No: 59, Sriram Savitri Apartment, Rajaji, Krishna Nagar 3rd Street, Balaiah Garden, Madipakkam, Chennai, Tamil Nadu 600091, India"
8304,18,Avadi Ramarathinam theatre ,600071,13.116992756281682,80.09694609885672,"123/128, New Military Rd, Kannigapuram, TNHB Mig V Block, Avadi, Tamil Nadu 600071, India"
9468,15D,"Ayappakkam  Church (water tank) , Ration shop",600077,13.1050376,80.1335805,"5762, Rajammal nagar, TNHB Colony, Annanur, Ayappakkam, Chennai, Tamil Nadu 600077, India"
10301,7,Anna Nagar RTO Office,600023,13.093773448390662,80.22629063063724,"92, Muthuamman Nagar, Thanthai Periyar Nagar, Ayanavaram, Chennai, Tamil Nadu 600023, India"
10805,18D,Nemilichery toll plaza ,600055,13.13538441440887,80.05486666316808,"43P4+53F, Porur, Chennai, Tamil Nadu 600055, India"
9364,6,Ayyappan temple ,600040,13.083286582781309,80.21211936391798,"8/93, A.H Block 2nd Street, Block AC, AC Block, Anna Nagar, Chennai, Tamil Nadu 600040, India"
11004,18C,Paruthipattu,600071,13.0879297,80.1095315,"25, Paruthipattu Rd, Avadi, Tamil Nadu 600071, India"
8510,42,Vimal school,631003,13.1070432,79.6465263,"991/a, Nagalamman nagar, Arakkonam, Tamil Nadu 631003, India"
9470,20E,Chromepet Railway station,600044,12.959515293915528,80.13525974971537,"7/4, 2nd St, Nagalkeni, Chromepet, Chennai, Tamil Nadu 600044, India"
10700,4C,Pantaloon,600029,13.0687371,80.2249466,"94A, Railway Colony 3rd St, Railway Colony, Aminjikarai, Chennai, Tamil Nadu 600030, India"
8589,13C,Poombukar nagar,600099,13.12153785128744,80.21124700869935,"78/25, Durga Colony 2nd Main Rd, Poompuhar Nagar, Kolathur, Chennai, Tamil Nadu 600082, India"
9548,13,Agaram,600082,13.112409144479324,80.23158807898622,"140-46, Jawahar Nagar 1st Main Rd, Agaram, Perambur, Chennai, Tamil Nadu 600082, India"
9936,15c,Singapore shopping ,600053,13.1197765,80.16093819999999,"4596+W98, Santhi St, DABC Layout, Menambedu, Ambattur, Chennai, Tamil Nadu 600053, India"
8979,9b,mogappair,600037,13.077402041479736,80.17469933339504,"Moon Enclave Apartments, 6th Main Rd, near Nolambur Police Station, Mogappair Eri Scheme, Mogappair, Chennai, Tamil Nadu 600037, India"
8641,16C,Pudur,600053,13.1332666,80.1559837,"7, Govindan St, Banu Nagar West, Oragadam, Chennai, Tamil Nadu 600053, India"
9091,18A,Paruthipattu police booth,600071,13.09067599707758,80.1007795529861,"72, Perumal Koil St, Kannampalayam, Avadi, Tamil Nadu 600071, India"
9011,5B,Shrivari Signal,600095,13.063192200391562,80.15512304687466,"Kambar nagar 4th cross Rd Adayalampattu, Vanagaram, Chennai, Tamil Nadu 600095, India"
9371,41,WALAJAPET ,632513,12.9257158,79.3643566,"W9G7+7QR, Walajapet, Tamil Nadu 632513, India"
10355,19C,Hasthinapuram,600044,12.941465328353138,80.14903244467524,"W4RX+HJF, Krishna Nagar 2nd Main Rd, B.H.E.L Nagar, Krishna Nagar, Chromepet, Chennai, Tamil Nadu 600044, India"
11088,18b,sekkadu,600072,13.126132961338538,80.08259498252414,"43GM+G2X, Balaji Nagar, Pattabiram, Tamil Nadu 600072, India"
9787,20A,Raja Kilpakkam,600073,12.913641697813995,80.16015873647113,"9, Madambakkam, Chennai, Rajakilpakkam, Tamil Nadu 600126, India"
9390,11C,Bakthavatchlam School Signal,600080,13.1090805,80.18297299999999,"K PADMAVATHY BLOCK, BAKTHAVACHALAM VIDHYASHRAM SCHOOL, Street Number 32, Venkatraman Nagar, Korattur, Chennai, Tamil Nadu 600050, India"
8937,24C,Thirumudivakkam amar prakash  palm rivera apartment ,600044,12.9699772,80.0978117,"Tower-C, AMARPRAKASH PALM RIVIERA, Irandankattalai, Thirumudivakkam, Tamil Nadu 600132, India"
8959,13,Jawahar Nagar Bus stop,600082,13.10985279074832,80.23340745999127,"33-14, Murthy St, Agaram, Perambur, Chennai, Tamil Nadu 600082, India"
10160,14c,Madhavaram new bus stand near kvb bank ,600060,13.15631,80.2305628,"9/29, Srinivasa Perumal Koil St, Ring Road Housing Sector, Madhavaram, Chennai, Tamil Nadu 600060, India"
8566,26,Meesapet Market,600014,13.05336037107751,80.26946697116394,"No.265, Peter's Rd, Royapettah, Chennai, Tamil Nadu 600014, India"
8943,42C,"S R Gate, Arakkonam",631002,13.074947565422772,79.67050322964626,"79, Gandhi Rd, near SR Gate, Griblespet, Arakkonam, Vellore, Tamil Nadu 631002, India"
10796,28,Liberty,600024,13.053793361657426,80.22790603097829,"Sekar Emporium Textiles Pvt.Ltd, 22, Arcot Rd, Taylor Estate, Kodambakkam, Chennai, Tamil Nadu 600024, India"
10149,36C,Madhanandapuram Bus Stop,600125,13.02276860248673,80.1461672323673,"Madananadapuram, Madhanandapuram, Chennai, Tamil Nadu 600125, India"
9478,13,Periyar Nagar Vegetable market,600082,13.11844020859327,80.22006266019,"24/28, Kamarajar Salai, opposite EB office, Periyar Nagar West, Kolathur, Chennai, Tamil Nadu 600099, India"
10752,17B,Thiruvallur,602001,13.1417106,79.9043604,"55, W Tank St, MGM Nagar, Tamil Nadu 602001, India"
10873,33,Hotel Saravana Bhavan	,600083,13.035954475620844,80.20396868639342,"Old No 107, New No 9, Ponnabalam Salai, K K Nagar West, K. K. Nagar, Chennai, Tamil Nadu 600078, India"
10068,27C,New woodlands hotel,600004,13.0365612,80.26350889999999,"27P7+JCC ""நாகேஸ்வர ராவ் பூங்கா (Nageswara Rao Park)"", Luz Ave, Bhaskarapuram, Mylapore, Chennai, Tamil Nadu 600004, India"
10125,33C,Pondichery Guest House,600078,13.041937,80.193196,"20, Sector 11, K. K. Nagar, Chennai, Tamil Nadu 600083, India"
8210,42,Vimal school,631003,13.1065652,79.6466014,"Purushothaman House, Polur, Arakkonam, Tamil Nadu 631003, India"
10021,16,"Krishnapuram ,ponneri",601204,13.3197657,80.18252059999999,"No 143, KRISHNAPURAM, Kodur, Tamil Nadu 601204, India"
9937,32C,Ekkatuthangal ,600032,13.0200399,80.2110818,"Vgn Fairmont, near Block-4, near Hyundai Showroom, Arulayiammanpet, SIDCO Industrial Estate, Guindy, Chennai, Tamil Nadu 600032, India"
11027,16c,Pudur,600053,13.133913297163677,80.1558026122055,"60, Subash Chandra Bose St, Banu Nagar West, Oragadam, Chennai, Tamil Nadu 600053, India"
11066,17D,"2 ,KRISHNAN KOIL STREET , THIRUNINRAVUR ",602024,13.113146255913833,80.02573486298813,"22, Mettu St, Thiruninravur, Chennai, Tamil Nadu 602024, India"
8953,34,Iyyapamthangal,600077,13.0378524,80.1350401,"Iyyappanthangal, Iyyappanthangal, Chennai, Tamil Nadu 600056, India"
10818,4C,mehta Nagar ,600029,13.0711552,80.2193408,"184, SIDCO Industrial Estate, Ayyavoo Colony, Korattur, Chennai, Tamil Nadu 600098, India"
10329,19C,Hastinapuram Bus Stand,600044,12.940793962462116,80.14894172126934,"31/59, Dr Rajendra Prasad Rd, Krishna Nagar, Chromepet, Chennai, Tamil Nadu 600044, India"
9148,11C,Bakthavatchlam school signal,600080,13.1077972,80.1863353,"455P+4HJ, TNHB Colony, Korattur, Chennai, Tamil Nadu 600050, India"
9126,31,Madras Coffee House,600017,13.0474886,80.2395082,"1/10, Thirumalai Pillai Rd, Thirumurthy Nagar, Rama Kamath Puram, T. Nagar, Chennai, Tamil Nadu 600017, India"
10989,4,Chintadripet Fish Market ,600002,13.0749979,80.2711009,"15, Arunachallam St, Near Near F1 Police Station, Chintadripet, Chennai, Tamil Nadu 600002, India"
10480,40C,"Tata Showroom, Ponneri Karai Bridge.",631502,12.854264633236472,79.70656384619429,"VP34+9P4, Kannakulam, Konerikuppam, Kanchipuram, Tamil Nadu 631502, India"
10546,35B,Anakaputhur Amman Kovil,600070,12.983189539557817,80.12777491432493,"Anakaputhur Amman Kovil, Mutharulandi Nagar, Anakaputhur, Chennai, Tamil Nadu 600070, India"
9997,12A,Ambattur Telephone Exchange,600053,13.101917,80.1550368,"4524+R3J, Jeevarathinam St, Chennai600053, Dunlop quarters road, Ksr Nagar, Ambattur, Chennai, Tamil Nadu 600058, India"
10258,12C,Eswari kalyana mandapam,600039,13.1154041,80.24805099999999,"468X+567, Melpatti Ponnappa St, Kakkanji Colony, Chinnaiyan Colony, Perambur, Chennai, Tamil Nadu 600039, India"
10023,12A,Ambattur telephone exchange,600058,13.1008548,80.1663705,"129, Chennai Tiruvallur High Road, Kochar Panchsheel, bus stand, Apartments, opposite Ambattur estate, Mangalapuram, Sidco Industrial Estate, Ambattur Industrial Estate, Chennai, Tamil Nadu 600058, India"
9121,12B,Weldind Shop,600110,13.1262859,80.2287657,"Selvam Nagar, 8/208M, G Block, Ponniammanmedu, Chennai, Tamil Nadu 600110, India"
10997,45,Salamangalam ,601301,12.884821236260676,80.01259435486608,"556, Vandalur - Oragadam - Walajabad Rd, Kalaignar Nagar, Padappai, Tamil Nadu 601301, India"
10660,23,Kovilambakkam ,600129,12.9381882,80.1845462,"7/212, Subhiksha Ave, Kamarajar Salai, Lakshmi Nagar, Kovilambakkam, Chennai, Tamil Nadu 600117, India"
9707,11C,Korratur bhatavsalam signal,600080,13.1038566,80.1840347,"Sri Jambukeswarar Castle, 1st cross street, 7, Cross Street Number 1, Periyar Nagar, Jambukeswarar Nagar, Korattur, Chennai, Tamil Nadu 600050, India"
10946,15A,Thiruverkadu Bus Stand,600077,13.069376477225704,80.12399971376965,"Thiruverkadu, Munusamy Nagar, Parasakthi Nagar, Thiruverkadu, Tamil Nadu 600077, India"
10318,13B,Senthil Nagar signal kolathur,600099,13.123004000577987,80.20152811166035,"plot no 14b, 15th cross street, 3rd -99, Main Rd, Senthil Nagar, Kolathur, Chennai, Tamil Nadu 600099, India"
9913,12B,Kolathur Welding Shop,600099,13.123937740875435,80.22218183584175,"Welding Pattarai, Samdaria Colony, Kolathur, Chennai, Tamil Nadu 600099, India"
9330,41,Muthukadai,632403,12.95945745751229,79.31092754111937,"X856+H7V, Ranipet, Tamil Nadu 632403, India"
9507,12B,Ajantha Bakery,600099,13.126054951152922,80.2193362360454,"Moogambigai Bus Stop, Sundaram Nagar, Kolathur, Chennai, Tamil Nadu 600099, India"
9943,12A,Ambattur Telephone exchange ,600098,13.100371875447475,80.1664772018693,"129, Madras Thiruvallur High Rd, Mangalapuram, Sidco Industrial Estate, Ambattur Industrial Estate, Chennai, Tamil Nadu 600058, India"
9551,17B,Thiruvallur ,602001,13.1230201736602,79.91148106804657,"4WF6+4JJ, Kakkalur, Tamil Nadu 602001, India"
9960,17B,State bank of India,602001,13.133351988756363,79.91160729145382,"4WM6+9MJ, Hariram Nagar, V.M Nagar, Kakkalur, Tamil Nadu 602001, India"
8461,35,"Krishnasamy street, Pammal",600075,12.971689237388134,80.14177853633036,"X4CR+MPV, Krishnaswamy St, Muthamizh Nagar, Pallavaram, Chennai, Tamil Nadu 600075, India"
10494,44,Baluchetty Chathiram,631551,12.876158156282887,79.61836167347714,"VJG9+G97, Kanchipuram - Vellore Rd, Baluchetty Chatram, Tamil Nadu 631551, India"
8773,19D,Guduvanchery Bus Stand ,603202,12.844366507687646,80.05996103908565,"132, Grand Southern Trunk Rd, Nandivaram-Guduvancheri, Guduvancheri, Tamil Nadu 603202, India"
9520,28,Periyar salai bus stop,600017,13.0528406,80.2369378,"42, Solaiyappan St, Darmapuram, T. Nagar, Chennai, Tamil Nadu 600017, India"
10776,9A,S and P Garden,600095,13.067469169629485,80.16394442256801,"216, 6th Cross St, S and P Garden, Nolambur, Mogappair, Chennai, Tamil Nadu 600095, India"
10717,32C,Ekkatuthangal ,600032,13.017786730398583,80.2056009861778,"#9/1,Jawaharlal Nehru Salai,1st Floor,Ekkattuthangal Near Signal, Ambal Nagar, Gandhi Nagar, Chennai, Tamil Nadu 600032, India"
9192,19C,Hasthinapuram Bus Stand,600044,12.9387231,80.14607749999999,"W4QW+FCP, Venkataraman Nagar, MC Nagar, Hasthinapuram, Chromepet, Chennai, Tamil Nadu 600064, India"
10088,5C,SAF Games Village,600106,13.071996347218716,80.21145392498717,"2/9, Sanjeevi St, Nagar, Arumbakkam, Chennai, Tamil Nadu 600106, India"
8925,18D,Muthapudupet,600055,13.15107858599263,80.06685283178221,"No 11,Defence Enclave, Mittanemili, Avadi, Tamil Nadu 600055, India"
8488,9 A,"Mgr university, madhuravoyal ",600095,13.0684429,80.1783068,"1/8, VGP Amudha Nagar, Maduravoyal, Chennai, Tamil Nadu 600095, India"
8453,2C,Lakshmi Koil ,600081,13.1366198,80.291591,"Mangamal garden, 128/162, 6th Street, Sivan Nagar, New Washermenpet, Tondiarpet, Chennai, Tamil Nadu 600081, India"
8594,18D,Nazareth college of arts and science ,600062,13.153143,80.1022136,"5432+7V Kannadapalayam, Tamil Nadu, India"
8497,43,Arcot kuppam,631204,13.211788141986846,79.71615209681211,"6P68+M49, Tiruttani, Tamil Nadu 631204, India"
8394,4c,Anna arch ,600029,13.0718048,80.21742259999999,"19, Siraj St, Ayyavoo Colony, Balavinayagar Nagar, Chennai, Tamil Nadu 600030, India"
8689,2,Maharani,600021,13.1205659,80.274405,"698, Jj Nagar, Meenambal Nagar, Korukkupet, Old Washermanpet, Chennai, Tamil Nadu 600021, India"
8447,4c,Anna arch ,600029,13.0718048,80.21742259999999,"19, Siraj St, Ayyavoo Colony, Balavinayagar Nagar, Chennai, Tamil Nadu 600030, India"
8255,16C,Kavankarai,600066,13.177435689152848,80.1981610678507,"512, Pattukottai Alagiri St., Kannada Palaiyam, Puzhal, Chennai, Payasambakkam, Tamil Nadu 600066, India"
8890,10C,Nadhamuni Theatre,600049,13.103450018029765,80.20227025044633,"nathamuni theatre, 223, Madras Thiruvallur High Rd, Thiru Nagar, Villivakkam, Chennai, Tamil Nadu 600049, India"
8955,16 ,Karanodai ,600067,13.275656287256515,80.21022338759292,"76G6+73 Kanniyampalayam, Tamil Nadu, India"
8879,16A,Oragadam,600053,13.127011876166936,80.15346293036448,"Oragadam, Gandhi Main Rd, Vijayalakshmi Puram, Oragadam, Chennai, Tamil Nadu 600053, India"
8616,18d,Nazareth College arch kannadapalayam Avadi Chennai62,600062,13.153143,80.1022136,"5432+7V Kannadapalayam, Tamil Nadu, India"
8860,22,Baby Nagar,600042,12.978399534102584,80.2304851279378,"26/3, Seshadripuram, Velachery, Chennai, Tamil Nadu 600042, India"
8765,1C,Royapuram kalmandapam police station ,600013,13.1137364,80.2879593,"477Q+F5G, Narayanappa Garden 6th Ln, Pudumanaikuppam, Washermanpet, Chennai, Tamil Nadu 600021, India"
8952,17c,Sevvapet ,602025,13.12989226464818,79.96584663262489,"4XH8+V89, 145, Sriram Nagar, Sirukadal, Tamil Nadu 602025, India"
8451,19,Anna Nagar Chengalpattu,603001,12.6778963,79.97988869999999,"53, Chengalpattu Main Rd, Alagesan Nagar, Varadharaja Nagar, Chengalpattu, Ammanambakkam, Tamil Nadu 603001, India"
8948,38C,Housing board ,631501,12.818989573208231,79.6939929678664,"33, Vandavasi Rd, Vedachalam Nagar Extension, Thaiyar Kullam, Kanchipuram, Tamil Nadu 631502, India"
8950,18B,Sekkadu,600072,13.11920714203532,80.0795512531934,"465, Chennai - Tiruvallur High Rd, Rajiv Gandhi Nagar, Pattabiram, Avadi, Tamil Nadu 600072, India"
8280,20A,Santhosapuram signal,600073,12.8968478,80.1716141,"2/52/5, near Madambakkam, Adithya Nagar, Noothencheri, Chennai, Tamil Nadu 600126, India"
8364,1,Fort station,600009,13.084574260299007,80.283340429887,"Chennai Fort, Pedestrian Opas, George Town, Chennai, Tamil Nadu 600009, India"
8535,13C,Poombukar Nagar,600099,13.12384173365035,80.21219322942389,"Mariamman Kovil, Vivekananda Nagar Extension, Durga Colony, Kolathur, Chennai, Tamil Nadu 600099, India"
8501,40C,Kachabeshwarar kovil,631501,12.838767917765288,79.70115217208632,"41A, Pillaiyarpalayam, Kanchipuram, Tamil Nadu 631502, India"
8526,36C,Porur bridge down ,600116,13.0346316,80.15901149999999,"Near, MGR Flyover, opp. to indian bank, Nethaji Nagar, Ramakrishna Nagar, Porur, Chennai, Tamil Nadu 600116, India"
8857,17B,Kadambathur,631203,13.097251518267347,79.86327698981641,"3/233, Kadambathur, Tamil Nadu 631203, India"
8740,42C,Pandiyanallur ,631102,13.1030068,79.4427867,"4C2V+Q3W, SH 61, Pandiyanellore, Sholinghur, Tamil Nadu 631102, India"
8738,29C,Mega mart,600087,13.0536505,80.1829305,"8, 8th St, Meenakshi Amman Nagar, Alwartirunagar, Chennai, Tamil Nadu 600087, India"
8482,9C,Nolambur,600037,13.080894694318266,80.1645616287128,"Plot No 3, 2nd floor, Phase 1, 1st Ave, Mogappair West Main Rd, next to SBI Bank, Nolambur, Ambattur Industrial Estate, Chennai, Tamil Nadu 600037, India"
8946,18B,Avadi pillyarkoil,600054,13.118804860607453,80.0905621541216,"555, Chennai - Tiruvallur High Rd, Gandhi Nagar, Avadi, Tamil Nadu 600054, India"
8832,13A,kolathur Don bosco school,600099,13.1197813,80.2252965,"13-B/2, Peravallur, Perambur, Chennai, Tamil Nadu 600011, India"
8467,22,Velachery,600042,12.9760238,80.2198136,"360/1B, Velachery Bypass Rd, Vijaya Nagar, Velachery, Chennai, Tamil Nadu 600042, India"
8430,29C,Mega Mart,600087,13.0521264,80.1864293,"4-37A, 3rd Main Rd, Indira Nagar, Valasaravakkam, Chennai, Tamil Nadu 600087, India"
8838,1,Burma Nagar,600057,13.1974459566226,80.31648589080733,"10/19, 7th St, Sivakami Nagar, Ennore, Chennai, Tamil Nadu 600057, India"
8410,17c,Chevappettai bus stand petrol bunk,602025,13.13299,79.968056,"4XM9+579, Sirukadal, Tamil Nadu 602025, India"
8249,18B,pattabiram main road,600072,13.117171335456112,80.06928033421461,"12/a, 3rd Cross St, Dr.Beema Rao Nagar, Pattabiram, Tamil Nadu 600072, India"
8405,42,"Arakkonam, stuartpet",631210,13.1303521,79.7753808,"4QJG+45M, Thiruvalangadu, Tamil Nadu 631210, India"
8543,18D,Veltech junction,600065,13.1974426,80.0959178,"53WW+X9 Morai, Tamil Nadu, India"
8804,20C,Perumal nagar,600117,12.956178005655406,80.17404602506652,"11, 4th Main Rd, Perumal Nagar, Old Pallavaram, Chennai, Tamil Nadu 600117, India"
8552,26,"Triplicane, Star Theatre",600005,13.06302464592193,80.27416902695614,"No. 30, Triplicane High Rd, near Star Theater, Padupakkam, Triplicane, Chennai, Tamil Nadu 600005, India"
8201,17,Uthukottai bus stand opposite ,602026,13.3336019,79.8935321,"8VMV+GF8, Uthukkottai, Tamil Nadu 602026, India"
8284,6,"Anna Nagar Main Post Office, Near Tower Park Metro",600040,13.084810298371297,80.20794370209961,"Post Office, 2nd Ave, A E Block, Block AE, Anna Nagar, Chennai, Tamil Nadu 600040, India"
8217,18a,JB estate ,600054,13.1092946,80.1135572,"43, 3rd St, near 24th Street, JB Estate, Vettri nagar, Avadi, Tamil Nadu 600054, India"
8843,40A,Vengudi,631605,12.796644272311587,79.79935458315376,"QQWX+MP Kilottivakkam, Tamil Nadu, India"
8240,21A,Murugan Kalyanamandapam,600042,12.980813691536378,80.2135808296813,"No.8a, 8/21, 6th Main Rd, Rajiv Nagar, Velachery, Chennai, Tamil Nadu 600042, India"
8313,19C,Hastinapuram Bus Stand,600064,12.934633949314986,80.14704094028396,"3/2, Rosali Nagar, Chitlapakkam, Chennai, Tamil Nadu 600064, India"
8772,5,MMDA bus depot,600094,13.062491281367928,80.21307007284256,"41/21A, Main Rd, Kamala Nehru Nagar, Vinayakapuram, Choolaimedu, Chennai, Tamil Nadu 600094, India"
8521,28,Nungambakkam shastri bhawan,600034,13.059662,80.2428493,"F3, Valluvar Kottam High Rd, Ponnangipuram, Nungambakkam, Chennai, Tamil Nadu 600034, India"
8199,17,"Anna Statue (4 way junction), Uthukottai ",602026,13.333818715892267,79.89172921125179,"8VMR+GMX, Uthukkottai, Tamil Nadu 602026, India"
8776,11A,Karukku Bridge,600053,13.108982533486314,80.17390762142638,"455F+FH2, Dairy Rd, Pattara Vakkam, Sidco Industrial Estate, Ambattur, Chennai, Tamil Nadu 600058, India"
8396,29,"Sudarma Mahal, Saligramam",600093,13.05247095668235,80.20248797016237,"22, Thilagar St, Logaiah Colony, Annamalai Colony, Chennai, Tamil Nadu 600093, India"
8168,40C,Ramas cafe ,631502,12.8371959,79.7038472,"83, Annai Indira Gandhi Salai, Bavaji Nagar, Pillaiyarpalayam, Kanchipuram, Tamil Nadu 631502, India"
8471,17D,Veppampattu railway 2nd gate,602024,13.131363905502422,80.00675870870278,"42J4+GJ4, Veppambaattu, Tamil Nadu 602024, India"
8646,21C,Gandhi Road,600042,12.987022167817452,80.22227589857943,"47, Throwpathy Amman Koil St, Lakshmi Puram, Velachery, Chennai, Tamil Nadu 600042, India"
8314,2,PANDIAN BUS STOP,600021,13.112852910492636,80.28190006361544,"394, Thiruvottiyur High Rd, Korukkupet, Washermanpet, Chennai, Tamil Nadu 600021, India"
8419,22,Velachery chekpost ,600042,12.996072030817905,80.21656208203125,"X6W8+FQJ, Raj Bhavan Colony, Anna Garden, Velachery, Chennai, Tamil Nadu 600042, India"
8357,18c,Govarthnagiri,600071,13.0969574,80.1098598,"13/1, Govardanagiri, Srinivasa Nagar, Avadi, Tamil Nadu 600071, India"
8597,10C,Jamalia school ,600012,13.1058904,80.2463902,"26/17, Jamalia Nagar Main Rd, Shanthi Nagar, Desia Colony, Jamalia, Chennai, Tamil Nadu 600012, India"
8292,35b,Kundrathur theradi,600069,13.0019634,80.0912972,"232R+RHF, 2nd St, Periyar Nagar, Pudhuvattaram, Kundrathur, Chennai, Sikkarayapuram, Tamil Nadu 600069, India"
8352,18D,Kovilpathagai ,600062,13.141433402825458,80.10453929207087,"1, Amman Koil St, Kovil Pathagai, Poompozhil Nagar, Kalaingarnagar, Avadi, Tamil Nadu 600062, India"
8871,44,Panapakkam,631052,12.923395732529007,79.56803006680909,"09, Panapakkam, Tamil Nadu 631052, India"
8499,42C,Sholinghur ,631102,13.1033376384861,79.43386469803909,"4C3M+9GX, SH 61, Sholinghur, Tamil Nadu 631102, India"
8844,35D,Pammal ,600075,12.972746172417487,80.13850527186253,"Krishna Nagar, Pammal Main Rd, Allapakkam, Krishna Nagar, Aranganathan Nagar, Pallavaram, Chennai, Tamil Nadu 600075, India"
8402,16D,Umayal  achi nursing college,600066,13.15556998253794,80.19491071694469,"Block-D, Cluster_madhavaram 1, Surapet, Chennai, Kadirvedu, Tamil Nadu 600066, India"
8665,4,Chintadripet fish market,600002,13.074362,80.2681067,"5/3, Sadasivam Ln, Chintadripet, Chennai, Tamil Nadu 600002, India"
8288,43,Arcot kuppam,631204,13.21173741899815,79.71591643821068,"6P68+M49, Tiruttani, Tamil Nadu 631204, India"
8379,12C,Perambur Bus Depot,600011,13.1128549,80.2451062,"Thulasi Apartment, Thulasingam St, Chinnaiyan Colony, Perambur, Chennai, Tamil Nadu 600011, India"
8707,16E,Saraswati nagar ,600062,13.128984941764902,80.13899240773749,"471, Madras Thiruvallur High Rd, Balaji Nagar, Saraswati Nagar, Thirumullaivoyal, Chennai, Tamil Nadu 600062, India"
8261,35B,Kundrathur Theradi,600069,12.9903608,80.0962634,"28, Manickam Nagar Main Rd, Kovur, Kundrathur, Chennai, Tamil Nadu 600069, India"
8362,13A,Korattur signal,600050,13.0975153,80.1863841,"155E, 225/155E, Raja St, Padi, Chennai, Tamil Nadu 600050, India"
8909,15A,Ayappakkam ,600077,13.1014052,80.1359637,"49, Ayyappakkam Main Rd, TNHB Colony, Annanur, Ayappakkam, VILLAGEAMBATTUR TALUK, Chennai, Tamil Nadu 600077, India"
8851,18,Ponnu super market ,600054,13.116225258928289,80.10257743077598,"4482+FW4, New Military Rd, Thirumalai Rajapuram, TNHB Mig V Block, Avadi, Tamil Nadu 600054, India"
8490,18,Avadi Ramarathna,600071,13.108987979250005,80.0984962993951,"5/6, Kumaran Nagar East, Kamaraj Nagar, Chennai, Avadi, Tamil Nadu 600071, India"
8289,37,Saravana Stores,600116,13.0236303,80.1620317,"54, Vaigai St, Santhosh Nagar, Porur, Chennai, Tamil Nadu 600116, India"
8645,11,Moolakadai,600118,13.1295676,80.2416298,"18, Tondiarpet High Rd, Moolakadai, Kodungaiyur, Chennai, Tamil Nadu 600060, India"
8346,13,Kolathur Don Bosco School,600082,13.120320504934917,80.22878316894067,"35/96C, Krishna Nagar, Peravallur, Perambur, Chennai, Tamil Nadu 600082, India"
8290,34B,Royaloak furniture kumananchavdi,600056,13.0461896,80.1181691,"47, Poonamallee High Rd, Kumananchavadi, Chennai, Tamil Nadu 600056, India"
8870,15C,Ambattur OT,600053,13.1118047,80.15356469999999,"Zenith Plaza, Madras Thiruvallur High Rd, Ramapuram, Ambattur, Chennai, Tamil Nadu 600053, India"
8702,2C,Mint old bus stand,600001,13.0992817,80.2828701,"37XM+P4X, Sadayappa Streeet, Maskan Chavadi, Amman Koil North, George Town, Chennai, Tamil Nadu 600001, India"
8849,26,Ice House,600005,13.0508049,80.27331439999999,"48/30, Muthiah St, Mirsahibpet, Royapettah, Chennai, Tamil Nadu 600014, India"
8481,16C,Puzhal Camp,600066,13.158169338609262,80.20595074747185,"22 B, Dr Ambedkar Nagar St, Mettuppalaiyam, Puzhal, TIRUVALLUR, Chennai, Tamil Nadu 600066, India"
8476,8,Singarampillai school,600049,13.1081987,80.2015594,"7/155, 54th St, A Type, Sidco Nagar, Villivakkam, Chennai, Tamil Nadu 600049, India"
8563,30,Chinmaya Nagar Bus Stop,600092,13.063832548384624,80.19231954774524,"18/41, Chinmaya Nagar, Kumaran Nagar, Koyambedu, Chennai, Tamil Nadu 600092, India"
8216,20B,Thiruvanchery ,600126,12.8933794,80.1381562,"V4VQ+974, Puthur, ESIC Nagar, Tiruvanchery, Selaiyur, Chennai, Tamil Nadu 600126, India"
8395,1,Thiruvottiyur bus terminal,600019,13.172492774606296,80.3056171840517,"Public Park, 404 & 4, Thiruvottiyur High Rd, Rettai Malai Srinivasan Nagar, Jeevan Lal Nagar, Tiruvottiyur, Chennai, Tamil Nadu 600019, India"
8607,16a,Wireless ,600053,13.1346042,80.1668531,"No-242, 2nd Main Rd, West Balaji Nagar, Kallikuppam, Ambattur, Chennai, Tamil Nadu 600053, India"
8544,30C,Lakshmi nagar,600116,13.04327646297171,80.1652277105387,"12-5, Govindappa Nagar, Alappakkam, Chennai, Tamil Nadu 600087, India"
8377,13C,SBI-Bank,600099,13.121542561206647,80.21276762583467,"9, 11th St, Thulasi Nagar, Annai Indira Nagar Extension, Poompuhar Nagar, Kolathur, Chennai, Tamil Nadu 600099, India"
8791,45,Kizh Padappai  (High school) bus stop,601301,12.8819661,80.0314869,"V2JJ+QHM, Padappai, Tamil Nadu 601301, India"
8748,3,Pulianthope basin bridge railway station ,600012,13.098124643055078,80.26856564106829,"House No 1 1st St, Mint, Sundarapuram, Pulianthope, Chennai, Tamil Nadu 600012, India"
8886,24,Moovarasampettai kulam ,600091,12.9674624,80.1855049,"2/61, 9th St, Moovarasanpet, Raghava Nagar, Madipakkam, Chennai, St.Thomas Mount-cum-Pallavaram, Tamil Nadu 600091, India"
8259,9C,Moggapair west,600095,13.0819276,80.1461552,"28 Ettieswaran koil street, 3rd Cross St, Mel Ayanambakkam, Kil Ayanambakkam, Chennai, Tamil Nadu 600095, India"
8263,12,MKB nagar,600039,13.129816041839378,80.2715431759852,"10/14, Block A, Ezhil Nagar, Kodungaiyur, Chennai, Tamil Nadu 600118, India"
8847,16C,Pudur,600053,13.1299346,80.1603018,"39, Pudur, Ambattur, Chennai, Tamil Nadu 600053, India"
8468,15,Canara bank Ambattur ,600053,13.111188371752393,80.15532285367277,"102A, Iyappan St, Ramapuram, Ambattur, Chennai, Tamil Nadu 600053, India"
8653,20D,"Airforce station road,east tambaram ",600059,12.92286770610264,80.12742876585416,"W4FG+5X8, East Tambaram, Tambaram, Chennai, Tamil Nadu 600059, India"
8527,7A,Golden flats ,600050,13.091893,80.180358,"70-3, Bharathiyar St, Srinivasa Nagar, Akshaya Colony, Padi, Chennai, Tamil Nadu 600050, India"
8853,16B,Vinayagapuram bus stop,600099,13.1398108,80.2058313,"46Q4+W8G, Vinayakapuram, Lakshmipuram, Chennai, Tamil Nadu 600099, India"
8189,37C,Poonamallee ambedkar statue,600056,13.0495193,80.08848669999999,"23XQ+R95, Ettima Nagar, Poonamallee, Chennai, Tamil Nadu 600056, India"
8619,35B,Kundrathur Theradi,600069,12.9983313,80.0964315,"X3XW+8HF, Big Street, Kundrathur, Sikkarayapuram, Tamil Nadu 600069, India"
8735,40,New police station kanchipuram,631501,12.8178619,79.7177484,"40/31, Nethaji Nagar, Kanchipuram, Nattapettai, Tamil Nadu 631501, India"
8673,22,Baby Nagar,600042,12.98551366957257,80.22894613803861,"92/13B, Gandhi Salai Velacheri Rd, Soni Nagar, VGP Seethapathy Nagar, Velachery, Chennai, Tamil Nadu 600042, India"
8460,15C,Ambattur OT,600053,13.121490013331805,80.14822641626314,"125, Chennai - Thiruttani - Renigunta Hwy, Vivek Nagar, Ram Nagar, Ambattur, Chennai, Tamil Nadu 600053, India"
8498,19,Chengalpet GH,603001,12.6778963,79.97988869999999,"53, Chengalpattu Main Rd, Alagesan Nagar, Varadharaja Nagar, Chengalpattu, Ammanambakkam, Tamil Nadu 603001, India"
8315,5B,Maduravoyal Erikkarai,600095,13.0661619,80.1787726,"9A, 2nd Main Rd, Varalakshmi Nagar, Senthamil Avenue, Nerkundram, Chennai, Tamil Nadu 600095, India"
8721,35D,Pammal bus stand,600075,12.974911379152244,80.1328290607177,"58/7, 78, Nallathambi Main Rd, Pasumpon Nagar, Pammal, Chennai, Tamil Nadu 600075, India"
8830,13A,Retteri Junction,600099,13.13077108568724,80.20983665547587,"51, Vivekananda St, Kasthuri Nagar, Rajan Nagar, Lakshmipuram, Chennai, Tamil Nadu 600099, India"
8859,42C,Mappedu bus stop,600126,12.8910528,80.1410439,"Mappedu, Agaram Main Rd., Secretariat Colony, Tiruvanchery, Selaiyur, Chennai, Tamil Nadu 600126, India"
8372,35B,"Amman kovil stop, anakaputhur",600070,12.983276,80.12772,"Anakaputhur Amman Kovil, Mutharulandi Nagar, Anakaputhur, Chennai, Tamil Nadu 600070, India"
8580,36,Kovur high school ,600128,13.01011612716932,80.11890747116394,".114/1A, kovur, Kundrathur Main Rd, Kovur, Adilakshmi Nagar, Chennai, Thandalam, Tamil Nadu 600128, India"
8333,15C,Ambattur OT,600053,13.1160088,80.1639644,"42/30, Chennai Bypass Rd, Gnanamoorthy Nagar Extension, Indian Bank Colony, Chennai, Tamil Nadu 600053, India"
8536,19D,Guduvanchery Bus Stand ,603202,12.851342109793563,80.05543446743718,"V324+G47, M.g, Siripi Nagar, r Nagar, Guduvancheri, Tamil Nadu 603202, India"
8712,16C,Pudur,600053,13.13458789317575,80.1599728649139,"4th Main Road Banu Nagar, Ambattur, Chennai, Tamil Nadu 600053, India"
8865,35B,"Amman Kovil Stop , Anakaputhur ",600070,12.9831920950524,80.12782164447876,"Anakaputhur Amman Kovil, Mutharulandi Nagar, Anakaputhur, Chennai, Tamil Nadu 600070, India"
8919,24,Independence park,600061,12.981249859573166,80.18582705767211,"Independence Day Park, 3, 6th Main Rd, TNGO Colony, Nanganallur, Chennai, Tamil Nadu 600061, India"
8734,45,Sriperumbudur Bus Stop,602105,12.961465883453858,79.94939075074862,"XW6X+GVR, Katchipedu, Sriperumbudur, Tamil Nadu 602105, India"
8756,42,"Indira Gandhi Statue, Arakkonam ",631003,13.092541260743078,79.65968958154494,"Tnhb Main Road, Near Indira Gandhi Statue Arakkonam., 3MV5+3V5, Arakkonam, Tamil Nadu 631003, India"
8525,5,MMDA,600106,13.06543161553472,80.2145172288177,"02, MMDA Colony Main Rd, opp. to Arul Kumaran Tex, Q Block, MMDA Colony, Arumbakkam, Chennai, Tamil Nadu 600106, India"
8839,21A,Velachery Check Post,600042,12.997828517544695,80.21557978937987,"Five Furlong Road, Maduvinkarai, Guindy, Chennai, Tamil Nadu 600032, India"
8910,5A,Maduravoyal Ration Shop,600095,13.0573384,80.1751259,"57, Kanthasamy Nagar 7th St, Kadan Nagar, Nerkundram, Chennai, Tamil Nadu 600107, India"
8855,16,Andarkuppam ,601204,13.301743733445296,80.16072893812398,"Andarkuppam, SH 56, Thatchoor, Tamil Nadu 601204, India"
8344,42,Thakkolam koot road,631051,13.020457217551815,79.67738179551831,"2MCG+4VH, Poyyapakkam, Tamil Nadu 631151, India"
8577,39,"Kk nagar, orikkai",631502,12.81471107788052,79.70539392001507,"1, Uthramerur Main Rd, Asriyarnagar, Kamatchi Amman Colony, Sivapuram, Kanchipuram, Tamil Nadu 631501, India"
8750,0,,600044,12.9558248,80.14331399999999,"159, Grand Southern Trunk Rd, Lakshmi Nagar, Chromepet, Chennai, Tamil Nadu 600044, India"
8575,37D,Chembarabakkam,600123,13.030753675223597,80.05786094431629,"No.180, Bajanai Kovil Street, Chembarambakkam, Tamil Nadu 600123, India"
8725,5B,Maduravoyal Erikarai ,600095,13.0531959,80.1751791,"2/121, Ganga Nagar, Maduravoyal, Chennai, Tamil Nadu 600087, India"
8720,5A,Arumbakkam,600106,13.076232,80.20351780000001,"36G3+FCR, Tiruveedhi Amman Koil St, Janakiraman Colony, Arumbakkam, Chennai, Tamil Nadu 600106, India"
8511,35,Pammal,600075,12.9756534,80.1199954,"X4G9+7X5, 7th St, Shree Vinayaga Nagar, Kamarajapuram, Anakaputhur, Chennai, Tamil Nadu 600070, India"
8603,27,Kotturpuram,600085,13.019944332864704,80.24173127315828,"26CR+2P4, Gandhi Mandapam Rd, Avvai Colony, Kotturpuram, Chennai, Tamil Nadu 600085, India"
8902,12,sk mahal ,600118,13.129934994825453,80.25898494019624,"54, Kodungaiyur (East), Krishnamoorthy Nagar, Vyasarpadi, Chennai, Tamil Nadu 600118, India"
8906,17E,Manavalanagar Signal,602002,13.110492074768986,79.90812757354635,"4W65+74C, Ponnusamy St, Manavalanagar, Tamil Nadu 602002, India"
8406,1c,Kalmandapam ,600013,13.1156735,80.2926098,"Royapuram, Surya Narayana St, Pudumanaikuppam, Old Washermanpet, Chennai, Tamil Nadu 600021, India"
8335,15B,saraswathi nagar,600062,13.12902784261652,80.13894697652341,"471, Madras Thiruvallur High Rd, Balaji Nagar, Saraswati Nagar, Thirumullaivoyal, Chennai, Tamil Nadu 600062, India"
8617,29C,"Unlimited fashion store(mega-mart),valasaravakkam,Alwarthirunagar,chennai,tamilnadu",600087,13.044472099638066,80.18590822056812,"Shop no 7 Arcot Road, Mega Mart, food court, 3rd Cross St, above Mega Mart, Veerappa Nagar, Alwartirunagar, Valasaravakkam, Chennai, Tamil Nadu 600087, India"
8562,8C,IOB Mugapair East,600037,13.0810959,80.1838368,"32, Pari Rd, J J Nagar, Mogappair East, Chennai, Tamil Nadu 600037, India"
8307,24,Moovarasampettai kulam,600091,12.96953212487672,80.18555993044701,"X59P+J62, Moovarasanpet, Bharathiyar Nagar, Madipakkam, St.Thomas Mount-cum-Pallavaram, Chennai, Tamil Nadu 600091, India"
8586,26,New College ,600014,13.053014830171282,80.26280421175518,"7, Muthu St, Ganapathy Colony, Royapettah, Chennai, Tamil Nadu 600014, India"
8706,13,Thiruvalluvar Kalyanamandabam,600082,13.1123667,80.2258413,"14th, Anna St, Periyar Nagar West, General Kumaramangalam Colony, Perambur, Chennai, Tamil Nadu 600082, India"
8175,24,Palavanthangal Subway ,600114,12.9889738,80.18523460000002,"X5QP+H3Q, Service Rd, Pazavanthangal, Chennai, Tamil Nadu 600061, India"
8299,12C,Perambur bus stand,600011,13.108264706256026,80.2482625225709,"Perambur Dippo, Vasan St, Chinnaiyan Colony, Perambur, Chennai, Tamil Nadu 600039, India"
8893,15B,Thirumullaivoyal ,600062,13.1236578,80.1348755,"4, Bharathi Nagar Extn, Bharathi Nagar Extension, Thirumullaivoyal, Chennai, Tamil Nadu 600062, India"
8759,37C,Poonamallee Ambedkar statue ,600056,13.041763336502166,80.09213399962228,"167, Ganapathy Nagar, Poonamallee, Chennai, Tamil Nadu 600056, India"
8449,18C,Ayankulam,600071,13.0962821,80.1047681,"34W3+GW6, Avadi, Tamil Nadu 600071, India"
8354,4,Chintadripet fish market,600002,13.074946350909318,80.27186086170197,"23/12, Arunachallam St, Chintadripet, Chennai, Tamil Nadu 600002, India"
8185,16B,Redhills market near Anjaneyar koil,600052,13.189428,80.1861112,"25, Bajanai Koil Street, Red Hills, Chennai, Tamil Nadu 600052, India"
8374,1,Shanmuga park ,600019,13.1637859,80.29839179999999,"724, Tiruvottiyur, Chennai, Tamil Nadu 600019, India"
8876,4C,Mehta nagar,600094,13.067739394835296,80.22693543321972,"2nd Floor New No 54, Old No, 72, Nelson Manickam Rd, Railway Colony, Aminjikarai, Chennai, Tamil Nadu 600030, India"
8644,33,MGR nagar market,600078,13.0362628,80.20167769999999,"M.G.R Nagar Market, Anna Main Rd, MGR Nagar, K. K. Nagar, Chennai, Tamil Nadu 600083, India"
8728,14,Manjampakkam ring road,600060,13.16350439515332,80.22802998064509,"No.505/A, 200 Feet Inner Ring Road, Bypass, Madhavaram, Chennai-600060, Ring Road Housing Sector, Madhavaram, Chennai, Tamil Nadu 600060, India"
8386,35B,Manikandan Nagar,600069,12.98788815075146,80.11821287513013,"Karima Nagar Company, Sadanandapuram, Thandalam, Tamil Nadu 600069, India"
8224,18D,Kannadapalayam,600062,13.154747926141546,80.09927307421044,"Kannadapalayam Junction, Kannadapalayam, Tamil Nadu 600062, India"
8885,15B,Thirumullaivoyal ,600062,13.1245089,80.1326219,"2/21, Bharathi Nagar, Cholambedu, Chennai, Tamil Nadu 600062, India"
8823,5,Chintamani,600102,13.085041638659156,80.22391921139629,"Ground Floor, New No1, Muvas Arcade, C-52, 2nd Ave, C Block, Annanagar East, Chennai, Tamil Nadu 600030, India"
8380,5A,"Panchali amman kovil , Arumbakkam ",600106,13.0756776,80.2086998,"4/52, Ponnu Samy St, Amaravathi Nagar, Arumbakkam, Chennai, Tamil Nadu 600106, India"
8504,40A,Ayyampettai,631601,12.8098551,79.7585577,"153/23, Middle St, Ayyampettai, Tamil Nadu 631601, India"
8892,13C,Grace supermarket,600049,13.11154217696646,80.20625473854017,"Jains Abhineet Plot 3 Block 10, Jains Abhineet, 3/11, Rajamangalam, Villivakkam, Chennai, Tamil Nadu 600049, India"
8592,16A,Kallikuppam Teakadai,600053,13.132963857892856,80.17371814689255,"No-260, Ambattur Red Hills Rd, VPC Nagar, Kallikuppam, Ambattur, Chennai, Tamil Nadu 600053, India"
8202,3,Pathala Ponniammam Koil,600010,13.083244694917155,80.25003499211113,"17/26, Purasaiwakkam, Chennai, Tamil Nadu 600010, India"
8571,35B,"Amman Kovil bus stop, Anakaputhur",600070,12.98318489594293,80.12777824215351,"Anakaputhur Amman Kovil, Mutharulandi Nagar, Anakaputhur, Chennai, Tamil Nadu 600070, India"
8866,9,MOGAPPAIR EAST BUS STOP(7H),600037,13.0799565,80.1812276,"1J, Pari Rd, J J Nagar, Mogappair East, Chennai, Tamil Nadu 600037, India"
8438,16C,Pudur ,600053,13.127908314459566,80.15724946166075,"68, Bharathi 3rd Cross St, Bharati Nagar, Ambattur, Chennai, Tamil Nadu 600053, India"
8935,20A,Rajakilpakkam,600073,12.92266514573873,80.15169111421105,"Rajakilpakkam, Ambedkar Nagar, Selaiyur, Chennai, Tamil Nadu 600073, India"
8241,19D,Guduvanchery bus stand ,603202,12.845377977790855,80.06134253196434,"3, Grand Southern Trunk Rd, Potheri, Kattankulathur, Guduvancheri, Tamil Nadu 603202, India"
8708,16E,Saraswati Nagar ,600062,13.129008975579826,80.13895991034583,"471, Madras Thiruvallur High Rd, Balaji Nagar, Saraswati Nagar, Thirumullaivoyal, Chennai, Tamil Nadu 600062, India"
8522,18,Avadi Ramarathinam,600071,13.117186,80.0903276,"SF 48/2, Plot No 1, Patel St, Nandavana Mettur, Avadi, Tamil Nadu 600071, India"
8686,2C,Lakshmi koyil,600081,13.1354163,80.2933872,"15, Sivagami Nagar, Tondiarpet, Chennai, Tamil Nadu 600081, India"
8413,16B,Redhills bus stand ,600052,13.1962851,80.2044178,"215A BALA VINAYAGAR NAGAR, Athivakkam, Gomathy Amman Nagar, Red Hills, Chennai, Dhanduma Nagar, Tamil Nadu 600052, India"
8609,32C,Ekkatuthangal ,600032,13.024577470999116,80.20409249389536,"10, 2nd Cross Street, Balaji Nagar, Ekkatuthangal, Chennai, Tamil Nadu 600032, India"
8863,20D,Poondi Bazaar.,600059,12.922839123066884,80.12726194033277,"W4FG+4V9, Air Force Station Rd, East Tambaram, Tambaram, Chennai, Tamil Nadu 600059, India"
8534,7A,GOLDEN FLATS,600050,13.088367251930991,80.17965857788116,"1386, Golden Colony 1st Main Rd, TS Krishna Colony, Chennai, Tamil Nadu 600050, India"
8463,18D,Kovilpathagai (Petrol Bank),600062,13.141195690991829,80.10467856514015,"44R3+GVQ, Kovilpadagai Main Rd, Poompozhil Nagar Phase II, Poompozhil Nagar, Kalaingarnagar, New Vellanur, Avadi, Tamil Nadu 600062, India"
8742,30C,Kesavarthini,600087,13.0420346,80.18017859999999,"82, near Kesavardhini Products, Majestic Colony, Brindavan Nagar, Valasaravakkam, Chennai, Tamil Nadu 600087, India"
8205,26,Rathna cafe ,600005,13.0587341,80.2740342,"1, Triplicane High Rd, Triplicane, Chennai, Tamil Nadu 600005, India"
8399,25,Thiruvanmiyur RTO Office,600041,12.976991803997322,80.25908458860454,"X7G5+QJG, East Coast Rd, Valmiki Nagar, Netaji Nagar, Thiruvanmiyur, Chennai, Tamil Nadu 600041, India"
8923,36,Gerugambakkam  bus stop,600122,13.007737099999998,80.13647170859831,"245P+3H9, Marutham Street, Bharathi Nagar, Tharapakkam, Chennai, Gerugambakkam, Tamil Nadu 600128, India"
8784,8,Anna Nagar west depot,600101,13.093678,80.19848999999999,"Anna Nagar -West Depot, Pioneer Colony, Anna Nagar West Extension, Chennai, Tamil Nadu 600101, India"
8598,16A,Oragadam ,600053,13.12710280095733,80.15390205069401,"2, Mani Street, Vijayalakshmi Puram, Ambattur, Chennai, Tamil Nadu 600053, India"
8916,3,Muthumari amman koil-purasaiwakkam ,600084,13.0879823,80.2529117,"10, Salama Nagar, Purasaiwakkam, Chennai, Tamil Nadu 600007, India"
8209,42,Winterpet bus stop arakkonam,631005,13.075876802890395,79.66083704707857,"3MG6+892, SH 61, Winterpet, Arakkonam, Tamil Nadu 631005, India"
8920,26,Triplicane ,600014,13.05556699310604,80.27044239500307,"131/51, near Presentation Church, Triplicane, Chennai, Tamil Nadu 600014, India"
8191,27,A.M.M School kotturpuram ,600085,13.0159279842876,80.24487512883184,"63/2, Ellaiamman Koil St, Kotturpuram, Chennai, Tamil Nadu 600085, India"
8265,18D,KOVILPATHAGAI ,600062,13.1485751,80.1079704,"16/1, Kovil Pathagai, Poompozhil Nagar, Cholambedu, Avadi, Tamil Nadu 600062, India"
8878,2C,Ellaiamman koil,600019,13.1576426,80.3026543,"97, Ellaiamman Koil St, opposite Srinivasa Theatre &, near Vivekanandha School, Sathiyamoorthy Nagar, Kaladipet, Tiruvottiyur, Chennai, Tamil Nadu 600019, India"
8422,66,Tambaram railway station ,600045,12.9257861,80.1178836,"382, Kadaperi, Tambaram, Chennai, Tamil Nadu 600045, India"
8392,12A,Moolakadai ,600118,13.1295676,80.2416298,"18, Tondiarpet High Rd, Moolakadai, Kodungaiyur, Chennai, Tamil Nadu 600060, India"
8330,42C,Gudalore ,632510,13.096595927919916,79.51570180502638,"3GW8+M9F, SH 61, Gudalore, Tamil Nadu 632510, India"
8325,10c,Villivakkam kalpana hotel,600049,13.103206,80.207732,"Kalpana Hotel, Villivakkam, Chennai, Tamil Nadu 600049, India"
8383,20,Pallikaranai jayachandran,600100,12.9213919,80.1975877,"1A, Jeyachandran Nagar 1st Main Rd, Jeyachandran Nagar, Pallikaranai, Chennai, Tamil Nadu 600100, India"
8550,1,Ennore bus stand,600057,13.2257783,80.3278746,"82/105, Thazankuppam, Nettukuppam, Thalankuppam Nagar, Ennore, Chennai, Tamil Nadu 600057, India"
8546,14,Manali New Town,600103,13.211908808901812,80.27167621456879,"7/2 6th Main Road, Manali Pudhu Nagar, near State Bank of India, Branch, Edayanchavadi, Chennai, Tamil Nadu 600103, India"
8320,16A,Kallikuppam arch ,600053,13.1361961,80.1717341,"B1, East Balaji Nagar, Kallikuppam, Ambattur, Chennai, Tamil Nadu 600053, India"
8515,33C,Nesappakam ,600078,13.038282080023343,80.19272649719201,"39, Bazaar St, KK Nagar West, K. K. Nagar, Chennai, Tamil Nadu 600078, India"
8208,18,Ponnu Supermarket,600054,13.1115221,80.1024363,"2360, Nehru Nagar, TNHB Mig V Block, Avadi, Tamil Nadu 600071, India"
8593,29,Saligramam bus stand,600092,13.053718,80.1953753,"353W+G4W, Venkatesh Nagar Main Rd, Ratna Nagar, Virugambakkam, Chennai, Tamil Nadu 600092, India"
8262,20B,"Mappedu bus stop,agaram main road,chennai,tamilnadu-600126",600126,12.8910528,80.1410439,"Mappedu, Agaram Main Rd., Secretariat Colony, Tiruvanchery, Selaiyur, Chennai, Tamil Nadu 600126, India"
8293,16E,Oragadam - PTR Kalyana Mandapam ,600053,13.123073841103423,80.15300277283364,"7/4, Duraisamy St, Vijayalakshmi Puram, Ambattur, Chennai, Tamil Nadu 600053, India"
8788,23B,Pallavaram,600043,12.9734702,80.1658456,"Thirusula nathar, Kannabiran Kovil St, Harbour quaters, Tirusulam, St.Thomas Mount-cum-Pallavaram, Chennai, Tamil Nadu 600043, India"
8626,16B,Pamathukulam bus stop ,600052,13.1982337,80.1655486,"55X8+9G3, Padianallur, Chennai, Tamil Nadu 600052, India"
8822,4C,Nungambakkam railway station ,600094,13.066507476110823,80.23099184063076,"29, 13, Nelson Manickam Rd, Thiruvalluvar Puram, Choolaimedu, Chennai, Tamil Nadu 600094, India"
8393,18B,Hindu college,600071,13.110866319063437,80.0786510870601,"436H+9FG, Annapoorni Ave St, Avadi, Tamil Nadu 600072, India"
8529,30,Chinmaya Nagar,600092,13.0655122,80.1970909,"12, Semathamman Nagar, Sector 1, Sector 2, Koyambedu, Chennai, Tamil Nadu 600107, India"
8542,11,Senthil Nagar,600099,13.133014700121462,80.2018906717517,"27, Athilaxmi Nagar Rd, Sarathy Nagar Extension, Adilakshmi Nagar, Lakshmipuram, Chennai, Tamil Nadu 600099, India"
8717,33,MGR NAGAR MARKET,600078,13.036324813277052,80.20167932030384,"M.G.R Nagar Market, Anna Main Rd, MGR Nagar, K. K. Nagar, Chennai, Tamil Nadu 600083, India"
8700,17A,Thirumazhisai Sivan Kovil,600124,13.054582,80.06169009999999,"3336+RMP, Ramachandra Nagar, Thirumazhisai, Tamil Nadu 600124, India"
8248,32C,Ramapuram,600125,13.01726032000774,80.17475812963865,"99/1, Manapakkam Main Rd, Ramapuram, CRR Puram, Periya Palayatamman Nagar, Manapakkam, Chennai, Tamil Nadu 600125, India"
8932,19A,"Krishna nagar , West Tambaram ",600045,12.924169022218356,80.09855777544038,"7, Mudichur Rd, Vishnu Nagar, Tambaram, Chennai, Tamil Nadu 600045, India"
8337,35C,Pattu Kootu road,600122,13.0269792,80.11083529999999,"24G6+Q8W, Mangadu Rd, Then Colony, Mangadu, Chennai, Tamil Nadu 600122, India"
8273,31,Panagal Park,600012,13.047369662035276,80.23215322911355,"26WJ+WVM, T. Nagar, Chennai, Tamil Nadu 600017, India"
8802,3,Mummy daddy,600010,13.0834903,80.2398595,"Mummy Daddy Complex, 237/A, Kilpauk Garden Road, Kilpauk, Chennai, Tamil Nadu 600010, India"
8915,15D,Ayappakkam Church (water tank),600058,13.0918432,80.1526393,"35R2+QX4, Chelliamman kovil Rd, Periya Colony, Chennai, Tamil Nadu 600058, India"
8446,3C,Thiru vika park,600030,13.080542051720393,80.22540752145744,"36JG+656, East St, Shenoy Nagar, Chennai, Tamil Nadu 600030, India"
8492,40A,EKANAMPETTAI ,631601,12.804277090524726,79.7686093849875,"86, Ekanampettai, Tamil Nadu 631601, India"
8179,13,Jawahar Nagar Bus stop,600082,13.109350089583833,80.23323938198479,"55/25, Chidambaram St, Agaram, Perambur, Chennai, Tamil Nadu 600082, India"
8567,20,Pallikaranai Jayachandran,600100,12.911044498729806,80.19320670660704,"12/350, Ramiya Nagar, Medavakkam, Chennai, Tamil Nadu 600100, India"
8873,21C,Thillai Ganga Nagar Subway ,600061,12.991429,80.1926613,"Eshwari Bhavan, 12/1, Thillaiganga Nagar, Nanganallur, Chennai, Tamil Nadu 600061, India"
8301,16,Redhills koot road,600056,13.19929626411412,80.15431430087453,"bus stop, Masjed-E-muhammed anas 138/4, Ambedkar nagar, opposite Attanthangal, Attanthangal, Tamil Nadu 600052, India"
8356,2,Singapore shopping ,600021,13.117701206640517,80.28375698017408,"124/50-1, 124/50-1, Mayor Basudev St, Korukkupet, Old Washermanpet, Chennai, Tamil Nadu 600009, India"
8561,15,Canara Bank,600053,13.110135646197618,80.1562292588956,"13/37A, Samth Arya Nagar, Ramapuram, Ambattur, Chennai, Tamil Nadu 600053, India"
8917,20A,Santhosapuram signal,600073,12.91967088014218,80.17120751955406,"83, Velachery - Tambaram Main Rd, Sembakkam, Chennai, Tamil Nadu 600073, India"
8286,3C,ESI aynavaram,600023,13.091728,80.244176,"154-115, Secretariat Colony 6th St, Secretariat Colony, A K Swamy Nagar, Kilpauk, Chennai, Tamil Nadu 600007, India"
8903,27C,Santhome chruch,600004,13.0322277,80.2751388,"11/3, Rosary Church St, Kuil Thoppu, Mylapore, Chennai, Tamil Nadu 600004, India"
8367,29C,Valasaravakkam Signal,600087,13.04056237684246,80.17221885201843,"158, Arcot Rd, near corporation office, opposite Tamil Nadu, Subramanya Swamy Nagar, Valasaravakkam, Chennai, Tamil Nadu 600087, India"
8308,13b,T. V. K nagar,600082,13.1223382,80.23178279999999,"17/21, T V K Nagar, Peravallur, Perambur, Chennai, Tamil Nadu 600082, India"
8774,26,Rathna Cafe ,600005,13.0587341,80.2740342,"1, Triplicane High Rd, Triplicane, Chennai, Tamil Nadu 600005, India"
8648,26,Ratna cafe,600005,13.0587341,80.2740342,"1, Triplicane High Rd, Triplicane, Chennai, Tamil Nadu 600005, India"
8478,12B,Kolathur Junction ,600099,13.1304654,80.2223362,"19N, Majestic Nagar, Shyam Sundar Nagar, Ponniammanmedu, Chennai, Tamil Nadu 600110, India"
8798,17B,Agram,631203,13.0666691,79.8675329,"3V89+M27, Pinjivakkam, Tamil Nadu 631203, India"
8569,32C,Kasi Theatre,600083,13.033698904295631,80.20486672186077,"26M3+CW8, Bharathidasan Colony, K. K. Nagar, Chennai, Tamil Nadu 600078, India"
8254,1,Kaladipet market,600019,13.1537336,80.3033778,"17/48, Periyamettupalayam, Tiruvottiyur, Chennai, Tamil Nadu 600019, India"
8416,17A,"Old collector office ,kakkalur",602001,13.1371985,79.9182348,"# 866, Tnhb, Kakkalur Bye-Pass Road, Tiruvallur-602001, Ma. Po. Si. Nagar, Kakkalur, Tamil Nadu 602001, India"
8464,10C,Ayanavaram ,600023,13.098415,80.234931,"Noor Hotel, Ayanavaram Road, Venkatesapuram Colony, Ayanavaram, Chennai, Tamil Nadu 600023, India"
8429,15B,Thirumullaivoyal ,600062,12.828105518020736,80.53465076454391,7M42RGHM+6V
8709,42,"Old Busstand, Arakkonam ",631001,13.0868365836901,79.67074777433923,"38/44 Pollachi, Amman Kovil St, Arakkonam, Tamil Nadu 631001, India"
8332,30,3rd Main Road Natesa Nagar ,600092,13.0581563,80.1934704,"186, Chinmaya Nagar Stage 2, Natesan Nagar, Virugambakkam, Chennai, Tamil Nadu 600092, India"
8484,7,Kovai Palamuthircholai,600038,13.092842,80.1992803,"1, 6th Ave, Bharathi Nagar, Thangam Colony, Anna Nagar, Chennai, Tamil Nadu 600040, India"
4581,18E,K.V school,600055,13.1525268,80.0770564,"532G+XQ, Morai, Tamil Nadu 600055, India"
1710,40c,Kanchipuram bustand,631501,12.837042205904668,79.70371570624431,"116, SH58, Bavaji Nagar, Nellukara st, Kanchipuram, Tamil Nadu 631502, India"
8113,8c,Waves,600040,13.084873,80.2101753,"2038, AD Block, Anna Nagar, Chennai, Tamil Nadu 600040, India"
4649,30c,"Andhra meals,valasaravakkam",600087,13.041874394851954,80.17956366593869,"35, Arcot Rd, Janki Nagar Annex, Valasaravakkam, Chennai, Tamil Nadu 600087, India"
2569,16B,Oragadam ,600053,13.1377971,80.1513534,"No 21 Annai velankannai street, Pasumpon Salai, Ganapathy Nagar, Oragadam, Chennai, Tamil Nadu 600053, India"
783,13,Axis bank,600082,13.1138824,80.2295172,"16/8, Jawahar Nagar, Perambur, Chennai, Tamil Nadu 600082, India"
6502,8C,"Variety Centre, Mogappair ",600037,13.085424458874671,80.18850767743743,"#1/42, Main, Bazaar Rd, Block 1, J J Nagar, Mogappair East, Chennai, Tamil Nadu 600037, India"
2466,18B,kavarpalayam,600054,13.12018903460939,80.09350995250824,"394, Chennai - Tiruvallur High Rd, Gandhi Nagar, Avadi, Tamil Nadu 600054, India"
4788,42,Krishna polytechnic ,631003,13.105194162306418,79.64844424604492,"4J4X+465, Thiruthani Rd, Arakkonam, Tamil Nadu 631003, India"
2545,35D,pammal police booth ,600075,12.973578,80.12753359999999,"68, Thiruneermalai Main Rd, Ambedkar Nagar, Pammal, Chennai, Tamil Nadu 600075, India"
6410,17D,Gomathipuram ,602024,13.120980025140112,80.03615490890861,"42CP+7FH, Thiruninravur, Tamil Nadu 602024, India"
5624,13C,"46G, 109 feet road,Selvi Nagar, Kolathur ",600099,13.1236853,80.2095183,"53, Lakshmi Nagar, Kolathur, Chennai, Tamil Nadu 600099, India"
5503,37B,Karayanchavaadi ( Petrol Bunk ),600056,13.045791290723638,80.11276677551777,"24W7+83C, 477, Trunk Rd, Indrani Nagar, Karayanchavadi, Poonamallee, Chennai, Tamil Nadu 600056, India"
4612,16B,Pudur ,600053,13.1143212,80.15447429999999,"4573+PQH, Ambattur, Chennai, Tamil Nadu 600053, India"
7225,20E,GRT TAMBARAM MEPZ,600045,12.94259530502488,80.13312219539795,"7, Nh32, Kamakshi Colony, Sanatorium, Chennai, Tamil Nadu 600044, India"
2557,8C,IOB BANK Mogappair East ,600037,13.08098732250898,80.18415007346341,"1042, Pari Rd, J J Nagar, Mogappair, Chennai, Tamil Nadu 600037, India"
7749,35A,Kumananchavadi,600056,13.0450079,80.1156829,"358, near Poonamallee Fire And Rescue Station, MSS Nagar, Ambedkar Nagar, Poonamallee, Chennai, Tamil Nadu 600056, India"
1921,15E,kallikuppam,600099,13.137441824445528,80.1876496805794,"25, Andal Koil St, Puthagaram, Madura Madanan Kuppam, Chennai, Tamil Nadu 600099, India"
2574,37C,Ambedkar statue Poonamallee ,600056,13.043117795892249,80.09969211435566,"177, Kirupananda Variar Nagar, Lakshman Nagar, Poonamallee, Chennai, Tamil Nadu 600056, India"
2565,17A,Manavalanagar railway station ,602001,13.112928122171756,79.91222878570595,"55, Poonamallee High Rd, K K Nagar, Manavalanagar, Tamil Nadu 602002, India"
7766,9c,Dr. Supermarket,600037,13.081513,80.16696979999999,"Mugapair west, 4/744, Ramalingam Salai St, 4th Block, Mogappair West, Ambattur Industrial Estate, Chennai, Tamil Nadu 600037, India"
7793,11C,Korattur Police Station,600080,13.106092482818738,80.18645826684536,"Electricity Board Office, TNHB Colony, Korattur, Chennai, Tamil Nadu 600050, India"
7817,23c,Independence Day Park,600061,12.981560248623405,80.18565376934075,"X5JP+J7X, Nanganallur, Chennai, Tamil Nadu 600061, India"
7693,41A,Arcot bus stand ,632503,12.907501457312176,79.32483141724809,"W84F+WVM, SH 129, Arcot, Tamil Nadu 632503, India"
7772,35A,Kumanachavadi nigiris stop,600056,13.048195726518587,80.1202426553253,"24XC+744, Jeevan Prakash Nagar, Chennai, Tamil Nadu 600056, India"
4772,20E,Thambaram mepz ,600045,12.9339492,80.1242181,"7/9B, West, RV Garden, Tambaram, Chennai, Tamil Nadu 600045, India"
4720,32 ,Ashok nagar,600033,13.0350433,80.22172669999999,"No 100/3, 100/3, Kodambakkam Rd, Naga Thammal, West Mambalam, Chennai, Tamil Nadu 600033, India"
8096,18D,"kovilpathagai, avadi ",600062,13.140036711417006,80.1040118779453,"Old No.69, New No.103, Kovilpathagai Main Road, Avadi, Chennai - 600062., Indira Nagar, Avadi, Tamil Nadu 600062, India"
8116,15A,Thiruverkadu petrol bunk,600077,13.068167338786086,80.12790234279579,"No.28/4, Pallavar nagar, Near Bharath Petrol Bunk, Thiruverkadu, Sakthi Vinayagar Nagar, Balaji Nagar, Thiruverkadu, Chennai, Tamil Nadu 600077, India"
1706,17E,"thirumazishai , sivan Temple",600124,13.054569233825376,80.06164490049213,"Thirumazhisai, Thirumazhisai, Tamil Nadu 600124, India"
2781,8c,"Waves, Anna nagar ",600040,13.09096594295336,80.19308390201616,"W745, Park Rd, Block W, Sector D, Anna Nagar West, Anna Nagar West Extension, Chennai, Tamil Nadu 600101, India"
2963,16,Redhills ,600052,13.196892541491234,80.18749656850585,"56, Sothupakkam Rd, Red Hills, Chennai, Padianallur, Tamil Nadu 600040, India"
5617,13,Thiruvalluvar Kalyana Mandapam,600082,13.0079644,80.002416,"Rajalakshmi Engineering College Bridge, Rajalakshmi Nagar, National Highway 4, Mevalurkuppam, Tamil Nadu 602105, India"
5671,40C,Kanchipuram bus stand ,631502,12.8343379,79.71522569999999,"Sathya Nagar, Mamallan Nagar, Pallavan Salai, Kanchipuram, Tamil Nadu 631502, India"
2888,11,Moolakadai ,600118,13.128675858316672,80.2416365145096,"645, Periyar Nagar, Moolakadai, Kodungaiyur, Chennai, Tamil Nadu 600060, India"
7182,3,Murugan hospital,600010,13.0856795,80.2452474,"1, Medavakkam Tank Rd, Davidpuram, Kilpauk, Chennai, Tamil Nadu 600010, India"
1754,18B,Pattabiram,600072,13.12141059806896,80.06379082473833,"533, Chennai - Tiruttani Hwy, Pattabiram, Tamil Nadu 600072, India"
2985,26C,Nandanam devar selai ,600017,13.032465882854789,80.2348278185657,"80/82, Abdul Aziz St, CIT Nagar East, CIT Nagar, Chennai, Tamil Nadu 600017, India"
