user,bus_no,boarding_point_name,pincode,latitude,longitude,address
2987,35C,Sivanthangal,600069,13.010763922561404,80.1020592796648,"15, Sivanthangal, Kundrathur, Chennai, Sikkarayapuram, Tamil Nadu 600069, India"
5707,32c,Ekkatuthangal ,600032,13.0177153,80.2056743,"27, SIDCO Industrial Estate, Guindy, Chennai, Tamil Nadu 600032, India"
3994,7,"Vgn apartments,irungattukottai,chennai",602109,12.9948978,80.00147059999999,"X2V2+XH5, Irungattukottai, Tamil Nadu 602117, India"
1757,7A,Bata showroom ,600040,13.0947375,80.2039494,"1339, 18th Main Rd, Aishwarya Colony, Thiruvalluvar Colony, Anna Nagar, Chennai, Tamil Nadu 600040, India"
1747,28,Sekar emporium,600024,13.045475796361858,80.22098104713464,"8/1, Samiyar Madam, Kodambakkam, Chennai, Tamil Nadu 600024, India"
980,0,Thandalam,602105,13.0146027,80.0035331,"100/1C, near Katrambakkam, Thandal, Thandalam, Mevalurkuppam, Tamil Nadu 602105, India"
2793,9C,DR super market ,600095,13.06969102861243,80.15977993815758,"200ft bye pass, Service Rd, Maduravoyal, Chennai, Tamil Nadu 600095, India"
8140,15A,Thiruverkadu bus stand,600077,13.069187496046602,80.12399675009797,"27, Paruttippattu, Karpagambal Nagar, Thambusamy Nagar, Thiruverkadu, Chennai, Tamil Nadu 600077, India"
8145,19e,Tambaram bus stand ,600059,12.9233649,80.1207251,"W4FC+87X, Railway Colony, East Tambaram, Tambaram, Chennai, Tamil Nadu 600045, India"
1701,20,Pallikaranai ,600100,12.933071746269334,80.20383114198911,"2, Thulukanathamman Koil St, New Colony, Selvam Nagar, Pallikaranai, Chennai, Tamil Nadu 600100, India"
3087,8,Villivakkam sidco nagar,600049,13.10324310994002,80.19939013198234,"247, Chennai Tiruvallur High Rd, Agathiyar Nagar, Anna Nagar, Chennai, Tamil Nadu 600049, India"
2930,0,Nil,602105,12.996178859340503,79.99173684169871,"XXWR+HJ7, Mevalurkuppam, Tamil Nadu 602117, India"
8055,19b,Bharathamatha street,600058,12.91912965084352,80.1307347534837,"27/9, Anna St, Anandapuram, East Tambaram, Tambaram, Chennai, Tamil Nadu 600059, India"
5596,35,Therasa School,600043,12.977419103717729,80.14715565590625,"Lig Mig Quarter, 11, near Liberty Church, Essapallavaram, Mallika Nagar, Pammal, Chennai, Tamil Nadu 600074, India"
2991,37d,Nazarathpet,600123,13.045479079864275,80.07875691180978,"419, Nazarathpet, Chennai, Nazarathpettai, Tamil Nadu 600123, India"
8120,37,Habitat hostel,602105,12.9675201,79.95284509999999,"2.cakkte Street Teruprambadduor Teruvalluoor Road, Nenmeli, Sriperumbudur, Tamil Nadu 602105, India"
8153,37,Habitat hostel ,602105,12.9675201,79.95284509999999,"2.cakkte Street Teruprambadduor Teruvalluoor Road, Nenmeli, Sriperumbudur, Tamil Nadu 602105, India"
5673,40c,Kanchipuram bus stand,631502,12.836159029022326,79.71950707900885,"3, Lakshminarayana St, Shanmuga Nagar, Kanchipuram, Tamil Nadu 631502, India"
5669,44,mambakkam,602105,12.934060272589486,79.90900926939572,"WWM5+MMF, Vellore - Chennai Rd, Mambakkam, Sriperumbudur, Tamil Nadu 602106, India"
5697,36,Kovur,600112,13.0135909,80.13532409999999,"247P+C4P, Periyapanicheri, Gerugambakkam, Chennai, Tamil Nadu 600128, India"
5732,15D,Ayappakam ,600028,13.10322347967362,80.1503577667177,"45, Vanagaram Main Rd, Annai Sathya Nagar, Ambattur, Chennai, Tamil Nadu 600058, India"
3158,42,Thandalam koot road,602117,13.007969,80.0024265,"Rajalakshmi Engineering College Bridge, Rajalakshmi Nagar, National Highway 4, Mevalurkuppam, Tamil Nadu 602105, India"
1791,15B,Thirumullaivoyal,600062,13.130780752883147,80.13145412232407,"41A, Arunanagar, Pachaiamman Nagar, Thirumullaivoyal, Chennai, Tamil Nadu 600062, India"
1796,42,Krishna polytechnic ,631003,13.084224392751327,79.6703176293325,"103/117, Gandhi Rd, Arakkonam, Tamil Nadu 631001, India"
864,17b,Tcl company,602001,13.13318096665542,79.91075743978685,"4WM6+77X, Hariram Nagar, Poonga Nagar, Kakkalur, Tamil Nadu 602001, India"
5917,24C,Pallavaram ,600043,12.9664071,80.14876629999999,"32, Grand Southern Trunk Rd, near Hotel Manickam Grand, Subramaniya, Pallavaram, Chennai, Tamil Nadu 600043, India"
5970,3c,Kilpauk signal,600010,13.083599364177529,80.24024396044561,"‘Magdala’ 19, Kilpauk Garden Rd, Davidpuram, Kilpauk, Chennai, Tamil Nadu 600010, India"
8067,12b,Welding shop ,600110,13.12330419500628,80.222820390029,"23/22, Red Hills Rd, Sri Ganapathi Rao Nagar, Kolathur, Chennai, Tamil Nadu 600099, India"
3498,7,Garden view,600038,13.097053295266948,80.21508426083496,"569, ICF South Colony, Anna Nagar, Chennai, Tamil Nadu 600040, India"
1874,13C,Grace,600099,13.1178583,80.209936,"87, Kolathur Rd, Thirumuruga Nagar, Boombugar Nagar, Raja Rajeshwar Nagar, Kolathur, Chennai, Tamil Nadu 600099, India"
1848,26,Rathna cafe Triplicane ,600000,13.0587341,80.2740342,"1, Triplicane High Rd, Triplicane, Chennai, Tamil Nadu 600005, India"
1698,32C,Jafferkhanpet vadivel street 44/5 chennai-83,600083,13.02828360039072,80.2086351667109,"26H5+8GC, S. V. Chidambaram Rd, Pari Nagar, West Jafferkhanpet, Chennai, Tamil Nadu 600083, India"
1819,8c,Waves,600050,13.0861782,80.2017906,"36P2+FPF, Anna Nagar West, Anna Nagar, Chennai, Tamil Nadu 600040, India"
8054,17E,Veppampattu bus stop,602024,13.1750723,80.0199562,"52G9+2X Kavanur, Kilakondaiyur, Tamil Nadu, India"
8061,18B,"Sindhu nagar,avadi ",600054,13.118830690628942,80.08209447094085,"5/4, Chennai - Tiruvallur High Rd, Sindhu Nagar, Pattabiram, Avadi, Tamil Nadu 600072, India"
8056,16E,Avadi Check Post,600054,13.119121380456102,80.09510445381746,"6/1, 3rd St, Kasturba Nagar, Avadi, Tamil Nadu 600054, India"
5341,10C,"Kalpana stop,Villivakkam ",600049,13.10305364539019,80.2077283075995,"178, Madras Thiruvallur High Rd, Villivakkam, Chennai, Tamil Nadu 600049, India"
7875,11a,Thathankuppam,600076,13.1127902,80.1896663,"73,NRS road, Sivalingapuram, korattur, New Colony, Korattur, Chennai, Tamil Nadu 600076, India"
6598,32,Butt road,600032,13.0177153,80.2056743,"27, SIDCO Industrial Estate, Guindy, Chennai, Tamil Nadu 600032, India"
8155,3,Choolai Post Office ,600112,13.089719571371594,80.26494484085272,"1, Hunters Rd, Periyamedu, Choolai, Chennai, Tamil Nadu 600112, India"
3121,42c,Kainoor Arakkonam ,631003,13.084086615927468,79.63193280434031,"3JMJ+GQR, Thandalam, Tamil Nadu 631003, India"
6537,17d,Gomathipuram,602024,13.1197895,80.0338594,"3/2, Babuji Nagar, Thiruninravur, Chennai, Tamil Nadu 602024, India"
6508,42,"Jothi nagar bus stop, Arakkonam ",631003,13.0947864,79.6581807,"Bharsthidasan street, Jothi nagar, Arakkonam, Tamil Nadu 631003, India"
4987,12c,perambur bus terminus,600011,13.1085964,80.24808999999999,"Perambur, Chinnaiyan Colony, Perambur, Chennai, Tamil Nadu 600011, India"
3068,19E,Mudichur outer ring road,600048,12.89993097965815,80.07423105891235,"V3XF+XM Perungalathur, Tamil Nadu, India"
5610,17B,Thiruvallur Municipality ,602001,13.134466509812992,79.90888953102478,"4WM5+RH7, V.M Nagar, Kakkalur, Tamil Nadu 602001, India"
5901,42,SR Gate,631002,13.0776198,79.6796785,"No 4/7 4th Street, T N Nagar Rd, Palanipet, Arakkonam, Tamil Nadu 631002, India"
8157,28,"Nungambakkam , Kodambakkam High Road , Hotel Plamgrove busstand.",600034,13.053062301603156,80.24755683314416,"173, Kodambakkam High Rd, Tirumurthy Nagar, Nungambakkam, Chennai, Tamil Nadu 600034, India"
334,18B,Pattabiram ,600072,13.1197819,80.0609883,"22, Thiruvalluvar St, Kamarajapuram, Pattabiram, Tamil Nadu 600072, India"
5011,18B,Hindu college,600072,13.119194900311156,80.07410459191729,"43, Chennai - Tiruvallur High Rd, Thirumullaivoyal, Avadi, Pattabiram, Tamil Nadu 600054, India"
5595,42c,Sr gate,631002,13.074945005831957,79.67103038824987,"80, Gandhi Rd, griblespet, Arakkonam, Ammanur R.F., Tamil Nadu 631002, India"
5964,30c,lakshmi nagar ,600116,13.045134079452165,80.16674935017315,"2/21, Sridevi Nagar, Alapakkam, Porur, Chennai, Tamil Nadu 600116, India"
3150,5A,"panchali amman koil , Arumbakkam.",600106,13.076924651780574,80.21064986546781,"No 132, 2, Panchali Amman Koil Street, Amaravathi Nagar, Arumbakkam, Chennai, Tamil Nadu 600106, India"
329,11c,Bakthavachalam signal,600080,13.108130946129544,80.18353491782366,"32, Central Ave, Periyar Nagar, Venkatraman Nagar, Korattur, Chennai, Tamil Nadu 600098, India"
718,19A,Perungalathur bus stand,600063,12.9135679,80.0942959,"79/2, New Perungalathur, Chennai, Tamil Nadu 600063, India"
364,36 ,Mundramkatalai,600128,13.0101843,80.1189182,"60, Kovur, Chennai, Thandalam, Tamil Nadu 600128, India"
337,11,Moolakadai ,600060,13.12987207495098,80.24276814984312,"46HV+R52, Tondiarpet High Rd, Moolakadai, Kodungaiyur, Chennai, Tamil Nadu 600118, India"
6617,15D,Chelliamman kovil,600077,13.099173754300576,80.13256282575726,"Ayapakkam, TNHB Colony, Annanur, Ayappakkam, Chennai, Tamil Nadu 600077, India"
865,42,Krishna polytechnic ,631003,13.09846373442364,79.65567354573672,"3MX4+F7J, SH58, Arakkonam, Tamil Nadu 631003, India"
333,19E,Padmavathy mahal,600063,12.921110508178938,80.08951815849169,"103-100, SH 110, Gandhi Nagar, Tambaram, Old Perungalathur, Tamil Nadu 600063, India"
1888,17D,Thirumazhisai sivan Kovil,600124,13.055023897656946,80.06101864091929,"22, Bajanai Kovil St, Ramachandra Nagar, Thirumazhisai, Tamil Nadu 600124, India"
5494,4c,Arumbakkam,600106,13.075090955474405,80.20485481113812,"2/27, Janakiram Colony Extension, SVP Nagar, Jankiram Extension Colony, Arumbakkam, Chennai, Tamil Nadu 600106, India"
796,26c,Saidapet metro,600015,13.020493123294932,80.23161524491748,"73, Block C3, Saidapet, Chennai, Tamil Nadu 600015, India"
8156,7,Voc nagar,600102,13.0922633,80.22249099999999,"N145, Block N, Annanagar East, Chennai, Tamil Nadu 600102, India"
8112,9,7H BUS STOP,600037,13.0848241,80.1712824,"715CS, Mogappair West, Mogappair, Chennai, Tamil Nadu 600037, India"
320,37C,Nazarathpettai ,600123,13.049315088563937,80.04536095778319,"22XW+P4 Kilmanambedu, Tamil Nadu, India"
343,4C,Mehta Nagar,600029,13.0708988,80.2236175,"38, M.H.Colony, Rajaram Mehta Nagar, Aminjikarai, Chennai, Tamil Nadu 600029, India"
8074,20A,Rajakillpakam ,600073,12.9177246,80.1556572,"66, Second Floor First Street Kannikapuram K K Nagar, Sembakkam, Rajakilpakkam, Chennai, Tamil Nadu 600078, India"
8072,12c,Perambur bb road ,600039,13.1114714,80.2526411,"77, 32, BB Rd, Vyasarpadi, Chennai, Tamil Nadu 600011, India"
3128,37B,"34, 2nd Street, Audica Nagar, Kattupakkam, Chennai, Tamil Nadu 600056, India",600056,13.0442249907429,80.11961848315407,"34, 2nd Street, Audica Nagar, Kattupakkam, Chennai, Tamil Nadu 600056, India"
8071,41,Ranipet ,632501,12.9257158,79.3643566,"W9G7+7QR, Walajapet, Tamil Nadu 632513, India"
1751,9A,SBI ,600037,13.0835569,80.1730553,"Pukazhenthi Salai, No 2/335, Mogappair West, Mohanram Nagar, Mogappair, Chennai, Tamil Nadu 600037, India"
1729,15d,Selvi mahal,600077,13.104596286869144,80.13284955860767,"443M+V52, 6th Main Rd, Rajammal nagar, TNHB Colony, Annanur, Ayappakkam, Chennai, Tamil Nadu 600077, India"
7790,35A,"MGR statue,kumananchavadi",600056,13.0450079,80.1156829,"358, near Poonamallee Fire And Rescue Station, MSS Nagar, Ambedkar Nagar, Poonamallee, Chennai, Tamil Nadu 600056, India"
585,13c,Temple school,600099,13.1238302,80.2052872,"21-32/A, Thilai Nagar 1st Main Rd, Thillai Nagar, Mahavir Nagar, Srinivasa Nagar, Chennai, Tamil Nadu 600049, India"
324,13b,Thiru vi ka nagar ,600011,13.119837264358814,80.23247004930676,"19, Bashyam St, T V K Nagar, Tiru Vi Ka Nagar, Perambur, Chennai, Tamil Nadu 600082, India"
1017,15A,Vgn Mahalakshmi Nagar,600077,13.065850095444404,80.13772212902698,"VGN, Thiruverkadu, Chennai, Tamil Nadu 600077, India"
5590,17B,"Vasantha bhavan , Thiruvallur",602001,13.155056519720308,79.91772315405737,"154, Ganapathi Nagar, Ikkadu, Chinnaekkadu, Tamil Nadu 602021, India"
1986,15D,"ICF CHURCH,AYAPAKKAM",600058,13.0932246,80.16146479999999,"NO.61, Chelliamman koil street, Thulasi garden, Athipet, Ambattur ,, Old Ambattur, Attipattu, Twp Colony, Chennai, Tamil Nadu 600058, India"
4706,40A,Sriperumbadur ,602105,12.964258048995095,79.9483819041992,"XW7X+M79, Nenmeli, Sriperumbudur, Tamil Nadu 602105, India"
5591,19A,Krishna nagar,600045,12.92327699121334,80.09739145736111,"629, Mudichur Rd, Krishna Nagar, Tambaram, Chennai, Tamil Nadu 600045, India"
7778,17D,Thiruninravur(Murugan Koil),602024,13.125528515056136,80.02012917518603,"42GC+43G, Thiruninravur, Tamil Nadu 602024, India"
6448,23C,Keelkattalai,600017,12.9560647,80.18629539999999,"Kilkattalai, Arulmurugan Nagar Extention, Thiruvalluvar Nagar, Keelkattalai, Chennai, Tamil Nadu 600117, India"
5566,3,Vepery Police Station,600007,13.0837172,80.2633417,"Chandan Bala Apartments, EVK Sampath Ln, Periamet, Park Town, Chennai, Tamil Nadu 600007, India"
6470,34C,Ayyapanthangal Reliance Mart,600056,13.038656009634796,80.1337158597019,"24QM+FFQ, VGN Nagar, Iyyappanthangal, Chennai, Tamil Nadu 600056, India"
7761,34C,Iyyapanthangal reliance smart,600056,13.038617060508392,80.13378876350382,"J Center Bus Depot, Mount Poonamallee Rd, near Iyyappanthangal, VGN Nagar, Iyyappanthangal, Chennai, Tamil Nadu 600056, India"
3945,32C,"Blue tank, Ashok Nagar ",600033,13.029804626731334,80.21690796607534,"86/25, Raghava Colony E St, Ragavan Colony, Mettuppalayam, Saidapet, Chennai, Tamil Nadu 600033, India"
6415,34C,Iyyappanthangal (Reliance Mart) ,600056,13.038581940525084,80.13378941303873,"J Center Bus Depot, Mount Poonamallee Rd, near Iyyappanthangal, VGN Nagar, Iyyappanthangal, Chennai, Tamil Nadu 600056, India"
4128,40C,Kanchipuram bus stand,631501,12.8314653,79.6978562,"1, Bhatharakali Amman Kovil St, Pallavarmedu, Pillaiyarpalayam, Kanchipuram, Tamil Nadu 631501, India"
7815,16c,Pudur,600053,13.130505019104648,80.15898878783948,"168, Ambattur Red Hills Rd, Pudur, Oragadam, Chennai, Tamil Nadu 600053, India"
7683,5B,"Vanagaram, near RWD Grand Collidor",600077,13.061589492391963,80.14500573138432,"346W+Q38, Ganga Nagar, Maduravoyal, Chennai, Tamil Nadu 600077, India"
7827,15A,Thiruverkadu,600077,13.0846626,80.1420714,"34MR+VV2, Periya Koladi Rd, Pachaiappan Nagar Phase II, Koladdi Village, Kil Ayanambakkam, Chennai, Tamil Nadu 600095, India"
3508,28,Power house,600024,13.0531863,80.22306499999999,"383, near Gokulam Chit Fund Signal, Trustpuram, Kodambakkam, Chennai, Tamil Nadu 600024, India"
3979,9B,Grace Supermarket ,600107,13.0737863,80.18485609999999,"35FM+GW8, Golden George Nagar, Mogappair East, Chennai, Tamil Nadu 600107, India"
6731,39C,Kamatchi Nagar ,631502,12.869830645399087,79.69265100534548,"257, Podunagar, Chitterimedu, Tamil Nadu 631502, India"
6391,17C,GRT,602001,13.13318096665542,79.91075743978685,"4WM6+77X, Hariram Nagar, Poonga Nagar, Kakkalur, Tamil Nadu 602001, India"
7164,7c,Collector nagar Mogappair ,600050,13.091141,80.18320120000001,"69, Mogappair East, Chennai, Tamil Nadu 600050, India"
3803,39c,"Check post, Sriperumbudur ",602105,12.9675201,79.95284509999999,"2.cakkte Street Teruprambadduor Teruvalluoor Road, Nenmeli, Sriperumbudur, Tamil Nadu 602105, India"
3502,28,Liberty,600024,13.053317,80.227831,"Liberty, Taylor Estate, Kodambakkam, Chennai, Tamil Nadu 600024, India"
5598,17B,"TCL Company , Pollivakkam",602002,13.079570399999996,79.90807570000001,"3WH5+MFR, Manavalanagar, Tamil Nadu 602002, India"
1008,43,Manavalanagar,602002,13.0795704,79.9080757,"3WH5+MFR, Manavalanagar, Tamil Nadu 602002, India"
560,33c,Kk nagar,600078,13.0410254,80.2000596,"175, Ramaswamy Salai, Sector 4, K. K. Nagar, Chennai, Tamil Nadu 600078, India"
7223,18c,Govardhanagiri,600071,13.098832676444134,80.10940351740595,"2/6, Govardanagiri, Avadi, Tamil Nadu 600071, India"
705,21C,Gandhi Road,600042,12.98713915519578,80.2230418338385,"Gandhi Road Bus Stop, Velachery, Chennai, Tamil Nadu 600042, India"
7831,45,Padappai ,601301,12.886788132663796,80.02199823614268,"bazzar street,navasakthi nagar, Vandalur - Oragadam - Walajabad Road, Padapai, Tamil Nadu 601301, Vandalur - Oragadam - Walajabad Rd, Padappai, Tamil Nadu 601301, India"
6785,43,By pass,631209,13.1746411,79.611721,"5JF6+VM5, Steward Pet, Thiruttani, Tamil Nadu 631209, India"
5681,7c,Thirumagalam ,600040,13.084873,80.2101753,"2038, AD Block, Anna Nagar, Chennai, Tamil Nadu 600040, India"
7981,34c,Iyyappanthangal ,600056,13.0372987,80.1346324,"24PM+WV6, Iyyappanthangal, Chennai, Tamil Nadu 600056, India"
6430,5c,vengayamandi,600107,13.069989384699635,80.1828229086899,"1/25, Pallavan Nagar, Koyambedu, Chennai, Tamil Nadu 600107, India"
656,34B,Kattupakkam (hyundai showroom),600056,13.039602241971645,80.1305070651302,"No. 2/370-a, na, Mount Poonamallee High Road, Iyyappanthangal, Pushpa Nagar, Kattupakkam, Chennai, Tamil Nadu 600056, India"
4566,15E,Vinayagapuram,600099,13.1342176,80.20583810000001,"11, Vallikollaimedu, Bharathi Nagar, Thiruverkadu, Chennai, Tamil Nadu 600099, India"
6784,15D,Selvi mahal,600077,13.073323,80.123188,"9620, Ramadass Nagar, Ayapakkam, Ambattur, Chennai, Tamil Nadu 600077, India"
883,38,Kavalan street,631501,12.8238485752473,79.7006410542822,"48A, Vandavasi Rd, Gandhi Nagar, Ennaikaran, Kanchipuram, Tamil Nadu 631501, India"
4645,40c,kanchipuram busstand,631502,12.841754316764623,79.70287560234375,"1, Jawaharlal St, Periya, Kanchipuram, Tamil Nadu 631502, India"
1100,19B,"Bharathamatha street, east tambaram (nearest landmark: Tambaram railway station)",600059,12.9228114,80.1273503,"175, East Tambaram, Selaiyur, Chennai, Tamil Nadu 600059, India"
1148,4c,Nungambakkam ,600034,13.0591582,80.2399657,"301, Pushpa Nagar, Nungambakkam, Chennai, Tamil Nadu 600034, India"
1054,19C,Pandian super market,600044,12.943848172284142,80.13874738378324,"Mangalamoorthi Flats, 8, Patel St, Nehru Nagar, Chromepet, Chennai, Tamil Nadu 600044, India"
5014,2,Tondiarpet (mani cycle shop) ,600021,13.1200365,80.2907253,"47CR+297, Kanniyappan Colony, Kamaraj Nagar, Old Washermanpet, Chennai, Tamil Nadu 600021, India"
1063,30c,Kesavardhini,600087,13.0421578,80.1805052,"Kesavardhini, Chowdry Nagar Main Rd, Janaki Nagar, Alwartirunagar, Valasaravakkam, Chennai, Tamil Nadu 600087, India"
2955,24,"Nanganallur , independence day park",600061,12.9924082,80.1902444,"Kannan Colony 5th street, and, CPWD Quarters, Kannan Colony, Alandur, Chennai, Tamil Nadu 600016, India"
3180,42c,Winterpet Arakkonam ,631002,13.075901277010818,79.66046932377701,"631001, Winterpet, Arakkonam, Tamil Nadu 631005, India"
641,12b,"Everwin school , Kolathur ",600099,13.12608939338411,80.21937085316893,"46G9+FQ3, Red Hills Rd, Sundaram Nagar, Siva Parvathi Nagar, Kolathur, Chennai, Tamil Nadu 600099, India"
7227,18,Ramarathna ,600054,13.1159932,80.1025032,"4482+FW4, New Military Rd, Thirumalai Rajapuram, TNHB Mig V Block, Avadi, Tamil Nadu 600054, India"
4983,35d,"Metha nagar, kundrathur ",600069,12.9917825,80.1089089,"X4R5+MHJ, Metro Star City, Mehta Nagar, Kundrathur, Chennai, Tamil Nadu 600069, India"
7721,18D,Kovilpadagai ,600062,13.1472361,80.1037228,"9, Kovilpadagai Main Rd, Sami Nagar, Kannadapalayam, Tamil Nadu 600062, India"
808,12,Mkb nagar ,600118,13.1362021,80.2585897,"257/8, Kodungaiyur (East), muthamil Nagar, Kodungaiyur, Chennai, Tamil Nadu 600118, India"
4719,41c,Vellore Rountana,632007,12.962209034349916,79.14930306534336,"X46X+WMC, Suthanthira Ponvizha Nagar, Andal Nagar, Katpadi, Vellore, Tamil Nadu 632007, India"
6802,37,Near Hyundai showroom,600056,13.0389636,80.1305051,"9/17, Pushpa Nagar, Iyyappanthangal, Chennai, Tamil Nadu 600056, India"
6739,37C,"vijayshanthi apartment,chettipedu",602105,13.023655793319548,80.02272377388556,"22FF+95X, NH 4, Chembarambakkam, Tamil Nadu 600123, India"
3032,37,Saravana stores furniture,600116,13.03215310477768,80.16339707031356,"Porur Sakthi Nagar, SH 55, Theru Veedhi Amman Koil Streets, Porur, Chennai, Tamil Nadu 600116, India"
6778,18c,Iyankulam,600071,13.093659512364349,80.10853211487186,"34V5+FCJ, Avadi Rd, Paruthippattu, Indira Nagar, Avadi, Tamil Nadu 600071, India"
8143,40c,Kanchipuram ,631502,12.83735722508859,79.70402786693573,"116, Kamarajar St, Bavaji Nagar, Nellukara st, Kanchipuram, Tamil Nadu 631502, India"
7165,7C,Collector Nagar ,600037,13.086479934619897,80.18879398275568,"47-45, Collector Nagar 2nd St, Collector Nagar, J J Nagar, Mogappair East, Chennai, Tamil Nadu 600037, India"
2389,30,West natesan nagar,600092,13.057139135879288,80.19397703180991,"320, Kaliamman Koil St, Natesan Nagar, Virugambakkam, Chennai, Tamil Nadu 600092, India"
7620,30c,virugambakkam market,600092,13.050396009510791,80.18815363486118,"28, Lakshmi Nagar, New Colony, Virugambakkam, Chennai, Tamil Nadu 600092, India"
7696,9c,Dr super market,600037,13.0814762,80.1669512,"DR Super Market, Mogappair West Main Rd, 4th Block, Mogappair West, Ambattur Industrial Estate, Chennai, Tamil Nadu 600037, India"
5575,35,Metha nagar,600069,12.9917825,80.1089089,"X4R5+MHJ, Metro Star City, Mehta Nagar, Kundrathur, Chennai, Tamil Nadu 600069, India"
7232,39,Orrikai,631502,12.8154838178351,79.7034502029419,"42, Kamatchiamman Colony, Sivapuram, Kanchipuram, Tamil Nadu 631501, India"
7503,33c,Vembuli ammankoil,600087,13.0373013,80.1776691,"New No.29/1, New Colony 5th Cross Street, Alwar Thirunagar, New Bethana Nagar, Chennai, Tamil Nadu 600087, India"
6761,11A,Thathankuppam,600076,13.121839,80.1927187,"Gothal Illam, 274, TVS Nagar, Korattur, Chennai, Puthagaram, Tamil Nadu 600080, India"
930,21,Amul Ice Cream  shop,600088,12.989428307439471,80.20352800065484,"15/9, Balakrishnapuram, Adambakkam, Chennai, Tamil Nadu 600088, India"
5294,17A,Thirumazhisai,600072,13.078578884186202,80.0555719463384,"231, near Nochimedu, Tirukoilpathu, Soranjeri, Tamil Nadu 600072, India"
6894,19c,Kumara kundram temple stop,600044,12.9610983,80.137236,"210, Shiva Shankar Nagar, Jayalakhsmi Nagar, Ettiyapuram, Chennai, Tamil Nadu 600044, India"
6177,19F,Thailavaram,603002,12.8307847,80.0456974,"40, Pandian Nagar, Thailavaram, Tamil Nadu 603203, India"
6308,28c,Under Porur Bridge,600095,13.0711552,80.2193408,"184, SIDCO Industrial Estate, Ayyavoo Colony, Korattur, Chennai, Tamil Nadu 600098, India"
5444,34,Kattupakkam ,600054,13.03963539415189,80.13102626842809,"No.2, 400, Trunk Rd, Pushpa Nagar, Iyyappanthangal, Chennai, Tamil Nadu 600056, India"
6851,13A,Opposite to Mcrennet bakery near retteri junction,600099,13.130632997853706,80.21565171337946,"80/24, United Colony, Kolathur, Chennai, Tamil Nadu 600099, India"
664,23c,Ganesh nagar,600091,12.95503505795849,80.18663337176649,"96, Building, Ranga Nagar, Keelkattalai, Chennai, Tamil Nadu 600117, India"
7877,9,Mogappair Bus Stand ,600037,13.0835569,80.1730553,"Pukazhenthi Salai, No 2/335, Mogappair West, Mohanram Nagar, Mogappair, Chennai, Tamil Nadu 600037, India"
7238,13b,Senthil nagar,600099,13.1342176,80.20583810000001,"11, Vallikollaimedu, Bharathi Nagar, Thiruverkadu, Chennai, Tamil Nadu 600099, India"
7114,13,Thiruvalluvar Kalyana Mandapam,600082,13.11442897744392,80.224559412576,"38, Karthikeyan Rd, Masakkalipalayam, Periyar Nagar West, Perambur, Chennai, Tamil Nadu 600082, India"
7130,37b,poonamallee,600056,13.050191291940896,80.09917338259113,"214, Bengaluru - Chennai Hwy, Mullai Thottam, Poonamallee, Chennai, Tamil Nadu 600056, India"
7181,21,Arun ice parler,600088,12.982715837961775,80.20910256752224,"3/25 Vivekananda St, 1St Street Brindavan Nagar Extension,, Adambakkam, opposite Narumugai Apartments, Okkiayam, Thouraipakkam, Krishnaraj Nagar, adampakkam, Chennai, Tamil Nadu 600088, India"
7892,37,Porur Saravana Stores,600118,13.018974479916851,80.15829123779555,"3/156, AGS Colony, Mugalivakkam, Chennai, Tamil Nadu 600125, India"
7832,40C,Ramas Cafe Kanchipuram ,631502,12.837451710331496,79.70373625243943,"106a, Kamarajar St, Bavaji Nagar, Nellukara st, Kanchipuram, Tamil Nadu 631502, India"
7783,35A,Mangadu,600056,13.047800810945448,80.12000798888549,"24X9+2V9, Kumananchavadi, Chennai, Tamil Nadu 600056, India"
6481,19A,Perungalathur,600063,12.91127508801941,80.0939971524726,"W36V+GJP, Mani St Ext, New Perungalathur, Tamil Nadu 600063, India"
4653,18,Ramarathna,600071,13.117210372734174,80.09718879476436,"101, New Military Rd, Kannigapuram, TNHB Mig V Block, Avadi, Tamil Nadu 600071, India"
4667,6,Opposite to cream story,600040,13.084978287442416,80.20545994266821,"205/C35, Block AF, Anna Nagar, Anna Nagar West, Anna Nagar, Chennai, Tamil Nadu 600040, India"
6902,18,Ramarathna theatre,600071,13.1042611,80.1037721,"76, 3rd Main Rd, Ram Nagar, Srinivasa Nagar, Alapakkam, Valasaravakkam, Chennai, Avadi, Tamil Nadu 600071, India"
7633,20A,Sembakkam,600073,12.920622593493745,80.15922235161,"4, 5th Cross St, PTC Colony, Sembakkam, Chennai, Tamil Nadu 600073, India"
6416,21C,Gandhi Road,600042,12.986125,80.2253514,"183, Gandhi Road, Thirumalairayanpattinam, Karunabigai Colony, Velachery, Chennai, Tamil Nadu 600042, India"
4626,18A,Senneerkuppam,600056,13.063223206798533,80.11270511184831,"3/731, Senneer Kuppam, Chennai, Tamil Nadu 600077, India"
6287,20D,Camproad ,600064,12.9223725,80.1430328,"W4CV+W6V, Camp Road Junction, Barathi Nagar, Ezhil Nagar, Selaiyur, Chennai, Tamil Nadu 600073, India"
7056,36c,Vignashwara Nagar ,600116,13.028254682787264,80.1512266880512,"Vigneshwara Nagar, MS Nagar, Madhanandapuram, Chennai, Tamil Nadu 600125, India"
3364,15B,Vaishnavi nagar ,600109,13.129392139679505,80.12485785754508,"1/2, Chennai - Tiruvallur High Rd, Vaishnavi Nagar, Santhipuram, Cholambedu, Chennai, Tamil Nadu 600062, India"
4777,17B,Polivakkam chathram ,602002,13.055975639088638,79.9126868233142,"3W47+926, Polivakkam, Tamil Nadu 602002, India"
7163,7c,Collecter Nagar,600040,13.087600061484371,80.1901746763736,"35QR+326, SH 112, Collector Nagar, J J Nagar, Mogappair East, Chennai, Tamil Nadu 600101, India"
7841,30,Chinmaya Nagar,600092,13.062020729344278,80.19850140960692,"90, Chinmaya Nagar, Chinmaya Nagar Stage 1, Sri Iyappa Nagar, Chennai, Tamil Nadu 600092, India"
7821,36c,Madhanandapuram,600125,13.0129745,80.17355649999999,"236, Manapakkam Main Rd, Ramapuram, Ambedkar Nagar, Manapakkam, Chennai, Tamil Nadu 600125, India"
2059,15A,Vgn arch ,600077,13.065685153814693,80.13769041753707,"VGN ML Extension V, Perumalagaram Salai, Thiruverkadu, Chennai, Tamil Nadu 600077, India"
4650,38c,Collectorate ,631501,12.821768787469727,79.69824130280243,"BUS STOP, 1, 1st St, near COLLECTOR OFFICE, Ellappa Nagar, Thaiyar Kullam, Kanchipuram, Tamil Nadu 631501, India"
52,25,RTO signal,600041,12.96919481398852,80.25738543561998,"1/294, Sangam Colony, Kottivakkam, Chennai, Tamil Nadu 600041, India"
7806,37D,CHEMBRAMBAKKAM,600124,13.0611622,80.0199562,"3269+FX Nemam, Tamil Nadu, India"
7396,18c,Checkpost ,600054,13.1215649,80.0935231,"12, Vivekananda St, Gandhi Nagar, Avadi, Tamil Nadu 600054, India"
4741,8C,Waves ,600040,13.087057,80.1928082,"A/A1, Mugappair Main Road, Anna Nagar, R-23, Ambattur Estate Rd, Thirumangalam, Govt Officers Colony, Chennai, Tamil Nadu 600040, India"
6178,16A,Kallikuppam arch,600053,13.131815651307688,80.16973191668129,"230/6, Senthi Murugan, Kallikuppam, Ambattur, Chennai, Tamil Nadu 600053, India"
6095,11c,Karuku signal ,600053,13.1143212,80.15447429999999,"4573+PQH, Ambattur, Chennai, Tamil Nadu 600053, India"
4624,34c,Mangadu,302568,13.0090805,80.003739,"2253+GF7, Chennai, Mevalurkuppam, Tamil Nadu 602105, India"
4807,20D,Mahalakshmi nagar,600073,12.92250326081721,80.14723796391321,"182c, Velachery - Tambaram Main Rd, Ezhil Nagar, Selaiyur, Chennai, Tamil Nadu 600073, India"
6700,4,Chintadripet market ,600002,13.07574889972749,80.26822462855442,"37G9+77X, Arunachallam St, Chintadripet, Chennai, Tamil Nadu 600002, India"
6538,20E,Chrompet ,600044,12.950939172348694,80.1404195385016,"Chrompet, Radha Nagar, Chromepet, Chennai, Tamil Nadu 600044, India"
4613,20d,Mahalakshmi nagar ,600073,12.91655233942708,80.14929232153754,"W48X+JPH, 9A, Rajaji Nagar, Jagjeevan Ram Colony, Chellai Nagar, Selaiyur, Chennai, Tamil Nadu 600073, India"
4970,25,Butt road,600034,13.013304094722711,80.19417763035273,"5/14b,seven wells street, Butt Rd, Ramapuram, Seven Wells, Chennai, St.Thomas Mount, Tamil Nadu 600016, India"
4812,3,Purasaiwalkam,600084,13.08617907709875,80.25869788658996,"Doveton School Campus, 13, Periamet, Vepery, Chennai, Tamil Nadu 600007, India"
2143,39C,Kachespechwarar Kovil 631502,631502,12.8288174,79.6951278,"RMHW+G3C, Pillaiyarpalayam, Kanchipuram, Tamil Nadu 631501, India"
5733,35 ,Mangadu sri Balaji bavan,600069,13.0013489,80.09260139999999,"9/78, Kundrathur, Sirukalathur, Sikkarayapuram, Tamil Nadu 600069, India"
6332,41A,"Arcot,anna salai",632503,12.9050596,79.3175083,"71/1, Kutta Karai St, Annai Nagar, Arcot, Tamil Nadu 632503, India"
1778,34,Mugalivakkam,600125,13.0129745,80.17355649999999,"236, Manapakkam Main Rd, Ramapuram, Ambedkar Nagar, Manapakkam, Chennai, Tamil Nadu 600125, India"
8146,20A,Rajakilpakkam Signal,600073,12.922441883765597,80.1526968026483,"142, Velachery Rd, near Rajakilpakkam, Chinmaya Colony, Signal, Chennai, Rajakilpakkam, Tamil Nadu 600073, India"
6692,15c,Singapore shopping ,600062,13.1226034,80.14741479999999,"1, Ambattur Red Hills Rd, Ram Nagar, Ambattur, Chennai, Tamil Nadu 600053, India"
7226,4,Chintay,600002,13.074986421802665,80.27047427541355,"29/20, Arunachallam St, Chintadripet, Chennai, Tamil Nadu 600002, India"
4711,2C,Thiruvottriyur metro,600019,13.1637859,80.29839179999999,"724, Tiruvottiyur, Chennai, Tamil Nadu 600019, India"
6686,8c,Variety centre,600101,13.08512082812959,80.18752538274082,"1-51, Block 1, J J Nagar, Anna Nagar West Extension, Chennai, Tamil Nadu 600037, India"
7146,2,Maharani (Singapore Shoppee),600021,13.117346,80.2793942,"18/15, Meenambal Nagar, Kumaraswami Nagar, Old Washermanpet, Chennai, Tamil Nadu 600021, India"
3794,17,Uthukottai bus stand,602026,13.3343209,79.8939963,"8VMV+PHX, Uthukkottai, Tamil Nadu 602026, India"
4997,34C,Iyyapanthangal reliance mart,600056,13.030347973982636,80.13921219188465,"14/354, Muthuram Nagar, Iyyappanthangal, Chennai, Tamil Nadu 600122, India"
1146,3,Choolai,600007,13.0835979,80.2624846,"58, EVK Sampath Ln, Periamet, Vepery, Park Town, Chennai, Tamil Nadu 600007, India"
8144,22,Thramani ,600113,12.981280912460583,80.24280544523745,"18, Taramani Link Rd, Tharamani, Chennai, Tamil Nadu 600113, India"
4977,18,"Ramathana ,kamaraj nagar,avadi chennai-71",600071,13.1054663,80.0963972,"124, Kamaraj Nagar, Avadi, Tamil Nadu 600071, India"
4961,12,MKB Nagar,600118,13.1246439,80.24864079999999,"6, Ethiraj Samy Salai Rd, Erukkanchery, Thiruvalluvar Nagar, Kodungaiyur, Chennai, Tamil Nadu 600118, India"
4980,15E,Ss mahal,600099,13.136024353723457,80.20917998238276,"91, Perambur High Rd, Kalpalayam, Lakshmipuram, Chennai, Tamil Nadu 600099, India"
6629,2C,Mint,600001,13.103920583110508,80.27630820916495,"57/36, N Wall Rd, Kondithope, Old Washermanpet, Chennai, Tamil Nadu 600001, India"
3312,26C,Saidapet metro,600015,13.025035571546086,80.2220581852417,"46,Kurinji siddha varma clinic, Karaneeswarar Koil St, Suriyammapet, Saidapet, Chennai, Tamil Nadu 600015, India"
714,32,Blue tank Ashok nagar ,600083,13.03678319175697,80.21450143162937,"No. 1, 1st Floor, 46th St, opposite to Gokulam Park, Sarvamangala Colony, Manthope Colony, Ashok Nagar, Chennai, Tamil Nadu 600083, India"
7171,26,Rathna cafe,600005,13.057614427414888,80.27318050093339,"7/4, Ramaswamy St, Triplicane, Chennai, Tamil Nadu 600005, India"
5694,19A,West tambaram kulam,600045,12.931176093222223,80.11552166393207,"W4J8+H55, Jeeva St, West Tambaram, Tambaram, Chennai, Tamil Nadu 600045, India"
6583,36c,"Bai kadai bus stop, Moulivakkam ",600125,13.0177418,80.1448856,"7/168-77B, Rajagopalapuram Main Rd, Vijayalakshmi Nagar, Tathankulam, Manapakkam, Chennai, Tamil Nadu 600125, India"
3310,33c,Pondicherry guest house ,600078,13.0410254,80.2000596,"175, Ramaswamy Salai, Sector 4, K. K. Nagar, Chennai, Tamil Nadu 600078, India"
5423,5c,Arumbakkam,600037,13.0835569,80.1730553,"Pukazhenthi Salai, No 2/335, Mogappair West, Mohanram Nagar, Mogappair, Chennai, Tamil Nadu 600037, India"
711,8c,Waves,600101,13.09752831502315,80.19716450909515,"214, Imayam Colony, Anna Nagar West, Anna Nagar West Extension, Chennai, Tamil Nadu 600101, India"
2819,26C,Teynampet metro,600018,13.0350484,80.246234,"459, 1, Anna Salai, Seethammal Extension, Teynampet, Chennai, Tamil Nadu 600018, India"
5501,15,Canara bank,600053,13.11105234103164,80.15171539995526,"Canara Bank, Ambattur, Chennai, Tamil Nadu 600053, India"
1744,15b,Thirumullaivoil ,600062,13.134648639995287,80.14565821048666,"6, KKR St, Venkateshwara Nagar, Ambattur, Chennai, Tamil Nadu 600062, India"
3943,9,7H,600037,13.0835569,80.1730553,"Pukazhenthi Salai, No 2/335, Mogappair West, Mohanram Nagar, Mogappair, Chennai, Tamil Nadu 600037, India"
6402,37a,Maaran garden ,600056,13.0424059,80.1239659,"1b, Mount Poonamallee Rd, Saminathan Nagar, Swaminatha Nagar, Kattupakkam, Chennai, Tamil Nadu 600056, India"
6428,11c,Bakthavatchlam School Signal ,600080,13.1043981,80.18565389999999,"352, 2nd St, Periyar Nagar, TNHB Colony, West, Korattur, Chennai, Tamil Nadu 600080, India"
7997,20,Chembarambakkam ,600124,13.024847935391142,80.02434107476837,"22GF+2M8, Chembarambakkam, Tamil Nadu 600123, India"
1037,40,"Chetty street, little Kanchipuram.",631501,12.815700110787828,79.7221436538854,"6B/26, Nethaji Nagar, Kanchipuram, Nattapettai, Tamil Nadu 631501, India"
3039,15A,Vgn mahalakshni Nagar arch,600077,13.077774388636788,80.14543962130927,"34HW+35V, Agraharam, Kil Ayanambakkam, Chennai, Tamil Nadu 600095, India"
8107,14c,Arul nagar bus stop ,600051,13.145377612545111,80.24004333036434,"2, Madhavaram Milk Colony Rd, Annai Velankanni Nagar, Kodungaiyur, Chennai, Tamil Nadu 600118, India"
5666,45,Hanuman temple ,602105,12.968361744040363,79.95077443464048,"NH, 224, Gandhi Rd, near professional courier, Ramanujar Nagar, Sriperumbudur, Tamil Nadu 602105, India"
5738,13A,Padi saravana store near bus stop,600050,13.009407939486634,80.00345831630644,"Aircraft Shed, National Highway 4, Rajalakshmi Nagar, Chennai, Mevalurkuppam, Tamil Nadu 602105, India"
5004,5C,Vengayamandi,600107,13.069762,80.181714,"Vengaya Mandi, Poonamallee High Rd, VGP Amudha Nagar, Koyambedu, Chennai, Tamil Nadu 600107, India"
6606,25C,Opposite to Heaven greens supermarket ,600020,13.000929887197715,80.25963138666084,"New No.28/ Old No.35, First Avenue, Shastri Nagar,, Adyar, Shastri Nagar, Adyar, Chennai, Tamil Nadu 600020, India"
7433,20C,Ponniamman kovil,600091,12.964880830909648,80.1967966793457,"Ponniamman Kovil Road Junction, Balaiah Garden, Madipakkam, Chennai, Tamil Nadu 600091, India"
6446,30,Virugambakkam,600092,13.049482931644098,80.1920534237498,"24B, Kaliamman Koil St, Aranganathan Nagar, Virugambakkam, Chennai, Tamil Nadu 600092, India"
7383,20,"Niligiris super market, Medavakkam",600100,12.9106171,80.187373,"Krishnaveni Nagar, B5, Ishwarya Garden, Medavakkam, Chennai, Tamil Nadu 600126, India"
6634,13B,Senthil Nagar Signal,600099,13.122887922873767,80.20153054704485,"Santi, 1/10, Senthil Nagar 3rd Main Rd, Sri Ayyappa Nagar, Senthil Nagar, Kolathur, Chennai, Tamil Nadu 600099, India"
6324,20,Medavakkam ,600126,12.9200089,80.1919901,"W5CR+2Q5 THAYUMANAVAN, Vengaivasal, Medavakkam, Chennai, Tamil Nadu 600100, India"
8149,17,Anna sali Uthukottai ,602026,13.333794913299354,79.89180371902225,"8VMR+GP6, Uthukkottai, Tamil Nadu 602026, India"
7425,5c,SAF  games Village ,600107,13.067309597889532,80.20865578777004,"No 182, 1/2/3, Jawaharlal Nehru Salai, SAF Games Village, Annai Sathya Nagar, Arumbakkam, Chennai, Tamil Nadu 600106, India"
7394,7c,"Tsk nagar , thirumangalam",600101,13.088004989790164,80.1851512750545,"35QP+539, TS Krishna Nagar, J J Nagar, Mogappair East, Chennai, Tamil Nadu 600050, India"
7393,28c,Porur,600116,13.03848254655035,80.15719603507077,"3/38, Karambakkam, Buddhar Colony, Porur, Chennai, Tamil Nadu 600116, India"
7406,13C,Temple school,600099,13.131013150716482,80.20418583579064,"17, Kappa Rd, 3rd Layout, Saptagiri Nagar, Sri Ramanuja Nagar, Kolathur, Chennai, Tamil Nadu 600099, India"
7409,37c,"poonamallee bypass ,Ambedkar Statue",600056,13.03969153674672,80.09202430855932,"Paari Gardan, Shrishti Sai Nagar Layout, Poonamallee, Chennai, Tamil Nadu 600123, India"
6387,37a,Maaran gardens,600056,13.0424059,80.1239659,"1b, Mount Poonamallee Rd, Saminathan Nagar, Swaminatha Nagar, Kattupakkam, Chennai, Tamil Nadu 600056, India"
6476,18c,Kendriya vihar,600071,13.0893928,80.10676219999999,"Newry Celestial, 2, Kannapalayam, Chennai, Avadi, Tamil Nadu 600071, India"
3980,9c,"Mogappair west , DR supermarket",600037,13.0814762,80.1669512,"DR Super Market, Mogappair West Main Rd, 4th Block, Mogappair West, Ambattur Industrial Estate, Chennai, Tamil Nadu 600037, India"
5452,28,surya hospital,600093,13.047930070309416,80.20357307536932,"70, Arcot Rd, Bharani Colony, Velayutham Colony, Saligramam, Chennai, Tamil Nadu 600093, India"
7399,18C,Ayyankulam ,600071,13.0944088,80.1056256,"3rd, Ashok Niranjan Nagar Rd, Paruthippattu, Avadi, Tamil Nadu 600071, India"
7382,20C,Ponniamman koil,600091,12.964893252999936,80.1969925261149,"No 8/3 pillaiyarkovil street, madipakkam Near IOB &PONNIAMMAN KOVIL BUS STOP, Balaiah Garden, Madipakkam, Chennai, Tamil Nadu 600091, India"
7407,21C,Grace supermarket,600088,12.9905957,80.1986398,"48/A, Medavakkam Main Rd, Parthasarathy Nagar, Adambakkam, Chennai, Tamil Nadu 600088, India"
7384,1C,Kalmandabam,600021,13.113968540775542,80.29251279718478,"188, MS Koil St, Pudumanaikuppam, Royapuram, Chennai, Tamil Nadu 600013, India"
4985,17B,Vasantha bhavan,602001,13.15261148445714,79.90524007775929,"5W34+24J, Thalakanchery Road, Veera Raghva Nagar, Ikkadu, Tamil Nadu 602021, India"
7428,18B,Avadi,600072,13.110934451146315,80.09764884173384,"24/19F, Kumaran Nagar East, Kamaraj Nagar, Chennai, Avadi, Tamil Nadu 600071, India"
7416,28C,Porur Busstop,600095,13.045609667133665,80.15127048725722,"NO: 10, PHASE, 1, Street Number 2, Porur Gardens, Vanagaram, Chennai, Tamil Nadu 600116, India"
4972,16E,Paruthipattu,600077,13.08036543762461,80.11573838657263,"11/14, Thiruverkadu, Chennai, Tamil Nadu 600071, India"
7401,17C,GRT,602001,13.125820296235002,79.91122877195914,"11, opposite JN Road, Tiruvallur, Kakkalur, Tamil Nadu 602001, India"
7405,42,Poonamallee,600056,13.050794551569195,80.09354914676894,"332V+9CC, Melma Nagar, Poonamallee, Chennai, Tamil Nadu 600056, India"
7540,02C,Washermanpet Metro,600021,13.1062861,80.2801478,"Mint Terminus, METRO STATION-WASHERMENPET, Railway Quaters, Old Washermanpet, Chennai, Tamil Nadu 600021, India"
8102,8,Sidco,600049,13.103033473405826,80.19892538602174,"SIDCO Nagar, Agathiyar Nagar, Villivakkam, Chennai, Tamil Nadu 600049, India"
7502,02,Tondiarpet Clock Tower,600021,13.1203072,80.2881536,"31/71, Sanjeevarayanpet, Old Washermanpet, Chennai, Tamil Nadu 600021, India"
7879,41A,arni,632317,12.960404,79.971333,"Irumbedu Koot Road, Tamil Nadu 602105, India"
7873,35D,PAMMAL,600075,12.974904147852774,80.13273311499309,"58/7, 78, Nallathambi Main Rd, Pasumpon Nagar, Pammal, Chennai, Tamil Nadu 600075, India"
6369,17,GRT,602001,13.123388012690308,79.91166902703918,"JN Road,(Near GRT Jewelley, 43/3, 1st Floor, Kakkalur, Tamil Nadu 602001, India"
6405,43,Busstop through sriperambudur,602002,13.106995299313937,79.9077340641349,"10A, Venkathur, Manavalanagar, Tamil Nadu 602002, India"
6452,15C,Singapore shopping,600053,13.1219161,80.1428431,"16, Shobha Nagar, Ambattur, Chennai, Tamil Nadu 600062, India"
2742,41c,Vellore,632003,20.59143429644423,78.96193586242677,"Mahodaya enclave, A.S.Raju Nagar, Hno 37, opp. to J.P.N Nagar, opp. jpn nagar, Miyapur, Hyderabad, Telangana 500049, India"
6365,20E,Vels university ,600043,12.9572091,80.1595322,"X545+VRC, Vels University Rd, Velan Nagar, Krishnapuram, Pallavaram, Chennai, Tamil Nadu 600117, India"
6336,13b,Senthil nagar,600099,13.128495497714065,80.19666702187808,"Raagha Illam, 52, Extension Part 6, Raghavendra Nagar, Kolathur, Chennai, Tamil Nadu 600099, India"
3236,23c,Keelkattalai,600117,12.9548992,80.179773,"18, Pallavan Nagar Main Rd, Pallavan Nagar, Keelkattalai, Chennai, Tamil Nadu 600117, India"
7576,37b,Karayanchavadi ,600056,13.048267,80.110055,"24X6+823, Chinnaraj Nagar, Karayanchavadi, Chennai, Tamil Nadu 600056, India"
7585,13c,Poompukar nagar  kolathur,600099,13.1187998,80.2124277,"1171A, Poompuhar Nagar South, Poompuhar Nagar, Kolathur, Chennai, Tamil Nadu 600082, India"
4012,18C,Govardhanagari,600071,13.10987598945018,80.10495324119928,"1551, Vivekananda Nagar, TNHB Mig V Block, Avadi, Tamil Nadu 600054, India"
7889,4,Chintadripet,600002,13.07678766977416,80.27011417736097,"37GC+P36, Iyya Mudali St, Adikesavarpuram, Chintadripet, Chennai, Tamil Nadu 600002, India"
3403,9,"biryani brothers, mogappair east",600037,13.0852022,80.1797022,"PN 1, BlK 5, Pari Salai, Mogappair, Perumal Nagar, Thiruvalluvar Nagar, J J Nagar, Mogappair East, Chennai, Tamil Nadu 600037, India"
1436,30c,Kesavardhini,600087,13.041847921114618,80.17749504364727,"143, Arcot Rd, Indira Nagar, Valasaravakkam, Chennai, Tamil Nadu 600087, India"
4039,11,Moolakadai ,600118,13.129428399229583,80.24106190112607,"46HR+QCP, Moolakadai, Kodungaiyur, Chennai, Tamil Nadu 600110, India"
3845,15,Canara Bank,600053,13.110471459378497,80.1516242794695,"no. 2/41a, Sivananda Nagar 2nd Cross Street, Sri Chakra Nagar, Ayapakkam, Ambattur, Chennai, Tamil Nadu 600053, India"
5941,18A,Kaduvetti,600077,13.07724620354643,80.11104387905995,"Kaduvetti, SH 55, Viraraghavapuram, Avadi, Tamil Nadu 600077, India"
7878,17B,TCL,602002,13.077530066327904,79.90916580516283,"No24 SN puram, Athikullam(next to TCL company), polivakkam VP, Tamil Nadu 602002, India"
3188,29c,Alwarthirunagar,600087,13.0373013,80.1776691,"New No.29/1, New Colony 5th Cross Street, Alwar Thirunagar, New Bethana Nagar, Chennai, Tamil Nadu 600087, India"
6848,29,Avichi,600093,13.04750668277536,80.19794513167493,"Avichi School, SH 113, AVM Nagar, Virugambakkam, Chennai, Tamil Nadu 600093, India"
6832,1,Kaladipet metro,600019,13.1519522,80.29867639999999,"48, Balakrishna Colony, Kaladipet, Tiruvottiyur, Chennai, Tamil Nadu 600019, India"
1910,15A,Vgn platina,600077,13.094752884367006,80.12574992194607,"109, Tiruverkadu Rd, Ambigai Nagar, Mgr Puram, Ayappakkam, Chennai, Tamil Nadu 600077, India"
2133,16E,Avadi check post,600071,13.11863090594061,80.0949489620029,"245, New Military Rd, Kasturba Nagar, Avadi, Tamil Nadu 600054, India"
5009,38c,Kanchipuram District Collector Office,631502,12.8237801,79.6925801,"RMFR+PRG, Thiruparuthikundram Rd, Thaiyar Kullam, Kanchipuram, Tamil Nadu 631501, India"
4636,9B,Grace super market mogappair east,600037,13.0785923,80.1805661,"A-10, Mogappair Industrial Estate, Paneer Nagar, Mogappair East, Chennai, Tamil Nadu 600037, India"
5005,12,MKB Nagar,600039,13.121929265120954,80.2546852896711,"Sangavi's home, 339, 5th St, Sharma Nagar, Vyasarpadi, Chennai, Tamil Nadu 600039, India"
3402,13B,Senthil Nagar,600099,13.124701809003598,80.2097579648913,"70/2, 7th Street, SIVASAKTHI Nagar main road, Lakshmi Nagar, Kolathur, Chennai, Tamil Nadu 600099, India"
7872,17E,Vellavedu bus stop ,600124,13.06814173690716,80.03681214591722,"329P+7PJ, Vellavedu, Tamil Nadu 600124, India"
4115,7C ,TS Krishna colony ,600037,13.087719277126336,80.18506360654057,"35QP+32J, Ambattur Estate Rd, TS Krishna Nagar, J J Nagar, Mogappair East, Chennai, Tamil Nadu 600037, India"
4065,5A,Maduravoyal ration stop,600095,13.0621994,80.1754962,"57, 6th Block St, MMDA Colony, Cmda Colony, Chennai, Tamil Nadu 600095, India"
3960,19d,Vandalur zoo,600048,12.89160173132712,80.0804085863065,"2/369, Kurinchi Nagar, Peerakankaranai, Vandalur, Tamil Nadu 600048, India"
7897,37c,Poonamallee bus stand,600056,13.049005063077724,80.08787717889453,"23XQ+H4V, Poonamallee High Rd, Rukmani Nagar, Poonamallee, Chennai, Tamil Nadu 600123, India"
3976,19D,Vandalur Zoo,600048,12.88081104274752,80.0804844836165,"480a, Grand Southern Trunk Rd, Kadaperi, Tambaram, Chennai, Peerakankaranai, Tamil Nadu 600048, India"
4718,6,Acs,600077,13.073323,80.123188,"9620, Ramadass Nagar, Ayapakkam, Ambattur, Chennai, Tamil Nadu 600077, India"
7441,37B,Sanneerkuppam EB,600056,13.052598112841595,80.11278434149624,"2/202, Avadi Rd, Periyar Nagar, Chennai, Tamil Nadu 600056, India"
6903,37B,Sanneerkuppam EB,600056,13.052430975032784,80.11279161881687,"6/100, Bharathi St, Periyar Nagar, Dasan Nagar, Poonamallee, Chennai, Tamil Nadu 600056, India"
690,8c,V3 jj nagar police booth,600037,13.081416154786847,80.18780194876358,"555, Pari Rd, Block 2, Block 5, Mogappair, Chennai, Tamil Nadu 600037, India"
4113,25C,Madhya Kailash,600020,13.00667138783284,80.24667884666029,"Madhya Kailash, Sriram Nagar, Tharamani, Chennai, Tamil Nadu 600113, India"
1708,42c,Kumpinipet,631003,13.0832563,79.6182864,"50/42N, Kumpinipet, Tamil Nadu 631003, India"
992,19A,Tambaram Kulam,600045,12.9253958,80.1042154,"369, Mudichur Rd, West Tambaram, Tambaram, Chennai, Tamil Nadu 600045, India"
8142,38,Gem nager,631502,12.8188727,79.6938198,"14f, Vandavasi Rd, Vedachalam Nagar Extension, Gem Nagar, Sevlimedu, Kanchipuram, Tamil Nadu 631502, India"
3941,5c,"Vadapalani, thirunagar opposite to vasatha bhavan",600026,13.0509259,80.21205440000001,"85/53, Vivekananda Colony, Vadapalani, Chennai, Tamil Nadu 600026, India"
1422,19d,Guduvanchery ,603202,12.8079544,80.0785275,"Jawaharlal Nehru Nagar, R35H+3C5, Iyyapa Nagar, Tamil Nadu 603202, India"
4657,1,Thiruvotriyur Market,600019,13.163889151900571,80.30353117395728,"506, Thiruvottiyur High Rd, Kaladipet, Tiruvottiyur, Chennai, Tamil Nadu 600019, India"
7847,9c,DR super market,600095,13.070318991887044,80.16680478775788,"DABC Gokulam Apartment, Phase 2, Sri Ram Nagar, Nolambur, Ambattur Industrial Estate, Chennai, Tamil Nadu 600095, India"
4992,4,Chintadripet Market,600002,13.0689208,80.26711139999999,"No 123 shop no 4 corporation complex singanna chettyy street chindatripet Chenna, Pudupet, Komaleeswaranpet, Egmore, Chennai, Tamil Nadu 600002, India"
5449,15,Murugappa polytechnic College ,600062,13.120041874777572,80.12687773574154,"Plot No. 1, Nannool Street, Flat No. F-3, First Floor, Sri Sakthi Nagar, Sector A, SivaSakthi Nagar, Annanur, Cholambedu, Chennai, Tamil Nadu 600109, India"
6486,9,7H,600037,13.0827447,80.17625559999999,"359, VGP Nagar, Mogappair West, Mogappair East, Chennai, Tamil Nadu 600037, India"
838,5b,Maduravoyal yerikari,600095,13.062954580545645,80.16665980559044,"288, Poonamallee High Rd, Near, Maduravoyal, Chennai, Tamil Nadu 600095, India"
7151,34C,"Prestige Bella vista, katupakkam ",600056,13.0449349,80.1341686,"No.31A, Dwaraka Flats, Moovendar Nagar 2nd street, Iyyappanthangal, Moovendhar Nagar, Sri Krishna Nagar, Iyyappanthangal, Chennai, Tamil Nadu 600056, India"
7228,16A,Kallikupam arch,600053,13.1143212,80.15447429999999,"4573+PQH, Ambattur, Chennai, Tamil Nadu 600053, India"
1097,40C,Kanchipuram Bus stand ,631502,12.837618320108032,79.70344884708267,"84c, Kamarajar St, Bavaji Nagar, Pillaiyarpalayam, Kanchipuram, Tamil Nadu 631502, India"
2659,2c,Ajax,600019,13.1637859,80.29839179999999,"724, Tiruvottiyur, Chennai, Tamil Nadu 600019, India"
3237,7c,TVK nagar,600050,13.0931467,80.1855878,"9, Moorthy Nagar Main Rd, Elango Nagar, Padi, Chennai, Tamil Nadu 600050, India"
8019,2,Maharani,600021,13.11616730603074,80.28363062748312,"1059/352, Thiruvottiyur High Rd, Mottai Garden, Old Washermanpet, Chennai, Tamil Nadu 600021, India"
988,5A,Panchali Amman ,600106,13.0772399,80.2094707,"36G5+VQX, Poonamallee High Rd, Amaravathi Nagar, Arumbakkam, Chennai, Tamil Nadu 600106, India"
4109,19C,HASTHINAPURAM BUS DEPOT,600044,12.938926685145267,80.15979000669645,"W5Q5+GV3, Kannammal Nagar Extension, Chromepet, Chennai, Tamil Nadu 600044, India"
4152,37c,Poonamallee bypass ,600056,13.0359254,80.0990596,"23PX+8H6, Pillayar Kovil St, Lakshmipuram, Poonamallee, Chennai, Tamil Nadu 600056, India"
2381,16,redhills,600052,13.1864645,80.1998776,"55PX+HXJ, Vadakarai, Grant Lyon, Red Hills, Chennai, Alinjivakkam, Tamil Nadu 600052, India"
2686,38,"Housing board, kanchipuram",631502,12.819196029646552,79.6943239369403,"Sf 6, near Sai Baba Temple, Pallavan Nagar, housing board, Kanchipuram, Tamil Nadu 631501, India"
7473,16E,Avadi paruthipattu,600054,13.1159932,80.1025032,"4482+FW4, New Military Rd, Thirumalai Rajapuram, TNHB Mig V Block, Avadi, Tamil Nadu 600054, India"
1516,5A,"Panchali amman , Arumbakkam ",600106,13.073107,80.2095144,"49/16, Gandhi Rd, Koluthuvanchery, Jagannatha Nagar, Arumbakkam, Chennai, Tamil Nadu 600106, India"
7379,30,Sai Nagar,600093,13.0592988,80.1958306,"14, 1st Main Rd, Sai Nagar, Virugambakkam, Chennai, Tamil Nadu 600092, India"
7231,5,MMDA,600106,13.068766239905049,80.21532395538716,"No.33, Madhave Essences & Packing, MMDA Colony Main Rd, R Block, MMDA Colony, Arumbakkam, Chennai, Tamil Nadu 600106, India"
5889,2c,Mint New bus stand ,600001,13.102733,80.2768866,"25/11, Kondithope, George Town, Chennai, Tamil Nadu 600001, India"
6797,34,Ramachandra ,600095,13.03684042297716,80.14247810628665,"Ramachandra Medical College, Sri Ramachandra Nagar, Chennai, Tamil Nadu 600116, India"
3977,37D,"Pappanchatram, Chembarambakkam, Tamil Nadu, India",600123,13.0312957,80.0388219,"22JQ+GG8 Sathish home, Pappanchattram, Chembarambakkam, Tamil Nadu 600123, India"
7178,25C,St Thomas mount ,600016,13.007263596312267,80.20218829649524,"Visalakshi Manor, Ramapuram, Viralur, Chakrapani Colony, St.Thomas Mount, Chennai, Tamil Nadu 600016, India"
4094,7A,"Ts krishna nagar, anna nagar West extn",600050,13.0886729,80.1838204,"1132, Anna Nagar West End Colony St, TS Krishna Colony, Chennai, Tamil Nadu 600050, India"
7234,35,Theradi ,600069,12.9983313,80.0964315,"X3XW+8HF, Big Street, Kundrathur, Sikkarayapuram, Tamil Nadu 600069, India"
7220,7C,Collector Nagar ,600050,13.0865328,80.1892501,"24-29, 1st St, Collector Nagar, J J Nagar, Mogappair East, Chennai, Tamil Nadu 600101, India"
7038,34C,Iyyappanthangal reliance mart,600117,13.03859321478222,80.13390178104574,"J Center Bus Depot, Mount Poonamallee Rd, near Iyyappanthangal, VGN Nagar, Iyyappanthangal, Chennai, Tamil Nadu 600056, India"
7064,18,Ponnu Super,600054,13.11601890439817,80.10309781256063,"4483+97V, Vivekananda Nagar, TNHB Mig V Block, Avadi, Tamil Nadu 600054, India"
3811,11,Kanagar Chathiram,600110,13.136475951436015,80.23103934638506,"Kanagachathiram, Kanakan Chatram, Ponniammanmedu, Chennai, Tamil Nadu 600110, India"
1443,15,Ambattur OT,600053,13.1196793,80.1500391,"84, S Park St, Secretariat Colony, Venkatapuram, Ambattur, Chennai, Tamil Nadu 600053, India"
912,38c,Collectorate ,631501,12.8233461,79.6907262,"RMFR+F5C, Ragavendra Nagar, Gem Nagar, Kanchipuram, Tamil Nadu 631502, India"
2157,37B,Karayanjavadi signal,600056,13.0498197,80.1109373,"23-28, Sepoy Line, Karayanchavadi, Chennai, Tamil Nadu 600056, India"
3939,13,Rettari,600099,13.127142,80.2164499,"1/14, Chelliamman Nagar, Selli Amman Nagar, Kolathur, Chennai, Tamil Nadu 600099, India"
1786,37c,Ambedkar statue,600056,13.04891626720582,80.08743064865654,"23XQ+H4V, Poonamallee High Rd, Rukmani Nagar, Poonamallee, Chennai, Tamil Nadu 600123, India"
1948,9 b,Velammal west school,600037,13.0771068,80.1742976,"Tri Star Residency, Eri Scheme, A3/28, 6th Main Rd, Mogappair Eri Scheme, Mogappair, Chennai, Tamil Nadu 600037, India"
8094,15,Murugappa polytechnic College ,600109,13.1163648,80.1258306,"448G+G8W, Vivekananda Nagar, Annanur, Ambattur, Chennai, Tamil Nadu 600109, India"
6434,9C,DR super market ,600037,13.0845182,80.1621332,"Block-B, Sunstone Apartment, TNHB Phase I, Reddipalaiyam, Ambattur Industrial Estate, Chennai, Tamil Nadu 600037, India"
3833,27,Near Billroth Hospital,600004,13.0368548,80.2676463,"27P9+P3R, Kapali Thottam, Mylapore, Chennai, Tamil Nadu 600004, India"
812,20c,Ponniamman Kovil ,600091,12.9617233,80.19937159999999,"5045, Madipakkam, Chennai, Tamil Nadu 600091, India"
966,12b,Welding shop ,600110,13.12620847462595,80.20724773450638,"8, Ambedkar Nagar, Kolathur, Chennai, Tamil Nadu 600099, India"
6612,35,Pallavaram near Theresa school,600044,12.970708997628222,80.14512218966837,"Six Thotti, Pallavaram, Chennai, Tamil Nadu 600043, India"
5507,3,Choolai Post office,600112,13.0901864,80.26802,"5/3, Periyamedu, Choolai, Chennai, Tamil Nadu 600012, India"
4403,44,tollgate,602117,12.98856093568252,79.99643896149887,"XXQW+5CW, Sri Kamatchi Nagar, Tamil Nadu 602109, India"
8018,28C,Porur bus stop,600116,13.036001911730391,80.15330902739619,"3/4/8, Mount Poonamallee Rd, Jaya Nagar, Porur, Chennai, Tamil Nadu 600116, India"
1141,5A,Maduravoyal ration shop,600095,13.0694201,80.1722145,"Chanakyan Main Road, Annamalai Avenue, Mogappair West, 359C+QV8, Nolambur, Chinna Nolambur, Chennai, Tamil Nadu 600095, India"
5420,34,Kattupakkam,600056,13.0389341,80.1311692,"9/31, Pushpa Nagar, Iyyappanthangal, Chennai, Tamil Nadu 600056, India"
3931,18,"52, Kamaraj nagar, 4th main road,Avadi ",600071,13.106058398425386,80.09802144387207,"68/109, Kamaraj Nagar 4th Main Rd, Ayyappan Nagar, Kamaraj Nagar, Chennai, Avadi, Tamil Nadu 600071, India"
6563,15,Ambattur ot,600053,13.119277769061192,80.14729591453279,"74B Prisstine, APPARTMENTS, Nainiammal St, Vivek Nagar, Krishnapuram, Ambattur, Chennai, Tamil Nadu 600053, India"
4041,7C,TS Krishna Nagar,600037,13.087789245661956,80.18452442574767,"R35 niligiri apartments, T.S. Mogappair east, Chennai600037, Ambattur Estate Rd, TS Krishna Nagar, J J Nagar, Mogappair East, Chennai, Tamil Nadu 600037, India"
649,4c,Choolaimedu signal/Nungambakkam railway station ,600030,13.068669481571416,80.23035528475036,"45/2, Pillaiyar Koil St, Apparao Garden, Aminjikarai, Chennai, Tamil Nadu 600030, India"
4999,42,Nazrathpet,600123,13.02323296131069,80.053136067481,"23F3+77 Chembarambakkam, Tamil Nadu, India"
3897,15A,Thiruverkadu ,600077,13.0718515,80.11721,"C2, Abhirami Nagar, Thiruverkadu, Chennai, Tamil Nadu 600077, India"
6367,15C,Singapore Shopping,600053,13.1223382,80.1516277,"Harinaya Apartments, Oragadam Rd, Vijayalakshmi Puram, Ambattur, Chennai, Tamil Nadu 600053, India"
2130,45,Anjugam nagar,600069,12.979361534118652,80.0528335571289,"1228, Venkateshwara nagar, Periyar Nagar no 61, Kundrathur, Nandambakkam, Malayambakkam, Tamil Nadu 600069, India"
8098,20A,Rajakilpakam ,600126,12.890423821451543,80.17302100716282,"BLOCK-9,RAJPARIS CRYSTAL SPRING, Mambakkam - Medavakkam Main Rd, Noothencheri, Madambakkam, Chennai, Tamil Nadu 600126, India"
732,23 ,Koot road junction,600091,12.9683317,80.1896926,"187, Medavakkam Main Rd, New Colony, Madipakkam, Chennai, Tamil Nadu 600091, India"
752,19A,West Tambaram,600045,12.9307167,80.1118791,"440, Kasthuribai Nagar, Tambaram, Chennai, Tamil Nadu 600045, India"
860,1c,Golden tower near central ,600003,13.081058476513144,80.26587605495602,"37J8+C9 Chennai, Tamil Nadu, India"
2153,10C,Cooks road spr city opposite to Church ,600012,13.102360290477025,80.25277733839945,"4723+W4X, Shanthi Nagar, Buckingham Carnatic Mills, Jamalia, Chennai, Tamil Nadu 600012, India"
791,37D,A2B,600116,13.032059456913998,80.16370873652129,"3 4, Mount Poonamallee Rd, Lakshmi Nagar, Porur, Chennai, Tamil Nadu 600116, India"
3595,13B,T.V.K bus stand ,600011,13.1175047,80.2332976,"24, Maniyammai Nagar, Tiru Vi Ka Nagar, Perambur, Chennai, Tamil Nadu 600011, India"
2155,25c,Ramapuram,600089,13.02868565735916,80.18438310632934,"4/11, Rayala Nagar, Chidambaram Nagar, Ramapuram, Chennai, Tamil Nadu 600089, India"
6351,13B,Senthil Nagar,600049,13.114272141219828,80.21003158650818,"23, Thanigai St, Shastri Nagar, Kolathur, Chennai, Tamil Nadu 600099, India"
3003,15E,Manikandapuram ,600062,13.1410038,80.1376562,"32, Yamuna Nagar, Moorthy Nagar, Thirumullaivoyal, Chennai, Tamil Nadu 600062, India"
7400,4,Panchali amman temple,600040,13.078950596579803,80.21142945323307,"45, 7th Main Rd, TNHB Flats, Moovendar Nagar, Anna Nagar, Chennai, Tamil Nadu 600040, India"
4149,18A,"JB ESTATE, AVADI ",600054,13.1120431,80.1070881,"483, Vivekananda Nagar, TNHB Mig V Block, Avadi, Tamil Nadu 600054, India"
3012,5A,panjali Amman Kovil,600106,13.076845755979765,80.20998350625428,"937/481, Amaravathi Nagar, Arumbakkam, Chennai, Tamil Nadu 600106, India"
6724,37B,Senneerkupam EB office ,600056,13.0535098,80.1112458,"93, Ambal Nagar, Senneer Kuppam, Poonamallee, Chennai, Tamil Nadu 600056, India"
6454,40A,Thimmarajampet kanchipuram ,631601,12.797696886064529,79.78496261419215,"QQWP+X2C, Thimmarajampettai, Tamil Nadu 631601, India"
3759,4,Skywalk,600029,13.07390862996408,80.22087091796874,"173, Nelson Manickam Rd, Thiruvalluvar Puram, Choolaimedu, Chennai, Tamil Nadu 600094, India"
1879,20c,Mepz,600045,12.937363892763225,80.12242412936025,"548, Kadaperi, Tambaram, Chennai, Tamil Nadu 600045, India"
6327,37,Saravana stores(Porur),600125,13.0231613,80.1600043,"1/336, Ramakrishna Nagar Extension, Mugalivakkam, Chennai, Tamil Nadu 600125, India"
7874,15D,Ration shop,600077,13.1120684,80.1280768,"446H+V7M, Jyothi Nagar, Annanur, Ambattur, Chennai, Tamil Nadu 600109, India"
6779,35D,"Indian Bank , Anakaputhur ",600070,12.981561260804307,80.12893055079925,"X4JH+JMR, 7th St, Gandhi Nagar, Anakaputhur, Chennai, Tamil Nadu 600070, India"
5895,0,Own transport ,602105,13.016902,80.00322899999999,"2283+Q7C, Thandal, Mevalurkuppam, Tamil Nadu 602105, India"
5890,17B,Vasanthbhavan,602001,13.1444151,79.9091257,"14/1, State Hwy 54, MGM Nagar, Tamil Nadu 602021, India"
3968,35A,"Jamals Luxor apartment,Poonamallee High Rd, ",600056,13.048030690331275,80.1202602606823,"24XC+744, Jeevan Prakash Nagar, Chennai, Tamil Nadu 600056, India"
4092,28,Kodambakkam - liberty,600024,13.048748215626494,80.2269113430176,"NO.15, Viswanathapuram Main Rd, Shakthi Nagar, Kodambakkam, Chennai, Tamil Nadu 600024, India"
4011,35,Pammal church,600070,12.9749128,80.1327824,"58/7, 78, Nallathambi Main Rd, Pasumpon Nagar, Pammal, Chennai, Tamil Nadu 600075, India"
4068,35A,Mangadu,600122,13.033277910880782,80.10976520021721,"51, Sriram Nagar, Sri Chakra Nagar, Mangadu, Chennai, Tamil Nadu 600122, India"
3992,32,blue tank ashok pillar,600033,13.029524140368164,80.2199769352347,"No. 96, Kodambakkam Road, West Mambalam, Mettupalayam Market, Ethiraj Nagar, Saidapet, Chennai, Tamil Nadu 600033, India"
5757,15,OT Bus Stand,600053,13.1196793,80.1500391,"84, S Park St, Secretariat Colony, Venkatapuram, Ambattur, Chennai, Tamil Nadu 600053, India"
3743,13c,Temple school ,600099,13.1216769,80.2149027,"1334, 8th Cross St, Vijaya Nagar, Kolathur, Chennai, Tamil Nadu 600048, India"
6769,35,Krishna Nagar,600075,12.9730648623223,80.13754168501018,"92, Pammal Main Rd, near Pallavaram, Krishna Nagar, Sambanthanar Nagar, Pammal, Chennai, Tamil Nadu 600075, India"
4140,15d,Ayapakkam ,600077,13.1059659,80.1333393,"4315, Rajammal nagar, TNHB Colony, Annanur, Ayappakkam, Chennai, Tamil Nadu 600077, India"
5902,11C,"BAKTHAVACHALAM VIDHYASHRAM SCHOOL,",600080,13.113095369650903,80.18193414712874,"7/9A, Venkatraman Nagar, Korattur, Chennai, Tamil Nadu 600080, India"
4033,13,Thiruvallur kalyana mandabam ,600082,13.1181605,80.2203268,"4/3, Periyar Nagar West, Kolathur, Chennai, Tamil Nadu 600082, India"
2169,34,Kattupakkam,600122,13.0316048,80.1252127,"Steps Stone Vatsa - Kattupakkam, STEPSSTONE VATSA, Mangalam Street, Pavendar Nagar, Iyyappanthangal, Chennai, Tamil Nadu 600056, India"
3844,17b,Vasantha Bhavan,602001,13.139264476975471,79.90755170081118,"184/12G, Chennai Tiruvallur High Rd, Pungathur, SP Nagar, Tiruvallur, Tamil Nadu 602001, India"
4146,35,Murugan Kovil ananaputhur ,600070,12.983309584267973,80.12705622030128,"1/1 Shanmuga Mudhalai Street, Pallavaram - Kundrathur Rd, Mutharulandi Nagar, Anakaputhur, Chennai, Tamil Nadu 600070, India"
3808,8,Nadhamuni theatre,600049,13.103409424211817,80.20211015122314,"4632+9VG, Madras Thiruvallur High Rd, Thiru Nagar, Villivakkam, Chennai, Tamil Nadu 600049, India"
3758,3C,Kelly signal,600023,13.093525088344736,80.23850648069754,"16/162 & 14/164, Thiruvalluvar Nagar, Dr Ambedkar Nagar, Venkatesapuram Colony, Ayanavaram, Chennai, Tamil Nadu 600023, India"
3899,5c,SAF GAMES VILLAGE,600107,13.0648085,80.20773,"3675+W3H, SAF Games Village, Annai Sathya Nagar, Koyambedu, Chennai, Tamil Nadu 600107, India"
3078,29C,Naveens signal (Valasaravakkam),600087,13.0463722,80.1662896,"29/590, Ashtalakshmi Nagar, Alapakkam, Chennai, Tamil Nadu 600116, India"
7621,4,Sterling road,600034,13.066866,80.241739,"143, Sterling Rd, Nungambakkam, Chennai, Tamil Nadu 600034, India"
2166,30,Chinmaya nagar,600092,13.055934674868672,80.19342629135319,"102-49, Sivasankaran St, Natesan Nagar, Virugambakkam, Chennai, Tamil Nadu 600092, India"
6413,13A,Korattur signal,600050,13.099627563585027,80.18650836371538,"Anna 3rd Street, Madras Thiruvallur High Rd, Padi, Chennai, Tamil Nadu 600050, India"
3927,27,Bilroth Hospital ,600028,13.029911236376096,80.26567726228403,"14/24/5, Saradapuram, Mylapore, Chennai, Tamil Nadu 600028, India"
5915,27,Raj bhavan,600015,13.011081607040031,80.22524896074728,"3/98A, Venkta Puram, Saidapet, Chennai, Tamil Nadu 600015, India"
6445,23c,Palavanthangal Subway,600016,12.987598154027978,80.18535578819831,"X5QP+24R, Pazavanthangal, Chennai, Tamil Nadu 600114, India"
6895,18B,"SINDHU NAGAR,AVADI",600072,13.119043178835954,80.08212911321414,"5/4, Chennai - Tiruvallur High Rd, Sindhu Nagar, Pattabiram, Avadi, Tamil Nadu 600072, India"
6370,29C,Valasaravakkam,600087,13.039714,80.1744659,"25QF+VQP, Subramanya Swamy Nagar, Valasaravakkam, Chennai, Tamil Nadu 600087, India"
5006,2,Tondiarpet,600081,13.1356978,80.279062,"1, Karunanidhi Nagar, Vinobha Nagar, Tondiarpet, Chennai, Tamil Nadu 600081, India"
2145,19E,Bharathi Nagar,600063,12.921792509663428,80.09349121513522,"302, Mudichur Rd, Ramani Nagar, West Tambaram, Tambaram, Chennai, Tamil Nadu 600045, India"
6386,25C,Shastri Nagar ,600020,13.000861260294894,80.25952542102921,"15, 1st Ave, Shastri Nagar, Adyar, Chennai, Tamil Nadu 600020, India"
6628,37B,Senneer Kuppam E.B.Office,600056,13.052672369036712,80.11280760500524,"6/103A, Avadi Rd, Bharathi Dasan Nagar, Periyar Nagar, Poonamallee, Chennai, Tamil Nadu 600056, India"
2687,1,"Ernavur , ernavur gate",600057,13.2031674,80.3164242,"No.14/15, A.I.R Nagar, Tsunami Colony, Ernavoor, Ets Colony 2, Chennai, Ennore, Tamil Nadu 600057, India"
5916,16E,Avadi check post ,600054,13.1067448,80.0969511,"434W+MQW, Ayyappan Nagar, Kamaraj Nagar, Avadi, Tamil Nadu 600071, India"
5931,43,Indira Gandhi statue ,631001,13.09255776654567,79.65948057771669,"2, Kalyana Mandapam St, Arakkonam, Tamil Nadu 631003, India"
141,9,Mogappair east,600037,13.084941629982197,80.17961842198487,"NO 3/376, Pugazhendhi Rd, near Goverment Hospital, Mohanram Nagar, Mogappair East, Chennai, Tamil Nadu 600037, India"
591,39c,Ekambaranathar street,631502,12.843540659144036,79.69974163230118,"136A/86, Melkathirpur, Periya, Kanchipuram, Tamil Nadu 631501, India"
5906,44,"C1 police station ,Highway, sriperumbudhur ",602105,12.963905226977056,79.948521710904,"XW7X+M79, Nenmeli, Sriperumbudur, Tamil Nadu 602105, India"
6611,18A,Seneerkuppam,600056,13.0619186,80.1131518,"2, Avadi Rd, Senneer Kuppam, Chennai, Tamil Nadu 600077, India"
2673,34,RIT,600124,13.036272053073183,80.04527258892377,"22PW+P35, Chembarambakkam, Tamil Nadu 600123, India"
6620,32c,Kasi theater ,600078,13.031752355210743,80.207749031419,"5, Bharathidasan Colony, K. K. Nagar, Chennai, Tamil Nadu 600078, India"
3579,13A,Retteri junction ,600099,13.129871120995002,80.213938371225,"No 8&9 Barani Nagar, Jawaharlal Nehru Salai, near Retteri Junction, Mahatma Gandhi Nagar, Bhavani Nagar, Kolathur, Chennai, Tamil Nadu 600099, India"
6358,36,Kovur ,600122,13.0210902,80.12670240000001,"24CG+CMP, Paraniputhur, Iyyappanthangal, Chennai, Tamil Nadu 600122, India"
4101,33C,Vembuliamman Koil,600078,13.046406278322287,80.18988936570987,"37-1, Sankareswarar Nagar, Sankareswar Nagar, Chennai, Tamil Nadu 600083, India"
6492,22,Sholinganallur (OMR),600119,12.88913939521353,80.22949745221659,"38, Sathyavani Muthu St, TNHB, Sholinganallur, Chennai, Tamil Nadu 600119, India"
6432,42A,Narasingapuram ,631402,13.03034903391391,79.80168074020594,"2RH2+MHJ, Perambakkam, Tamil Nadu 631402, India"
917,16E,Paruthipattu bus stop,600071,13.1042611,80.1037721,"76, 3rd Main Rd, Ram Nagar, Srinivasa Nagar, Alapakkam, Valasaravakkam, Chennai, Avadi, Tamil Nadu 600071, India"
3213,17c,No5 chittathur village keelanur post Thiruvallur ,602021,13.145359723689294,79.96599706082654,"4XW8+484, Tiruvallur, Tamil Nadu 602025, India"
2413,18B,HINDU COLLEGE ,600072,13.119278293541871,80.07597516334764,"439G+JFP, Pattabiram, Tamil Nadu 600072, India"
5910,33c,Nesapakkam ,600089,12.690587229580776,80.07178742160141,"M3RC+6P Chinna Irumbedu, Tamil Nadu, India"
4087,9C,DR supermarket mugappair west,600037,13.0814762,80.1669512,"DR Super Market, Mogappair West Main Rd, 4th Block, Mogappair West, Ambattur Industrial Estate, Chennai, Tamil Nadu 600037, India"
3984,37C,Poonamallee ,600056,13.04873105869959,80.08581299934899,"1/1, Ambedkar Nagar, Poonamallee, Chennai, Tamil Nadu 600123, India"
6534,40B,Kachapeeshwara kovil temple,631502,12.838825472240808,79.70086614872965,"123, SVN Pillai St, Pillaiyarpalayam, Kanchipuram, Tamil Nadu 631502, India"
5927,15D,Selvi mahal,600077,13.104543496336866,80.1328254225208,"Ayyapakkam G H S School, Rajammal nagar, TNHB Colony, Annanur, Ayappakkam, Chennai, Tamil Nadu 600077, India"
2648,33,MGR Nagar Market,600078,13.0410254,80.2000596,"175, Ramaswamy Salai, Sector 4, K. K. Nagar, Chennai, Tamil Nadu 600078, India"
5897,45,"High school,Sriperumbuthur",602105,12.9675201,79.95284509999999,"2.cakkte Street Teruprambadduor Teruvalluoor Road, Nenmeli, Sriperumbudur, Tamil Nadu 602105, India"
5022,7C,TSK NAGAR,600050,13.091141,80.18320120000001,"69, Mogappair East, Chennai, Tamil Nadu 600050, India"
4118,30c,Lakshmi nagar ,600116,13.038937785293223,80.16930750035492,"94, Arcot Rd, Venkata Subramanya Nagar, Jai Garden, Valasaravakkam, Chennai, Tamil Nadu 600087, India"
163,20D,Mahalakshmi nagar ,600073,12.9240317,80.1446029,"H.no;-19-9 old, police station, Mahalakshmi Nagar, Selaiyur, Chennai, Tamil Nadu 600073, India"
3186,37D,"Nazarathpettai,poothamalee",600123,13.02323296131069,80.053136067481,"23F3+77 Chembarambakkam, Tamil Nadu, India"
6348,37,Iyyapanthangal ,600056,13.0397579,80.1337774,"1/104, VGN Nagar, Iyyappanthangal, Chennai, Tamil Nadu 600116, India"
1939,35A,Mangadu gangai amman kovil,600122,13.038178483957395,80.11302187617916,"24Q7+855, Kamachi Nagar, Poonamallee, Chennai, Tamil Nadu 600122, India"
7858,9,Mugappair East (7H) Bus Stand ,600037,13.0786309,80.1778659,"17/B, Church Rd, Bharathidasan Nagar, Tambaram West, Mogappair East, Chennai, Tamil Nadu 600045, India"
6520,21,Thillai ganga nagar subway ,600088,12.991323850173943,80.19645784478796,"11/6, Sanjay Gandhi Nagar, Nanganallur, Jeevan Nagar, Adambakkam, Chennai, Tamil Nadu 600088, India"
7903,40B, rangaswamy kulam,631501,12.8242347,79.70975039999999,"11/23, Chinna Kanchipuram, நாகலாந்து தெரு மடம், ரங்கசாமி குளம், Kanchipuram, Arappanacheri, Tamil Nadu 631501, India"
6295,13B,"Senthil nagar,Kolathur",600099,13.121588562668348,80.2023983720412,"16/92, Periyarnagar, Senthil Nagar, Kolathur, Chennai, Tamil Nadu 600099, India"
3552,22,Murugan Kalyana Mandapam ,600042,12.984405285305266,80.21789721796874,"Velachery, Gangai Nagar, Velachery, Chennai, Tamil Nadu 600042, India"
5989,34C,"Poorimarathuva Muniswarar Aaalayam , kattupakkam , chennai ",600052,13.0433057,80.1217639,"2/24, Mount Poonamallee Rd, near by Adidas Outlet, Kattupakkam, Chennai, Tamil Nadu 600056, India"
6551,4c,Mehta nagar,600094,13.06237106033445,80.22475657109383,"20, Gill Nagar, Choolaimedu, Chennai, Tamil Nadu 600094, India"
6290,8C,Waves,600101,13.0823732,80.21731590000002,"2/142, AA Block, Shanthi Colony, Anna Nagar, Chennai, Tamil Nadu 600040, India"
6553,4c,Mehta nagar,600029,13.068096574293872,80.22650115435496,"26, Nelson Manickam Rd, near Metha Nagar, Railway Colony, Aminjikarai, Chennai, Tamil Nadu 600029, India"
6525,39c,Ekambaranathar sannadhi street,631502,12.839748511228697,79.69768821010895,"69a, SVN Pillai St, Pillaiyarpalayam, Kanchipuram, Tamil Nadu 631502, India"
6509,5A,Panchali Amman Kovil,600106,13.07308190137301,80.20767467461111,"13/77, Valluvar Salai, Jagannatha Nagar, Arumbakkam, Chennai, Tamil Nadu 600106, India"
7661,13c,Temple school ,600099,13.12179917287727,80.20236289119997,"76, Periyarnagar, Sivalingapuram, Senthil Nagar, Kolathur, Chennai, Tamil Nadu 600099, India"
6495,34C,Iyyapanthangal bus stop ,600077,13.04870043063904,80.10708753666648,"24X4+GV9, Poonamallee - Avadi High Rd, Ms Viswanathan Nagar, Karayanchavadi, Chennai, Tamil Nadu 600056, India"
6382,16B,Kallikuppam ,600053,13.136693,80.169371,"45P9+MPH, Pasumpon Nagar, Kallikuppam, Ambattur, Chennai, Tamil Nadu 600053, India"
2679,31,T.nagar,600017,13.0412658,80.2338514,"32/28, cit, K. K. Nagar, Chennai, Tamil Nadu 600017, India"
209,19E,"Bharathi Nagar, mudichur",600063,12.9223552,80.09122789999999,"11, 3rd St, Moovendar Nagar, Bharathi Nagar, Tambaram, Chennai, Tamil Nadu 600063, India"
3607,15D,"Ration Shop, Near Ganesh Bhavan, Ayapakkam.",600077,13.1085107,80.1329982,"1762, 4th Main Rd, Rajammal nagar, TNHB Colony, Annanur, Ambattur, Chennai, Tamil Nadu 600058, India"
896,34,Porur Ramachandra,600056,13.042865093536776,80.1315544239837,"2/411, EVP Park Ave, Moovendhar Nagar, Iyyappanthangal, Chennai, Tamil Nadu 600056, India"
5934,37,Saravana store,600116,13.0343555,80.1650031,"11-16, 11-16, Lakshmi Nagar 3rd Cross St, Lakshmi Nagar, Porur, Chennai, Tamil Nadu 600116, India"
7577,9A,Nolambur,600058,13.080292324869117,80.16165174772715,"35J6+3JG Greater Chennai corporation park - Mogappair west main road, 6th Main Rd, near Chennai Bypass Road, Nolambur, Ambattur Industrial Estate, Chennai, Tamil Nadu 600037, India"
3800,20E,Tambaram sanatorium meps,600045,12.9341899,80.1228658,"17, Thomas St, Kadaperi, Tambaram, Chennai, Tamil Nadu 600045, India"
6444,21c,Eagle Electronics,600032,12.9996798,80.2084826,"19/30, New St, Ramapuram, Mosque Colony, Maduvinkarai, Guindy, Chennai, Tamil Nadu 600032, India"
6891,10c,Ayanavaram join office ,600023,13.097885506166024,80.23272874150285,"25-8/A, KK Nagar, United India Nagar, Chennai, Tamil Nadu 600023, India"
6284,9A,Mgr university,600095,13.064462353641677,80.16081342483857,"3576+P77 DR. M G R EDUCATIONAL AND RESEARCH INSTITUTE UNIVERSITY-1, Service Rd, Mogappair, Adayalampattu, Chennai, Tamil Nadu 600095, India"
7894,18,Avadi ponnu stop,600054,13.116305544480408,80.10311404881175,"30/1, Nehru Bazaar, Thirumalai Rajapuram, Kondithope, Avadi, Tamil Nadu 600054, India"
6352,29C,Megamart ,600087,13.0471119,80.1835382,"Ramakrishna Nagar, 111, Chidambaranar St, Alwartirunagar, Valasaravakkam, Chennai, Tamil Nadu 600087, India"
1116,3,Gangadeeshwarar kovil,600084,13.0837135,80.2545877,"37M3+FR7, Gangadeeshwar Koil St, Purasaiwakkam, Chennai, Tamil Nadu 600084, India"
4423,13c,maduravoyal bridg,600058,13.088978142913534,80.16092974259328,"94C, Ambattur, Periya Colony, Chennai, Tamil Nadu 600058, India"
3503,19c,Hasthinapuram,600064,12.9387231,80.14607749999999,"W4QW+FCP, Venkataraman Nagar, MC Nagar, Hasthinapuram, Chromepet, Chennai, Tamil Nadu 600064, India"
4968,2,maharani,600021,13.1163378,80.2804941,"17/8, Buddha Street, Meenambal Nagar, Korukkupet, Old Washermanpet, Chennai, Tamil Nadu 600021, India"
6605,14c,Mathur,600068,13.1582334,80.249543,"565X+6QJ, Subramani Nagar, Madhavaram Milk Colony, Chennai, Tamil Nadu 600051, India"
6566,42c,Poonamalee ,600056,13.0525493,80.0955544,"333W+263, Sannathi St, Muthu Kumaran Nagar, Poonamallee, Chennai, Tamil Nadu 600056, India"
6299,32,Srinivasa threatre,600033,13.0312395,80.223916,"Srinivasa Theatre, Reddi Kuppam, West Mambalam, Chennai, Tamil Nadu 600033, India"
6577,15E,Kathirvedu bridge ,600099,13.143887376045615,80.19966025321932,"47, Balaji Nagar, Kolathur, Chennai, Tamil Nadu 600066, India"
836,25 ,buttroad,600016,13.0021286,80.2004924,"21, Ramapuram, Avvai Nagar, Selaiyur, Chennai, Tamil Nadu 600016, India"
6631,8c,"Thhirumangalam,Waves",600040,13.083528,80.1944807,"35MV+CQ9, Thirumangalam, Anna Nagar West Extension, Chennai, Tamil Nadu 600040, India"
6623,11c,Bv school stop korattur,600080,13.1082733,80.1818582,"H49, Central Ave, TNHB Colony, Korattur, Chennai, Tamil Nadu 600080, India"
3135,42,Indira Gandhi statue,631001,13.09262396133524,79.65955050691073,"2, Kalyana Mandapam St, Arakkonam, Tamil Nadu 631003, India"
5508,5b,Vanagaram fish market,600077,13.06148318597076,80.1450454558561,"346W+Q38, Ganga Nagar, Maduravoyal, Chennai, Tamil Nadu 600077, India"
7605,37A,Kattupakkam ,600056,13.0409665,80.12731629999999,"2nd floor, 2/65, Mount Poonamallee Rd, Swaminatha Nagar, Kattupakkam, Chennai, Tamil Nadu 600056, India"
846,18c,Vinayagar koil Street avadi ,600054,13.10231754363244,80.10843973372018,"4425+W98, Avadi, Tamil Nadu 600071, India"
703,37B,Sembarambakkam,600124,13.0611622,80.0199562,"3269+FX Nemam, Tamil Nadu, India"
6799,35C,Chikkarayapuram ,600069,13.016436312545572,80.10277019578704,"50, Kundrathur Main Rd, Kundrathur, Chennai, Sikkarayapuram, Tamil Nadu 600069, India"
2396,37D,Nazarathpettai,600123,13.044244,80.0840477,"23VM+PMW, Poonamallee, Chennai, Tamil Nadu 600123, India"
6777,37,Porur saravana stores,600116,13.037227502749902,80.15837778347453,"201, SH 113, Devi Nagar, Porur, Chennai, Tamil Nadu 600116, India"
645,2,mani cycle,600021,13.123092485938502,80.2874883267868,"781, Thiruvottiyur High Rd, Sanjeevarayanpet, Old Washermanpet, Chennai, Tamil Nadu 600021, India"
813,8c,Waves,600040,13.08724523157355,80.19344729910705,"35PV+V89 PARK ( சென்னை மாநகராட்சி பூங்கா), Anna Nagar West, Govt Officers Colony, Chennai, Tamil Nadu 600040, India"
7843,18,Avadi ponnu super bazar ,600054,13.11624067356888,80.10304118191523,"30/1, Nehru Bazaar, Thirumalai Rajapuram, Kondithope, Avadi, Tamil Nadu 600054, India"
6723,11,Moolakadai ,600118,13.13549236339128,80.24332158096796,"116/100, Sastri Nagar, Kodungaiyur, Chennai, Tamil Nadu 600118, India"
2654,5c,Vengayamandi,600107,13.06941949628405,80.18125127725474,"1/98, Nh48, Pallavan Nagar, Nerkundram, Chennai, Tamil Nadu 600107, India"
804,40c,Ramana's cafe ,631502,12.8402366,79.7062361,"20/23, Kuppa St, Melkathirpur, Periya, Kanchipuram, Tamil Nadu 631501, India"
2146,34,Porur bharat petroleum,600116,13.03848254655035,80.15719603507077,"3/38, Karambakkam, Buddhar Colony, Porur, Chennai, Tamil Nadu 600116, India"
7142,32,Srinivasa theatre,600033,13.0312395,80.223916,"Srinivasa Theatre, Reddi Kuppam, West Mambalam, Chennai, Tamil Nadu 600033, India"
7845,19E,Mudichur outer ring road,600048,12.916674983588798,80.07275268210854,"P/40, Madanapuram, Mudichur, Tamil Nadu 600045, India"
4066,8,Anna Nagar West Bus Depot,600101,13.0941243,80.1983688,"35VX+J8G, Pioneer Colony, Anna Nagar West Extension, Chennai, Tamil Nadu 600101, India"
4986,8,Nathamuni theatre,600049,13.1032371,80.2022558,"4632+7WR, Madras Thiruvallur High Rd, Thiru Nagar, Villivakkam, Chennai, Tamil Nadu 600049, India"
5457,45,Mambakkam ,602105,12.933942190488256,79.9087937731619,"WWM5+MGG, Nenmeli, Sriperumbudur, Tamil Nadu 602106, India"
7854,15,Murugappa,600062,13.125093696164168,80.11755208484824,"44F9+W42, Evr Nagammai Nagar, Avadi, Tamil Nadu 600109, India"
3524,2,Maharani,600021,13.1153868,80.28308559999999,"1083, Thiruvottiyur High Rd, Mottai Garden, Washermanpet, Chennai, Tamil Nadu 600021, India"
2164,15C,Anaikattucherry ,600072,13.1037224149204,80.05867278717359,"4335+CCP, Anaikattucherry, Avadi, Tamil Nadu 600072, India"
6709,18E,Vel tech Junction,600062,13.176321,80.0978378,"53GX+G4 Morai, Tamil Nadu, India"
7840,20E,Chrompet saravana stores,600044,12.955728986301876,80.14307087552098,"161, Grand Southern Trunk Rd, near Super Saravana Stores, Lakshmi Nagar, Shanthi Nagar, Chromepet, Chennai, Tamil Nadu 600044, India"
2151,4c,Nungambakkam railway station,600094,13.066468975981149,80.2310804112357,"No 11, 1st Floor, NHRD, Nelson Manickam Rd, Thiruvalluvar Puram, Choolaimedu, Chennai, Tamil Nadu 600094, India"
881,33C,Nesapakkam ,600078,13.0314445,80.1913417,"25JR+HGF, T. Ponnambalam Salai, Nehru Nagar, Nesapakkam, Chennai, Tamil Nadu 128, India"
6758,18D,Kovilpathagai,600054,13.150075062509464,80.10378062339028,"5423+873, Kovilpadagai Main Rd, Poompozhil Nagar, Avadi, Kannadapalayam, Tamil Nadu 600062, India"
3567,35a,"49/A,KANNAKGI STREET,SELVA GANAPATHYI NAGAR, SENNEER KUPPAM, CHENNAI-600056.",600056,13.0450079,80.1156829,"358, near Poonamallee Fire And Rescue Station, MSS Nagar, Ambedkar Nagar, Poonamallee, Chennai, Tamil Nadu 600056, India"
6837,27C,Music Academy ,600014,13.052215401451464,80.26849387898682,"17-7, Balaji Nagar, Chennai, Tamil Nadu 600014, India"
3539,20C,Ram Nagar,600091,12.96949826089218,80.20706361575749,"4/6/28, Ramalingam Nagar Extension 1st St, Lakshmi Nagar, Annai Theresa Nagar, Madipakkam, Chennai, Tamil Nadu 600091, India"
4147,19B,Parvathy Nagar,600063,12.91827676283856,80.08159876441118,"43, Mudichur Rd, Parvathi Nagar, Shanthi Nagar, Chennai, Old Perungalathur, Tamil Nadu 600063, India"
4135,20,Narayanapuram,600100,12.9428728,80.2057423,"No:323B, 1st Main Rd, Narayanapuram, Pallikaranai, Chennai, Tamil Nadu 600100, India"
5443,7a,Velammal/dav ,600050,13.095456608685264,80.18147554500419,"110, Vanniyar St, Baba Nagar, Padi, Chennai, Tamil Nadu 600050, India"
2676,42a,Vallarpuram ,602109,13.0284223,79.96986559999999,"2XHC+82R, Valarpuram, Nayapakkam, Tamil Nadu 602105, India"
3569,18,Ponnu super market Avadi,600054,13.12018903460939,80.09350995250824,"394, Chennai - Tiruvallur High Rd, Gandhi Nagar, Avadi, Tamil Nadu 600054, India"
6115,41A,Anna salai arcot ,632503,12.904097,79.32363099999999,"6, Arni Rd, near LAKSHMI THEATRE, Arcot, Tamil Nadu 632503, India"
5795,36C,"Porur,baikadai",600116,13.01865139933228,80.14128753680528,"173, Sri Ranga Nagar, Lakshmi Nagar, Moulivakkam, Chennai, Tamil Nadu 600125, India"
7887,13c,SBI poompuhar nagar,600099,13.133190197437983,80.20632090155172,"Shop No:13, Villivakam Road, Kolathur, Arul Nagar, Lakshmipuram, Rajan Nagar, Lakshmipuram, Chennai, Tamil Nadu 600099, India"
8136,40B,Oli Mohamed Pettai (Kori),631502,12.8996987,79.67266320000002,"No.141, Lakshmi Nagar, Thimmasamuthiram, Tamil Nadu 631502, India"
2041,37C,Ponnamale bus stop ,600056,13.039637624037876,80.23419768262016,"2/61, T. Nagar, Chennai, Tamil Nadu 600017, India"
7713,12,"MKB Nagar, depot bus stand ",600118,13.14033896704542,80.25178134620018,"11A, Sk Colony, Selvavinayagar Nagar, Thai Nagar, Kodungaiyur, Chennai, Tamil Nadu 600118, India"
3556,44,Baluchetty Chathiram bypass,631551,12.8753592,79.6216701,"VJGC+7JH, Baluchetty Chatram, Sirunaiperugal, Tamil Nadu 631551, India"
7842,32C,Kasi theatre ,600083,13.0285306,80.2037206,"Ganga-A, Pgp Oaks, Thirunagar, West Jafferkhanpet, Chennai, Tamil Nadu 600083, India"
3527,24,Independence Day park,600061,12.974383858165288,80.18869584728456,"8, 3rd St, Lakshmi Nagar IV Stage, Voltas Colony, Nanganallur, Chennai, Tamil Nadu 600061, India"
3598,4,Chintadripet fish market ,600002,13.0689208,80.26711139999999,"No 123 shop no 4 corporation complex singanna chettyy street chindatripet Chenna, Pudupet, Komaleeswaranpet, Egmore, Chennai, Tamil Nadu 600002, India"
5999,13a,Din bosco school,600082,13.119240135712,80.22527362775824,"26, Paper Mills Road, Laxmanan Nagar, Bhuvaneshwary Nagar, Peravallur, Perambur, Chennai, Tamil Nadu 600082, India"
6803,17D,Puliyamaram veppampattu ,602024,13.124730494212828,80.00651815196488,"42F4+VJX, Veppambaattu, Tamil Nadu 602024, India"
7587,9B,Grace Super Market,600037,13.0785923,80.1805661,"A-10, Mogappair Industrial Estate, Paneer Nagar, Mogappair East, Chennai, Tamil Nadu 600037, India"
6653,35,Pammal Church ,600075,12.97920909507269,80.13914042548966,"B -8(b, Bharathiar St, HL Colony, Pammal, Chennai, Tamil Nadu 600075, India"
2767,38c,Kanchipuram ,631502,12.899698700000023,79.6865677715332,"WM2P+6QJ, Siruvakkam, Tamil Nadu 631552, India"
6842,39c,Ekambaranathar bus stop,631502,12.84477860615141,79.70379755853071,"14/56, Kullappan St, Melkathirpur, Periya, Kanchipuram, Tamil Nadu 631501, India"
298,18A,Jb estate ,600054,13.111199847544285,80.10874966396385,"Om Shakthi Kovil JB Estate, JB Estate, Avadi, Tamil Nadu 600054, India"
3102,17d,Puliya maram stopping veppampattu ,602024,13.1247944459487,80.00631448426438,"Veppampattu (Puliyamaram, 42F4+WGW, Veppambaattu, Tamil Nadu 602024, India"
2758,10,sayani bus stand,600023,13.0980461,80.2388117,"Old No. 354, 96, Konnur High Rd, ICF South Colony, V.P.Colony, Ayanavaram, Chennai, Tamil Nadu 600023, India"
6049,11,Erukanchery,600118,13.1247427,80.246617,"Hansa Bellissimo, Hansa Bellissimo, 86 & 87, Erukkenchery High Rd, Kennedy Nagar, Erukkancheri, Perambur, Chennai, Tamil Nadu 600118, India"
3517,14c,Arul nagar,600051,13.1643263,80.2554586,"6, Srinivasa Perumal Koil St, Periya Thoppu, Manali, Chennai, Tamil Nadu 600068, India"
7610,35A,Gangai Amman Kovil,600122,13.030893021725149,80.11488457408025,"51/3, Sri Pandian Nagar, East Kamatchi Amman Nagar, MGR Nagar, Mangadu, Chennai, Tamil Nadu 600122, India"
8016,9b,DR supermarket ,600037,13.0835569,80.1730553,"Pukazhenthi Salai, No 2/335, Mogappair West, Mohanram Nagar, Mogappair, Chennai, Tamil Nadu 600037, India"
7599,4,Harrington junction,600031,13.0689815,80.24151289999999,"2, Harrington Rd, Chetpet, Chennai, Tamil Nadu 600031, India"
7606,22,Sevaraam ,600096,12.95611138893167,80.23896838703541,"Landmark Tiara Apartment Block Ruby - A2, Second Floor, 144, Corporation Rd, Thirumalai Nagar Annexe, Perungudi, Chennai, Tamil Nadu 600096, India"
2869,9A,SBI Nolambur ,600037,13.0807704,80.16441979999999,"HIG-1/67/3, Mogappair West Main Rd, Nolambur, Ambattur Industrial Estate, Chennai, Tamil Nadu 600037, India"
8010,24c,Pallavaram amma unavagam,600043,12.96666530595566,80.14884367962593,"Signal, Til, 30, Grand Southern Trunk Rd, near Pallavar, Subramaniya, Pallavaram, Chennai, Tamil Nadu 600043, India"
3764,21C,"Maduvankarai, Guindy Chennai 32",600032,13.00168269765125,80.21109398577597,"26/13, Pillaiyar Koil St, Ramapuram, Mosque Colony, Maduvinkarai, Guindy, Chennai, Tamil Nadu 600032, India"
2701,13,Periyar nagar,600082,13.1149791,80.2271923,"C422, Chandrasekaran Rd, Periyar Nagar West, Perambur, Chennai, Tamil Nadu 600082, India"
7630,19D,Urapakkam school stop,603210,12.866283558268307,80.07490838543012,"972, Chennai - Theni Hwy, Bharathi Nagar, Vurapakkam, Urapakkam, Chennai, Tamil Nadu 603210, India"
7237,1c,Beach station ,600001,13.098634,80.2888311,"89/42, Muthialpet, George Town, Chennai, Tamil Nadu 600001, India"
6774,1,"Gandhi nagar road, MRF, Ennore express highway",600057,13.176918401388326,80.3134267075527,"M.R.F., Palagai Thotti Kuppam, Kasi Viswanathar Koil Kuppam, Tiruvottiyur, Chennai, Tamil Nadu 600019, India"
7672,34,Poonamale ,600123,13.02323296131069,80.053136067481,"23F3+77 Chembarambakkam, Tamil Nadu, India"
7665,3c,Arumbakkam,600106,13.0719475,80.2117603,"5-14, SBI Staff Colony, Nehru Nagar, Chennai, Tamil Nadu 600106, India"
4019,18c,Govarthanagiri ,600071,13.099258276662464,80.1083132686697,"No.57/1, Poovai Road, Govardhanagiri, Avadi, Chennai - 71.(Near Govardhanagiri Bus Stop), Lakshmipuram, Avadi, Tamil Nadu 600071, India"
3746,32C,EKKATTUTHANGAL ,600032,13.0177153,80.2056743,"27, SIDCO Industrial Estate, Guindy, Chennai, Tamil Nadu 600032, India"
3767,3,Purasaiwalkam ,600084,13.0835547,80.2515415,"61/50, Purasaiwakkam, Chennai, Tamil Nadu 600084, India"
3853,19E,Padmavathi old perungalathur ,600063,12.919669292789711,80.08727247110292,"11/29, Mudichur Rd, Gandhi Nagar, Old Perungalathur, Chennai, Tamil Nadu 600063, India"
3747,13C,Temple school,600099,13.115590236214787,80.21007240914325,"36, Teachers Guild Colony, Villivakkam, Chennai, Tamil Nadu 600049, India"
8017,2,Mahrani Bus Stop ,600021,13.116208455431376,80.28363053590354,"354, Thiruvottiyur High Rd, near CHENNAI PUBLIC SCHOOL, Mottai Garden, Old Washermanpet, Thirumazhisai, Chennai, Tamil Nadu 600124, India"
4055,13C,Temple School,600099,13.12144333878232,80.20431790325266,"88, Subramaniapuram, Kolathur, Chennai, Tamil Nadu 600099, India"
8026,21,Kakan bridge ,600088,12.987950158372596,80.20505173337384,"21,20, Mohanapuri, NGO Colony, Adambakkam, Chennai, Tamil Nadu 600088, India"
3038,15E,Manikandapuram,600062,13.1264827,80.1360766,"Kasturi Illam, P475, Cholambedu Rd, Bharathi Nagar Extension, Thirumullaivoyal, Chennai, Tamil Nadu 600062, India"
6687,16E,Paruthipattu bus stand ,600071,13.0914994,80.1051684,"34R4+H3V, Paruthippattu, Avadi, Tamil Nadu 600071, India"
4037,20E,chromepet saravana stores,600044,12.9558248,80.14331399999999,"159, Grand Southern Trunk Rd, Lakshmi Nagar, Chromepet, Chennai, Tamil Nadu 600044, India"
8131,14,Pattamandri ,600120,13.257617880602432,80.2749704488575,"No: 20/H, T.H.Road, Malli Nagar, Pattamandhiri, Chennai-600120, Pattamandhri, Nandiambakkam, Tamil Nadu 601203, India"
3495,19B,Varadharaja theatre ,600064,12.92848406235061,80.13898738051456,"W4HQ+9HF, Tagore St, Kuppusamy Nagar, Ramakrishanapuram, Tambaram, Chennai, Tamil Nadu 600064, India"
2875,35D,"Annakaputhur,Petrol bunk",600070,12.976745,80.12787449999999,"47, JRC Colony, Gandhi Nagar, Anakaputhur, Chennai, Tamil Nadu 600070, India"
8039,5,Chindamani,600094,13.0635202,80.2234146,"Guineers' Apartments, no. 97, 3rd Cross St, Kamarajar Nagar, Gill Nagar, Choolaimedu, Chennai, Tamil Nadu 600094, India"
6730,7,padma stores,600040,13.0903982,80.2037015,"BLOCK-4, 29th St, Kathiravan Colony, Anna Nagar, Chennai, Tamil Nadu 600040, India"
7659,19D,Urapakkam school stop,603210,12.866392101053345,80.07498355422474,"972, Chennai - Theni Hwy, Bharathi Nagar, Vurapakkam, Urapakkam, Chennai, Tamil Nadu 603210, India"
2238,18,"Ponnu super market,avadi",600054,13.1159932,80.1025032,"4482+FW4, New Military Rd, Thirumalai Rajapuram, TNHB Mig V Block, Avadi, Tamil Nadu 600054, India"
7477,18,Ponnu super market,600054,13.12018903460939,80.09350995250824,"394, Chennai - Tiruvallur High Rd, Gandhi Nagar, Avadi, Tamil Nadu 600054, India"
6796,13,Thiruvallur mandapam,600082,13.1181605,80.2203268,"4/3, Periyar Nagar West, Kolathur, Chennai, Tamil Nadu 600082, India"
6890,17D,THIRUNINDAVUR,602024,13.12422951572174,80.03181913650562,"OLD NO-20,New N0-03, 3rd Street ,Vachalapuram,Thiruninravur-602024. Landmark, opp. to Lakshmi theatre road, Thiruninravur, Tamil Nadu 602024, India"
7991,13A,Britannia,600080,13.0964535,80.1845234,"35WM+HRJ, Gopal Nagar, Padi, Chennai, Tamil Nadu 600050, India"
5379,38C,sevelimedu,631502,13.0383872,80.232448,"10, Venkatesan St, T. Nagar, Chennai, Tamil Nadu 600017, India"
6024,37,Iyyappanthangal,600056,13.0369339,80.1366171,"New no. 8/10, Old no. 2/10, Vanniar, Mettu St, Ramachandra Nagar, Iyyappanthangal, Chennai, Tamil Nadu 600056, India"
3600,5,"Mmda colony ,thirukuralalar street ,popular studio ",600106,13.068755232754317,80.21441613603207,"j86, MMDA Colony Main Rd, R Block, MMDA Colony, Arumbakkam, Chennai, Tamil Nadu 600106, India"
7215,34C,Iyappathangal depot,600117,13.038596829283234,80.13366723523256,"24QM+FFQ, VGN Nagar, Iyyappanthangal, Chennai, Tamil Nadu 600056, India"
6104,16,Redhills,600052,13.1885327,80.1838361,"75/1, Red Hills, Naravarikuppam, Theerthagiriyampattu, Tamil Nadu 600052, India"
8025,13B,Senthil nagar,600099,13.13055653597936,80.20212162961738,"Shop No.13, Kadappa Rd, 3rd Layout, Teachers's Colony, Kolathur, Chennai, Tamil Nadu 600099, India"
2027,15C,Singapore shopping ,600053,13.1196793,80.1500391,"84, S Park St, Secretariat Colony, Venkatapuram, Ambattur, Chennai, Tamil Nadu 600053, India"
6713,16,Redhills market,600052,13.1936557,80.1927808,"6, Jeyachandra Nagar, Red Hills, Vedakarai, Padianallur, Tamil Nadu 600052, India"
6805,5A,Ration Shop ,600095,13.066953948244771,80.17832282890653,"6, Varalakshmi Nagar 1st Cross St, Vishwas Nagar, Sentamil Nagar, Nerkundram, Chennai, Tamil Nadu 600095, India"
7988,20D,Camp Road,600073,12.922401246785396,80.13793974373353,"239, Velachery Rd, East Tambaram, Selaiyur, Chennai, Tamil Nadu 600073, India"
5622,38C,SMG mahal,631502,12.8197991,79.69102529999999,"H88 TNHB QTRS, Pallavan Nagar, Gem Nagar, Kanchipuram, Tamil Nadu 631501, India"
6005,17,Kattupakkam,600056,13.0450079,80.1156829,"358, near Poonamallee Fire And Rescue Station, MSS Nagar, Ambedkar Nagar, Poonamallee, Chennai, Tamil Nadu 600056, India"
5378,37C,Poonamallee bypass,600056,13.0497054,80.09124059999999,"794/2, Main Rd, Rukmani Nagar, Mg Nagar, Poonamallee, Chennai, Tamil Nadu 600056, India"
3901,20,Jeyachandran Pallikaranai ,600100,12.9213919,80.1975877,"1A, Jeyachandran Nagar 1st Main Rd, Jeyachandran Nagar, Pallikaranai, Chennai, Tamil Nadu 600100, India"
4042,13b,Senthil Nagar,600099,13.124436455911043,80.20098453686782,"4d, Balaji St, Vivekananda Nagar Extension, Vivekananda Nagar, Durga Colony, Kolathur, Chennai, Tamil Nadu 600099, India"
5613,38c,Sevilimedu ,631502,12.8996987,79.67266320000002,"No.141, Lakshmi Nagar, Thimmasamuthiram, Tamil Nadu 631502, India"
7984,20D,Christ king girls higher secondary school selaiyur ,600059,12.9222942,80.1306316,"28, Christ King St, Leela Colony, East Tambaram, Tambaram, Chennai, Tamil Nadu 600059, India"
2423,9,7H bus stand,600037,13.08484881643364,80.17973559639744,"# 10/11, Thiruvalluvar Street, Mogappair East, Thiruvalluvar Nagar, J J Nagar, Mogappair East, Chennai, Tamil Nadu 600037, India"
7457,16E,Saraswati nagar,600109,13.129237549017372,80.13909144136962,"485, Madras Thiruvallur High Rd, Saraswati Nagar, Thirumullaivoyal, Chennai, Tamil Nadu 600062, India"
3770,11C,"Bakthavatchlam School Signal , korattur ",600080,13.1090805,80.18297299999999,"K PADMAVATHY BLOCK, BAKTHAVACHALAM VIDHYASHRAM SCHOOL, Street Number 32, Venkatraman Nagar, Korattur, Chennai, Tamil Nadu 600080, India"
4003,15D,Ayanambakkam watertank ( church ),600095,13.085896874715225,80.14266934923496,"253, Ayanambakkam Rd, Pachaiappan Nagar Phase II, Koladdi Village, Vijay Nagar, Chennai, Tamil Nadu 600095, India"
2906,10C,Kallukadai Stop ,600049,13.1045808,80.2132127,"56/33/3, North Thirumalai Nagar, Villivakkam, Chennai, Tamil Nadu 600049, India"
6140,15b,Thirumulaivayal ,600062,13.1389433,80.1353638,"36/13, Yamuna Nagar, Saraswati Nagar, Thirumullaivoyal, Chennai, Tamil Nadu 600062, India"
1538,39C,Ponnerikarai,631552,12.871291247096622,79.70879182883418,"Kanchipuram Bye Pas, Tamil Nadu 631552, India"
3916,29c,Valasarwakkam,600087,13.050103123640136,80.1716299316506,"126, Mg Chakrabani, Chakarabani Nagar, Bharathi Nagar, Maduravoyal, Chennai, Tamil Nadu 600087, India"
6208,8,Anna nagar West depot,600040,13.0941243,80.1983688,"35VX+J8G, Pioneer Colony, Anna Nagar West Extension, Chennai, Tamil Nadu 600101, India"
4411,18D,Kovilpathagai  Bharti Nagar ,600062,13.1330554,80.1024462,"44M2+6XG, Avadi, Tamil Nadu 600054, India"
7247,24C,"Erikarai,Nagalkeni",600044,12.957537424766832,80.12547247562675,"Subbarayan Nagar, Subbaraya Nagar, Chromepet, Chennai, Tamil Nadu 600044, India"
6736,9c,"Mogappair west, DR Super Market",600095,13.0814762,80.1669512,"DR Super Market, Mogappair West Main Rd, 4th Block, Mogappair West, Ambattur Industrial Estate, Chennai, Tamil Nadu 600037, India"
3008,0,-,602105,13.015007344193656,80.00608548147869,"2284+2C9, Thandal, Mevalurkuppam, Tamil Nadu 602105, India"
7480,17e,Kotamedu checkpost ,602024,13.094156991150069,80.006793405773,"Periya Kottamedu, Tamil Nadu 602024, India"
6031,44,Mambakkam,602106,12.928123018923404,79.91221426860491,"Sipcot Industrial Park, F8/1, Mambakkam, Sriperumbudur, Tamil Nadu 602106, India"
4004,21c,Grace super market Adambakkam ,600088,12.991746061178302,80.19874909072858,"No 33 & 56, Old, Vellalar St, near to Grace Super Market, Nanganallur, Paramesh Nagar, Adambakkam, Chennai, Tamil Nadu 600088, India"
307,28c,Karambakkam ,600116,13.037474326274522,80.15978827269943,"59, Arcot Rd, Karambakkam, Porur, Chennai, Tamil Nadu 600116, India"
6335,20B,Pudupakkam ,603103,12.799449218462698,80.1978244760366,"Q5XX+Q5W, Kelambakkam - Vandalur Rd, Pudupakkam, Tamil Nadu 603103, India"
7505,37B,Parivakkam Signal,600056,13.050859380647234,80.09935157881307,"25/95, Chetty St, near by government hospital, Nambi Nagar, Poonamallee, Chennai, Tamil Nadu 600056, India"
3739,4c,Choolaimedu signal,600030,13.0702984,80.230858,"1, Murugesan St, Aminjikarai, Chennai, Tamil Nadu 600030, India"
6011,34,"Basics mens wear, kattupakkam",600056,13.040454180397656,80.12895231740053,"2/8C, Mount Poonamallee Rd, Pushpa Nagar, Kattupakkam, Chennai, Tamil Nadu 600056, India"
8124,42,Old bus stand,631001,13.0884516,79.66647220000002,"51, Town Hall 3rd St, Arakkonam, Tamil Nadu 631001, India"
1902,18A,JB estate bus stop,600054,13.111507208828916,80.10871467367146,"4465+HF9, Poonamallee - Avadi High Rd, JB Estate, Avadi, Tamil Nadu 600054, India"
3053,5,Vallavan hotel,600026,13.05759135816175,80.21174271496207,"108, Jawaharlal Nehru Salai, near Vasantha Bhavan, Andavar Nagar, Vadapalani, Chennai, Tamil Nadu 600026, India"
5039,19B,Parvathy nagar ,600063,12.918054905293262,80.08109541072612,"No 111, Mudichur Rd, Shanthi Nagar, Mudichur, Old Perungalathur, Tamil Nadu 600063, India"
1220,15B,Vaishnavi Nagar,600062,13.12933477436864,80.12470107341865,"1/2, Chennai - Tiruvallur High Rd, Vaishnavi Nagar, Santhipuram, Cholambedu, Chennai, Tamil Nadu 600062, India"
3760,30,Natesa Nagar,600092,13.058092297774309,80.19443196029032,"76, Kaliamman Koil St, Chinmaya Nagar Stage 2, Natesan Nagar, Virugambakkam, Chennai, Tamil Nadu 600092, India"
4111,37C,Poonamalle Byepass,600056,13.050138200858813,80.09928449001815,"Poonamallee Government Hospital, Mullai Thottam, Poonamallee, Chennai, Tamil Nadu 600056, India"
1431,7,Pazhamudir,600049,13.094875557516277,80.20130397623417,"Kambar Colony, Anbu Colony, Anna Nagar, Chennai, Tamil Nadu 600040, India"
1711,33c,Nesapakkam ,600078,13.0410254,80.2000596,"175, Ramaswamy Salai, Sector 4, K. K. Nagar, Chennai, Tamil Nadu 600078, India"
2910,18D,Avadi bus stand,600054,13.1202812,80.102594,"44C3+429, Bhaktavatsala Puram, Vasantham Nagar, Avadi, Tamil Nadu 600054, India"
4024,19b,Varadraja theatre ,600064,12.932742118446503,80.14442389080747,"1/9, Muthulakshmi Nagar, Chitlapakkam, Chennai, Tamil Nadu 600064, India"
7128,21C,St Thomas Mount Railway Station,600088,12.99504616224532,80.20093923182374,"169, 14, Palandi Amman Koil St, Ramapuram, Paramesh Nagar, Adambakkam, Chennai, Tamil Nadu 600088, India"
6032,14,Manali market,600051,13.1643263,80.2554586,"6, Srinivasa Perumal Koil St, Periya Thoppu, Manali, Chennai, Tamil Nadu 600068, India"
3805,7,Reliance fresh,600040,13.094756372953077,80.2013788491237,"1825, 18th Main Rd, Anna Nagar West, Anna Nagar, Chennai, Tamil Nadu 600040, India"
6057,2,Mani cycle shop,600081,13.1251842,80.289183,"67QF+QMF, 42, Thiruvottiyur High Rd, Sanjeevarayanpet, Tondiarpet, Kodakarai, Chennai, Tamil Nadu 600120, India"
4303,24C,Nayara petrol bunk,600044,12.9597011,80.1294644,"RPD Apartment, G1, 29, Saraswathipuram 1st St, Saraswathipuram, Chromepet, Chennai, Tamil Nadu 600044, India"
2817,37C,Thandalam bus stop,602105,13.015591346304037,80.0041810923286,"Thandalam, Thandal, Mevalurkuppam, Tamil Nadu 602105, India"
1759,1,Ennore bus depo ,600057,13.22489496697476,80.32794477132147,"68FH+W5W, Thazankuppam, Nettukuppam, Ennore, Chennai, Tamil Nadu 600057, India"
6044,17C,Sevvapet ,602025,13.1324996,79.9678049,"4XM9+326, Thiruvur Keelanur Road, Sirukadal, Tamil Nadu 602025, India"
8038,37B,Karayanchavadi Electricity board,600056,13.053393958622308,80.11300905790496,"125, Avadi Rd, near Jaya mariamman Kovil, Senneer Kuppam, Poonamallee, Chennai, Tamil Nadu 600056, India"
5676,28C,"Vasanth and co,karambakkam",600116,13.0448798,80.1507777,"70B, Vivekananada Nagar, Vanagaram, Thoraipakkam, Chennai, Tamil Nadu 600116, India"
1713,24c,Moovarasampet Kulam,600091,12.9617233,80.19937159999999,"5045, Madipakkam, Chennai, Tamil Nadu 600091, India"
6550,20E,Chromepet ,600044,12.9558248,80.14331399999999,"159, Grand Southern Trunk Rd, Lakshmi Nagar, Chromepet, Chennai, Tamil Nadu 600044, India"
7526,10C,Kalpana Hotel,600049,13.1029369,80.2078421,"177, Chennai Tiruvallur High Rd, Konnur, Chennai, Tamil Nadu 600049, India"
6160,20A,Sembakkam ,600073,12.927298348786993,80.15919569708745,"24, Kaveri St, Sam Ave, Ayyappa Nagar, Sadasivam Nagar, Sembakkam, Chennai, Tamil Nadu 600073, India"
6818,3c,Kellys signal,600010,13.08564474711778,80.24541400690032,"384/130, Purasaivakkam High Rd, Lumbini Square, Kilpauk, Chennai, Tamil Nadu 600010, India"
4002,21c,Grace super market adambakam ,600088,12.99175222592504,80.19874092493558,"No 33 & 56, Old, Vellalar St, near to Grace Super Market, Nanganallur, Paramesh Nagar, Adambakkam, Chennai, Tamil Nadu 600088, India"
4083,21,Sholinganallur,600119,12.9009165,80.2278489,"W62H+95M, OMR Service Rd, near Infosys, Sholinganallur, Chennai, Tamil Nadu 600119, India"
3751,21,DRA ascot,600088,12.9799437,80.2005306,"4, Jawaharlal Nehru Salai, Amman Nagar, Vanuvampet, Madipakkam, Chennai, Tamil Nadu 600091, India"
7124,44,"Mambakkam, Sriperumbudur, Tamilnadu 602106",602106,12.9194271,79.8856824,"425, Sunguvarsathiram, Kanchipuram, Tamil Nadu 602106, India"
4006,21c,Thilaganagar subway ,600088,12.99012724136157,80.19994456875611,"20, Jeevan Nagar 2nd St, Parthasarathy Nagar, Adambakkam, Chennai, Tamil Nadu 600088, India"
7161,17B,State bank,602001,13.13755334372284,79.91914948933609,"2606, Chennai Tiruvallur High Rd, Ma. Po. Si. Nagar, Tiruvallur, Kakkalur, Tamil Nadu 602001, India"
7544,37B,Parivakkam Signal,600056,13.0508507,80.0993342,"25/95, Chetty St, near by government hospital, Nambi Nagar, Poonamallee, Chennai, Tamil Nadu 600056, India"
3738,18D,Vel tech junction ,600055,13.1697039124078,80.09201403523984,"539R+RM3, Bharathi Nagar, Morai, Tamil Nadu 600065, India"
3766,33X,Vembuliamman Kovil Street ,600092,13.04609144348127,80.18956254495237,"3C, Vembuliamman Koil St, Sankareswarar Nagar, Virugambakkam, Chennai, Tamil Nadu 600092, India"
3996,29,"Nithya amartham, Saligramam, Chennai-93",600093,13.052115600596313,80.20402219371887,"3623+RJG, Pushpa Colony, Saligramam, Chennai, Tamil Nadu 600093, India"
7662,18b,Sekkadu bus stop via Pattabiram outer-ring road ,600072,13.1031993,80.094696,"433V+7VG, Sekkadu, Kamaraj Nagar, Avadi, Tamil Nadu 600071, India"
4069,1C,ROYAPURAM,600013,13.1138424,80.2944637,"9/79, Pudumanaikuppam, Royapuram, Chennai, Tamil Nadu 600013, India"
3835,32,CIT Nagar,600035,13.0283317,80.2303835,"19, East Rd, CIT Nagar West, CIT Nagar, Chennai, Tamil Nadu 600035, India"
3962,17B,Mealnallathur ,602002,13.0795704,79.9080757,"3WH5+MFR, Manavalanagar, Tamil Nadu 602002, India"
6047,5c ,Nerkundram ,600107,13.06392807175695,80.18870689912377,"8, Chelliamman Nagar, Valliammai Nagar, Nerkundram, Chennai, Tamil Nadu 600107, India"
3966,4,Skywalk,600029,13.07376385560742,80.22088487866694,"75D, Nelson Manickam Rd, Collectorate Colony, Aminjikarai, Chennai, Tamil Nadu 600029, India"
3525,11,"Moolakadai, kodungaiyur Chennai ",600118,13.128693839739316,80.24204996833673,"578, Moolakadai, Kodungaiyur, Chennai, Tamil Nadu 600060, India"
7656,13B,Senthil Nagar ,600099,13.121961626742207,80.20039396724825,"200, Feet Road, Senthil Nagar, Kolathur, Chennai, Tamil Nadu 600099, India"
3472,30C,Reddy street,600092,13.052549622034062,80.19149067920794,"7/71, Sanjay Gandhi Nagar, Virugambakkam, Chennai, Tamil Nadu 600092, India"
3501,13B,Thiruvika Nagar perambur,600021,13.116039596362995,80.23179274310255,"201, Paper Mills Road, Maniyammai Nagar, Peravallur, Perambur, Chennai, Tamil Nadu 600011, India"
3437,29C,Alwarthirunagar (near aavin junction),600087,13.04515272525062,80.18652053802569,"189, Arcot Rd, Shakthi Nagar, Nolambur, Ambattur Industrial Estate, Chennai, Tamil Nadu 600083, India"
2057,10c,Noor Hotel ,600023,13.098498536364431,80.23435443340964,"180, Konnur High Rd, Venkatesapuram Colony, Ayanavaram, Chennai, Tamil Nadu 600023, India"
3481,15A,Kolladi hp petrol bunk,600077,13.073323,80.123188,"9620, Ramadass Nagar, Ayapakkam, Ambattur, Chennai, Tamil Nadu 600077, India"
6042,16E,Paruthipattu busstop,600071,13.08660060430384,80.10876544389225,"Paruthipattu, Poonamallee - Avadi High Rd, Avadi, Tamil Nadu 600077, India"
3581,15B,Thirumullaivoyal ,600062,13.1307405,80.1314386,"41A, Arunanagar, Pachaiamman Nagar, Thirumullaivoyal, Chennai, Tamil Nadu 600062, India"
4297,12C,Ajantha,600011,13.112210423410636,80.23776249911448,"No 132, 261, Paper Mills Road, Gopal Colony, Perambur, Chennai, Tamil Nadu 600011, India"
3513,13C,Grace Super Market,600049,13.10401676535999,80.20660889740584,"11/21, Sivan Koil South Mada St, North High Court Colony, Ambedkar Nagar, Villivakkam, Chennai, Tamil Nadu 600049, India"
290,39c,Ponnerikarai  ,631552,12.8708279005629,79.70852543503732,"VPC5+99J, Bengaluru - Chennai Hwy, Tamil Nadu 631552, India"
6035,35A,Abhirami kalyana mandapam mangadu,600122,13.021028693441997,80.12681774954382,"Bharani Puthur, Paraniputhur, Chennai, Tamil Nadu 600122, India"
6036,16A,Kallikuppam ,600053,13.131749548099204,80.16981653556519,"2, Gandhi St, Kallikuppam, Ambattur, Chennai, Tamil Nadu 600053, India"
6740,11,Moolakadai,600060,13.1433079,80.2493324,"No.21, Narayanaswami Garden, Manali Salai, Selavoyal, Kodungaiyur, Narayanaswamy Garden, Chinna Kodungaiyur, Kodungaiyur, Chennai, Tamil Nadu 600118, India"
284,10c,Nadhamuni stop Villivakkam ,600049,13.1051726,80.2046582,"No.35, Keeranar Complex, Madras Thiruvallur High Rd, Ambedkar Nagar, Villivakkam, Chennai, Tamil Nadu 600049, India"
6029,8C,TPM Church,600101,13.0972396,80.1933651,"Plot 3, N Main Rd, AP Block, Sector A, Anna Nagar West Extension, Chennai, Tamil Nadu 600101, India"
6174,3,Miller road,600010,13.08257624943852,80.2497263146558,"83/1, Millers Rd, Kilpauk, Chennai, Tamil Nadu 600010, India"
4195,19c,Bharathi Nagar Auto Stand,600064,12.9455794597398,80.13944234759057,"22/44, Hastinapuram Main Rd, Nehru Nagar, Chromepet, Chennai, Tamil Nadu 600044, India"
287,13A,Retteri ,600099,13.1403903,80.2081013,"46R5+56P, Parimalam Nagar, Vinayakapuram, Kolathur, Chennai, Tamil Nadu 600099, India"
6061,20D,Christking covent stop ,600059,12.92480575680598,80.12836431216164,"21/8, Porur St, East Tambaram, Tambaram, Chennai, Tamil Nadu 600059, India"
7177,13b,Senthil nagar ,600099,13.125566359250822,80.20678223757326,"Dr, 3rd Main Rd, Ambedkar Nagar, Kolathur, Chennai, Tamil Nadu 600099, India"
6752,34,Sabari Nagar Petrol Bunk,600125,13.0242098,80.1687601,"25F9+MGJ, Sabari Nagar Extension, Mugalivakkam, Chennai, Tamil Nadu 600125, India"
7626,4,Egmore,600008,13.071397895630934,80.26008287948093,"37C6+H26, Middleton St, Egmore, Chennai, Tamil Nadu 600008, India"
8032,37,Porur saravana stores ,600125,13.0324123,80.1640371,"106, Mount Poonamallee Rd, Porur, Chennai, Tamil Nadu 600116, India"
7550,37B,Parivakkam Signal,600056,13.0508507,80.0993342,"25/95, Chetty St, near by government hospital, Nambi Nagar, Poonamallee, Chennai, Tamil Nadu 600056, India"
1034,11,Retteri RTO(opposite to Meridian hospital,600110,13.135235702890038,80.21645228946093,"46P8+3J2, 30 Feet Rd, Sastry Nagar, Kolathur, Chennai, Tamil Nadu 600099, India"
221,21C,Vellacheri dandesaram Nagar bus stop ,600042,12.9804213,80.22505869999999,"36, Dhadeswaram Nagar, Velachery, Chennai, Tamil Nadu 600042, India"
1055,13c,Grace Super Market	,600082,13.1181605,80.2203268,"4/3, Periyar Nagar West, Kolathur, Chennai, Tamil Nadu 600082, India"
8024,42c,SR Gate ,631002,13.0224769,79.61652099999999,"2JC8+XJ Arumbakkam, Tamil Nadu, India"
6807,42,Manavalanagar ,602002,13.108321006067596,79.90982620582,"4W55+8WQ, SH 57, Manavalanagar, Tamil Nadu 602002, India"
6083,25c,besant nagar ,600020,12.9943330777072,80.2685790736328,"59, Ashtalaxmi Garden, Besant Nagar, Chennai, Tamil Nadu 600090, India"
6006,16C,Puzhal Jail,600066,13.164293309858948,80.2025851167817,"5673+P2X, Service Rd, Mahalakshmi Nagar, Puzhal, Chennai, Lyon, Tamil Nadu 600066, India"
6090,22,Mettu Kuppam ,600097,12.9441927,80.23754,"2-214, Customs Colony, Ellaiamman Nagar, Rajiv Nagar, Thoraipakkam, Chennai, Tamil Nadu 600097, India"
6176,15D,ICMR,600077,13.1009772731792,80.13938070839383,"9028, TNHB Colony, Annanur, Ayappakkam, Chennai, Tamil Nadu 600077, India"
5620,35D,arunmathi theatre ,600070,12.975128939753242,80.13275309425657,"X4GM+24J, Pasumpon Nagar, Pammal, Chennai, Tamil Nadu 600075, India"
1051,16E,PTR Kalyana Mandapam,600053,13.1245553,80.15219189999999,"Madras Thiruvallur High Road,MTH Road,मद्रास थिरूवल्लूर हाई मार्ग, 62, Surapet Main Rd, Vijayalakshmi Puram, Ambattur, Chennai, Tamil Nadu 600053, India"
1153,36c,"Poorvika, Porur Baikadai",600122,13.01913130270511,80.14247217474423,"214, Kundrathur Main Rd, Rajiv Gandhi Nagar, Moulivakkam, Chennai, Tamil Nadu 600125, India"
6759,42A,Thakkolam ,631151,13.021615704711014,79.72387419931175,"26, Thakkolam, Tamil Nadu 631151, India"
7143,34c,Kaatupaakam,600056,13.0378524,80.1350401,"Iyyappanthangal, Iyyappanthangal, Chennai, Tamil Nadu 600056, India"
3036,4,Chetpet signal,600031,13.06926324572804,80.24268037754987,"94, Spur Tank road, M.S. Nagar, Mukta Gardens, Chetpet, Chennai, Tamil Nadu 600031, India"
978,9,Grace Super Market,600107,13.0769662,80.187415,"Landmark Tivoli, 1/22, Golden George Nagar, Mogappair East, Chennai, Tamil Nadu 600037, India"
4205,35A,Sai baba kovil,600056,13.052341010310313,80.12305269930448,"Raj wedding hall, 70/7, Poonamallee High Rd, opp. to Senneer Kuppam, Abirami Nagar, Poonamallee, Chennai, Tamil Nadu 600077, India"
7236,37B,Sennerkuppam EB stop,600077,13.052488633768718,80.10869160323863,"19 B, 2nd St, Kalaimagal Nagar, Poonamallee, Chennai, Tamil Nadu 600056, India"
6786,20E,"Shravana stores, Chrompet ",600043,12.954505650330022,80.14268039474499,"134, NH32, Lakshmi Nagar, Rajaji Nagar, Chromepet, Chennai, Tamil Nadu 600044, India"
7647,25C,Besant nagar,600090,13.001396719158176,80.2651700945499,"2728+G4R, 2nd Cross St, Custom Colony, Besant Nagar, Chennai, Tamil Nadu 600090, India"
6067,1,Kaladipet metro,600019,13.150167507590073,80.2994014761426,"91, Thiruvottiyur High Rd, Thangal, Thyagarajapuram, Tiruvottiyur, Chennai, Tamil Nadu 600019, India"
2780,17B,201 Bus stop,602001,13.137663914992292,79.90418168520564,"18, Kumaravel Nagar, SP Nagar, Tiruvallur, Tamil Nadu 602001, India"
1135,30C,Jains Flats,600092,13.04839188177945,80.19461223085024,"21, Saradha Nagar, Virugambakkam, Chennai, Tamil Nadu 600092, India"
1065,9,7-H Bus Stand,600037,13.0827447,80.17625559999999,"359, VGP Nagar, Mogappair West, Mogappair East, Chennai, Tamil Nadu 600037, India"
2926,21c,N.G.O colony bus stop,600088,12.991728364424716,80.20338757201716,"5-3, Balakrishnapuram, Paramesh Nagar Ps, Chennai, Tamil Nadu 600016, India"
7098,35A,Kumananchavadi,600056,13.041411291016106,80.11464202344551,"16, Mangadu, Astha Lakshmi Nagar, Thanthai Periyar Nagar, Kamaraj Nagar, Mangadu, Chennai, Tamil Nadu 600122, India"
4187,42c,Nazarethpetai,600123,13.038446079479012,80.09284542431435,"6, Mangadu Rd, Bakthavatchalam Nagar, Bakthavathsalam Nagar, Poonamallee, Chennai, Tamil Nadu 600123, India"
8021,28,Liberty,600024,13.053919473706245,80.22798365316153,"New number35, Arcot Rd, Taylor Estate, Kodambakkam, Chennai, Tamil Nadu 600024, India"
3075,10C,ICF,600049,13.100458557027313,80.21444578140546,"ICF Post Office, ICF HOSPITAL, ICF West Colony, Villivakkam, Chennai, Tamil Nadu 600038, India"
7198,40,Pondur,602105,12.938732256392878,79.93539202543971,"WWQP+F5 Sriperumbudur, Tamil Nadu, India"
6857,18D,Avadi bus depo,600054,13.1206137,80.10198319999999,"Avadi Bus Depot, Bhaktavatsala Puram, Vasantham Nagar, Avadi, Tamil Nadu 600054, India"
2897,40c," Kamarajar St, Bavaji Nagar, Nellukara st, Kanchipuram",631502,12.837486871204218,79.70368664482692,"106a, Kamarajar St, Bavaji Nagar, Nellukara st, Kanchipuram, Tamil Nadu 631502, India"
688,18E,"No.201/4, Anna Complex, Mittanamalli, Avadi IAF, Chennai - 600055",600055,13.1530674,80.0644642,"11, Palavedu Rd, Mittanemili, Periyar Nagar, Avadi, Tamil Nadu 600055, India"
6732,1,Kaladipet,600019,13.15102,80.2995,"Kaladipet, Rajakadai, Tiruchanankuppam, Chennai, Tamil Nadu 600019, India"
6119,11 ,DRJ,600076,13.115671793927367,80.19864865914064,"6/14, Palani Malal Nagar, Thathan Kuppam, Villivakkam, Chennai, Tamil Nadu 600049, India"
6882,18,Ramanatha theatre,600071,13.117050289412385,80.09725648323068,"20, New Military Rd, Pudupet, Chennai, Avadi, Tamil Nadu 600002, India"
4180,38,Dusi,631702,12.775867874535937,79.67826719664401,"QMGH+968, Tiruvannamalai - Kanchipuram Rd, Dusi, Tamil Nadu 631702, India"
6811,12b,Welding shop,600099,13.123325222930768,80.2229181130719,"47a, Red Hills Rd, Velavan Nagar, Kolathur, Chennai, Tamil Nadu 600099, India"
7670,39c,Ekambaranathar temple ,631502,12.845704543123349,79.70025740312069,"RPW2+64Q, Ekambaranathar Sannathi St, Periya, Kanchipuram, Tamil Nadu 631502, India"
6309,5A,Maduravoyal Ration Shop,600095,13.066772761375274,80.17748813779258,"1st, Ammayapan St, Vishwas Nagar, Venkateswara NAgar, Maduravoyal, Chennai, Tamil Nadu 600095, India"
4257,40c,Ramas cafe,631502,12.8358507,79.7055922,"RPP4+75C, Ennaikaran, Kanchipuram, Tamil Nadu 631501, India"
6079,15D,Ayyapakam Church water tank,600058,13.0957538,80.1357448,"8, कसिलिंगम क्रॉस स्ट्रीट, Bhavani Nagar, Ayappakkam, Chennai, Tamil Nadu 600077, India"
404,9c,DR super market mogappair ,600037,13.0835569,80.1730553,"Pukazhenthi Salai, No 2/335, Mogappair West, Mohanram Nagar, Mogappair, Chennai, Tamil Nadu 600037, India"
5524,16c,Wireless Ambattur ,600053,13.131890482766794,80.1655445927168,"45J8+Q57, Chennai - Thiruttani - Renigunta Hwy, Kallikuppam, Ambattur, Chennai, Tamil Nadu 600053, India"
392,18A,Paruthippattu police booth,600054,13.091516957879143,80.10509490966797,"34R4+H3V, Paruthippattu, Avadi, Tamil Nadu 600071, India"
7270,1c,Royapuram bridge,600013,13.106171929049752,80.29262085088892,"Royapuram, Chetty Thottam, Royapuram, Chennai, Tamil Nadu 600013, India"
6828,7A,Collector nagar bus stop,600050,13.087757022544473,80.18931024941514,"Collector Nagar, Ambattur Estate Rd, Collector Nagar, J J Nagar, Mogappair East, Chennai, Tamil Nadu 600050, India"
352,7,Reliance ,600040,13.09468714442154,80.20377766070295,"36V3+VF5, 18th Main Rd, Aishwarya Colony, Thiruvalluvar Colony, Anna Nagar, Chennai, Tamil Nadu 600040, India"
7648,34C,Iyyapathangal,600056,13.038226829197358,80.13457429336813,"Iyyappanthangal, VGN Nagar, Iyyappanthangal, Chennai, Tamil Nadu 600056, India"
3246,35A,Aravind eye hospital ,600077,13.073323,80.123188,"9620, Ramadass Nagar, Ayapakkam, Ambattur, Chennai, Tamil Nadu 600077, India"
6813,1,Thangal,600019,13.1637859,80.29839179999999,"724, Tiruvottiyur, Chennai, Tamil Nadu 600019, India"
2928,39c,"Next to RTO office ,NH4",631552,12.8714323,79.71617189999999,"VPC8+HFF, Madras Bombay Trunk Rd, Tamil Nadu 631552, India"
8009,29,Sudharma Hall,600093,13.05472,80.2012632,"54, Kalaignar St, Kaveri Rangan nagar, Saligramam, Chennai, Tamil Nadu 600093, India"
2063,16A,Camp (puzhal),600066,13.15810390663836,80.2032441139754,"Ambattur Camp, Puzhal, Chennai, Kadirvedu, Tamil Nadu 600066, India"
8028,39,Millitary road ,631502,12.8996987,79.67266320000002,"No.141, Lakshmi Nagar, Thimmasamuthiram, Tamil Nadu 631502, India"
6721,39,Kk nagar,631502,12.814577953140407,79.70547042911888,"587/11, Saravana Nagar, Venkateshwara Nagar, Sivapuram, Kanchipuram, Tamil Nadu 631501, India"
359,18,"Avadi,ramrathna",600054,13.1172057763813,80.09702958987822,"124, New Military Rd, opp. to Ramarathna Theatre, Thirumalai Rajapuram, Avadi, Chennai, Tamil Nadu 600054, India"
5482,5B,Vanagaram fish market opposite (prestige apartments),600095,13.0612272,80.1489311,"346X+CF9, Rajiv Nagar, Vanagaram, Chennai, Tamil Nadu 600077, India"
7679,42C,Venkatesapuram,631002,13.066433453633868,79.67326823849311,"3M8F+J5M, Ammanur R.F., Arakkonam, Tamil Nadu 631002, India"
5641,7A,Velammal ,600050,13.092212658323032,80.18258441929223,"Vadakkan House, 1, 1st Ave, Akshaya Colony, Officers Colony, Chennai, Tamil Nadu 600050, India"
5499,37B,Karayanchavadi ,600056,13.045919233236422,80.11201021065501,"456/95, Bangalore Hwy, Indrani Nagar, Poonamallee, Chennai, Tamil Nadu 600056, India"
4925,42C,Poonamalee byepass,600056,13.049145937555403,80.08788027672664,"23XQ+H4V, Poonamallee High Rd, Rukmani Nagar, Poonamallee, Chennai, Tamil Nadu 600123, India"
5636,24,Independence day park,600061,12.9781943,80.18651090000002,"1, 47th Street, Landmark:, opposite Govt Girls High School, TNGO Colony, Nanganallur, Chennai, Tamil Nadu 600061, India"
303,18,"Avadi,ramrathna.",600054,13.117190234183829,80.09703557633183,"124, New Military Rd, opp. to Ramarathna Theatre, Thirumalai Rajapuram, Avadi, Chennai, Tamil Nadu 600054, India"
6111,15C,Singapore Shopping ,600053,13.118666,80.15580779999999,"No 3, 3, Sathya Narayana St, Venkatapuram, Ambattur, Chennai, Tamil Nadu 600053, India"
6737,5A,Ration shop,600095,13.066507527448296,80.17497967743982,"15/12A, Nh48, Vishwas Nagar, Maduravoyal, Chennai, Tamil Nadu 600107, India"
2877,16B,Oragudam,600053,13.126961560586492,80.15380442328143,"106, Surapet Main Rd, Bharati Nagar, Vijayalakshmi Puram, Ambattur, Chennai, Tamil Nadu 600053, India"
4343,27c,Music academy ,600014,13.0470871,80.2608297,"Music Academy T.T.K Road, Pudupet, Royapettah, Chennai, Tamil Nadu 600014, India"
3271,12c,Mannurpet ,600050,13.091141,80.18320120000001,"69, Mogappair East, Chennai, Tamil Nadu 600050, India"
3241,23,Vanuvampet Perumal Kovil,600091,12.982898480374317,80.19620418984323,"X5MW+5FM, Medavakkam Main Rd, Ram Nagar, Nanganallur, Chennai, Tamil Nadu 600061, India"
3277,20A,Selaiyur ,600073,12.9155116,80.1521428,"226, Indira Nagar, Selaiyur, Chennai, Tamil Nadu 600073, India"
341,9c,Drj supermarket mogappair west ,600037,13.0835569,80.1730553,"Pukazhenthi Salai, No 2/335, Mogappair West, Mohanram Nagar, Mogappair, Chennai, Tamil Nadu 600037, India"
4941,37B,Karayanchavadi,600056,13.0450079,80.1156829,"358, near Poonamallee Fire And Rescue Station, MSS Nagar, Ambedkar Nagar, Poonamallee, Chennai, Tamil Nadu 600056, India"
785,3,Gangadeeswarar koil ,600084,13.0836671,80.2546488,"37M3+FV6, Purasaiwakkam, Chennai, Tamil Nadu 600084, India"
7303,18C,Paruthipattu,600071,13.092613165042202,80.10680478257994,"33, Paruthippattu, Avadi, Tamil Nadu 600071, India"
1050,14C,Manali 3rd main road,600051,13.1694074,80.2498412,"569X+PWV, 3rd Main Rd, TNHB Layout, Mathur, Chennai, Tamil Nadu 600068, India"
411,8,Sidco nagar,600049,13.1051726,80.2046582,"No.35, Keeranar Complex, Madras Thiruvallur High Rd, Ambedkar Nagar, Villivakkam, Chennai, Tamil Nadu 600049, India"
7695,15D,Ayappakkam icmr,600077,13.101094498285034,80.1393614905512,"9028, TNHB Colony, Annanur, Ayappakkam, Chennai, Tamil Nadu 600077, India"
5487,16c,Wireless ambattur,600053,13.1143212,80.15447429999999,"4573+PQH, Ambattur, Chennai, Tamil Nadu 600053, India"
5218,37C,Poonamallee bypass,600056,13.049088010218496,80.08805433716138,"283, Trunk Rd, Old Check Post, Poonamallee, Chennai, Tamil Nadu 600069, India"
5486,40A,Walajabad ,631605,12.7927854,79.81753429999999,"1, Raja St, Bustand, Walajabad, Tamil Nadu 631605, India"
5521,19,Mahindra World Ciry,603004,12.74263289197666,79.9925739442129,"PXVR+3WV, Bagath Singh Nagar, Tamil Nadu 603204, India"
5534,15,Canara bank,600053,13.00939806024229,80.00470714355583,"2253+JJQ, Mevalurkuppam, Tamil Nadu 602105, India"
5480,18D,Kovilpathagai Stop,600062,13.1389433,80.1353638,"36/13, Yamuna Nagar, Saraswati Nagar, Thirumullaivoyal, Chennai, Tamil Nadu 600062, India"
7655,9B,"Mogappair West, Nolambur, park",600037,13.0806487,80.1618568,"35J6+8P6, TNHB Phase I, Nolambur, Ambattur Industrial Estate, Chennai, Tamil Nadu 600037, India"
7598,13C,Grace Super Market,600049,13.118802912235417,80.20782608472894,"63, Kolathur Rd, Makkaram Garden, Kolathur, Chennai, Tamil Nadu 600099, India"
7359,7c,Collector nagar,600101,13.0865328,80.1892501,"24-29, 1st St, Collector Nagar, J J Nagar, Mogappair East, Chennai, Tamil Nadu 600101, India"
2653,4c,Nungambakkam Railway Station ,600094,13.0636178,80.2267919,"367G+CPV, Sankarapuram 2nd St, Sakthi Nagar, Thiruvalluvar Puram, Choolaimedu, Chennai, Tamil Nadu 600094, India"
7733,34,Kattupakkam ,600056,13.039455996599838,80.12883756558728,"Lakshmi Avenue, 1/4, Bajanai Koil St, Pushpa Nagar, Kattupakkam, Chennai, Tamil Nadu 600056, India"
3262,8c,v3 jj nagar police station,600037,13.085230245109186,80.18749577825207,"b/c1 2, Block 1, J J Nagar, Anna Nagar West Extension, Chennai, Tamil Nadu 600037, India"
1045,4c,Thiruveedi Amman Kovil arubakkam,600106,13.07620008299982,80.20345658789518,"543, Janakiraman Colony, Koyambedu, Chennai, Tamil Nadu 600106, India"
7797,11,Moolakadai,600118,13.1284153,80.24195329999999,"No 1, thiruvalluvar street, Moolakadai, Kodungaiyur, Chennai, Tamil Nadu 600118, India"
5504,14,Manjampakkam-Puzhal Roundtana,600060,13.1555912,80.22472549999999,"42, Kilburn Nagar, Kannan Nagar, Madhavaram, Chennai, Manjampakkam, Tamil Nadu 600060, India"
1251,16,janapachatram koot road,600067,13.2394415,80.2098219,"No:50 1A/1B Periyapalayam Road Janapachathram, Mafaskanpet, Tamil Nadu 600067, India"
5528,32,Aranganathan Subway,600015,13.027233841851544,80.2239927370736,"2/3, Appavu Nagar, Saidapet, Chennai, Tamil Nadu 600015, India"
3248,15C,"Singapore Shopping, Ambattur",600053,13.11468547666113,80.16137628231496,"23, Ambattur, Chennai, Tamil Nadu 600053, India"
4758,13b,Tvk bus stand ,600011,13.112333321671086,80.23796114354961,"52/119, Paper Mills Road, Neelam Garden, Perambur, Chennai, Tamil Nadu 600011, India"
7752,37C,Poonamallee Bus stand ,600056,13.050808358734717,80.09444960904301,"TRUNK ROAD, 750, Main Rd, MG Nagar, Poonamallee, Chennai, Tamil Nadu 600056, India"
7708,1,ITC,600057,13.183757930376698,80.30843475935353,"36, 2nd St, Dr. Ambedkar Nagar, Rajiv Gandhi Nagar, Tiruvottiyur, Chennai, Tamil Nadu 600057, India"
2429,37c,Poonamallee bypass ,600056,13.0527883,80.0902264,"333R+439, Poonamallee Bypass Rd, Ettima Nagar, Poonamallee, Chennai, Tamil Nadu 600056, India"
2975,7A,Golden flates,600107,13.0739183,80.1907184,"97A, Koyambedu, Chennai, Tamil Nadu 600107, India"
553,12B,Moogambigai,600099,13.12604042414016,80.2193146704082,"Moogambigai Bus Stop, Sundaram Nagar, Kolathur, Chennai, Tamil Nadu 600099, India"
7722,17,Thiruvallur - Meera Theatre,602001,13.1441076,79.8988313,"No.65A, C.V Naidu Road Meera Theatre, opposite Thiruvallur, Tamil Nadu 602001, India"
3244,40,Rangaswamy kulam,631501,12.82096658883565,79.70809576892903,"45/12E, Bavapettai St, Chinna Kanchipuram, Ennaikaran, Kanchipuram, Arappanacheri, Tamil Nadu 631501, India"
962,17A,Thiruvalluvar ,602002,13.1107318,79.9106255,"4W66+77R, Manavalanagar, Tamil Nadu 602002, India"
934,15A,Vgn mahalakshmi nagar,600077,13.065553980106817,80.13779659039754,"32/1B, 600, main road, opp. Appolo pharmacy, Perumalagaram, Thiruverkadu, Chennai, Tamil Nadu 600077, India"
984,12c,Perambur Chennai ajantha bakery ,600011,13.11332448091087,80.23611975339391,"467P+8C7, Paper Mills Road, Sembiyan, Perambur, Chennai, Tamil Nadu 600011, India"
3270,36,Kovur High School,600128,13.009695629674454,80.12125703046625,"Thandalam, Kovur, Dhanlakshmi Nagar, Chennai, Thandalam, Tamil Nadu 600128, India"
963,43,Manavalanagar ,602002,13.10659528804197,79.90954370894174,"7, Alagiri St, Kabilar Nagar, Manavalanagar, Tamil Nadu 602002, India"
7649,23C,Independence Day Park,600061,12.980815820710609,80.18652028805901,"5, 6th Main Rd, TNGO Colony, Nanganallur, Chennai, Tamil Nadu 600061, India"
3260,10c,Kambar Arangam,600038,13.09905107500346,80.21948933974156,"Kambar Aarangam, Ayanavaram, Chennai, Tamil Nadu 600038, India"
947,17A,Ondikuppam,602002,13.1097015071468,79.92088234496676,"4W5C+W94, SH-50, Tamil Nadu 602002, India"
7804,14c,Madavaram ,600060,13.1460465,80.23960960000001,"46WQ+CVF, Arul Nagar, Kumarappapuram, Madhavaram Milk Colony, Chennai, Tamil Nadu 600051, India"
646,13c,Temple School ,600099,13.124006524511072,80.21214909059873,"46F6+JV3, Kolathur Rd, Anusuya Nagar, Kolathur, Chennai, Tamil Nadu 600099, India"
6681,15,Ambattur OT,600053,13.1143212,80.15447429999999,"4573+PQH, Ambattur, Chennai, Tamil Nadu 600053, India"
8125,14,Madhavaram ,600060,13.1449235,80.23279769999999,"46VM+X47, Madavaram Red Hills Rd, Pukraj Nagar, Madhavaram, Chennai, Tamil Nadu 600060, India"
8129,17,perinjeri ,602026,13.3029835,79.8849825,"8V3M+5XX, Perinjeri, Tamil Nadu 602026, India"
4117,15c,Sinagapore shopping,600053,13.12174107616959,80.14788216365793,"Interview zone : 123, second floor, phase II, Madras Thiruvallur High Rd, Vivek Nagar, Ambattur, Chennai, Tamil Nadu 600053, India"
552,16B,Surapet ,600066,13.1615575,80.2004457,"5662+J5 Chennai, Tamil Nadu, India"
1109,12B,Kolathur Junction ,600099,13.124460956364471,80.21259061299808,"Uma Maheshwar Nagar, 6/7, Anusuya Nagar, Kolathur, Chennai, Tamil Nadu 600099, India"
7643,13A,Saravana Stores padi,600050,13.0997528,80.1890724,"ANKUR PALM SPRINGS, 4, Chennai Tiruvallur High Rd, Padi, Chennai, Tamil Nadu 600050, India"
566,14C,Thapalpetti,600060,13.1418469,80.23699719999999,"157, Madavaram Red Hills Rd, Thapalpetti, Kanchi Ponnusamy Thottam, Madhavaram, Chennai, Tamil Nadu 600060, India"
8130,17c,GRT kakalur bypass Thiruvallur ,602001,13.126800945481332,79.90846003608853,"189, 5th Cross Street, Jayanagar, Kakkalur, Tamil Nadu 602001, India"
7828,12b,welding shop,600099,13.1342176,80.20583810000001,"11, Vallikollaimedu, Bharathi Nagar, Thiruverkadu, Chennai, Tamil Nadu 600099, India"
3227,24c,Pallavaram ,600117,12.961712649986945,80.1472758158225,"197/184, Sunnambu Colony, Pallavaram, Chennai, Tamil Nadu 600044, India"
8127,16A,Wireless ,600053,13.132127009043105,80.16547219238954,"100, 1st Main Rd, Pasumpon Nagar II, West Balaji Nagar, Kallikuppam, Ambattur, Chennai, Tamil Nadu 600053, India"
1112,10,Sayani Theatre,600023,13.097823820301684,80.23783390094948,"34, Konnur High Rd, Pudhu Nagar, Venkatesapuram Colony, Ayanavaram, Chennai, Tamil Nadu 600023, India"
755,40c,Kancheepuram Bus Stand,631501,12.8397338,79.7111791,"6B, S Krishnan St, near Old Railway Station, Periya, Kanchipuram, Tamil Nadu 631502, India"
901,37B,"Poonamallee,Karayanchavadi",600056,13.05163328929577,80.1126632390267,"6/326 Adavi, Sennerkuppam, Main Rd, Periyar Nagar Extension, Chennai, Tamil Nadu 600056, India"
8134,19E,Bharathi nagar,600045,12.9307167,80.1118791,"440, Kasthuribai Nagar, Tambaram, Chennai, Tamil Nadu 600045, India"
559,23c,Keelkattalai bus stand ,600117,12.955905953367234,80.1868273761714,"163, Medavakkam Main Rd, near city union bank, Kovilambakkam, Thiruvalluvar Nagar, Keelkattalai, Chennai, Tamil Nadu 600129, India"
928,15c,Ambattur rakki ,600053,13.122511309295078,80.14812245854115,"16/8A, Surapet Main Rd, Venkatapuram, Ram Nagar, Ambattur, Chennai, Tamil Nadu 600053, India"
852,25c,Madhya kailash ,600085,13.006526,80.2471336,"264W+JV6, Sardar Patel Rd, Sriram Nagar, Tharamani, Chennai, Tamil Nadu 600113, India"
8138,14c,Arul nagar,600051,13.145423113672416,80.23983808734461,"3, Annai Velankanni Nagar, Madhavaram Milk Colony, Chennai, Tamil Nadu 600051, India"
7743,34c,ayyapanthangal,600056,13.0363785,80.15358979999999,"23, Mount Poonamallee Rd, Devi Nagar, Porur, Chennai, Tamil Nadu 600116, India"
2944,17,Shree nikaten patasala ,631203,13.153742024290477,79.88999371607729,"5V3Q+CWG, Jasmine Garden Main Rd, Pullarambakkam, Tamil Nadu 631203, India"
824,8,Anna nagar west depot ,600101,13.0920727,80.1944807,"116, D-Sector, Anna Nagar West Extension, Chennai, Tamil Nadu 600101, India"
7719,40C,Ramas cafe kanchipuram,631502,12.841096700023009,79.71889423058624,"RPR9+9H7, H.S avenue, Pambaganapathy Nagar, Tamil Nadu 631561, India"
8006,1C,Tondaiyarpet ,600021,13.1153868,80.28308559999999,"1083, Thiruvottiyur High Rd, Mottai Garden, Washermanpet, Chennai, Tamil Nadu 600021, India"
6661,34c,Iyappanthangal,600056,13.0381858,80.1337176,"3, Trunk Rd, Mahalakshmi Nagar, Poonamallee, Chennai, Tamil Nadu 600056, India"
6886,43,Pattari,602002,13.0795704,79.9080757,"3WH5+MFR, Manavalanagar, Tamil Nadu 602002, India"
8139,18b,Thirumullaivoyal,600062,13.130648733838404,80.13154447418255,"73/3, Chennai - Tiruvallur High Rd, Venugopal Nagar, Cholambedu, Chennai, Tamil Nadu 600062, India"
424,30,chinmaya nagar,600092,13.0619853,80.1990136,"280, Chinmaya Nagar, Chinmaya Nagar Stage 1, Sri Iyappa Nagar, Chennai, Tamil Nadu 600092, India"
4342,20D,SELAYUIR police station ,600073,12.922344023489584,80.13525186602324,"59, Raja Iyer St, East Tambaram, Tambaram, Chennai, Tamil Nadu 600073, India"
7740,8,Nadhamuni,600049,13.103436863735348,80.20222034811891,"4632+9VG, Thiru Nagar, Villivakkam, Chennai, Tamil Nadu 600049, India"
7818,17D,Thirumazhisai (Shivan Kovil ),600124,13.055951319270564,80.06695921159059,"87, Udayavar, Thirumazhisai, Tamil Nadu 600124, India"
619,39,Uthiramerur ,603406,12.517706869702906,79.77091638734254,"GQ9C+5FG, Uthiramerur Road, L. Endathur, L.Endathur, Tamil Nadu 603406, India"
611,10C,ICF,600049,13.1009015,80.2142874,"367/16, Chennai Tiruvallur High Rd, Moorthy Nagar, South Thirumalai Nagar, Villivakkam, Chennai, Tamil Nadu 600049, India"
612,5A ,EG: maduravoyal ration stop,600095,13.06969102861243,80.15977993815758,"200ft bye pass, Service Rd, Maduravoyal, Chennai, Tamil Nadu 600095, India"
801,5b,Maduravoyal errikarai,600095,13.06969102861243,80.15977993815758,"200ft bye pass, Service Rd, Maduravoyal, Chennai, Tamil Nadu 600095, India"
770,5b,Madhurayol eeikkarai,600095,13.06969102861243,80.15977993815758,"200ft bye pass, Service Rd, Maduravoyal, Chennai, Tamil Nadu 600095, India"
7723,35b,Krishna Nagar bus stop ,600075,12.978935082087666,80.14130997033716,"21, 7th Cross St, near vignesh Mahal, Anakaputhur, Anna Nagar, HL Colony, Pammal, Chennai, Tamil Nadu 600075, India"
602,26c,Ratna cafe,600005,13.0639677,80.2805753,"377J+H6P, PWD Estate, Chepauk, Triplicane, Chennai, Tamil Nadu 600005, India"
7746,17,Thirumazhisai ,600124,13.054474900145404,80.06213302704015,"3336+RPX, Ramachandra Nagar, Thirumazhisai, Tamil Nadu 600124, India"
3233,12B,Welding shop,600099,10.949081,76.1375427,"W4XQ+J2M, Kolathur - Malappuram Rd, Kolathur, Kerala 679338, India"
6659,5c,Nerkundrum ,600107,13.0627489,80.18225369999999,"5, 14th St, Sakthi Nagar, Krishna Nagar, Nerkundram, Chennai, Tamil Nadu 600107, India"
7742,37c,Poonamallee Ambedkar statue,600056,13.0489683,80.08913299999999,"Old Sundar Theatre Complex,, 795C, Poonamallee - Avadi High Rd, Rukmani Nagar, Poonamallee, Chennai, Tamil Nadu 600056, India"
1156,41C,Vallalar,632009,12.936131137638291,79.16987499433094,"366, 17th Cross Rd, Phase 1, Sathuvachari, Vellore, Tamil Nadu 632009, India"
1108,45,Keel padappai (high school),601301,12.888552,80.029277,"Kizh Padappai, Padappai, Tamil Nadu 602301, India"
1027,17D,Tiruninravur,602024,13.138150608075108,80.03876514002894,"42QQ+CH2, Palavedu, Tamil Nadu 602024, India"
7686,23,Ganesh Nagar,600117,12.960591415136255,80.18702894490558,"21, Medavakkam Main Rd, opposite to Sairam Thanga Maaligai, Gandhi Nagar, Keelkattalai, Chennai, Tamil Nadu 600091, India"
866,10C,Kalpana hotel villivakkam,600049,13.103206,80.207732,"Kalpana Hotel, Villivakkam, Chennai, Tamil Nadu 600049, India"
662,5a,Panchalli amman Kovil ,600106,13.07696540292078,80.21047763444297,"Panchali Amman Koil Street, No-93, Poonamallee High Rd, Amaravathi Nagar, Arumbakkam, Chennai, Tamil Nadu 600106, India"
7737,37,Saravana stores,600116,13.02980076072095,80.16454062428397,"16A, Parvathi 2nd St, Parvathi Avenue, Sakthi Nagar, Porur, Chennai, Tamil Nadu 600116, India"
4357,9a,Sbi nolambur,600037,13.0848241,80.1712824,"715CS, Mogappair West, Mogappair, Chennai, Tamil Nadu 600037, India"
3242,24,Jk Palace ,600061,12.9761394,80.18305529999999,"150, Hindu Colony 23rd Cross St, Teachers Colony, Nanganallur, Chennai, Tamil Nadu 600061, India"
7689,15A,Velappanchavadi,600077,13.060802672500865,80.13673851994325,"346P+8JM, NH 48, Maccana Industrial Estate, Madhiravedu, Poonamallee, Chennai, Tamil Nadu 600077, India"
7674,15A,Velappanchavadi,600077,13.0608821434212,80.13677062437044,"346P+8JM, NH 48, Maccana Industrial Estate, Madhiravedu, Poonamallee, Chennai, Tamil Nadu 600077, India"
7687,5A,"Arumbakkam,MMDA colony,water tank road",600106,13.0687817,80.2147491,"1, MMDA Colony, Arumbakkam, Chennai, Tamil Nadu 600106, India"
3228,36,Kolapakkam bus stop,600125,13.0129745,80.17355649999999,"236, Manapakkam Main Rd, Ramapuram, Ambedkar Nagar, Manapakkam, Chennai, Tamil Nadu 600125, India"
7996,34c,Iyyappanthangal Bus Stand,600117,13.039160893539576,80.13215901527805,"2/398, Mount Poonamallee Rd, Pushpa Nagar, Iyyappanthangal, Chennai, Tamil Nadu 600056, India"
719,11A,Thathankuppam ,600049,13.10967700914568,80.20045713283226,"6/48, 1st Main Rd, Sidco Nagar, Villivakkam, Chennai, Tamil Nadu 600049, India"
834,1c,Bus depot,600081,13.131722384650647,80.29207438685114,"47JR+MRP, Bus Depot 1 Rd, Kasipuram, Tondiarpet, Chennai, Tamil Nadu 600081, India"
1056,2C,Periyar Nagar,600019,13.166097,80.3033495,"5883+C8Q, SP Koil 1st St, Periyar Nagar, Tiruvottiyur, Chennai, Tamil Nadu 600019, India"
2544,16A,Redhills market,600052,13.189996019949296,80.1870225881285,"55QP+WQX, Red Hills, Chennai, Tamil Nadu 600052, India"
7730,13B,TVK NAGAR,600011,13.122129477933296,80.2384732896043,"No:70, Madurai Samy Madam St, Ponnusamy Nagar, Perambur, Chennai, Tamil Nadu 600011, India"
7720,34C,Iyyapanthanhal bus depo,600056,13.040935574215595,80.12703430476553,"2/67, Swaminatha Nagar, Kattupakkam, Chennai, Tamil Nadu 600056, India"
7729,35D,Anakaputhur MedPlus ,600070,12.983877160954838,80.12492078878283,"87, Pammal Main Rd, Guruswamy Nagar, Anakaputhur, Chennai, Tamil Nadu 600070, India"
7699,34C,Iyyapanthangal Bus Dipo ,600056,13.040412130359796,80.1291447224726,"21, Mount Poonamallee Rd, Pushpa Nagar, Kattupakkam, Chennai, Tamil Nadu 600056, India"
6791,35C,PAMMAL POLICE BOOTH,600075,12.975285631467276,80.13261393561908,"Pambal, Pasumpon Nagar, Pammal, Chennai, Tamil Nadu 600075, India"
438,5B,Maduravoyal,600095,13.06969102861243,80.15977993815758,"200ft bye pass, Service Rd, Maduravoyal, Chennai, Tamil Nadu 600095, India"
6816,34c,Iyyapanthangal Relevance ,600056,13.033178029530648,80.13513665625835,"1/64, Periya Kolathuvancheri Main Rd, Kk Nagar, Iyyappanthangal, Chennai, Tamil Nadu 600056, India"
7728,18B,"Hindu College, Avadi, chennai ",600072,13.1192492223328,80.07387857172424,"Hindu College, NH 716, Pattabiram, Tamil Nadu 600054, India"
6771,30c,Lakshmi Nagar bus stand ,600116,13.038151730453066,80.16477381386466,"4, Udhaya Nagar, Self drive car, Ekambaram Industrial Estate Rd, Ramakrishna Nagar, Porur, Chennai, Tamil Nadu 600116, India"
7712,45,Padappai ,601301,12.886429032803722,80.02076587731845,"bazzar street,navasakthi nagar, Vandalur - Oragadam - Walajabad Road, Padapai, Tamil Nadu 601301, Vandalur - Oragadam - Walajabad Rd, Thiru Nagar, Padappai, Tamil Nadu 601301, India"
3232,37C,Poonamallee bypass ,600056,13.047949343044612,80.08185532912178,"23XJ+4J8, Nazarathpettai, Tamil Nadu 600123, India"
2393,10c,"Kalpana hotel bus stop, villivakkam ",600049,13.103206,80.207732,"Kalpana Hotel, Villivakkam, Chennai, Tamil Nadu 600049, India"
7669,40C,Kanchipuram Bus stand,631502,12.8358507,79.7055922,"RPP4+75C, Ennaikaran, Kanchipuram, Tamil Nadu 631501, India"
7738,18c,Govardhanagari,600071,13.1042611,80.1037721,"76, 3rd Main Rd, Ram Nagar, Srinivasa Nagar, Alapakkam, Valasaravakkam, Chennai, Avadi, Tamil Nadu 600071, India"
7652,11,Madhavaram Andhra Bus stand ,600060,13.1413643,80.22391809999999,"Radiance Suprema, 131, Grand Northern Trunk Rd, near Madhavaram, Roundana, Madhavaram, Chennai, Tamil Nadu 600110, India"
1209,17c,Sevvapetai bus stand,602025,13.1244914,80.0300507,"NO 185, Chennai - Tiruvallur High Rd, Thiruninravur, Thiruvenkada Nagar, Chennai, Tamil Nadu 602024, India"
2508,5A,"Panchali amman Kovil,Arumbakkam",600106,13.073046499570712,80.21097873731372,"8/7, Gandhi Nagar, Arumbakkam, Chennai, Tamil Nadu 600106, India"
3269,16B,Kallikuppam arch,600053,13.134339816377478,80.17031725767984,"6, Perumal Koil St, Kallikuppam, Ambattur, Chennai, Tamil Nadu 600053, India"
7813,19D,"Urapakkam, school stopping ",603210,12.866461617273822,80.07506297035482,"95, Chennai - Theni Hwy, Bharathi Nagar, Urapakkam, Vandalur R.F., Tamil Nadu 603210, India"
7836,24,Ranga theatre ,600061,12.979000818432338,80.18122771071559,"69/72, SBI Colony Main Rd, Telegraph Colony, Nanganallur, Chennai, Tamil Nadu 600061, India"
7682,3,Choolai post office,600112,13.08777661348102,80.265426156189,"1B, General Collins Rd, Periyamedu, Choolai, Chennai, Tamil Nadu 600112, India"
747,12C,Lakshmi Amman koil Street,600011,13.114505492050371,80.24394121008066,"37/17, Muniappan St, Chinnaiyan Colony, Perambur, Chennai, Tamil Nadu 600011, India"
5385,7,18th mainroad bata showroom anna nagar west,600101,13.0947375,80.2039494,"1339, 18th Main Rd, Aishwarya Colony, Thiruvalluvar Colony, Anna Nagar, Chennai, Tamil Nadu 600040, India"
3265,18D,Veltech junction ,600062,13.166976971571962,80.09840434242334,"No 2, Veltech, Bharathi Nagar, New Vellanur, Tamil Nadu 600062, India"
1312,17D,Gomathipuram Thiruninravur 602024,602024,13.121027596810528,80.02972237656991,"42CH+9RP, Thiruninravur, Thiruvenkada Nagar, Tamil Nadu 602024, India"
6676,40A,Rangaswamy Kullam,602105,12.879164137917186,79.93664858241227,"VWHP+HR5, Mathur, Tamil Nadu 602118, India"
1215,5,Mmda,600106,13.074145326730372,80.21596176354825,"164, Perumal Koil Street, Razaak Garden, Ayyavoo Colony, Aminjikarai, Chennai, Tamil Nadu 600029, India"
5340,32,Blue Tank,600083,13.037832527901465,80.21249247054608,"89/48, Jawaharlal Nehru Salai, Sarvamangala Colony, Krupa Colony, Ashok Nagar, Chennai, Tamil Nadu 600083, India"
6648,14,Madhavaram ring road ,600060,13.158218316029746,80.22588593377284,"8, Bharati Street, Kilburn Nagar, Valarmathi Nagar, Ponniammanmedu, Thirupathy, Chennai, Tamil Nadu 600099, India"
8040,17D,Gomathipuram,602024,13.118795993286597,80.02932096113398,"1, First Main Rd, Thiruninravur, Gomathipuram, Chennai, Tamil Nadu 602024, India"
916,17E,Vellavedu,602024,13.068283557516583,80.03452063886049,"626, Vellavedu, Tamil Nadu 600124, India"
7374,40c,Ram's cafe,631502,12.84450568137732,79.70256310582948,"118, Melkathirpur, Periya, Kanchipuram, Tamil Nadu 631501, India"
2904,13,Jawahar Nagar Bus Stop ,600082,13.1181605,80.2203268,"4/3, Periyar Nagar West, Kolathur, Chennai, Tamil Nadu 600082, India"
1114,19B,Parvathy nagar,600063,12.9228987,80.0808931,"W3FJ+585, Parvathi Nagar, Shanthi Nagar, Old Perungalathur, Tamil Nadu 600063, India"
7978,11A,Thathankuppam ,600079,13.12208306360746,80.19757360279603,"5, TVS Nagar E, TVS Nagar, Korattur, Chennai, Tamil Nadu 600076, India"
1092,4,pantaloons nelson manickam road,600029,13.0698294,80.2242248,"No: 126, bnt connection building, 4 the floor, Landmark, Nelson Manickam Rd, above pantaloons showroom, Railway Colony, Aminjikarai, Chennai, Tamil Nadu 600029, India"
3223,12,Pavithra hospital,600039,13.124937583275605,80.24868770053482,"9, Ethiraj Samy Salai Rd, opposite Kamaal steals, Kumar Nagar, Erukkancheri, Kodungaiyur, Chennai, Tamil Nadu 600118, India"
7575,38c,Collectrate,631501,12.8228144,79.6984418,"205, Kamaraj Nagar, Periya, Kanchipuram, Tamil Nadu 631502, India"
5830,14C,Madhavaram busstand,600060,13.15255046481284,80.22963004605774,"14, Perumal Koil St, Mettu Ma Nagar, Madhavaram, Chennai, Tamil Nadu 601206, India"
1935,20A,Sembakkam ,600073,12.9242966,80.1598222,"No 2, KALIGNAR KARUNANIDHI MAIN ROAD, Velachery - Tambaram Main Rd, PUDHU NAGAR, Kamarajapuram, Sembakkam, Chennai, Tamil Nadu 600073, India"
3225,18b,Pattabiram ,600701,13.123097,80.0593473,"522, Chennai - Tiruvallur High Rd, near Hindu College, Pattabiram, Tamil Nadu 600072, India"
4226,25,Vettuvankeni ,600041,12.9339413,80.2519164,"2/222, Ecr Road Vettvangani, W7M2+Hpw, 2nd Ave, First Avenue, Vettuvankeni, Chennai, Kotivakkam, Tamil Nadu 600115, India"
1396,42,Poonamallee ambedkar statue,600056,13.0098434,80.0037074,"Aircraft Shed, National Highway 4, Rajalakshmi Nagar, Chennai, Mevalurkuppam, Tamil Nadu 602105, India"
6072,20D,Nanmangalam,600117,12.940847586284493,80.18282070241413,"1/93, Medavakkam Main Rd, Raghav Nagar, Kovilambakkam, Chennai, Tamil Nadu 600129, India"
3221,18D,"Avadi, kovilpathagai ",600062,13.142956734577597,80.10470173234475,"81, Tirumullaivayal St, Kovil Pathagai, Poompozhil Nagar, Kalaingarnagar, Avadi, Tamil Nadu 600062, India"
9,32C,Ashok pillar,600083,13.03525054700498,80.20860898615891,"26P5+3FP, 84th St, Ashok Nagar, Chennai, Tamil Nadu 600078, India"
1089,30C,Elango nagar,600092,13.0537182,80.1906046,"19, Elango Nagar, Virugambakkam, Chennai, Tamil Nadu 600092, India"
6735,37,Iyyapathangal ,600056,13.0360662,80.1388067,"1/28, Kamatchi Nagar, Venugopal Nagar, Iyyappanthangal, Chennai, Tamil Nadu 600122, India"
5361,19B,Bharathamatha street ,600059,12.926539034018528,80.12645263343678,"131, Bharathamadha St, East Tambaram, Tambaram, Chennai, Tamil Nadu 600059, India"
4712,17C,"Thiruvallur, GRT ",602001,13.122869152733664,79.91192392377485,"4WF6+4QR, Periyakuppam, Kakkalur, Tamil Nadu 602001, India"
5398,16A,Kallikuppam arch,600053,13.132012103365549,80.17029083798968,"791/4, Ambattur Red Hills Rd, Gangai Nagar, Kallikuppam, Ambattur, Chennai, Tamil Nadu 600053, India"
2702,8c,Anna nagar west dept,600101,13.092992925635697,80.19795199176406,"No:1775 D, School Rd, Near Thanthai Periyar Community Hall, Pioneer Colony, Anna Nagar West Extension, Chennai, Tamil Nadu 600101, India"
161,14C,Madhavaram old bus stop,600060,13.1505463,80.2418734,"562R+6P9, Kumarappapuram, Madhavaram Milk Colony, Chennai, Tamil Nadu 600051, India"
567,9,Mogappair east,600037,13.0810113,80.1840177,"No 11/243, Vanniyar 3rd Cross St, opposite CBSC School, J J Nagar, Mogappair East, Chennai, Tamil Nadu 600037, India"
3018,40A,Walajabad bus stand ,631501,12.792003771638518,79.817133987956,"QRR8+RV2, Walajabad, Tamil Nadu 631605, India"
2941,9B,Grace Supermarket,600037,13.07843096185742,80.18086589265135,"35HJ+994, Church Rd, Golden George Nagar, Mogappair East, Chennai, Tamil Nadu 600037, India"
884,14C,Madhavaram bus stop,600060,13.156641397378028,80.22662269145371,"242, Madavaram Red Hills Rd, Kilburn Nagar, Madhavaram, Chennai, Manjampakkam, Tamil Nadu 600060, India"
3263,11C,Bhaktavatsalam vidhyashram school,600080,13.1149631,80.18543249999999,"115, Srinivasa Puram, Kolathur, Chennai, Puthagaram, Tamil Nadu 600080, India"
7593,4C,Metha Nagar,600094,13.0700432,80.2273487,"50/60, Vannlaiarasu St, Rajaram Mehta Nagar, Aminjikarai, Chennai, Tamil Nadu 600029, India"
3267,5c,Lanson Toyota koyambedu,600107,13.072194147337925,80.19798158627131,"35CX+W58, Virrugambakkam, Koyambedu, Chennai, Tamil Nadu 600107, India"
659,19A,Irumbuliyur bus stand,600045,12.9307167,80.1118791,"440, Kasthuribai Nagar, Tambaram, Chennai, Tamil Nadu 600045, India"
3266,42c,Thakkolam station ,631151,13.024686,79.67744309999999,"2MFG+VXG, Thokalam, Poyyapakkam, Tamil Nadu 631151, India"
6197,42A,Thakkolam EB,631151,13.024732964442231,79.67755377558419,"2MFG+VXG, Thokalam, Poyyapakkam, Tamil Nadu 631151, India"
897,29,SALIGRAMAM,600093,13.0543050714204,80.20398881022163,"39/9, Arunachalam Rd, Kaveri Rangan nagar, Saligramam, Chennai, Tamil Nadu 600093, India"
5818,5A,ACS Medical College and Hospital ,600056,13.060383261915756,80.12251162946603,"45, Thiverkadu Co-operative Nagar, Senneer Kuppam, Chennai, Tamil Nadu 600077, India"
843,5c,Vijayakanth kalyaanamandapam,600107,13.0757486,80.1958707,"141/2, Poonamallee High Rd, Koyambedu, Chennai, Tamil Nadu 600107, India"
1464,17A,Aranvoyal ,602003,13.116402091037598,79.94817134125931,"4W8X+H7 Thozhur, Tamil Nadu, India"
835,4c,Nungambakkam railway station ,600094,13.0635202,80.2234146,"Guineers' Apartments, no. 97, 3rd Cross St, Kamarajar Nagar, Gill Nagar, Choolaimedu, Chennai, Tamil Nadu 600094, India"
3057,40B,Mungil mandabam,631501,12.82999022561887,79.7034710200528,"62, Vallal Pachaiyappan St, Ennaikaran, Kanchipuram, Tamil Nadu 631501, India"
1107,5a,"Panchali Amman koil,Arumbakkam",600106,13.0719475,80.2117603,"5-14, SBI Staff Colony, Nehru Nagar, Chennai, Tamil Nadu 600106, India"
5619,34,"Kattupakkam,Hope Hospital",600056,13.041022,80.1272919,"No:2, Trunk Rd, Swaminatha Nagar, Pushpa Nagar, Kattupakkam, Chennai, Tamil Nadu 600056, India"
6827,18C,Moorthy nagar ,600071,13.101615751095649,80.11157183695138,"4426+MJ8, 16/9, Tiruvalluvar St, Govardanagiri, Avadi, Tamil Nadu 600071, India"
5854,28,Power house ,600026,13.0509259,80.21205440000001,"85/53, Vivekananda Colony, Vadapalani, Chennai, Tamil Nadu 600026, India"
5807,16E,Paruthipattu ,600071,13.093718,80.10850800000001,"34V5+FCJ, Avadi Rd, Paruthippattu, Indira Nagar, Avadi, Tamil Nadu 600071, India"
5816,35,Pammal,600075,12.974684173374012,80.13424885513965,"143, Pammal Main Rd, Gokulam Colony, Pasumpon Nagar, Pammal, Chennai, Tamil Nadu 600074, India"
5805,1c,Kalmandapam,600013,13.113995756895854,80.29254530354231,"188, MS Koil St, Pudumanaikuppam, Royapuram, Chennai, Tamil Nadu 600013, India"
5831,19A,Irumbuliyur,600045,12.9307167,80.1118791,"440, Kasthuribai Nagar, Tambaram, Chennai, Tamil Nadu 600045, India"
5811,39,Uthiramerur ,603406,12.5519421,79.77363059999999,"46, Madhum Marakkaiyar Street, Tamil Nadu 603406, India"
2889,34c,Iyyappanthangal ,600056,13.043958140634006,80.12293915344145,"Sterling Ganges, Survey No-214/32, Mount Poonamallee Rd, Jayalakshmi Nagar, Poonamallee, Chennai, Tamil Nadu 600056, India"
28,25,Rajalakshmi engineer college,602105,13.011836802056951,79.9983972832055,"2X6X+JFV, NH 48, Mevalurkuppam, Tamil Nadu 602105, India"
5828,23C,Keelkattalai Busstand ,600117,12.95727568350817,80.18148122296614,"X54J+WHX, Balaji Nagar, Keelkattalai, Chennai, Tamil Nadu 600117, India"
5608,35,Kundrathur theraddy,600069,12.997402887742886,80.09610797283993,"117/2, Kundrathur - Sriperumbudur Rd, Jaganathapuram, Kundrathur, Sikkarayapuram, Tamil Nadu 600069, India"
6733,18,"Ponnu super market,Avadi",600054,13.110410607490326,80.10168029958268,"2132 street no 86 IV th block TNHB, Nehru Nagar, TNHB Mig V Block, Avadi, Tamil Nadu 600054, India"
8022,20D,"Christ King school, Camp road , East tambaram",600059,12.9222942,80.1306316,"28, Christ King St, Leela Colony, East Tambaram, Tambaram, Chennai, Tamil Nadu 600059, India"
5835,3c,Shenoy Nagar ,600030,13.077257831781592,80.22513316240321,"24A, Pulla Ave, Shenoy Nagar, Chennai, Tamil Nadu 600030, India"
229,40A,Casagrand arena vallakottai ,602105,12.8762005,79.931887,"BLOCK-324, CASAGRAND ARENA, 13th Cross St, Tamil Nadu 602118, India"
7994,20D,"Christ king school,camp road,East tambaram ",600059,12.92271754642804,80.13072910609023,"Selaiyur, Leela Colony, East Tambaram, Tambaram, Chennai, Tamil Nadu 600059, India"
5837,8,Anna Nagar west depo,600040,13.084873,80.2101753,"2038, AD Block, Anna Nagar, Chennai, Tamil Nadu 600040, India"
2292,8C,Waves ,600101,13.0920727,80.1944807,"116, D-Sector, Anna Nagar West Extension, Chennai, Tamil Nadu 600101, India"
7642,34C,Iyyapanthangal bus depot ,600056,13.038141155557348,80.13478902966104,"Iyyappanthangal, VGN Nagar, Iyyappanthangal, Chennai, Tamil Nadu 600056, India"
6875,18E,Mittanamalli,600055,13.153204515434949,80.06326282955425,"542/3A, ICF St, Bharathi Nagar, Periyar Nagar, Avadi, Tamil Nadu 600055, India"
5233,4c,Mehta nagar shoban babu statue,600029,13.068051,80.22682460000001,"No.appar nager 2st.apper nager, Rajaram Mehta Nagar, Aminjikarai, Chennai, Tamil Nadu 600019, India"
1913,39,Millitary road,631501,12.809711491734408,79.70602862539369,"68B, Netaji Nagar, Thandavaraya Nagar, Kanchipuram, Orikkai, Tamil Nadu 631501, India"
2304,23,Ganesh Nagar ,600091,12.961577780141742,80.18727361967494,"48, Medavakkam Main Rd, Ganesh Nagar, Gandhi Nagar, Keelkattalai, Chennai, Tamil Nadu 600091, India"
6317,13a,Everwin global kids,600099,13.1251978,80.20573069999999,"S.K CHEMICALS No:13 A, 2nd Floor Jayathi nagar (200 Feet Road, Selvi Nagar, Kolathur, Chennai, Tamil Nadu 600099, India"
7976,34c,Iyyappanthangal ,600056,13.0379422,80.1348731,"24QM+5W9, Iyyappanthangal, Chennai, Tamil Nadu 600056, India"
1539,15A,Ayapakkam water tank ,600077,13.098761,80.132513,"Ayapakkam Water Tank, TNHB Colony, Ayappakkam, Chennai, Tamil Nadu 600077, India"
3074,17c,Thiruvallur grt ,602001,13.125829704632608,79.91097921223319,"167, JN Rd, near LIC, V.M Nagar, Tiruvallur, Kakkalur, Tamil Nadu 602001, India"
2655,9B,7M Bus stand mogappair west ,600037,13.08178838942916,80.17674933201458,"Varun apartments, 50/20, Venugopal St, near Mogappair, VGP Nagar, Mogappair, Chennai, Tamil Nadu 600037, India"
1430,9c,DR super market,600095,13.0727162,80.1678257,"DABC Abhinayam Phase 3, Nolambur, Ambattur Industrial Estate, Chennai, Tamil Nadu 600095, India"
6863,42,Jothi nagar,631001,13.092565881479157,79.65962227735301,"Tnhb Main Road, Near Indira Gandhi Statue Arakkonam., 3MV5+3V5, Arakkonam, Tamil Nadu 631003, India"
3,34C,Iyappanthangal ,600056,13.03868961006046,80.1332488657707,"Door no-235, Mount Poonamallee Rd, VGN Nagar, Iyyappanthangal, Chennai, Tamil Nadu 600056, India"
2797,19C,Hasthinapuram bus stop,600064,12.9360621,80.1517272,"W5P2+CMG, Hasthinapuram, Chitlapakkam, Chennai, Tamil Nadu 600064, India"
6478,15b,Thirumullaivoyal,600062,13.1307405,80.1314386,"41A, Arunanagar, Pachaiamman Nagar, Thirumullaivoyal, Chennai, Tamil Nadu 600062, India"
6683,15A,Ayapakkam water tank,600077,13.1006428,80.1346587,"Block-38, THIRUVALLUVAR APARTMENT, 2257, Ayapakkam Housing Board Rd, TNHB Colony, Annanur, TNHB Mig V Block, Chennai, Tamil Nadu 600077, India"
2651,30C,Kesavardhini valasaravakkam,600087,13.0417701,80.17882879999999,"6, Arcot Rd, Indira Nagar, Valasaravakkam, Chennai, Tamil Nadu 600087, India"
847,15D,Ayapakkam,600077,13.101317053030014,80.137802484086,"Baba Kovil, TNHB Colony, Annanur, Ayappakkam, Chennai, Tamil Nadu 600077, India"
37,19A,West Tambaram Kulam ,600045,12.925557116111046,80.10465770284067,"No.362, Mudichur Rd, West Tambaram, Tambaram, Chennai, Tamil Nadu 600045, India"
3083,19c,Hasthinapuram ,600044,12.940992,80.148146,"No. 55, 27, Dr Rajendra Prasad Rd, Hasthinapuram, Chromepet, Chennai, Tamil Nadu 600044, India"
8110,36,"Kovur ,EB bus stand ",600128,13.0107204,80.114367,"Kovur E.B. Office, SH 113, Kovur, Adilakshmi Nagar, Thandalam, Chennai, Tamil Nadu 600122, India"
851,8C,Waves,600101,13.092315769367724,80.19747224457274,"675/52, E Main Rd, D-Sector, Anna Nagar West Extension, Chennai, Tamil Nadu 600101, India"
2983,40B,Rengasamy kulam,631501,12.8278661,79.72316119999999,"13a, Thirukalimedu, 192Kanchipuram, Tamil Nadu 631501, India"
825,17,GRT,602001,13.12166152547547,79.91045166795915,"4WC6+R5X, Tiruvallur, Tamil Nadu 602001, India"
6793,16C,Pudur,600053,13.1299346,80.1603018,"39, Pudur, Ambattur, Chennai, Tamil Nadu 600053, India"
3216,3c,Kellys junction ,600010,13.085740921279555,80.24559080866024,"131, Purasaivakkam High Rd, near KELLYS, Lumbini Square, SIGNAL, Chennai, Tamil Nadu 600084, India"
6814,5,MMDA COLONY ,600094,13.062704120384204,80.21387483857166,"17/72, Vinayagapuram Main Rd, I Block, Kamala Nehru Nagar, MMDA Colony, Arumbakkam, Chennai, Tamil Nadu 600106, India"
1519,9b,Grace super market ,600037,13.078269427792304,80.18032427856517,"904, 1st Main Rd, Mogappair Eri Scheme, Mogappair, Chennai, Tamil Nadu 600037, India"
6876,41,Walajapet bus stop ,632513,12.9224615,79.391605,"W9CR+XJ Thenkadapanthangal, Tamil Nadu, India"
7563,20d,East tambaram sealiyur police station ,600073,12.9155116,80.1521428,"226, Indira Nagar, Selaiyur, Chennai, Tamil Nadu 600073, India"
1497,53,Chembarambakam,600069,13.031399583141257,80.03909903255033,"22JQ+GG8 Sathish home, Pappanchattram, Chembarambakkam, Tamil Nadu 600123, India"
1276,18A,3/382 Leelavathi Nagar senner kuppam chennai 600056,600056,13.061981585101288,80.11310391031996,"Vathal Thottam, Tamil Nadu 600056, India"
53,42a,Mappedu,631402,13.0086519,79.84087869999999,"2R5R+F9 Pillaiyarkuppam, Tamil Nadu, India"
5924,20,Narayanapuram bus stop Pallikaranai ,600100,12.9348912,80.21371239999999,"W6M7+XF4, Pallikaranai, Chennai, Tamil Nadu 600100, India"
1161,19A,Krishna Nagar (TAMBARAM),600045,12.922382332111344,80.09570561603606,"17e, Mudichur Rd, Sri Ram Nagar South, Krishna Nagar, Tambaram, Chennai, Tamil Nadu 600045, India"
6900,18D,Avadi bus stand ,600109,13.119645851618952,80.10221636270137,"21, Chennai - Tiruvallur High Rd, Jak City, Kondithope, Avadi, Tamil Nadu 600054, India"
42,42,"Indira gandhi statue , Arakkonam ",631001,13.0925574,79.659652,"Tnhb Main Road, Near Indira Gandhi Statue Arakkonam., 3MV5+3V5, Arakkonam, Tamil Nadu 631003, India"
5855,18C,Kendriya vihar II paruttipatu Avadi ,600071,13.09126566437799,80.10879030631885,"34R5+FGP Corporation Park, Paruthipattu Rd, Paruthippattu, Avadi, Tamil Nadu 600071, India"
7709,4c,Thiruveethi Amman Koil,600106,13.076504014491034,80.2041642840698,"No.542, Poonamallee High Rd, SVP Nagar, Amaravathi Nagar, Arumbakkam, Chennai, Tamil Nadu 600106, India"
2900,21C,"Gandhi road,Velachery,Chennai ",600042,12.987107802787207,80.22301730859606,"Gandhi Road Bus Stop, Velachery, Chennai, Tamil Nadu 600042, India"
6699,12B,Welding shop,600110,13.1236478,80.22298669999999,"7/6, Velavan Nagar, Kolathur, Chennai, Tamil Nadu 600082, India"
5549,13B,Senthil nagar,600099,13.1215898,80.2025209,"75a, 13th Cross St, Periyarnagar, Senthil Nagar, Kolathur, Chennai, Tamil Nadu 600099, India"
27,3c,Murugan hospital,600010,13.086690280159328,80.24529109247109,"36PW+H3X, junction, Lumbini Square, Purasaiwakkam, Chennai, Tamil Nadu 600010, India"
25,37d,Poonamallee bypass,600056,13.048892570745029,80.08742606891727,"23XQ+H4V, Poonamallee High Rd, Rukmani Nagar, Poonamallee, Chennai, Tamil Nadu 600123, India"
8132,14,Rajalakshmi Habitat ,602105,13.0076164,79.99526879999999,"2X5W+47C, NH 48, Mevalurkuppam, Tamil Nadu 602105, India"
4348,9A,"Police booth, nolambur",600095,13.070463,80.159953,"Kg Signature City, KG SIGNATURE CITY, C-1006, Mugappair West, Maduravoyal, Chennai, Tamil Nadu 600095, India"
4271,35C,kumananchavadi,600056,13.0451258,80.1157406,"24W8+375, SH 113A, MSS Nagar, Kumananchavadi, Chennai, Tamil Nadu 600056, India"
8111,35,Anakaputhur ,600070,12.9830368,80.1293521,"14/1, Mutharulandi Nagar, Anakaputhur, Chennai, Tamil Nadu 600070, India"
6064,20D,Madras Christian College ,600059,12.925013841280082,80.12032716820906,"W4FC+W2Q, E Tambaram Railway Station Rd, Railway Colony, East Tambaram, Tambaram, Kamarajar Salai, Chennai, Tamil Nadu 600045, India"
62,11,Sharma nagar,600118,13.1362021,80.2585897,"257/8, Kodungaiyur (East), muthamil Nagar, Kodungaiyur, Chennai, Tamil Nadu 600118, India"
4799,13C,Temple achool,600049,13.1051726,80.2046582,"No.35, Keeranar Complex, Madras Thiruvallur High Rd, Ambedkar Nagar, Villivakkam, Chennai, Tamil Nadu 600049, India"
1302,19,New bus stand ,603001,12.6771172,79.9764447,"43/4, Anna Salai, Varadharaja Nagar, Chengalpattu, Ammanambakkam, Tamil Nadu 603002, India"
1185,16B,"kalikuppam, Ambattur ",600053,13.131998493343136,80.16997499609948,"232, Ambattur Red Hills Rd, Gangai Nagar, Kallikuppam, Ambattur, Chennai, Tamil Nadu 600053, India"
2839,20B,"Selaiyur,indira nagar,Tambaram",600073,12.913403441222924,80.1471885071827,"W47W+7P2, Air Force Station Rd, Natraj Nagar, Indira Nagar, Tambaram, Chennai, Tamil Nadu 600073, India"
5202,16,Sholavaram,600067,13.230585098810815,80.16467495786131,"Sholavaram 4, Cholavaram, Tamil Nadu 600067, India"
7506,44,St marys school,602105,12.957399238209405,79.94718027456052,"30, Katchipedu, Sriperumbudur, Tamil Nadu 602105, India"
7415,11A,Thathankuppam(DRJ),600076,13.11871755592932,80.19869898919501,"200feet, Jawaharlal Nehru Salai, Thathan Kuppam, Villivakkam, Chennai, Tamil Nadu 600049, India"
7431,35c,Mangadu koot road,600122,13.027070461485213,80.11080347880548,"24G6+Q8W, Mangadu Rd, Then Colony, Mangadu, Chennai, Tamil Nadu 600122, India"
1391,23,"Kootroad , Nanganallur, chennai ",600091,12.9617233,80.19937159999999,"5045, Madipakkam, Chennai, Tamil Nadu 600091, India"
6088,9B,Mogappair East,600037,13.0785923,80.1805661,"A-10, Mogappair Industrial Estate, Paneer Nagar, Mogappair East, Chennai, Tamil Nadu 600037, India"
2789,15,"canara bank, ambattur",600053,13.1109389,80.15304139999999,"16, Old ESI St, Ramapuram, Ambattur, Chennai, Tamil Nadu 600053, India"
4341,17c,Veppampattu ,602024,13.1271687,79.9893446,"4XGQ+VP9, Veppambaattu, Tamil Nadu 602024, India"
4182,35A,M.G.R Statue kumananchavadi,600122,13.0210902,80.12670240000001,"24CG+CMP, Paraniputhur, Iyyappanthangal, Chennai, Tamil Nadu 600122, India"
6107,8,Anna nagar west depot,600040,13.0902946,80.2020533,"84 & 83, 19th St, H Block, Temple View Colony, Anna Nagar, Chennai, Tamil Nadu 600040, India"
5838,37c,Queensland ,600123,13.0285814,80.03452829999999,"Block-N, Kg Centre Point, Chembarambakkam, Tamil Nadu 600123, India"
2924,18,"Avadi, Ramanathan ",600071,13.117150156817388,80.09685557647457,"Ramarathna Theatre, Kannigapuram, TNHB Mig V Block, Avadi, Tamil Nadu 600054, India"
3635,18B,Hindu college ,600072,13.1186682,80.074851,"Hindu College, Pattabiram, Tamil Nadu 600072, India"
1687,2,"Mani cycle shop,  Tondiarpet ",600081,13.12357371901884,80.2878086243442,"Agastya Apartment, Tondiarpet, Chennai, Tamil Nadu 600081, India"
1363,7A,Dav girls school,600050,13.0923814,80.1808301,"35RJ+W8W, Periyar St, Srinivasa Nagar, Padi, Chennai, Tamil Nadu 600050, India"
6231,17b,SBI,602001,13.124371,79.91136999999999,"Opposite IVR Marriage Hall, Ground, 1st & 2nd Floor, JN Rd, Kakkalur, Tamil Nadu 602001, India"
6858,7A,Collector nagar bus stop ,600037,13.0852308,80.1891504,"27/1, western apts, welcome colony, Anna nagar west extn, Behind HP petrol pump, Block 1, J J Nagar, Anna Nagar West Extension, Chennai, Tamil Nadu 600101, India"
1518,5C,Vengayamandi bus stand,600095,13.069866515077758,80.16068787303193,"35C6+243, Maduravoyal, Chennai, Tamil Nadu 600095, India"
7438,35 ,Indian Bank Anakaputhur ,600070,12.9823009,80.1225607,"15B2, MGN Complex, Ground Floor, Sree Radha Nagar, Pari Nagar, Anakaputhur, Chennai, Tamil Nadu 600070, India"
1004,35D,Pammal,600075,12.975278637450712,80.13257518836431,"503, Pasumpon Nagar, Pammal, Chennai, Tamil Nadu 600075, India"
2993,12,MKB Nagar Bus stop,600039,13.12465340678853,80.25905301025803,"1454, 14th West Cross St, MKB Nagar, Mahakavi Bharathiyar Nagar West, Mahakavi Bharathi Nagar, Vyasarpadi, Chennai, Tamil Nadu 600039, India"
3385,34,Kattupakkam ,600056,13.0315186,80.1251685,"Steps Stone Vatsa - Kattupakkam, STEPSSTONE VATSA, Mangalam Street, Pavendar Nagar, Iyyappanthangal, Chennai, Tamil Nadu 600056, India"
5562,39,K.K.Nagar,631502,12.814805424273256,79.70543944041172,"26, Uthramerur Main Rd, Sivapuram, Kanchipuram, Tamil Nadu 631501, India"
3029,1 C,St.Anne's School,600013,13.111930956149337,80.29152238191838,"83/22, Adan Sahib St, Somu Nagar, Old Washermanpet, Chennai, Tamil Nadu 600013, India"
4409,5,Mmda,600106,13.0652669,80.2136458,"51/26, Block F, MMDA Colony, Arumbakkam, Chennai, Tamil Nadu 600106, India"
6899,17b,Municipal ,602001,13.13551302831956,79.91159462942387,"4WP6+5GH, Ma. Po. Si. Nagar, Tiruvallur, Kakkalur, Tamil Nadu 602001, India"
5646,13C,Temple School,600099,13.122682544635314,80.20360650209963,"8-44, Senthil Nagar 13th Cross St, Periyarnagar, Senthil Nagar, Srinivasa Nagar, Chennai, Tamil Nadu 600049, India"
5822,36C,Madhanandhapuram,600125,13.023869876086252,80.17905187740878,"L&T Realty Avinya Enclave Sales Office, Mount Poonamallee Rd, opp. L&T Construction Campus, Ramapuram, Chennai, Tamil Nadu 600089, India"
4272,35A,Mangadu ,600122,13.021839900115012,80.12287784808554,"3/415, Kakkilaipettai, Iyyappanthangal, Chennai, Tamil Nadu 600122, India"
4367,3C,Kellys signal,600010,13.0856795,80.2452474,"1, Medavakkam Tank Rd, Davidpuram, Kilpauk, Chennai, Tamil Nadu 600010, India"
5604,10,Jamaliya,600023,13.10496287834464,80.25291573397617,"1, Perambur High Rd, Shanthi Nagar, Jamalia Nagar, Jamalia, Chennai, Tamil Nadu 600012, India"
6691,34,Maaran Garden,600056,13.04472297991116,80.12403290563475,"2/6, Nagalakshmi Nagar, Kattupakkam, Chennai, Tamil Nadu 600056, India"
939,8c,Waves,600040,13.082716454903084,80.19080853603772,"38, Kamaraj Nagar St, Kamaraj Nagar, Anna Nagar West, Anna Nagar West Extension, Chennai, Tamil Nadu 600037, India"
5639,4,Pantaloons,600029,13.0698294,80.2242248,"No: 126, bnt connection building, 4 the floor, Landmark, Nelson Manickam Rd, above pantaloons showroom, Railway Colony, Aminjikarai, Chennai, Tamil Nadu 600029, India"
5615,10,Sayani theatre,600023,13.097818833361009,80.23805792760027,"32, Ayanavaram Rd, ICF South Colony, Venkatesapuram Colony, Ayanavaram, Chennai, Tamil Nadu 600023, India"
4361,7C,VELAMMAL ,600050,13.088334193619016,80.18255644965518,"88, Padi, Chennai, Tamil Nadu 600050, India"
5645,5c,vengayamandi,600107,13.0739183,80.1907184,"97A, Koyambedu, Chennai, Tamil Nadu 600107, India"
7381,31,Srm  hospital ,600033,13.039639796306137,80.22532713045904,"3, Rajaji Street, Gokulam Colony, Ramakrishnapuram, West Mambalam, Chennai, Tamil Nadu 600033, India"
3668,16,Thatchoor,601204,13.3425842,80.2209773,"15, ANNUGRAHA NAGAR, Ponneri, Tamil Nadu 601204, India"
1415,15B,Vaishnavi nagar,600062,13.129356991505489,80.12483463706131,"1/2, Chennai - Tiruvallur High Rd, Vaishnavi Nagar, Santhipuram, Cholambedu, Chennai, Tamil Nadu 600062, India"
2945,18B,Hindu college ,600072,13.086964613254942,80.08926890726352,"33PQ+QP Avadi, Tamil Nadu, India"
1424,35A,Mangadu,600122,13.0210902,80.12670240000001,"24CG+CMP, Paraniputhur, Iyyappanthangal, Chennai, Tamil Nadu 600122, India"
1157,9,7H bus depot ,600037,13.0810113,80.1840177,"No 11/243, Vanniyar 3rd Cross St, opposite CBSC School, J J Nagar, Mogappair East, Chennai, Tamil Nadu 600037, India"
8093,18A,Vasantham Nagar,600054,13.105261357528416,80.10853925472993,"No.1, Poonamallee - Avadi High Rd, Rajbai Nagar, Vasantham Nagar, Avadi, Tamil Nadu 600054, India"
6157,10C,Joint Office,600023,13.0985872,80.2339812,"No. 17, K.H. Road, Ayanavaram, Near joint office, opposite to government school, Vasantha nagar, Chinna Chembarambakkam, Ayanavaram, Chennai, Tamil Nadu 600023, India"
7515,13A,Kolathur Don Bosco,600082,13.124545143714371,80.2318989933089,"14/1A, Gopal Puram, Perambur, Chennai, Tamil Nadu 600082, India"
1306,4,Pantaloons ,600094,13.07403515415426,80.22109987788916,"2, Nelson Manickam Rd, Aminjikarai, Chennai, Tamil Nadu 600029, India"
1206,42c,Sholinghur,631102,13.109987107108308,79.42092938759623,"4C5C+X9C, SH128, Shankar Nagar, Sholinghur, Tamil Nadu 631102, India"
3671,17,Uthukottai ,602026,13.334115470813956,79.8935931087122,"8VMV+MFQ, Uthukkottai, Tamil Nadu 602026, India"
2958,29C,Alwarthirunagar ,600087,13.0373013,80.1776691,"New No.29/1, New Colony 5th Cross Street, Alwar Thirunagar, New Bethana Nagar, Chennai, Tamil Nadu 600087, India"
6219,37D,Poonamalle by-pass,600056,13.0527883,80.0902264,"333R+439, Poonamallee Bypass Rd, Ettima Nagar, Poonamallee, Chennai, Tamil Nadu 600056, India"
4247,29,"Nithya amirtham,Arunachalam road ",600026,13.054353229954373,80.20410492925761,"39/9, Arunachalam Rd, Kaveri Rangan nagar, Saligramam, Chennai, Tamil Nadu 600093, India"
3052,40,Kanchipuram bus stand,631502,12.837573277183482,79.70366599349832,"63, Annai Indira Gandhi Salai, Nellukara st, Kanchipuram, Tamil Nadu 631502, India"
1386,16C,Velammal surapet,600066,13.150703105498849,80.19151488152718,"Netaji Block, Ambattur Red Hills Rd, Pari Nagar, Surappattu, Chennai, Tamil Nadu 600066, India"
4346,21,Adambakkam ,600088,9.9424686,78.0701334,"W3V9+2W6, Achampattu, Tamil Nadu 625019, India"
3045,39C,Ekambaranathar temple ,631502,12.854522372352644,79.70731865173698,"22, Kanchipuram - Chennai Rd, behind Sri Mamallan Hospital, Kannakulam, Madhar Nagar, Konerikuppam, Kanchipuram, Tamil Nadu 631502, India"
5571,41C,Vellore,632002,12.88843999094692,79.1411241719859,"215, Cross St, Sainathapuram, RV Nagar, Vellore, Tamil Nadu 632001, India"
6663,18,"Ponnu super bazar,Avadi",600054,13.12018903460939,80.09350995250824,"394, Chennai - Tiruvallur High Rd, Gandhi Nagar, Avadi, Tamil Nadu 600054, India"
1463,16,Redhils market ,600052,13.199239991242372,80.1788745870519,"MA Nagar Bus Stop, Padianallur, Chennai, Tamil Nadu 600052, India"
3626,23C,Keelkatalai bus stop,600117,12.95864102078879,80.18100000959235,"X55J+9CG, Saraswathi Garden 1st St, Balaji Nagar, Keelkattalai, Chennai, Tamil Nadu 600117, India"
2831,35,Metha Nagar ,600069,12.99610140801239,80.1093590999096,"31, Jawaharlal Nehru Rd, Andan Kuppam, Tiruneermalai, Chennai, Kannadapalayam, Tamil Nadu 600069, India"
6184,40A,Ekanampettai,631601,12.8014544,79.77363059999999,"365, Veeraparajampet, Thimarajampet, Tamil Nadu 631601, India"
6187,41,Walajapet bus stand ,632513,12.925519305386889,79.36245451006927,"W9G6+4WW, M.B, T.Road, opp.to C.S.I.Church, Walajapet, Tamil Nadu 632513, India"
5178,15E,Kallikuppam tea shop,600053,13.1328308,80.1736418,"258, Surapet Main Rd, Muthtamil Nagar, Korattur, Chennai, Tamil Nadu 600053, India"
3418,39C,Ekambaranathar Temple Stop,631502,12.8458536,79.7003182,"RPW2+65V, Periya, Kanchipuram, Tamil Nadu 631502, India"
3055,12,MR nagar ,600118,13.130181749950152,80.25503023763741,"8/35, Kodungaiyur (East), Thiruvalluvar Nagar, Kodungaiyur, Chennai, Tamil Nadu 600118, India"
3058,40,Casa Grand,602105,12.95165240875377,79.93943941090082,"XW2Q+MMW, V.R.P. Chatram, Sriperumbudur, Tamil Nadu 602105, India"
4281,42,Arakkonam old bus stand,631001,13.0842985906903,79.66986468942468,"Block No. C1, C2, Gandhi Road, Arakkonam - 631002., Arakkonam, Tamil Nadu 631001, India"
4183,17A,Kakkalur,602003,13.135113458429323,79.92804921757161,"3/76, Chennai - Tiruttani Hwy, Kakkalur, Tamil Nadu 602021, India"
275,12C,BB Road,600039,13.11157856846329,80.2621527727371,"4766+JR3, Sundram 5th St, Ganesh Puram, Vyasarpadi, Chennai, Tamil Nadu 600039, India"
5551,1c,Kalmandabam bus stop ,600013,13.1158257,80.29484529999999,"94/78, Subba Road Avenue, Kalmandapam, Royapuram, Chennai, Tamil Nadu 600013, India"
1856,9,Grace supermarket ,600037,13.078272399164447,80.18061393863898,"2-A-11, 1st Main Rd, Sector 7, Ambattur Industrial Estate, Chennai, Tamil Nadu 600037, India"
1712,35D,Anakaputhur hp petrol bunk ,600070,12.978691713582691,80.12988792449241,"21, Pammal Main Rd, Pasumpon Nagar, Anakaputhur, Chennai, Tamil Nadu 600070, India"
2843,9A ,DR Super Market ,600037,13.080940417019791,80.1646436594076,"No 67/3, HIG-1, Mogappair West Main Rd, 4th Block, Nolambur, Ambattur Industrial Estate, Chennai, Tamil Nadu 600037, India"
3080,30c,Sai Ram Apartments,600087,13.03894230302589,80.16946154041443,"95, Arcot Rd, Venkata Subramanya Nagar, Chennai, Tamil Nadu 600087, India"
2790,19D,Kilambakkam ,602025,11.2588706,75.7856343,"406, New Bus Stand, EMS Stadium, Tazhekkod, Kozhikode, Kerala 673004, India"
2982,1,"Tollgate metro,thiruvottiyur",600019,13.144027570072206,80.29681567345199,"47VW+PQ2, Thiruvottiyur High Rd, Thangal, Vasantha Nagar, Thyagarajapuram, Tiruvottiyur, Chennai, Tamil Nadu 600019, India"
1163,9C,DR super market,600095,13.076688,80.1479962,"Ayanambakkam, Chennai, Tamil Nadu 600095, C Block, Agraharam, Kil Ayanambakkam, Chennai, Tamil Nadu 600095, India"
8097,40,Periyar nagar ,631501,12.819140027440971,79.72895953736993,"8/39, Nethaji Nagar, Kanchipuram, Nattapettai, Tamil Nadu 631501, India"
2966,41,Walajapet bus stand Ranipet ,632513,12.924246187900854,79.37683448357275,"W9FG+GG8, Walajapet, Tamil Nadu 632513, India"
1445,3c,Kellys signal,600010,13.0856795,80.2452474,"1, Medavakkam Tank Rd, Davidpuram, Kilpauk, Chennai, Tamil Nadu 600010, India"
5179,10C,Ayanavaram,600023,13.099228583994227,80.23296278088266,"297, Vasantha nagar, Chinna Chembarambakkam, Ayanavaram, Chennai, Tamil Nadu 600023, India"
3069,13A,Britannia ,600050,13.091141,80.18320120000001,"69, Mogappair East, Chennai, Tamil Nadu 600050, India"
2934,12,Mkb nagar,600039,13.12442589660904,80.25663529452494,"4/168, Sharma Nagar, Vyasarpadi, Chennai, Tamil Nadu 600039, India"
2977,13,Thiruvalvalur Kalyanam Mandapam ,600082,13.1141389,80.2243742,"29, Karthikeyan Rd, Periyar Nagar West, Perambur, Chennai, Tamil Nadu 600082, India"
5544,22,Tharamani ,600113,12.9862535,80.2457295,"1/10,mada complex kovalam beach, Tharamani, Chennai, Tamil Nadu 600113, India"
2957,9,Spartan school ,600037,13.0868645,80.1796196,"1, Thiruvalluvar Salai, Thiruvalluvar Nagar, J J Nagar, Mogappair East, Chennai, Tamil Nadu 600037, India"
2967,18b,Hindhu college ,600072,13.1186682,80.074851,"Hindu College, Pattabiram, Tamil Nadu 600072, India"
5678,15,Ambattur OT,600053,13.11542309596146,80.16271989971534,"24, 3rd Main Rd, Gnanamoorthy Nagar Extension, Indian Bank Colony, Chennai, Tamil Nadu 600053, India"
2999,8c,Waves,600040,13.0871567307667,80.19292617981505,"32, Mellavellar Street, Jayankondam, Ariyalur(TK, Thirumangalam, Govt Officers Colony, Chennai, Tamil Nadu 600040, India"
1455,39C,Ekambaranathar temple ,631502,12.8490537,79.6975951,"30/16B, Vellaikulam ST, Kanchipuram, Tamil Nadu 631501, India"
5498,13C,Grace super market,600099,13.118839907813802,80.20707393948517,"92, Srinivasa Nagar, Kolathur, Chennai, Tamil Nadu 600099, India"
7663,19C,Hasthinapuram Bus Stand,600064,12.940478,80.150728,"W5R2+57X, B.H.E.L Nagar, Hasthinapuram, Chromepet, Chennai, Tamil Nadu 600044, India"
2868,1,Kaladipet,600019,13.149958298141158,80.29923593543386,"80, Thiruvottiyur High Rd, Thangal, Thyagarajapuram, Tondiarpet, Chennai, Tamil Nadu 600019, India"
1298,34c,Iyyapanthangal  reliance digital ,600056,13.03831817902455,80.1339840247752,"24QM+8JV, VGN Nagar, Iyyappanthangal, Chennai, Tamil Nadu 600056, India"
2859,37B,Parivakkam signal,600056,13.0450079,80.1156829,"358, near Poonamallee Fire And Rescue Station, MSS Nagar, Ambedkar Nagar, Poonamallee, Chennai, Tamil Nadu 600056, India"
2912,18d,Nemilicherry roundana,602024,13.12604694083581,80.04416441561304,"2, Thiruninravur, Chennai, Tamil Nadu 602024, India"
2369,4c,Loyola college ,600094,13.0645942,80.232567,"Nungambakkam, Railway Border Rd, Sowrashtra Nagar, Choolaimedu, Chennai, Tamil Nadu 600094, India"
2821,8,anbu colony,600101,13.0954766,80.1997109,"No:261/13,7th Avenue,Anbu Colony,Anna Nagar West,, Opp to Anna Nagar West Bus Depot, Anbu Colony, Anna Nagar, Chennai, Tamil Nadu 600040, India"
2845,28,Vadapalani mosque street chennai-200026,200026,13.0499711,80.2121306,"26X6+XVJ, Vadapalani, Chennai, Tamil Nadu 600026, India"
5205,40,Periyar Nagar,631501,12.8371787,79.7041698,"152, Nellukara st, Kanchipuram, Tamil Nadu 631502, India"
100,13C,Grace super market,600099,13.1200108,80.2057618,"84, 2nd Main Rd, Srinivasa Nagar, Kolathur, Chennai, Tamil Nadu 600099, India"
2336,7c,Velammal school ,600101,13.0920727,80.1944807,"116, D-Sector, Anna Nagar West Extension, Chennai, Tamil Nadu 600101, India"
8083,15,Murugappa polytechnic college left bus stop side,600062,13.125582507832966,80.11879064882682,"44G9+5HP, Main Road, Evr Nagammai Nagar, Avadi, Tamil Nadu 600062, India"
5185,23c,Moovarasampet pond,600091,12.96939584892299,80.1861950602837,"Moovarasanpet, Moovarasampettai Main Road,, Nanganallur, Chennai, Tamil Nadu 600061, India"
4927,35A,Mangaadu,600122,13.0210902,80.12670240000001,"24CG+CMP, Paraniputhur, Iyyappanthangal, Chennai, Tamil Nadu 600122, India"
4954,35A,Mangadu ,600122,13.0210902,80.12670240000001,"24CG+CMP, Paraniputhur, Iyyappanthangal, Chennai, Tamil Nadu 600122, India"
2871,40,Periyar Nagar,631502,12.8173772,79.73674009999999,"233/s, Periyar nagar, Thrivulluvar Nagar, Kanchipuram, Nattapettai, Tamil Nadu 631502, India"
5986,37C,"Poonamalle, Ambedkar statue",600056,13.048434547437092,80.09493272137563,"23XV+8XJ, Raja Agraharam 1st Cross St, MG Nagar, Poonamallee, Chennai, Tamil Nadu 600056, India"
2830,40,New Police station ,631502,12.82085661388539,79.71764785695419,"RPC9+74F, TK Nambi St, Chinna Kanchipuram, Ennaikaran, Kanchipuram, Arappanacheri, Tamil Nadu 631501, India"
1426,37b,Karayanchavadi EB,600056,13.052397347676855,80.11273017062634,"Senneerkuppam Electronic Board House, Ambal Nagar, Ponniamman Nagar, Poonamallee, Chennai, Tamil Nadu 600056, India"
6908,17D,Thiruninravur,602024,13.128247340965626,80.02859304399517,"42HH+8CP, 2nd Main Rd, Thiruninravur, Damodar nagar, Nadukuthagai, Tamil Nadu 602024, India"
4726,13,TKM (lenskart),600082,13.114566066851072,80.22397460426023,"A 25/2, Karthikeyan Salai, Karthikeyan Rd, Periyar Nagar West, Perambur, Chennai, Tamil Nadu 600082, India"
2368,33c,Kknagar ,600078,13.0083969,80.0037518,"2253+9FQ, Mevalurkuppam, Tamil Nadu 602105, India"
1542,11C,BV School,600080,13.1088659,80.1825205,"K G BLOCK, BAKTHAVACHALAM VIDHYASHRAM SCHOOL, 14, Street Number 31, Periyar Nagar, Venkatraman Nagar, Korattur, Chennai, Tamil Nadu 600080, India"
1462,15A,Velappanchavadi ,600077,13.061027182306828,80.13732199591107,"113/101, NH 4, Velappanchavadi, Poonamallee, Chennai, Tamil Nadu 600077, India"
8053,10c,Railway courts,600023,13.0985872,80.2339812,"No. 17, K.H. Road, Ayanavaram, Near joint office, opposite to government school, Vasantha nagar, Chinna Chembarambakkam, Ayanavaram, Chennai, Tamil Nadu 600023, India"
2785,40,Casa Grande arena ,602105,12.8787415,79.93574149999999,"Block-498, CASAGRAND ARENA, 392, Sriperumbudur, Tamil Nadu 602105, India"
5207,35A,Naal road ,600128,13.032221140560267,80.11131401040456,"43, Mangadu Main Rd, Mgr Nagar, Mangadu, Chennai, Tamil Nadu 600056, India"
5522,30,Chinmaya Nagar,600092,13.062923951650545,80.19707223068336,"Chinmaya Nagar, Natesan Nagar, Virugambakkam, Chennai, Tamil Nadu 600092, India"
969,37,Saravana stores,600116,13.0324123,80.1640371,"106, Mount Poonamallee Rd, Porur, Chennai, Tamil Nadu 600116, India"
5188,35,"Pozhichalur church, Pammal ",600075,12.9734257,80.13479319999999,"X4FM+9WF, Gokulam Colony, Sambanthanar Nagar, Pammal, Chennai, Tamil Nadu 600075, India"
1181,5B,Vanagaram signal,600095,13.061103,80.15136249999999,"27, Poonamallee High Rd, near Srivaaru Mahal Signal, Ganapathy Nagar, Vanagaram, Chennai, Tamil Nadu 600095, India"
5148,16c,Ambithur Pudhur ,600053,13.1332869,80.1593171,"Vishal Nivas 8A, 5th Avenue, Banu nagar, near Annai Violet International School (CBSE, Palaniappa Nagar, Ambattur, Chennai, Tamil Nadu 600053, India"
4421,3,Puraisaiwalkam ,600084,13.0836671,80.2546488,"37M3+FV6, Purasaiwakkam, Chennai, Tamil Nadu 600084, India"
551,5C,Saf Games Village,600107,13.0739183,80.1907184,"97A, Koyambedu, Chennai, Tamil Nadu 600107, India"
5133,18D,"Kovilpathagai, Avadi ",600062,13.138601027712667,80.11004117430475,"705, Bhavani St, Poompozhil Nagar Phase II, Poompozhil Nagar, Avadi, New Vellanur, Tamil Nadu 600062, India"
5170,32,"Mettupalayam,CIT Nagar",600033,13.032242143684105,80.21979547792847,"No 16/A, Govindan Rd, Moovendar Colony, West Mambalam, Chennai, Tamil Nadu 600033, India"
5087,9A,"Amutha school , moggapair ",600095,13.0709807,80.1688478,"1st floor, DABC ABHINAYAM PHASE-1, D6, Sriram Nagar Main Rd, D.A.B.C. Abhinayam Phase I, Nolambur, Ambattur Industrial Estate, Chennai, Tamil Nadu 600095, India"
4330,36,Gerugambakkam ,600128,13.0101843,80.1189182,"60, Kovur, Chennai, Thandalam, Tamil Nadu 600128, India"
4410,10c,Joint office,600023,13.0985872,80.2339812,"No. 17, K.H. Road, Ayanavaram, Near joint office, opposite to government school, Vasantha nagar, Chinna Chembarambakkam, Ayanavaram, Chennai, Tamil Nadu 600023, India"
6865,23c,Keelkattalai,600061,12.98867407915615,80.18517652618048,"85, Ashokan St, Gunthi Salai, Pazhavanthangal, Chennai, Tamil Nadu 600061, India"
4221,34,Kattupakkam ,600056,13.041397203296444,80.12598258556393,"2/320, Mount Poonamallee Rd, Swaminatha Nagar, Ettiamman Nagar, Kattupakkam, Chennai, Tamil Nadu 600056, India"
1496,24c,Suri international petrol bunk ,600044,12.961017980308016,80.13721239602079,"44, Tiruneermalai Main Rd, near MGR STATUE, Nagalkeni, Chromepet, Chennai, Tamil Nadu 600044, India"
5168,5,Mmda colony arumbakkam ,600106,13.064676422780453,80.21446700232669,"G1, N Block, SIDCO Industrial Estate, MMDA Colony, Arumbakkam, Chennai, Tamil Nadu 600106, India"
5126,16C,Pudur,600053,13.130450952771549,80.15887257003689,"45J5+5HJ, Pudur, Ambattur, Chennai, Tamil Nadu 600053, India"
6130,12C,Perambur bus depot ,600011,13.1122713,80.2378842,"Old No 74/1, New No 95, Perambur High Road, Perambur, Near Perambur Bus Terminus, Neelam Garden, Perambur, Chennai, Tamil Nadu 600011, India"
6878,18D,Kovilpathagai,600062,13.14197743270804,80.10467111779165,"44R3+QRG, Poompozhil Nagar, Kalaingarnagar, Avadi, Tamil Nadu 600062, India"
2076,11A,thathankuppam,600049,13.119266968874047,80.19896187701909,"Agrakaram, TVS Nagar, Korattur, Chennai, Tamil Nadu 600076, India"
1010,36C,madhanandhapuram,600116,13.032447779998389,80.15951629689032,"315, Ambal Nagar, Porur, Chennai, Tamil Nadu 600116, India"
7533,28c,Porur bus stop,600116,13.0431,80.149755,"NH 32, Kandasamy Nagar, Porur, Chennai, Tamil Nadu 600116, India"
885,9,Mogappair East bus stop(7H),600037,13.085128789438617,80.17955620996422,"392A, Paneer Nagar, Mogappair, Thiruvallur, Chennai, Tamil Nadu 600037, India"
4402,24,Independence park,600061,12.9812002,80.1858056,"Independence Day Park, 3, 6th Main Rd, TNGO Colony, Nanganallur, Chennai, Tamil Nadu 600061, India"
7512,20D,Kamarajapuram ,600073,12.9235123,80.1544938,"155, Velachery - Tambaram Main Rd, Ranga Colony, Kamarajapuram, Sembakkam, Chennai, Tamil Nadu 600073, India"
2364,44,Sriperumbudur,602105,12.9819641,79.9690258,"Sriperumbudur, Tamil Nadu 602117, India"
5204,5A,Maduravoyal ration shop,600095,13.06969102861243,80.15977993815758,"200ft bye pass, Service Rd, Maduravoyal, Chennai, Tamil Nadu 600095, India"
7619,7A,Golden flats ,600037,13.088117743616722,80.17935027830397,"120 Feet Road, Anna Nagar W Ext Rd, Mogappair, Chennai, Tamil Nadu 600050, India"
626,9,Mogappair East bus stop(7H),600037,13.080130071509291,80.1804208185292,"Ground Floor, No. 10/PC-3, Church Rd, near Muthoot FinCorp Gold Loan, Mogappair East, Chennai, Tamil Nadu 600037, India"
5139,16c,Ambattur pudur,600053,13.1143212,80.15447429999999,"4573+PQH, Ambattur, Chennai, Tamil Nadu 600053, India"
5105,21,Amul ice cream ,600042,12.9783307,80.21289759999999,"No:18, Chokkalingam Nagar Rd, Velachery West, MGR Nagar, AGS Colony, Velachery, Chennai, Tamil Nadu 600042, India"
4190,37D,Pappanchathiram,602105,13.0312957,80.0388219,"22JQ+GG8 Sathish home, Pappanchattram, Chembarambakkam, Tamil Nadu 600123, India"
1568,39c,Kanchipuram,631502,12.849837328101932,79.69312614034168,"17, Oilmohammadpettai, Pillaiyarpalayam, Kanchipuram, Tamil Nadu 631502, India"
798,40,Vallakottai,602105,12.8829951,79.9340251,"VWMM+5JV, Vallakkottai, Tamil Nadu 602118, India"
7588,40,Sriperumbudur ,602105,12.9664963,79.9453174,"XW8W+H4W, Nenmeli, Sriperumbudur, Tamil Nadu 602105, India"
925,34,Mugalivakkam,600125,13.027733012241113,80.17109389916207,"3-2, Sabari Nagar, Mugalivakkam, Chennai, Tamil Nadu 600125, India"
5496,16c,PUDUR BUS STOP,600053,13.1143212,80.15447429999999,"4573+PQH, Ambattur, Chennai, Tamil Nadu 600053, India"
5160,2,Tondiarpet metro,600081,13.123618850407189,80.28791199323548,"Agastya Apartment, Tondiarpet, Chennai, Tamil Nadu 600081, India"
850,37B,karayanchavadi Signal,600056,13.050490396462154,80.1022247972286,"3422+5V6, Srinivasa Nagar, Poonamallee, Chennai, Tamil Nadu 600056, India"
2333,11A,Thathankuppam,600049,13.1157602,80.19936229999999,"#72/2.200Feet Road, Thathan Kuppam, Villivakkam, Chennai, Tamil Nadu 600049, India"
803,19E,Outer Ring Road Mudichur ,600048,12.9149904,80.0720171,"W37C+XRR, Mudichur, Tamil Nadu 600048, India"
6670,15,Ambattur OT ,600053,13.118092422078789,80.15647495150239,"12/6, Venkatapuram, Ambattur, Chennai, Tamil Nadu 600053, India"
4200,18A,Jb estate,600054,13.111181794355783,80.10833875852366,"4465+C9R, TNHB Main Rd, JB Estate, Vivekananda Nagar, TNHB Mig V Block, Avadi, Tamil Nadu 600054, India"
817,23c,Echangadu signal keelkattalai,600117,12.9491632,80.1852782,"Eachangadu, W5XP+M46, Sri Ambal Nagar, Keelkattalai, Chennai, Tamil Nadu 600117, India"
1176,37,"Saravana stores, Porur ",600116,13.03236131155129,80.16426325225268,"107-1,2, SH 55, Porur Gardens Phase II, Porur, Chennai, Tamil Nadu 600116, India"
4232,30c,Elango nagar,600092,13.052138639992585,80.1918083103381,"14, Bhattacharjee St, Sanjay Gandhi Nagar, Virugambakkam, Chennai, Tamil Nadu 600092, India"
4235,15B,Vaishnavi Nagar,600062,13.129286133503973,80.12474997098947,"44HF+PW2, Santhipuram, Cholambedu, Chennai, Tamil Nadu 600062, India"
5154,36c,Madhanandhapuram ,600125,13.0129745,80.17355649999999,"236, Manapakkam Main Rd, Ramapuram, Ambedkar Nagar, Manapakkam, Chennai, Tamil Nadu 600125, India"
4932,34,"Audco Nagar, Mount Poonamallee Rd, Kattupakkam, Chennai, Tamil Nadu 600056",600056,13.044306862529936,80.11947484025298,"58, Mount Poonamallee Rd, Murugapillai Nagar, Kattupakkam, Chennai, Tamil Nadu 56, India"
1643,5A,"Opposite to arulmigu sri panchali amman thirukovil, close to amaravathi nagar, chennai",600106,13.076415026725366,80.21026248447232,"8/51, 8, Perumal Koil Street, Jagannatha Nagar, Arumbakkam, Chennai, Tamil Nadu 600106, India"
5465,34,Kattupakkam ,600056,13.039470789304357,80.13120868935977,"2/399, Mount Poonamallee Rd, Pushpa Nagar, Iyyappanthangal, Chennai, Tamil Nadu 600056, India"
6144,12b,Kolathur,600110,13.123435218769142,80.22277615204784,"No.5, Red Hills Rd, Velavan Nagar, Kolathur, Chennai, Tamil Nadu 600099, India"
6165,29C,Aavin junction,600087,13.044779677523266,80.1861625527635,"172, Arcot Rd, Veerappa Nagar, New Colony, Valasaravakkam, Chennai, Tamil Nadu 600087, India"
7862,4c,Anna arch,600029,13.074990592770968,80.21596166637258,"9C,SBI Colony,Near N.S.K. Nagar Bus Stand,Arumbakkam, Razzak Garden Main Rd, Razaak Garden, Ayyavoo Colony, Arumbakkam, Chennai, Tamil Nadu 600106, India"
5958,41A,Sirukarumbur ,632531,12.896664545296485,79.49783216860467,"VFWW+GXF, Sirukarumbur, Tamil Nadu 632531, India"
496,37c,"23XQ+H4V, Poonamallee High Rd, Rukmani Nagar, Poonamallee, Chennai, Tamil Nadu 600123, India",600123,13.048938702505705,80.08737733265497,"23XQ+H4V, Poonamallee High Rd, Rukmani Nagar, Poonamallee, Chennai, Tamil Nadu 600123, India"
6129,40,High school casa grand,602105,12.95164411133685,79.93939091818541,"XW2Q+MMW, V.R.P. Chatram, Sriperumbudur, Tamil Nadu 602105, India"
6163,12B,Welding shop,600082,13.1181605,80.2203268,"4/3, Periyar Nagar West, Kolathur, Chennai, Tamil Nadu 600082, India"
3302,13c,Kolathur near temple school ,600099,13.123961908684944,80.20803502796093,"12/1A, Tiru Vi Ka St, Nagar, Kolathur, Chennai, Tamil Nadu 600099, India"
1234,17C,Old collector office Thiruvallur ,602001,13.132543574617076,79.91998454906106,"67, Thendral St, Poonga Nagar, Kakkalur, Tamil Nadu 602025, India"
6169,7,Bougainville ,600102,13.092020838484196,80.22330319104748,"6th Avenue, K Block, Anna Nagar East, Block K, Annanagar East, Chennai, Tamil Nadu 600102, India"
6172,7,Bata footwear,600040,13.094579923974813,80.20576863053292,"1452/1, 18th Main Rd, Aishwarya Colony, Thiruvalluvar Colony, Anna Nagar, Chennai, Tamil Nadu 600040, India"
2101,40,PONDUR ,602105,12.936447771567648,79.9350685334749,"WWPM+FRW, Sriperumbudur, Tamil Nadu 602105, India"
6162,13A,Don Bosco,600082,13.1197813,80.2252965,"13-B/2, Peravallur, Perambur, Chennai, Tamil Nadu 600011, India"
1994,20c,Chrompet ,600044,12.9501382466114,80.1391545678684,"2175c, Grand Southern Trunk Rd, near Chrompet, Chromepet, Chennai, Tamil Nadu 600044, India"
3339,14c,Old madhavaram bus stand,600060,13.1555912,80.22472549999999,"42, Kilburn Nagar, Kannan Nagar, Madhavaram, Chennai, Manjampakkam, Tamil Nadu 600060, India"
104,12,Kanadhasan nagar depo,600118,13.136347758645371,80.25777727401727,"10, Kodungaiyur (East), 1st Block, Kaviarasu Kannadhasan Nagar, Kodungaiyur, Chennai, Tamil Nadu 600118, India"
4049,21C,Thilai Ganga Nagar Subway,600088,12.98298207896576,80.19630035685678,"X5MW+5GW, Jawaharlal Nehru Salai, Ram Nagar, Adambakkam, Chennai, Tamil Nadu 600088, India"
2677,9,7H bus stand Church ,600037,13.0827447,80.17625559999999,"359, VGP Nagar, Mogappair West, Mogappair East, Chennai, Tamil Nadu 600037, India"
120,16E,"Rakki Cinemas, Ambattur Red Hills Road, Ram Nagar, Ambattur, Chennai, Tamil Nadu, India",600053,13.1226034,80.14741479999999,"1, Ambattur Red Hills Rd, Ram Nagar, Ambattur, Chennai, Tamil Nadu 600053, India"
3292,13B,"Senthil nagar,Kolathur ",600099,13.1342176,80.20583810000001,"11, Vallikollaimedu, Bharathi Nagar, Thiruverkadu, Chennai, Tamil Nadu 600099, India"
2744,21c,NGO colony,600088,12.99445036695827,80.2067751260642,"Adambakkam, City Link Road, Ramapuram, N.G.O. Colony, Ganesh Nagar, Adambakkam, Chennai, Tamil Nadu 600088, India"
5993,16C,Pudur,600053,13.131000330060264,80.16004430793457,"157, Ambattur Red Hills Rd, Palaniappa Nagar, Pudur, Ambattur, Chennai, Tamil Nadu 600053, India"
3276,20B,Indra nagar,600073,12.9138151,80.14704510000001,"W47W+GRF, Indira Nagar, Selaiyur, Chennai, Tamil Nadu 600073, India"
150,13A,Don Bosco Kolathur ,600099,13.1189858,80.2072457,"4694+HVX, Kolathur Main Rd, Srinivasa Nagar, Kolathur, Chennai, Tamil Nadu 600099, India"
7323,5B,Shrivari Signal,600095,13.0612147,80.1438277,"1/29, Velappanchavadi, Poonamallee, Chennai, Tamil Nadu 600077, India"
179,25c,Madhya kailash ,600113,13.003313463689492,80.2471310493111,"M A CHIDAMBARAM NURSING INSTITUTE, THE VOLUNTARY HEALTH SERVICES, Pallipattu, Tharamani, Chennai, Tamil Nadu 600113, India"
76,15b,Vaishnavi nagar ,600062,13.1290704,80.1258003,"1, 2nd St, Vaishnavi Nagar, Thirumullaivoyal, Chennai, Tamil Nadu 600109, India"
127,23,"UTI,Madipakkam",600091,12.96639846142448,80.19251710390338,"5/538, Defence Colony, Madipakkam, Chennai, Tamil Nadu 600091, India"
2641,20D,Tambara railway station (mcc college),600059,12.923288067119952,80.11973197613816,"11, Railway Colony, East Tambaram, T Nagar, Chennai, Tamil Nadu 600017, India"
177,19,Chengalpattu ,603001,12.5089244,79.88473549999999,"05, Annabusstop, Maduranthakam, Tamil Nadu 603306, India"
189,13A,Retteri,600099,13.129528569664188,80.21329494359574,"32, Mahatma Gandhi Nagar, Thiruvalluvar Nagar, Kolathur, Chennai, Tamil Nadu 600099, India"
5431,27C,Pattinampakkam,600028,13.0335957,80.27768940000001,"38, Santhome High Rd, Santhome, Mylapore, Chennai, Tamil Nadu 600004, India"
4946,35A,Kattapakkam,600077,13.073323,80.123188,"9620, Ramadass Nagar, Ayapakkam, Ambattur, Chennai, Tamil Nadu 600077, India"
2652,24,"Independence day park, Nanganallur ",600061,12.98177770250159,80.1856891244055,"X5JP+P79, 24th Street, Nanganallur, Chennai, Tamil Nadu 600061, India"
4914,39c,Gori,631502,12.845464292830556,79.6980740733553,"49/20B/1, Vellaikulam St, Kanchipuram, Tamil Nadu 631501, India"
2681,2,Singapore shoppe ,600021,13.1153868,80.28308559999999,"1083, Thiruvottiyur High Rd, Mottai Garden, Washermanpet, Chennai, Tamil Nadu 600021, India"
89,39,Military road,631502,12.8101529,79.7140628,"89, Military Rd, Nethaji Nagar, Kanchipuram, Tamil Nadu 631501, India"
2060,15D,Ayappakam,600077,13.107331875952395,80.13129461179777,"Ganesh Bhavan, Rajammal nagar, TNHB Colony, Annanur, Ayappakkam, Chennai, Tamil Nadu 600077, India"
5942,12b,Welding shop,600099,13.1164939,80.22451,"C236, Masakkalipalayam, Periyar Nagar West, Perambur, Chennai, Tamil Nadu 600082, India"
5857,35A,Gangai amman kovil stop,600122,13.038163827135396,80.11308962965775,"Gangai Amman Kovil, Manali Saravana Nagar, Kamatchiamman Nagar, Poonamallee, Chennai, Tamil Nadu 600122, India"
8141,13C,Kolathur Post Office ,600099,13.121569649787226,80.20846903707346,"1-11, Bharathi St, Jayaram Nagar, Chennai, Tamil Nadu 600048, India"
200,17D,Veppampattu railway station ,602024,13.124902,79.997101,"Veppampattu Railway Station, Sudaraon Nagar, Veppambaattu, Tamil Nadu 602024, India"
1992,01,Thandalam Irungattukottai ,602101,13.0049891,80.1106124,"Kovur E B Office, Porur To Kovur Main Road, 2436+X6X, Gerugambakkam, Sri Devi Karumari Amman Nagar, Chennai, Thandalam, Tamil Nadu 602101, India"
2030,11A,Moolakadai,600040,13.084873,80.2101753,"2038, AD Block, Anna Nagar, Chennai, Tamil Nadu 600040, India"
6120,15A,kendriya vihar,600077,13.06105389851356,80.13755567913432,"111, NH 4, Velappanchavadi, Poonamallee, Chennai, Tamil Nadu 600077, India"
2088,40B,Kachabeshwarar temple,631502,12.83886327775948,79.70144612020657,"102, W Raja St, Periya, KUMARAKOTTAM, Tamil Nadu 631502, India"
2096,39,Nemili toll gate,602105,12.9835937,79.9677099,"Block-1, Prince Residenzia, Tamil Nadu 602105, India"
188,41A,Perumbulipakkam,632401,12.898514468451395,79.55680347284022,"VHX4+FP2, Perumbulipakkam, Tamil Nadu 632531, India"
523,45,Sriperumbudur high school ,602105,12.955812666324336,79.94265542097997,"XW4V+83 Sriperumbudur, Tamil Nadu, India"
511,18 ,avadi kamraj nagar,600071,13.117092,80.096555,"Ramarathna Theatre, Reddiar Garden, Avadi, Tamil Nadu 600054, India"
6283,42,New Bus stand Arakkonam ,361001,22.478627326547883,70.06680424679398,"F3H8+JM5, Indradeep Society, Jamnagar, Gujarat 361006, India"
5434,40c,Kanchipuram bus stand ,631501,12.8407782,79.7071493,"24, Pookadai Chathiram Rd, near POOKADAI CHATHIRAM(Flower Market, Melkathirpur, Kanchipuram, Tamil Nadu 631502, India"
2021,9C,Moggapair,600095,13.082261420026123,80.16927098894186,"1399, Bus Stand Rd, 4th Block, Mogappair West, Ambattur Industrial Estate, Chennai, Tamil Nadu 600037, India"
5458,34,Kattupakkam Honda Show Room,600056,13.039800187845088,80.13061731096442,"No. 2/370-a, na, Mount Poonamallee High Road, Iyyappanthangal, Pushpa Nagar, Kattupakkam, Chennai, Tamil Nadu 600056, India"
5987,4 c,Meathanagar ,600094,13.063457821505564,80.22634068284653,"29, Abith Nagar, Thiruvalluvar Puram, Choolaimedu, Chennai, Tamil Nadu 600094, India"
6277,34c,Kattupakkam bus stop,600056,13.0450079,80.1156829,"358, near Poonamallee Fire And Rescue Station, MSS Nagar, Ambedkar Nagar, Poonamallee, Chennai, Tamil Nadu 600056, India"
5885,25c,Ramapuram signal,600089,13.0208210548181,80.18393931566001,"1/352, Manapakkam Main Rd, near Miot Hospital, Parthasarathy Nagar, Manapakkam, Chennai, Tamil Nadu 600118, India"
510,11c,Korattur police station ,600079,13.114914,80.1827835,"457M+X42, 2nd Main Rd, Srinivasa Puram, Korattur, Chennai, Tamil Nadu 600080, India"
5445,34,Kattupakkam Honda Show Room,600086,13.03951532946022,80.13122424062988,"2/399, Mount Poonamallee Rd, Pushpa Nagar, Iyyappanthangal, Chennai, Tamil Nadu 600056, India"
5951,13c,Ambattur Industrial Estate road ,600058,13.0901679,80.1608043,"Prince Green Woods Willow, 66, Old Ambattur, Attipattu, Ambattur Industrial Estate, Chennai, Tamil Nadu 600058, India"
6251,34c,Reliance iyapanthangal ,600056,13.0450079,80.1156829,"358, near Poonamallee Fire And Rescue Station, MSS Nagar, Ambedkar Nagar, Poonamallee, Chennai, Tamil Nadu 600056, India"
6259,32,Mettupalayam ,600015,13.0284952,80.2199076,"26H9+9XV, Kodambakkam Rd, Mettupalayam, West Mambalam, Chennai, Tamil Nadu 600033, India"
5973,16C,Pudur ,600053,13.130780273395596,80.15942373593121,"No.174, 67, Ambattur Red Hills Rd, Pudur, Ambattur, Chennai, Tamil Nadu 600053, India"
3658,45,Sriperumbudur high school ,602105,12.9675201,79.95284509999999,"2.cakkte Street Teruprambadduor Teruvalluoor Road, Nenmeli, Sriperumbudur, Tamil Nadu 602105, India"
7904,18c,Govardhanagiri,600071,13.0993774,80.11000229999999,"34X6+Q22, Govardanagiri, Avadi, Tamil Nadu 600071, India"
5414,34,KATUPAKKAM HYUNDAI SHOWROOM ,600056,13.039532069881998,80.13120154845909,"2/399, Mount Poonamallee Rd, Pushpa Nagar, Iyyappanthangal, Chennai, Tamil Nadu 600056, India"
516,18C,Kendra vihar,600071,13.1042611,80.1037721,"76, 3rd Main Rd, Ram Nagar, Srinivasa Nagar, Alapakkam, Valasaravakkam, Chennai, Avadi, Tamil Nadu 600071, India"
5440,18B,Hindu college ,600072,13.117707696270545,80.07014702496733,"69/6, Dr.Beema Rao Nagar, Gopalapuram, Pattabiram, Tamil Nadu 600072, India"
5475,23c,Kovilambakam ,600091,12.9491632,80.1852782,"Eachangadu, W5XP+M46, Sri Ambal Nagar, Keelkattalai, Chennai, Tamil Nadu 600117, India"
5428,16B,Kallikuppam ,600053,13.13219320163978,80.16965641731309,"232, Chennai - Thiruttani - Renigunta Hwy, Kallikuppam, Ambattur, Chennai, Tamil Nadu 600053, India"
531,17B,Melanalathur,602002,13.0884309,79.911749,"3WQ6+F9M ABC Foot Ball Club, Pallavan Thiru Nagar, Melnallathur, Tamil Nadu 602002, India"
8046,25c,Ramapuram,600125,13.011638297866954,80.17137363243008,"256C+JG5, Manapakkam Main Rd, Ramapuram, Girigori Nagar, Manapakkam, Chennai, Tamil Nadu 600125, India"
5454,1,"Liftgate, Ernavoor",600057,13.184643252609394,80.31217297783877,"34, Manali High Rd, Bharath Nagar, Neidhal Nagar, Tiruvottiyur, Chennai, Tamil Nadu 600057, India"
5437,24c,Nagalkeni,600047,12.958661677417137,80.1293732148511,"28, Tiruneermalai Main Rd, Parvathipuram, Chromepet, Chennai, Tamil Nadu 600044, India"
5473,19C,Gandhi road,600045,12.92981918300682,80.11148509472615,"W4H6+VPR, Lakshmipuram, Tambaram, Chennai, Tamil Nadu 600045, India"
5417,4c,Metha nagar,600094,13.068046639673778,80.22636577724609,"30/2, Vada Agaram Rd, Metha Nagar, Railway Colony, Aminjikarai, Chennai, Tamil Nadu 600029, India"
5415,5,Mmda,600094,13.061989478113883,80.21454744909433,"5, Tamilar St, Kamala Nehru Nagar, Padmanabha Nagar, Choolaimedu, Chennai, Tamil Nadu 600094, India"
530,9c,D.R.Super market,600095,13.08236222848544,80.16920692599184,"No 2, Building, Mogappair West, Ambattur Industrial Estate, Chennai, Tamil Nadu 600037, India"
5422,11,Retteri RTO OFFICE,600110,13.1354933,80.2163983,"46P8+5FH, Retteri Flyover, Madurai Manavalan Nagar, Kolathur, Chennai, Tamil Nadu 600099, India"
5446,16B,Omayal Aachi College bus stop,600066,13.1558496,80.1947591,"Block-D, Cluster_madhavaram 1, Surapet, Chennai, Kadirvedu, Tamil Nadu 600066, India"
2031,3,saravana stores ,600007,13.081333953732036,80.25264897075766,"58, Alagappa Rd, Purasaiwakkam, Chennai, Tamil Nadu 600084, India"
512,11,ABR mahal,600039,13.1272359,80.2533608,"No,19 Kuppusamy Dasar Street Soolpunal Karai, Erukkanchery, Thiruvalluvar Nagar, Kodungaiyur, Chennai, Tamil Nadu 600118, India"
5453,9c,"Dr.supermarket ,mogappair ",600037,13.0814762,80.1669512,"DR Super Market, Mogappair West Main Rd, 4th Block, Mogappair West, Ambattur Industrial Estate, Chennai, Tamil Nadu 600037, India"
5433,37C,Ambedkar statue stop,600056,13.04901746674581,80.08755735475144,"23XQ+H4V, Poonamallee High Rd, Rukmani Nagar, Poonamallee, Chennai, Tamil Nadu 600123, India"
7902,42,arakkonam,631003,13.094606214550469,79.65908270767882,"3MV5+VM5, Arakkonam, Tamil Nadu 631003, India"
2748,8C,Church stop,600101,13.0920727,80.1944807,"116, D-Sector, Anna Nagar West Extension, Chennai, Tamil Nadu 600101, India"
7322,19a,Lakshmipuram bus stop,600045,12.92521350337475,80.10072137009794,"479, Mudichur Rd, West Tambaram, Tambaram, Chennai, Tamil Nadu 600045, India"
2705,42c,"Salai,Ranipet",632510,13.08707,79.5266211,"3GPG+RJ Gangai Mottur, Tamil Nadu, India"
5674,15A,"Thiruverkadu bus stand,thiruverkadu",600077,13.06951908651298,80.12402781383888,"Thiruverkadu, Munusamy Nagar, Parasakthi Nagar, Thiruverkadu, Tamil Nadu 600077, India"
2731,29c,"Alwarthirunagar, mega Mart ",600087,13.04521556774475,80.18647433362491,"189, Arcot Rd, Shakthi Nagar, Nolambur, Ambattur Industrial Estate, Chennai, Tamil Nadu 600083, India"
7788,9,mugappair east,600037,13.0835569,80.1730553,"Pukazhenthi Salai, No 2/335, Mogappair West, Mohanram Nagar, Mogappair, Chennai, Tamil Nadu 600037, India"
1447,3c,Murugan hospital,600010,13.083561631471994,80.23427612744348,"No 264 & 125, Kilpauk Garden Road, Kilpauk, Chennai, Tamil Nadu 600010, India"
5231,5B,"ERRIKARAI , MADURAVOYAL",600095,13.064726819576029,80.16117724211091,"3576+RHQ, Maduravoyal, Chennai, Tamil Nadu 600095, India"
3925,32,Metupalayam,600033,13.032202237363531,80.22030844007384,"21/9, Panneerselvam Nagar, West Mambalam, Chennai, Tamil Nadu 600033, India"
7185,7,"Bougainville park, Anna Nagar",600102,13.091961670459188,80.22359872212857,"36RF+RC9, Block K, Annanagar East, Chennai, Tamil Nadu 600102, India"
6690,13C,Poombukar nagar,600099,13.1189858,80.2072457,"4694+HVX, Kolathur Main Rd, Srinivasa Nagar, Kolathur, Chennai, Tamil Nadu 600099, India"
377,21c,"NGO colony ,  metupalayam bus stand",600088,12.9891813,80.2075557,"X6Q5+J2F, 14th Cross St, NGO Colony, Adambakkam, Chennai, Tamil Nadu 600088, India"
6014,39c,Ekambaranathar temple ,631502,12.8497743,79.7085491,"164/A, Annai Indra Nagar, Konerikuppam, Kanchipuram, Tamil Nadu 631502, India"
6773,39C,Ekambaranathar temple,631502,12.8342943,79.6923583,"93, Thirumal Raja St, Pillaiyarpalayam, Kanchipuram, Tamil Nadu 631501, India"
3173,12c,Bp road,600039,13.114241805531234,80.2527464341286,"114, B/2, BB Rd, Kakkanji Colony, Chinnaiyan Colony, Vyasarpadi, Chennai, Tamil Nadu 600011, India"
3471,34c,Poonamalle ,600056,13.05040496559757,80.09254065393618,"1st floor, No 1/45A, Poonamallee Bypass Rd, opp. city union bank, Melma Nagar, Poonamallee, Chennai, Tamil Nadu 600056, India"
2658,30,Chinmaya nagar bus stop,600092,13.062957577433904,80.19710170047313,"Chinmaya Nagar, Natesan Nagar, Virugambakkam, Chennai, Tamil Nadu 600092, India"
5656,9B,"Mogappair east,Grace super market",600037,13.0778008,80.1796598,"39, Sector 7, Ambattur Industrial Estate, Chennai, Tamil Nadu 600037, India"
356,23C,Independence Day Park,600061,12.9761112,80.1975138,"144/90, Ullagaram Puludivakkam Main Rd, Sami Nagar, Vanuvampet, Madipakkam, Chennai, Tamil Nadu 600091, India"
5238,19A,Vandalur gate,600048,12.89993097965815,80.07423105891235,"V3XF+XM Perungalathur, Tamil Nadu, India"
3817,5B,Maduravoyal erikarai,600095,13.061286837217075,80.1634238716402,"NO.3/18-C,EARIKKARAI BUS STOP,MADHURVAYAL,, Kamaraj Nagar, Maduravoyal, Chennai, Tamil Nadu 600095, India"
5737,10c,Kambar arangam icf,600038,13.099090610393302,80.2196289994313,"Kambar Aarangam, Ayanavaram, Chennai, Tamil Nadu 600038, India"
5709,36c,madanandhapuram bus stop,600116,13.022874325317762,80.14633017010573,"Porur, Ponni Nagar, Madhanandapuram, Chennai, Tamil Nadu 600125, India"
5729,37,Saravan stores porur,600125,13.0323486,80.1640757,"106, Mount Poonamallee Rd, Porur, Chennai, Tamil Nadu 600116, India"
910,7,"Anna Nagar East, Vijaya Maruthi",600040,13.095197303401577,80.20400457954275,"158, Jayanth Colony, Anna Nagar, Chennai, Tamil Nadu 600040, India"
5723,40,Periyar Nagar Dhaba,631501,12.8188052,79.7345369,"253A, Thrivulluvar Nagar, Kanchipuram, Nattapettai, Tamil Nadu 631601, India"
2921,35A,"Gangai amman Kovil , mangadu",600122,13.0356188,80.1105922,"34, Sriram Nagar, Kamachi Nagar, Mangadu, Chennai, Tamil Nadu 600122, India"
3056,35A,"Gangai Amman Kovil, mangadu ",600122,13.0358441,80.1105285,"32, Sriram Nagar, Kamachi Nagar, Mangadu, Chennai, Tamil Nadu 600122, India"
5649,8C,IOB Mogappair ,600107,13.07660179720838,80.18599455451371,"35GP+H8G, Golden George Nagar, Mogappair East, Chennai, Tamil Nadu 600107, India"
51,12b,Bb road,600011,13.112830315006722,80.25157423303767,"16-75, 16-75, Vadivelu Mudali Main St, Kakkanji Colony, Chinnaiyan Colony, Perambur, Chennai, Tamil Nadu 600011, India"
6469,20D,"Christ king convent school , tambaram",600059,12.9222942,80.1306316,"28, Christ King St, Leela Colony, East Tambaram, Tambaram, Chennai, Tamil Nadu 600059, India"
5810,13B,Senthil nagar ,600099,13.122994391152304,80.20143814044559,"NO:-1A, Rajan Nagar Main Rd, near For Ortho Hospital, Vivekananda Nagar, Kolathur, Chennai, Tamil Nadu 600099, India"
1795,32,Kasi theatre Opposite,600083,13.027869249282194,80.20843250892915,"2nd Floor, Zenofer Tower, 119/1, Jawaharlal Nehru Salai, Pari Nagar, West Jafferkhanpet, Chennai, Tamil Nadu 600083, India"
349,5B,Velappanchavadi (Harsha toyota) ,600077,13.0610927,80.1301731,"Jamals Caladium Block-F, Jamals Caladium, Cauvery Nagar, Thiruverkadu, Chennai, Tamil Nadu 600077, India"
4223,12,Sidco,600118,13.1297011,80.2543387,"100, Kodungaiyur (East), Vasuki Nagar, Kodungaiyur, Chennai, Tamil Nadu 600118, India"
1876,29,Saligrammam near Pazhamudhir,600026,13.053527041541733,80.20757690957267,"9, Kumaran Colony Main Road, Thangal karai, Kumaran Colony, Vadapalani, Chennai, Tamil Nadu 600026, India"
46,1c,Pullapuram,600010,13.078151027058574,80.24717432906432,"151/132, Poonamallee High Rd, Opposite Breeze Hotel, Pullapuram, Kilpauk, Chennai, Tamil Nadu 600010, India"
450,18d,Ajeya stadium ,600054,13.1330554,80.1024462,"44M2+6XG, Avadi, Tamil Nadu 600054, India"
6068,18A,Bharat petrol bunk ,600056,13.062018086261494,80.11308916523768,"Vathal Thottam, Tamil Nadu 600056, India"
1291,36C,Madhanandapuram bus Stop ,600125,13.022867459388472,80.14645651154736,"Porur, Ponni Nagar, Madhanandapuram, Chennai, Tamil Nadu 600125, India"
1818,25,Butt road,600016,13.0011414,80.2064816,"13, Subramaniya Swamy Koil St, Ramapuram, Alandur, Chennai, Tamil Nadu 600016, India"
5947,25,Thiruvanmiyur Signal,600041,12.991468799532743,80.25614870661366,"Thiruvanmiyur, 51, Lattice Brg Rd, L.I.C Colony, Adyar, Chennai, Tamil Nadu 600041, India"
6289,20E,saravana stores Chromepet ,600044,12.9558248,80.14331399999999,"159, Grand Southern Trunk Rd, Lakshmi Nagar, Chromepet, Chennai, Tamil Nadu 600044, India"
6143,20c,Ponniamman koil,600091,12.96484484422463,80.19699378049282,"294, Building, Balaiah Garden, Madipakkam, Chennai, Tamil Nadu 600091, India"
403,34,"Iyyapatangal, reliance super mart",600056,13.038567,80.1335206,"3, Trunk Rd, Mahalakshmi Nagar, Poonamallee, Chennai, Tamil Nadu 600056, India"
6635,13B,SENTHIL NAGAR,600099,13.12280269404948,80.20155731536701,"Santi, 1/10, Senthil Nagar 3rd Main Rd, Sri Ayyappa Nagar, Senthil Nagar, Kolathur, Chennai, Tamil Nadu 600099, India"
6689,30C,lakshmi nagar,600116,13.04276441250956,80.16381054689487,"39, Alapakkam Main Rd, Alapakkam, Porur, Chennai, Tamil Nadu 600116, India"
3035,37C,Ambedkar  statue  Poonamallee ,600056,13.04885890706509,80.08760379690952,"23XQ+H4V, Poonamallee High Rd, Rukmani Nagar, Poonamallee, Chennai, Tamil Nadu 600123, India"
6542,20B,Mappedu,600048,12.888592,80.13797360000001,"V4QQ+C5Q, Secretariat Colony, Mappedu, Tiruvanchery, Selaiyur, Chennai, Tamil Nadu 600126, India"
2537,29c,Aavin milk booth,600087,13.044871091383342,80.18630846370863,"172, Arcot Rd, Veerappa Nagar, New Colony, Valasaravakkam, Chennai, Tamil Nadu 600087, India"
7939,33,Hotel Saravana Bhavan,600078,13.036030316942012,80.20360020849371,"26P3+99P, K. K. Nagar, Chennai, Tamil Nadu 600078, India"
5718,9,7h bus stop ,600037,13.0785923,80.1805661,"A-10, Mogappair Industrial Estate, Paneer Nagar, Mogappair East, Chennai, Tamil Nadu 600037, India"
2756,9b,Moggapair east ,600037,13.0753444,80.1811008,"380/2, Church Rd, Golden George Nagar, Mogappair East, Chennai, Tamil Nadu 600037, India"
1852,13,Thiruvalluar kalyanamandabam ,600082,13.114622,80.2242876,"No.B, 125/44, Karthikeyan Rd, opp. to Lenskart, Masakkalipalayam, Periyar Nagar West, Perambur, Chennai, Tamil Nadu 600082, India"
4671,33C,Nesapakkam Bus Stand,600078,13.0410254,80.2000596,"175, Ramaswamy Salai, Sector 4, K. K. Nagar, Chennai, Tamil Nadu 600078, India"
6374,2,Manicycle shop,600081,13.1251842,80.289183,"67QF+QMF, 42, Thiruvottiyur High Rd, Sanjeevarayanpet, Tondiarpet, Kodakarai, Chennai, Tamil Nadu 600120, India"
1466,12,KKD Nagar ,600051,13.1454628,80.2555871,"370, Aiswarya Nagar, Aishwarya Nagar, Selaivayal, Chennai, Tamil Nadu 600051, India"
2752,24,Nanganallur bus terminus,600061,12.9776691,80.1820987,"22, B.V. Nagar, Hindu Colony, Nanganallur, Chennai, Tamil Nadu 600061, India"
2803,40,"69 Casa grande Futura, V.R.P. Chatram, Sriperumbudur, Tamil Nadu 602105",602105,12.9675201,79.95284509999999,"2.cakkte Street Teruprambadduor Teruvalluoor Road, Nenmeli, Sriperumbudur, Tamil Nadu 602105, India"
950,19E,Barathi Nagar,600063,12.921590117809158,80.09277736721916,"Barathi Nagar, Mudichur Rd, Tambaram, Old Perungalathur, Tamil Nadu 600063, India"
5821,19E,Bharathi nagar,600045,12.921431691347957,80.0922355074682,"89c, Mudichur Rd, Gandhi Nagar, Tambaram, Mudichur, Old Perungalathur, Tamil Nadu 600063, India"
6815,1,Thangal,600019,13.146158252986837,80.29772601325921,"47WX+C4J, 1065, Thiruvottiyur High Rd, Thangal, Thyagarajapuram, Tiruvottiyur, Chennai, Tamil Nadu 600019, India"
8011,19E,Bharathi Nagar ,600045,12.921474699830751,80.09239692250993,"103, Mudichur Rd, Bharathi Nagar, Tambaram, Chennai, Old Perungalathur, Tamil Nadu 600063, India"
2016,15D,Ayapakam church ,600077,13.0910324,80.144042,"BLOCK-C, AGNI BALA RAGA, ICF Employees Colony, Ayappakkam, Chennai, Tamil Nadu 600077, India"
4869,19E,Pathmavathy mandabam,600063,12.919679897037906,80.08735943261799,"W39P+WW4, Mudichur Rd, Gandhi Nagar, Old Perungalathur, Tamil Nadu 600063, India"
949,12c,lakshmi amman koil,600011,13.118550248803066,80.23897847494415,"20, Madurai Samy Madam St, Kannivakkam, Jamaliya Nagar, Perambur, Chennai, Tamil Nadu 600011, India"
4827,18A,JB estate ,600054,13.11155261512924,80.10874060832549,"4465+HF9, Poonamallee - Avadi High Rd, JB Estate, Avadi, Tamil Nadu 600054, India"
2891,17,GRT Thiruvallur ,602001,13.131022593915109,79.9167706168795,"30, near Vinayagar temple, Rajaji puram, IOB Colony, Poonga Nagar, Kakkalur, Tamil Nadu 602001, India"
3857,6,Anna Nagar Post Office,600040,13.0848065,80.2078935,"Post Office, 2nd Ave, A E Block, Block AE, Anna Nagar, Chennai, Tamil Nadu 600040, India"
3015,40C,"Rama's cafe,Kanchipuram",631502,12.8455693,79.7010539,"9B/39, Car St, Melkathirpur, Periya, Kanchipuram, Tamil Nadu 631501, India"
3281,35c,Sikkarayapuram,600069,13.015085694392798,80.10570767949574,"Plot Number A3, Bharathiyar St, near Balamurugan House, Sri Kumaraswamy Nagar, Chikkarayapuram, Sikkarayapuram, Chennai, Tamil Nadu 600069, India"
4913,40,Vallakotai ,602105,12.878970341474222,79.93658297839225,"VWHP+HR5, Mathur, Tamil Nadu 602118, India"
3208,35A,"Gangai Amman Kovil , mangadu",600122,13.0357647,80.1105614,"31, Sriram Nagar, Kamachi Nagar, Mangadu, Chennai, Tamil Nadu 600122, India"
5724,35,"Therasa school , Pallavaram ",600043,12.965079694191454,80.13977315211035,"20, Neelakandan St, Sri Ganapathy Nagar, Muthuppalaniappan Nagar, Ganpathi Nagar, Pammal, Chennai, Tamil Nadu 600044, India"
6660,18C,Ayyankulaam,600071,13.0937281,80.10850339999999,"34V5+FCJ, Avadi Rd, Paruthippattu, Indira Nagar, Avadi, Tamil Nadu 600071, India"
409,35D,Pammal police booth,600075,12.9753197,80.1324226,"191, Pammal Main Rd, Lakshmi Narayana Nagar, Pammal, Chennai, Tamil Nadu 600075, India"
4842,9c,dr super,600037,13.081484662185735,80.16698803325673,"84, near DR Super Market, 4th Block, Mogappair West, Mogappair, Chennai, Tamil Nadu 600037, India"
520,16A,"Aalamaram,redhills",600052,13.194547674582044,80.17558359973995,"55VG+V6G, Thiruvallur Hwy, M.A.Nagar, Red Hills, Padianallur, Chennai, Tamil Nadu 600052, India"
3408,36,Kovur,600128,13.0101843,80.1189182,"60, Kovur, Chennai, Thandalam, Tamil Nadu 600128, India"
1976,17b,Melnalathur Thiruvalluvar ,602002,13.0795704,79.9080757,"3WH5+MFR, Manavalanagar, Tamil Nadu 602002, India"
1071,35C,Mummy Daddy shop Mangadu ,600122,13.030752064876316,80.11120791358843,"281, Kundrathur Main Rd, MGR Nagar, Mangadu, Chennai, Tamil Nadu 600122, India"
2638,20B,Lakshmi Ammal College,600073,12.90773803396719,80.14246595631178,"37, Mohan Nagar, Balaji Nagar, Selaiyur, Kanchipuram, Chennai, Tamil Nadu 600073, India"
357,36c,Madhanandapuram bus stop,600125,13.022861167742638,80.14629871219033,"96, Ponni Nagar, Madhanandapuram, Chennai, Tamil Nadu 600125, India"
5015,42A,Thakkolam,631151,13.015646695317027,79.73240276163848,"2P8J+6WW, Bajanai Koil St, Thakkolam, Mangattucheri, Tamil Nadu 631151, India"
3211,4 ,Chinthadripet,600002,13.0767304,80.26910079999999,"56, Mangapathy St, Adikesavarpuram, Chintadripet, Chennai, Tamil Nadu 600002, India"
4354,15E,Kallikuppam tea kadai bus stop ,600053,13.1328308,80.1736418,"258, Surapet Main Rd, Muthtamil Nagar, Korattur, Chennai, Tamil Nadu 600053, India"
458,18b,"Hindu college,Pattabiram",600072,13.12234680774294,80.0778075146283,"205, 7th St, Modern City, Deena Dayalan Nagar, Pattabiram, Chennai, Tamil Nadu 600072, India"
1534,8c,Dharma fancy,600037,13.082675400055084,80.18779097200671,"1-57-579, Block 2, J J Nagar, Anna Nagar West Extension, Chennai, Tamil Nadu 600037, India"
5370,17A,Kakkalur,602003,13.12330862025297,79.93820095076158,"Putlur Halt, Putlur, Tamil Nadu 602003, India"
1680,8c,Waves,600050,13.087407659505876,80.1928908814716,"45, S Park Rd, Shantiniketan Colony, Anna Nagar West, Anna Nagar West Extension, Chennai, Tamil Nadu 600101, India"
2635,23C,Pazhavandhangal Subway,600114,12.9880019,80.1852929,"Pazavanthangal Road Junction, Pazavanthangal, Chennai, Tamil Nadu 600114, India"
4951,15b,Thirumullavoyal bus stand ,600062,13.130610309863892,80.13162178278975,"71, Chennai - Tiruvallur High Rd, Venugopal Nagar, Thirumullaivoyal, Chennai, Tamil Nadu 600062, India"
7111,36,Gerugambakkam bus stop ,600128,13.01101974881102,80.16443734212721,"No: 31, 2nd St, Ramapuram, Marvel Rivervier View County, Manapakkam, Chennai, Tamil Nadu 600125, India"
7230,37C,Poonamallee,600056,13.0450079,80.1156829,"358, near Poonamallee Fire And Rescue Station, MSS Nagar, Ambedkar Nagar, Poonamallee, Chennai, Tamil Nadu 600056, India"
6285,20c,ponniamman koil,600091,12.964815143486335,80.1970553539673,"692, Bazaar Main Rd, Balaiah Garden, Madipakkam, Chennai, Tamil Nadu 600091, India"
7109,39c,Nadu street,631501,12.8278661,79.72316119999999,"13a, Thirukalimedu, 192Kanchipuram, Tamil Nadu 631501, India"
4886,38C,631502,631502,12.822758781564389,79.69949256308894,"RMFX+5QF, Vandavasi Rd, Kanchipuram, Tamil Nadu 631501, India"
3020,9B,Velammal Vidyalaya Mogappair West ,600037,13.05883374364682,80.21629028153554,"97/135, Avvai Nagar, Choolaimedu, Chennai, Tamil Nadu 600094, India"
2931,9B,Water tank road,600037,13.083185332399207,80.17255366732411,"33, Brindawan Colony, Mogappair East, Chennai, Tamil Nadu 600037, India"
3583,29c,Valasaravakkam ,600087,13.040626368151733,80.1723695144584,"158, Arcot Rd, near corporation office, opposite Tamil Nadu, Subramanya Swamy Nagar, Valasaravakkam, Chennai, Tamil Nadu 600087, India"
7538,36,Govt school kovur ,600128,13.014268070675016,80.12001969405372,"venkateswara nagar, 2/132, Kovur, Chennai, Tamil Nadu 600128, India"
6052,18A,"Bharat petrol bunk, vethala thottam, Senneerkuppam, Poonamallee",600056,13.063620956856887,80.11270205178107,"3/725, Senneer Kuppam, Chennai, Tamil Nadu 600077, India"
1725,40C,Kanchipuram bus stand,631502,12.836109248144687,79.71750175032626,"8, Karl Marx St, Shanmuga Nagar, Kanchipuram, Tamil Nadu 631501, India"
7808,34c,Iyyapanthangal reliance mart,600056,13.033236853401496,80.13513325687757,"3/137, Mettu St, Kk Nagar, Iyyappanthangal, Chennai, Tamil Nadu 600056, India"
4905,11A,DRJ,600076,13.1127902,80.1896663,"73,NRS road, Sivalingapuram, korattur, New Colony, Korattur, Chennai, Tamil Nadu 600076, India"
7172,34c,Iyyapanthangal ,600056,13.0450079,80.1156829,"358, near Poonamallee Fire And Rescue Station, MSS Nagar, Ambedkar Nagar, Poonamallee, Chennai, Tamil Nadu 600056, India"
4907,7a ,Golden flats,600037,13.083431496057136,80.18232501435546,"11-329, Block 12, Block 11, J J Nagar, Mogappair East, Chennai, Tamil Nadu 600037, India"
4853,2c,Ellaiamman Koil ,600019,13.158070909718113,80.30194551697284,"N0.189/90, First floor, Thiruvottiyur High Rd, Radhakrishnan Nagar, Rajakadai, Tiruvottiyur, Chennai, Tamil Nadu 600019, India"
1967,23,"Ganesh nagar, near girias,... echangadu signal ",600091,12.961348295152211,80.18718220612321,"48/2, Medavakkam Main Rd, near Jayachandran Mahal, Ganesh Nagar, Gandhi Nagar, Madipakkam, Chennai, Tamil Nadu 600117, India"
1940,19A,"Kulam Park, Tambaram Corporation",600045,12.9307167,80.1118791,"440, Kasthuribai Nagar, Tambaram, Chennai, Tamil Nadu 600045, India"
2040,35D,"Anakaputhur, sivan kovil",600070,12.98029783394253,80.1218415321977,"6, Tiruvalluvar St, Pari Nagar, Anakaputhur, Chennai, Tamil Nadu 600070, India"
7523,37B,Parivakkam Signal,600056,13.0508507,80.0993342,"25/95, Chetty St, near by government hospital, Nambi Nagar, Poonamallee, Chennai, Tamil Nadu 600056, India"
262,40,"Casa grand,high school pattunool chathiram Sriperumbudur ",602105,12.950515726813403,79.9418562850225,"NO- 73, 73, Vignesh Nagar, pattunool chatharam, Sriperumbudur, Tamil Nadu 602105, India"
2068,37,Porur saravana stores,600125,13.0206539,80.1641618,"2/162, Perumal Kovil Street, Mugalivakkam, AGS Colony, Mugalivakkam, Chennai, Tamil Nadu 600125, India"
1834,40C,Rama's cafe near Kanchipuram Bustand ,631502,12.83767829478917,79.70671022957725,"27/12A, E Raja St, Melkathirpur, Periya, Kanchipuram, Tamil Nadu 631501, India"
3047,24C,Nagalkeni nayara petrol bunk,600044,12.9586466,80.13217379999999,"41/17, Arkeeswarar Colony Main Rd, Sripuram, Chromepet, Chennai, Tamil Nadu 600044, India"
6971,25,Kattupakam bus stop,600056,13.0380617,80.1353549,"24QP+648, VGN Nagar, Iyyappanthangal, Chennai, Tamil Nadu 600056, India"
8106,36,Kovur,600128,13.011685364137076,80.12488805619111,"No:39, 4, Kundrathur Main Rd, Kovur, Chennai, Tamil Nadu 600128, India"
391,20C,Kaiveli ,600091,12.964338445720909,80.2163346834592,"Kaiveli, Madipakkam, Chennai, Tamil Nadu 600042, India"
1808,17B,"VasanthaBhavan,thiruvallur,602001",602001,13.1431541,79.9082887,"16, Sannathi St, Tiruvallur, Tamil Nadu 602001, India"
2001,23c,Kovilambakkam,600129,12.9446933,80.19386779999999,"1,Ambedkar salai,karunai sekaran nagar,Nanmangalam, Indirapuri, Kovilambakkam, Chennai, Tamil Nadu 600129, India"
6314,24,Moovarasampet lake,600091,12.97069637775388,80.18631121485573,"21-20, Kannan Nagar, Madipakkam, Chennai, Tamil Nadu 600061, India"
1571,20,Medavakkam ,600100,12.9176358,80.1888333,"PVG Towers, Velachery - Tambaram Main Rd, Munusamy Nagar, Vimala Nagar, Medavakkam, Chennai, Tamil Nadu 600100, India"
5124,7,ANNA NAGAR K4,600040,13.09213794889839,80.22528387541428,"7, 26th St, L Block, Annanagar East, Chennai, Tamil Nadu 600102, India"
7148,10,Podikadai Bus Stop,600012,13.0977694,80.2479235,"30-27, Brislee Nagar, Jamalia, Chennai, Tamil Nadu 600007, India"
1726,10c,Villivakkam Kalpana Hotel,600049,13.103206,80.207732,"Kalpana Hotel, Villivakkam, Chennai, Tamil Nadu 600049, India"
1909,15D,Pillayar koyil,600077,13.10125345412777,80.1424581739483,"9309, TNHB Colony, Annanur, Ayappakkam, Chennai, Tamil Nadu 600077, India"
2033,15D,Selvi mahal,600077,13.103716651835269,80.13137758969457,"3519, Rajammal nagar, TNHB Colony, Annanur, Ayappakkam, Chennai, Tamil Nadu 600077, India"
6717,10C,Nadhumuni Theatre,600049,13.103448441491707,80.20235150024719,"nathamuni theatre, 223, Madras Thiruvallur High Rd, Thiru Nagar, Villivakkam, Chennai, Tamil Nadu 600049, India"
8007,24,Ranga Theatre,600061,12.9792449,80.1798959,"37/10, 1st Cross St, Nanganallur, Chennai, Tamil Nadu 600061, India"
375,12c,Reteri petrol bunk ,600009,13.1294353,80.2175527,"6/7, Sri Ragavendra Nagar, Mangali Neethiman Nagar, Kolathur, Chennai, Tamil Nadu 600099, India"
7339,19E,"Mudichur,Outer ring road",602105,12.915701131074458,80.07584887147144,"11A, Madanapuram Main Rd, Madanapuram, Shanthi Nagar, Tambaram, Corporation, Perungalathur, Tamil Nadu 600063, India"
402,11,Moolakadai ,600118,13.1295676,80.2416298,"18, Tondiarpet High Rd, Moolakadai, Kodungaiyur, Chennai, Tamil Nadu 600118, India"
3704,17A,Kakkalur ,602001,13.138900540625848,79.92575633958718,"4WQG+H8 Kakkalur, Tamil Nadu, India"
4071,10C,ICF,600049,13.1070217,80.2145556,"Old No: 72 A/2, New No: 87,seeyalam Main Street, Villivakkam, Seeyalam, Villivakkam, Chennai, Tamil Nadu 600049, India"
7895,45,Padappai,601301,12.8865824,80.0216481,"V2PC+JMJ, Padappai, Tamil Nadu 602301, India"
7356,40b,Gujarathi chathram,631502,12.844969299671044,79.69672961760917,"54, Salai St, Periya, Kanchipuram, Tamil Nadu 631502, India"
4835,19D,Urapakkam School Bus stand ,603211,12.866322635254424,80.07492487308052,"972, Chennai - Theni Hwy, Bharathi Nagar, Vurapakkam, Urapakkam, Chennai, Tamil Nadu 603211, India"
2567,5 B,Maduravoyal Erikkarai,600095,13.063659332674105,80.16784737222228,"135, Poonamallee High Rd, Pallavan Nagar, Maduravoyal, Chennai, Tamil Nadu 600095, India"
8135,12,Pavithra hospital ,600118,13.12680475722635,80.24926570783428,"12, Ethiraj Samy Salai Rd, Erukkancheri, Kodungaiyur, Chennai, Tamil Nadu 600118, India"
1561,45,Padappai,601301,12.887573335169217,80.0248429519277,"V2QF+3W5, Padappai, Tamil Nadu 602301, India"
1884,40C,Rama's cafe near bus stand,631502,12.836917948492331,79.70664037369706,"92, E Raja St, Periya, Kanchipuram, Tamil Nadu 631502, India"
2105,21,"Aadambakkam, tender cuts ",600088,12.983482352588362,80.20077683168996,"2/48, Godavari St, Vel Nagar, Adambakkam, Chennai, Tamil Nadu 600088, India"
6322,33,Sivan Park,600078,13.0417753,80.2049487,"Sivan Park, PV Rajamannar Salai, Kannigapuram, Sector 3, K. K. Nagar, Chennai, Tamil Nadu 600078, India"
4874,14C,Veterinary college,600060,13.16159983461543,80.24393818070891,"Milk Colony University, Madhavaram Milk Colony, Chennai, Tamil Nadu 600051, India"
4882,37c,Poonamalle bypass ,600056,13.0505597,80.09612059999999,"332W+6CX, 2nd St, MG Nagar, Poonamallee, Chennai, Tamil Nadu 625020, India"
815,8c,Waves ,600101,13.088857542468164,80.196233435561,"14-6-9, Santam Colony, Anna Nagar West Extension, Chennai, Tamil Nadu 600101, India"
809,13C,Temple School ,600099,13.131318722398538,80.20400534324109,"46J3+GH8, Vinayagar Koil St, 3rd Layout, Saptagiri Nagar, Lakshmipuram, Chennai, Tamil Nadu 600099, India"
7079,24,Nanganallur,600114,12.98164675993315,80.18559371897419,"Silver Sand Apartments, 5th Main Rd, Nehru Colony, Nanganallur, Chennai, Tamil Nadu 600061, India"
6998,34,Iyapandangal bus stand ,600056,13.039805815598449,80.13053902234317,"No. 2/370-a, na, Mount Poonamallee High Road, Iyyappanthangal, Pushpa Nagar, Kattupakkam, Chennai, Tamil Nadu 600056, India"
5875,16,Padiyanallur ,600052,13.204031696657353,80.17169773186104,"653C+HJ8, PT Murthy Nagar, Chennai, Padianallur, Tamil Nadu 600052, India"
5863,34,Mugalivakkam ,600089,13.02711049496274,80.17264878277834,"2-75, Venkateshwara Nagar, Meenakshi Nagar, Ramapuram, Chennai, Tamil Nadu 600089, India"
5865,17D,Anderson pettai ,600124,13.07689087810818,80.0275898468493,"Sri Krishna Sweets, Andersonpet, Tamil Nadu 600124, India"
5867,34,Mugalivakkam,600089,13.008396013254655,80.00201115271452,"Rajalakshmi Engineering College - Automobile, Biomedical, Civil and 1st Year Block, National Highway 4, Rajalakshmi Nagar, Chennai, Mevalurkuppam, Tamil Nadu 602105, India"
5872,5c,Thirunagar (Ambica Empire Hotel),600094,13.059141968805,80.21200290813208,"4/10, Senthil Nagar, Padmanabha Nagar, Choolaimedu, Chennai, Tamil Nadu 600094, India"
3736,18D,Ajeya stadium ,600054,13.1330554,80.1024462,"44M2+6XG, Avadi, Tamil Nadu 600054, India"
3720,8c,Anna nagar west thirumangalam waves stopping ,600040,13.087174286901282,80.19290467912279,"32, Mellavellar Street, Jayankondam, Ariyalur(TK, Thirumangalam, Govt Officers Colony, Chennai, Tamil Nadu 600040, India"
6236,13c,Mannurpet ,600050,13.09807893342258,80.17592497823219,"269-99, 269-99, Chennai Tiruvallur High Rd, Green View Colony, Mannurpet, Thirumalai Colony, Chennai, Tamil Nadu 600076, India"
7539,19A,Krishna Nagar ,600045,12.9167099,80.0952982,"5A, Shakthi Nagar, Perungalattur, Chennai, Tamil Nadu 600045, India"
3610,10,Sayani theatre,600023,13.0985872,80.2339812,"No. 17, K.H. Road, Ayanavaram, Near joint office, opposite to government school, Vasantha nagar, Chinna Chembarambakkam, Ayanavaram, Chennai, Tamil Nadu 600023, India"
632,15c,Singapore shopping ,600053,13.12197476851083,80.14784814534147,"603, Madras Thiruvallur High Rd, Ram Nagar, Ambattur, Chennai, Tamil Nadu 600053, India"
7500,33C,Vembuliamman Kovil bus stand ,600092,13.0467637,80.1904012,"262, Arcot Rd, Rajeswari Colony, Virugambakkam, Chennai, Tamil Nadu 600092, India"
521,9A,"Near Velammal hall, Mogappair ",600037,13.0835569,80.1730553,"Pukazhenthi Salai, No 2/335, Mogappair West, Mohanram Nagar, Mogappair, Chennai, Tamil Nadu 600037, India"
4873,5,Chinthamani,600102,13.0846953,80.2251603,"62, 4th St, D Block, Annanagar East, Chennai, Tamil Nadu 600102, India"
3049,3,Gangadeeswarar koil,600084,13.0836671,80.2546488,"37M3+FV6, Purasaiwakkam, Chennai, Tamil Nadu 600084, India"
1416,11C,Korattur BV stop,600076,13.102950420147597,80.179525254319,"87/1, Railway Station Rd, Periyar Nagar, Tillai Nagar, Korattur, Chennai, Tamil Nadu 600080, India"
4442,16,Gandhi nagar,600052,13.1973305629947,80.15688238842179,"55W4+VM, Gandhinagar, Red Hills, Chennai, Attanthangal, Tamil Nadu 600052, India"
1079,17D,"Second railway station gate, Veppampattu",602024,13.124903392586267,80.0076394962036,"Purasawalkam Tank, Veppambaattu, Tamil Nadu 602024, India"
578,17D,"Second railway station gate, Veppampattu",602024,13.125268155314515,80.00798182019042,"Purasawalkam Tank, Veppambaattu, Tamil Nadu 602024, India"
4686,19A,19A,600048,12.898935808074176,80.07784136982004,"2/204, Ganapathy Nagar, Vandalur, Perungalathur, Tamil Nadu 600048, India"
818,18b,"Hindu college,Pattabiram ",600072,13.120309342532442,80.06936545804271,"43C9+5Q5, 6/25, Balaji St, Bharathiyar Nagar, Pattabiram, Tamil Nadu 600072, India"
1783,28,Kodambakkam powerhouse,600024,13.057821777440294,80.22072377006327,"26, 4th St, Bharatheeswarar Colony, Trustpuram, Choolaimedu, Chennai, Tamil Nadu 600094, India"
348,12,Kaviyarasu Kannadasan nagar bus depot ,600118,13.1362021,80.2585897,"257/8, Kodungaiyur (East), muthamil Nagar, Kodungaiyur, Chennai, Tamil Nadu 600118, India"
902,17,Oil mill thiruvallur ,602001,13.123563329744302,79.91155895539553,"74, JN Rd, near Oil Mill Bus Stop, Kakkalur, Tamil Nadu 602001, India"
5813,30,Chinmaya Nagar,600092,13.059246225654652,80.19494597238548,"60, Kaliamman Koil St, Chinmaya Nagar Stage 2, Natesan Nagar, Virugambakkam, Chennai, Tamil Nadu 600092, India"
1815,16E,Saraswati nagar,600062,13.1350516,80.1432237,"44PV+27H, Saraswati Nagar, Thirumullaivoyal, Chennai, Tamil Nadu 600062, India"
5852,23C,Pazhavanthangal (subway),600061,12.981354785753572,80.18552159417693,"X5JP+H6V, 45th St, Nehru Colony, Nanganallur, Chennai, Tamil Nadu 600061, India"
1685,1,Lift gate ,600057,13.20320975725092,80.31573098458827,"No 292, Kathivakkam High Road, Ets Colony 2, Ennore, Chennai, Tamil Nadu 600057, India"
355,16B,Puzhal jail ,600066,13.159645710139914,80.20305953887848,"168 Puzhal Camp, New Central Jail, Puzhal, Chennai, Tamil Nadu 600066, India"
40,1c,Neyveli house,600010,13.07816587405641,80.24717102662619,"151/132, Poonamallee High Rd, Opposite Breeze Hotel, Pullapuram, Kilpauk, Chennai, Tamil Nadu 600010, India"
63,11A,DRJ (THATHANKUPPAM),600099,13.13722012575315,80.19278915314257,"45PV+V54, Venkateshwara Nagar, Lakshmipuram, Chennai, Tamil Nadu 600099, India"
6404,15E,SS Mahal,600099,13.132798291718036,80.20781246289575,"87, Gangai Amman Koil St, Rajan Nagar, Lakshmipuram, Chennai, Tamil Nadu 600099, India"
7102,42A,Thakkolam keel Bazaar ,631151,13.0165029,79.7360938,"49, Thakkaliamman Koil St, Thakkolam, Tamil Nadu 631152, India"
13,3,choolai,600112,13.0947086,80.2635744,"12, Kattur Nallamuthu St, Govind Puram, Choolai, Chennai, Tamil Nadu 600112, India"
31,19D,guduvancherry,603202,12.7942547,80.0771686,"Q3WH+433, Raju Nagar, Kumuzhi R.F., Tamil Nadu 603202, India"
11,38c,Housing board,631502,12.817999938362563,79.69284463171506,"22, Vinobaji St, Vedachalam Nagar Extension, Thirumana, Kanchipuram, Tamil Nadu 631501, India"
65,12,mkb nagar,600118,12.925645350794117,80.20941223393783,"1B, Vivekananda Nagar 3rd Main Rd, opposite to om sai traders, Vivekanandar Nagar, Pari Nagar, Pallikaranai, Chennai, Tamil Nadu 600100, India"
16,11A,Sharma Nagar,600039,13.118321448021293,80.25703511198479,"57B, 27th St, Saliman Colony, Vyasarpadi, Chennai, Tamil Nadu 600011, India"
5826,8,Anna nagar West depot,600040,13.0941243,80.1983688,"35VX+J8G, Pioneer Colony, Anna Nagar West Extension, Chennai, Tamil Nadu 600101, India"
1858,4c,Nungambakkam railway station ,600094,13.066403092412829,80.23125050637483,"368J+HF9, Nelson Manickam Rd, Sowrashtra Nagar, Choolaimedu, Chennai, Tamil Nadu 600094, India"
36,14,minjur,601203,13.3451646,80.2878794,"SEN NAGARO OPPJUMBO BAG COMPANY, 87WQ+356, Tamil Nadu 601203, India"
10,16E,PARUTHIPATTU - MULBERRY ,600071,13.088952183368802,80.1153163276001,"H1, Sumangali Maanasarovar Garden Rd, Paruthippattu, Avadi, Tamil Nadu 600071, India"
7012,41C,Poottuthakku ,632513,12.942790692786296,79.24839321586245,"W6VX+73R, DIST, Rathinakiri, Ranipet, Tamil Nadu 632517, India"
6385,28c,Lakshman Shruthi ,600078,13.0410254,80.2000596,"175, Ramaswamy Salai, Sector 4, K. K. Nagar, Chennai, Tamil Nadu 600078, India"
5851,20D,Vadakupettu,600129,12.93548123392914,80.18248450494079,"11/395, Karpagam Nagar Main Rd, Kulattur, Chennai, Tamil Nadu 600129, India"
6666,19B,Varadharaja theatre ,600064,12.9329142,80.1468034,"4/6, Alex St, Rajarajeshwari Nagar, Muthulakshmi Nagar, Chitlapakkam, Chennai, Tamil Nadu 600064, India"
2067,14,Manali new town ,600103,13.212388541329458,80.27156241038503,"677C+2GV, Ezhil Nagar, Chennai, Vichoor Village, Tamil Nadu 600103, India"
7061,40,Sriperumbudur high school ,602105,12.951667069868718,79.93939779398902,"XW2Q+MMW, V.R.P. Chatram, Sriperumbudur, Tamil Nadu 602105, India"
2097,18d,Nemilicherry,602024,13.126675376831171,80.04324734837381,"42GV+J9F, Krishna Colony Road, Thiruninravur, Tamil Nadu 602024, India"
5191,20A,Poondi bazaar,600059,12.928609431616694,80.12987982131312,"1/1, Anjaneyar St, East Tambaram, Tambaram, Chennai, Tamil Nadu 600059, India"
2066,4c,Loyolo collage,600034,13.06272267105157,80.23587178810703,"367P+3CM, Tank Bund Rd, Nungambakkam, Chennai, Tamil Nadu 600034, India"
1150,44,mambakkam,602105,12.933743400743149,79.90841204853967,"WWM5+J89, Mumbai Hwy, Mambakkam, Sriperumbudur, Tamil Nadu 602106, India"
5526,18E,Vel Tech junction,600062,13.1668935487326,80.09844147486878,"No 2, Veltech, Bharathi Nagar, New Vellanur, Tamil Nadu 600062, India"
4860,10C,Icf signal,600038,13.100728330155306,80.21436421293816,"57/9, opp. HDFC ATM, near Jyotirling Temple, Moorthy Nagar, ICF West Colony, Villivakkam, Chennai, Tamil Nadu 600029, India"
7091,9,7H bus stand,600107,13.08017992022146,80.18043691719923,"Second Floor, Plot No.10/PC-3, Church Rd, Mogappair East, Chennai, Tamil Nadu 600037, India"
891,7C,TSK Nagar,600050,13.088054483963113,80.18529582034427,"35QP+54X, Officers Colony Main Rd, TS Krishna Nagar, J J Nagar, TS Krishna Colony, Chennai, Tamil Nadu 600050, India"
7004,5c,Vengaya mandi,600107,13.069762,80.181714,"Vengaya Mandi, Poonamallee High Rd, VGP Amudha Nagar, Koyambedu, Chennai, Tamil Nadu 600107, India"
7002,37B,Karayanchavadi ,600122,13.04646640966315,80.11184531103261,"2, Trunk Rd, DRR Nagar, Karayanchavadi, Poonamallee, Chennai, Tamil Nadu 600056, India"
1094,12,Vyasarpadi parking,600039,13.1182996,80.2594762,"4795+8Q9, MKB Nagar, Nagammai Nagar, Vyasarpadi, Chennai, Tamil Nadu 600039, India"
2055,17D,Vepampattu raily station ,602024,13.103396162868398,79.99980225110953,"4X3X+CM9, SV Nagar, Perumalpattu, Tamil Nadu 602024, India"
2142,18B,Kavarapalayam bus stand ,600054,13.118743483624716,80.0859287159849,"Kavarapalayam (Avadi), Avadi, Tamil Nadu 600071, India"
4865,16B,Kallikuppam arch,600053,13.132334420411954,80.17133230343497,"45JC+XG4, Kallikuppam, Ambattur, Chennai, Tamil Nadu 600053, India"
3187,36C,Eb station ,600116,13.030659584239208,80.15286488486731,"51/94, SH 113, Ramanatheswarar Nagar, RE Nagar, Madhanandapuram, Chennai, Tamil Nadu 600116, India"
7326,44,Panapakkam ,631052,12.923572273094,79.56783981907807,"WHF9+F25, Kosa St, Panapakkam, Tamil Nadu 631052, India"
7321,17A,Old collector office ,602001,13.13677302466357,79.91780334755241,"4WP9+Q3Q, Kakkalur Bypass Rd, Ma. Po. Si. Nagar, Kakkalur, Tamil Nadu 602001, India"
4924,45,VGN BRIXTON MEVALURKUPPAM ,602105,13.002088994916743,79.98558224081266,"2X2P+R6 Mevalurkuppam, Tamil Nadu, India"
7499,7c,Collector nagar,600037,13.087675966781024,80.19020744593962,"44 TNHB HIG Phase 2, Ambattur Estate Rd, Radial Nagar, Anna Nagar West Extension, Chennai, Tamil Nadu 600101, India"
2025,4c,Metha nagar ,600094,13.06814549131679,80.22634238158835,"369G+6GW, Nelson Manickam Rd, Railway Colony, Aminjikarai, Chennai, Tamil Nadu 600029, India"
1842,24,Nanganallur ,600061,12.97861983141729,80.1861734688073,"2/35, TNGO Colony, Nanganallur, Chennai, Tamil Nadu 600061, India"
1178,40,Chetti street ,631501,12.8190334,79.7198066,"96, Malayala St, Little Kanchipuram, Nethaji Nagar, Kanchipuram, Arappanacheri, Tamil Nadu 631501, India"
2061,35D,Pammal police booth,600075,12.97175798512407,80.13521352758525,"50a,senguttuvan street, Karikalan St, Sambanthanar Nagar, Anakaputhur, Chennai, Tamil Nadu 600075, India"
8086,5b,Erikarai,600095,13.06969102861243,80.15977993815758,"200ft bye pass, Service Rd, Maduravoyal, Chennai, Tamil Nadu 600095, India"
5545,11C,Bhakthavachalam school,600080,13.108093230511695,80.18348359274675,"58/164, Venkatraman Nagar, Korattur, Tiruvallur, Chennai, Tamil Nadu 600060, India"
5159,7C,Collector nagar mugappair east ,600037,13.0846196,80.1824195,"12, 200, kanndasan salai, Block 12, Block 11, J J Nagar, Mogappair East, Chennai, Tamil Nadu 600037, India"
7335,9A,V7 nolambur police booth in service ,600037,13.079997815964663,80.16155126036304,"35J6+3JG Greater Chennai corporation park - Mogappair west main road, 6th Main Rd, near Chennai Bypass Road, Nolambur, Ambattur Industrial Estate, Chennai, Tamil Nadu 600095, India"
4852,34c,Iyyapanthangal,600056,13.038898405001346,80.1329161625648,"2/147, Trunk Rd, Iyyappanthangal, Chennai, Tamil Nadu 600056, India"
4880,18B,Pattabiram,600072,13.120400781174206,80.06567288918491,"427, Chennai - Tiruttani Hwy, Pattabiram, Tamil Nadu 600072, India"
4859,18A,Kaduvetti,600077,13.074477615782198,80.10745841840733,"2, Pillayar Koil St, Viraraghavapuram, Veeraraghavapuram, Thiruverkadu, Chennai, Tamil Nadu 600077, India"
6654,19D,Guduvanchery(EB),603202,12.850729987408195,80.07299524315391,"74, Mahalakshmi Nagar, Udhayasuriyan Nagar, Guduvancheri, Tamil Nadu 603202, India"
3013,18c,Kendriya vihar ,600071,13.09067520072526,80.10736271815469,"34R4+7X2, Paruthippattu, Avadi, Tamil Nadu 600071, India"
7987,34C,Iyyapanthangal Depot,600056,13.0378524,80.1350401,"Iyyappanthangal, Iyyappanthangal, Chennai, Tamil Nadu 600056, India"
1371,4,Pantaloons aminjikarai ,600029,13.069880833911068,80.22407530907384,"124/31, Railway Colony, Aminjikarai, Chennai, Tamil Nadu 600029, India"
7320,36c,Madhanandapuram Petrol Bunk,600125,13.0260675,80.152976,"81, opp. Vigneshwara nagar, Vigneshwara Nagar, busstop, Chennai, Tamil Nadu 600116, India"
4681,30c,Porur bridge down,600116,13.03848254655035,80.15719603507077,"3/38, Karambakkam, Buddhar Colony, Porur, Chennai, Tamil Nadu 600116, India"
165,5C,Radian Flats,600107,13.073894061954576,80.19102740058413,"Koyambedu, 35FR+F8R Radiance Icon, 1167, Poonamallee High Rd, Opposite to Daniel Thomas Matriculation School, Next to Metro Rail Office, Nerkundram, Chennai, Tamil Nadu 600107, India"
61,20,Narayanapuram Pallikaranai chennai,600100,12.937723107747525,80.21488142988052,"W6Q8+226, NSK St, Jaga Nagar, Periyarnagar, Pallikaranai, Chennai, Tamil Nadu 600100, India"
5305,8C,Waves,600101,13.087179367321182,80.19476737346368,"105, West, Anna Nagar West, Anna Nagar, Chennai, Tamil Nadu 600040, India"
5477,35B,Kundrathur Theradi,600069,12.9921122,80.0882374,"X3RQ+R7 Sikkarayapuram, Tamil Nadu, India"
8115,25C,Kathipara,600016,13.004810647063945,80.20493103425818,"27/17, Ramapuram, Mela Ilandaikulam, Alandur, Chennai, Tamil Nadu 600016, India"
2349,8,Anna nagar west depot,600101,13.0941243,80.1983688,"35VX+J8G, Pioneer Colony, Anna Nagar West Extension, Chennai, Tamil Nadu 600101, India"
2695,33C,Pondicherry guest house KK Nagar,600078,13.04178687863172,80.19342253314517,"Shop No, 886, Munusamy Salai, KK Nagar West, K. K. Nagar, Chennai, Tamil Nadu 600078, India"
543,15D,Icmr,600077,13.1006164,80.13964949999999,"7096, Ayapakkam, Annanur, Ambattur, Chennai, Tamil Nadu 600077, India"
276,4c,Anna arch ,600106,13.0751449419882,80.21732325409135,"No.492, P.H Road, arumbakkam, NSK Nagar, Arumbakkam, Chennai, Tamil Nadu 600106, India"
5201,35,Pozhichalur church,600075,12.9788802,80.137126,"15, First Main Rd, near Water tank, HL Colony, Pammal, Chennai, Tamil Nadu 600075, India"
7216,04,Chindatripet ,600002,13.0750799,80.2675607,"10/36, Dharmaraja Koil Ave, Chintadripet, Chennai, Tamil Nadu 600002, India"
3526,4,Halls Road Junction ,600008,13.0710177,80.25377929999999,"36, CASA Major Rd, Sulaiman Zackria Avenue, Egmore, Chennai, Tamil Nadu 600008, India"
3475,36c,Vigneshwara nagar ,600125,13.02345473273662,80.15437097708009,"54, Madanandapuram, Porur, Chennai, Tamil Nadu 600116, India"
4884,32C,Kasi theatre ,600083,13.02889074119872,80.208858595603,"89, Jawaharlal Nehru Salai, Anjugam Nagar, West Jafferkhanpet, Chennai, Tamil Nadu 600083, India"
5129,4,Egmore(co-optex) bridge,600008,13.0683019,80.2541707,"3793+FGQ, 350, Pantheon Rd, Sulaiman Zackria Avenue, Egmore, Chennai, Tamil Nadu 600008, India"
224,25C,Madhya Kailash,600020,13.006636158924277,80.24683212173528,"264W+JQC, Sardar Patel Rd, Sriram Nagar, Tharamani, Chennai, Tamil Nadu 600113, India"
3589,17B,Kadambathur ,631203,13.101852254944935,79.86256359418198,"4V26+RVG, Kadambathur, Tamil Nadu 631203, India"
1442,13B,Senthil nagar,600099,13.12296223540006,80.20153862897477,"plot no 14b, 15th cross street, 3rd -99, Main Rd, Senthil Nagar, Kolathur, Chennai, Tamil Nadu 600099, India"
2848,6,Gangaiamman Kovil ,600102,13.0910292,80.22742439999999,"Gujji Naicken Street, 94, New Avadi Rd, Kumaran Nagar, Annanagar East, Chennai, Tamil Nadu 600102, India"
2419,6,Gangaiamman Kovil New avadi road,600102,13.0910292,80.22742439999999,"Gujji Naicken Street, 94, New Avadi Rd, Kumaran Nagar, Annanagar East, Chennai, Tamil Nadu 600102, India"
1540,5c,Thitu nagar stop ,600026,13.0588035,80.2117466,"100ft road, 122/10, Jawaharlal Nehru Salai, Senthil Nagar, Padmanabha Nagar, Choolaimedu, Chennai, Tamil Nadu 600094, India"
479,5b,Vanagaram,600095,13.06969102861243,80.15977993815758,"200ft bye pass, Service Rd, Maduravoyal, Chennai, Tamil Nadu 600095, India"
2339,12,Sidco,600118,13.13149893978454,80.25256796851866,"Sidco, Kodungaiyur (East), Chennai, Tamil Nadu 600118, India"
7860,25c,Adyar ,600020,13.006480439241832,80.25441701003416,"No. 3, Sardar Patel Road, Adyar, Nethaji Colony, Adyar, Chennai, Tamil Nadu 600020, India"
8122,40c,Neo Sri Rama cafe Kanchipuram ,631502,12.8381133,79.6994937,"RMQX+8X6, Narasingarayar St, Pillaiyarpalayam, Kanchipuram, Tamil Nadu 631501, India"
6131,13c,Grace super market,600049,13.118708530552771,80.20480523237163,"20, 1st Main Rd, opp. to HDFC bank, Srinivasa Nagar, Kolathur, Chennai, Tamil Nadu 600099, India"
5297,3c,Kellys signal ,600010,13.085247462780016,80.24527160528986,"124, Kellys Rd, Kilpauk, Chennai, Tamil Nadu 600010, India"
7327,44,Nedumpuli Panapakkam ,631052,12.92613513408816,79.57055072847376,"WHGC+97P, Nedumpuli, Tamil Nadu 631052, India"
3987,16,Redhills Market,600052,13.1899945,80.1869593,"55QP+WQX, Red Hills, Chennai, Tamil Nadu 600052, India"
8108,14,Manali New Town,600103,13.2123325,80.2717625,"1/1, Pudhu Nagar, Manali New Town, Chennai, Tamil Nadu 600103, India"
2338,2c,Cemetery road,600021,13.11135533260218,80.28158452962346,"124, Thiruvottiyur High Rd, Old Washermanpet, Thirumazhisai, Chennai, Tamil Nadu 600124, India"
138,42,Indira gandhi statue,631001,13.0925574,79.659652,"Tnhb Main Road, Near Indira Gandhi Statue Arakkonam., 3MV5+3V5, Arakkonam, Tamil Nadu 631003, India"
5485,19B,Varadharaja theater,600064,12.9377414,80.1390205,"190/2B, 1st Main Rd, Jothi Nagar, Chitlapakkam, Chennai, Tamil Nadu 600064, India"
6226,37,Prestige bella vesta ,600056,13.0450079,80.1156829,"358, near Poonamallee Fire And Rescue Station, MSS Nagar, Ambedkar Nagar, Poonamallee, Chennai, Tamil Nadu 600056, India"
8084,15C,"Amudurmedu,pattabiram",600072,13.099743183641808,80.05767307080097,"318, Perumal Kovil St, Amudurmedu, Tamil Nadu 600072, India"
2572,34c,Iyyapanthangal,600122,13.0210902,80.12670240000001,"24CG+CMP, Paraniputhur, Iyyappanthangal, Chennai, Tamil Nadu 600122, India"
2071,42A,Kadambanallur,631151,13.0210288,79.7006773,"2PC2+F4X, Arigilapadi, Tamil Nadu 631151, India"
3076,18,Ponnu super bazaar,600054,13.115734025157984,80.10521876046339,"Avadi Market, Avadi, Tamil Nadu 600054, India"
3499,28,Sekar emporium,600024,13.0537861,80.2279923,"Sekar Emporium Textiles Pvt.Ltd, 22, Arcot Rd, Taylor Estate, Kodambakkam, Chennai, Tamil Nadu 600024, India"
1296,16E,Saraswati Nagar ,600053,13.127087001623435,80.14372981381987,"44GV+RFW, Parijatham St, Vivekananda Nagar, Ambattur, Chennai, Tamil Nadu 600053, India"
2809,14C,Madhavaram bus stand,600060,13.147728001265447,80.23100334601261,"235, Bazaar St, Kanmal Nagar, Madhavaram, Chennai, Tamil Nadu 600060, India"
7188,14c,Thapalpetti ,600060,13.14232250536059,80.2369590355667,"Madhavaram Post Box, Ramana Nagar, KKR Garden, Madhavaram Milk Colony, Chennai, Tamil Nadu 600060, India"
6304,20c,"Ponni amman temple, Madipakkam ",600091,12.9617233,80.19937159999999,"5045, Madipakkam, Chennai, Tamil Nadu 600091, India"
2092,37D,Nazharathpet ,600123,13.047231,80.08013059999999,"23WJ+V3R, Nazarathpettai, Tamil Nadu 600123, India"
245,25c,Balaji hospital ,600032,13.0046356,80.2065948,"2634+RMV, East Madhvapuram street, Ramapuram, Mela Ilandaikulam, Alandur, Chennai, Tamil Nadu 600016, India"
7283,34c,Iyyappanthangal ,600056,13.028588,80.1386971,"24HQ+CCM, 11th St, Guberalakshmi Nagar, Ponniamman Nagar, Iyyappanthangal, Chennai, Tamil Nadu 600122, India"
3547,34,Near sri Ramachandra medical college porur,600077,13.036148858512725,80.14622335525092,"3, 189 poonamallee, Trunk Rd, Venugopal Nagar, Porur, Chennai, Tamil Nadu 600116, India"
2291,10,Otteri,600012,13.098036828608445,80.25103078729587,"Otteri, TNHB Colony, Purasaiwakkam, Chennai, Tamil Nadu 600012, India"
3593,9A,"V7 Nolambur Police booth, Service Road",600095,13.080348251703288,80.16174539749298,"35J6+6RX, west main road, TNHB Phase I, Nolambur, Mogappair, Chennai, Tamil Nadu 600095, India"
5076,20E,Chromepet ,600044,12.9529389,80.1368968,"10, 4th Main Rd, New Colony, Chromepet, Chennai, Tamil Nadu 600044, India"
6941,25,"Marudeeshwar Kovil, Thiruvanmiyur ",600041,12.98340406242792,80.2594114772427,"6-A, East Coast Road, Thiruvanmiyur, Lalitha Nagar, Thiruvanmiyur, Chennai, Tamil Nadu 600041, India"
7073,2,Tondiarpet,600081,13.12706832243295,80.29005882645984,"637/196, Thiruvottiyur High Rd, Sanjeevarayanpet, Tondiarpet, Chennai, Tamil Nadu 600081, India"
2344,35,Pammal Gupta bhavan,600075,12.97175798512407,80.13521352758525,"50a,senguttuvan street, Karikalan St, Sambanthanar Nagar, Anakaputhur, Chennai, Tamil Nadu 600075, India"
7263,7A,Golden flats ,600037,13.088125406246949,80.17883509814759,"35QH+6G4, Mogappair, Chennai, Tamil Nadu 600037, India"
7497,24,Ezhur amman kovil,600061,12.9691796,80.1832051,"17, B.V. Nagar, Gandhi Nagar, MMTC Colony, Nanganallur, Chennai, Tamil Nadu 600091, India"
6850,40B,Kachapeswerar kovil,631501,12.8393951,79.6968207,"77A/1, 77/31, SVN Pillai St, Pillaiyarpalayam, Kanchipuram, Tamil Nadu 631502, India"
2709,20A,rajakilpakkam,600126,12.895664888813505,80.17351748804822,"1, Manickam Nagar, Noothencheri, Medavakkam, Chennai, Tamil Nadu 600126, India"
7088,17B,Vasantha Bhavan,602001,13.123730019204508,79.9107574424062,"168, JN Rd, opp. to GRT Jewellers, Kakkalur, Tamil Nadu 602001, India"
6938,45,High school ,602105,12.95558563933526,79.9425789717408,"XW4R+6W5, Sarala Nagar, Pondur, Sriperumbudur, Tamil Nadu 602105, India"
5663,29,Sooriya Hospital,600093,13.0487958,80.20391819999999,"10, Arunachalam Rd, Saligramam, Velayutham Colony, Vadapalani, Chennai, Tamil Nadu 600093, India"
5600,16C,Pudur,600053,13.13050552012581,80.15891307205595,"168, Ambattur Red Hills Rd, Pudur, Oragadam, Chennai, Tamil Nadu 600053, India"
7297,34c,Muniswarar temple ,600056,13.043264178145764,80.12176489417038,"Audco Nagar, Mount Poonamallee Rd, Kattupakkam, Chennai, Tamil Nadu 600056, India"
1501,12B,Kolathur Junction,600110,13.12678280132089,80.22509880377562,"137/346, Block C, Sr Colony, Perambur, Chennai, Tamil Nadu 600082, India"
7261,34c,Iyyappanthangal reliance mart,600056,13.033213358964856,80.13504997747516,"3/137, Mettu St, Kk Nagar, Iyyappanthangal, Chennai, Tamil Nadu 600056, India"
247,13B,Senthil nagar kolathur,600099,13.1215898,80.2025209,"75a, 13th Cross St, Periyarnagar, Senthil Nagar, Kolathur, Chennai, Tamil Nadu 600099, India"
3712,19E,Sembakam,600117,12.9233904,80.16020089999999,"W5F6+934, 2nd Bhajanai Koil St, Kamarajapuram, Sembakkam, Chennai, Tamil Nadu 600073, India"
997,20A,rajalakilpakkam signal,600073,12.9142449,80.1540875,"22, Madambakkam Main Rd, Gokul Nagar, Gandhi Nagar, Chennai, Rajakilpakkam, Tamil Nadu 600126, India"
7251,12B,Petrol bunk,600099,13.127433011183264,80.2174569358557,"14, Main Rd, Girija Nagar, Kolathur, Chennai, Tamil Nadu 600082, India"
3732,7C,TSK nagar ,600101,13.0894089,80.1862339,"7-1029, TVS Colony, Padi, Chennai, Tamil Nadu 600050, India"
6276,40c,Kanchipuram bus stand,631502,12.837426534402448,79.7036957503435,"106a, Kamarajar St, Bavaji Nagar, Nellukara st, Kanchipuram, Tamil Nadu 631501, India"
7241,3,Motcham theater ,600084,13.084320335510526,80.25184706299011,"63/29, Purasaiwakkam, Chennai, Tamil Nadu 600084, India"
3377,12,Ceelam bakery,600118,13.1287021,80.2528695,"2b, 10th Cross St, Kodungaiyur (East), Thiruvalluvar Nagar, Kodungaiyur, Chennai, Tamil Nadu 600118, India"
7019,12,MKB Nagar ,600118,13.131545177017664,80.25289326709617,"47J3+H4W, Sidco Main Rd, Kodungaiyur (East), Vasuki Nagar, Kodungaiyur, Chennai, Tamil Nadu 600118, India"
7025,20B,Padur,603103,12.805535313389363,80.22484594943631,"R64F+6WH, Padur, Tamil Nadu 603103, India"
7324,7c,Golden flats,600050,13.088169429154991,80.18261902766156,"C4 DCC MAYURI APARTMENTS, next to DAV boys school, Anna Nagar West Extension, Chennai, Tamil Nadu 600101, India"
2352,13C,Poombukar nagar grace super market ,600049,13.118598741855704,80.20761418364286,"Sree's Swarna Appartment, Ganesh Nagar, Villivakkam, Chennai, Tamil Nadu 600049, India"
2120,12B,Kolathur,600099,13.12604641327069,80.21927299299496,"Kolathur, Lakshmi Amman Koil St, Sundaram Nagar, Selli Amman Nagar, Ponniammanmedu, Chennai, Tamil Nadu 600082, India"
5714,17D,jaya matric school thiruninravur,602024,13.1256677,80.0445816,"CTH Road, 42GV+7R8, Thiruninravur, Tamil Nadu 602024, India"
6343,2,Mani Cycle Shop,600120,13.1251842,80.289183,"67QF+QMF, 42, Thiruvottiyur High Rd, Sanjeevarayanpet, Tondiarpet, Kodakarai, Chennai, Tamil Nadu 600120, India"
7294,30,Sai Nagar,600092,13.060144532464584,80.19554490025243,"25, Kaliamman Koil St, Chinmaya Nagar Stage 2, Raghavendra Colony, Virugambakkam, Chennai, Tamil Nadu 600092, India"
4819,12,Pavithra Hospital ,600118,13.124591659605551,80.24869059164244,"9, Eathiraj Samy Sali, Erukkancheri, Kodungaiyur, Chennai, Tamil Nadu 600118, India"
7290,25C,Ramapuram Signal,600125,13.020782999496094,80.18373816542051,"4/130, Manapakkam Main Rd, Parthasarathy Nagar, Manapakkam, Namakkal, Chennai, Tamil Nadu 600125, India"
4502,18c,Moorthy nagar,600071,13.102669,80.108437,"Moorthy Nagar, Avadi, Tamil Nadu 600071, India"
6228,27c,New Woodlands,600004,13.041659,80.2681459,"Thiruvalluvar, Rangaiah Garden, Mylapore, Chennai, Tamil Nadu 600004, India"
5954,28,"Power House, Near Samiyar maadam, Vadapalani.",600024,13.057955394168337,80.22079500076015,"42/11, 4th Cross St, Bharatheeswarar Colony, Bharatheswarar Colony, Choolaimedu, Chennai, Tamil Nadu 600024, India"
7144,5c,vallavan hotel,600106,13.0637276,80.2120253,"132, Vinayagapuram Main Rd, Kamala Nehru Nagar, Vinayakapuram, Balavinayagar Nagar, Chennai, Tamil Nadu 600106, India"
7069,6,Nalli Silks - AnnaNagar ,600040,13.084873,80.2101753,"2038, AD Block, Anna Nagar, Chennai, Tamil Nadu 600040, India"
6947,1a,SENTHIL NAGAR,600099,13.12337884429251,80.20170262328422,"No.49 vellavan nagar, Vivekananda Nagar, Kolathur, Chennai, Tamil Nadu 600099, India"
4605,35A,Maangadu bus stop,600122,13.0210902,80.12670240000001,"24CG+CMP, Paraniputhur, Iyyappanthangal, Chennai, Tamil Nadu 600122, India"
6349,43,Polivakkam chathiram,602002,13.057134823164027,79.90923588630943,"3W45+Q9M, Polivakkam, Tamil Nadu 602002, India"
6054,37B,Poonamalle bypass road,600056,13.047496167181214,80.0937133918516,"95A, MG Nagar, Poonamallee, Chennai, Tamil Nadu 600056, India"
5143,22,Khazana Jewelers ,600042,12.9760238,80.2198136,"360/1B, Velachery Bypass Rd, Vijaya Nagar, Velachery, Chennai, Tamil Nadu 600042, India"
1653,8C,Waves,600040,13.087213849392608,80.19232251679688,"46, Ambattur Estate Rd, Gandhi Nagar, Anna Nagar West Extension, Chennai, Tamil Nadu 600040, India"
7134,40B,"kachabeswarar temple,kanchipuram ",631502,12.838783952826653,79.70120090989008,"41, Nellukara St, Nellukara st, Kanchipuram, Tamil Nadu 631501, India"
7282,23c,Palavanthagal Subway ,600114,12.9880019,80.1852929,"Pazavanthangal Road Junction, Pazavanthangal, Chennai, Tamil Nadu 600114, India"
6949,10c,Icf,600049,13.093298747945548,80.16988378905164,"C-17, 2nd Main Rd, Ambattur Industrial Estate, Chennai, Tamil Nadu 600058, India"
1517,39,"KK NAGAR , MILITARY ROAD",631502,12.810554075642427,79.70633981476135,"210, Arumugam complex,viswadoss nagar, Military Rd, Sivapuram, Orikkai, Tamil Nadu 631502, India"
8103,11,Moolakadai ,600060,13.1295676,80.2416298,"18, Tondiarpet High Rd, Moolakadai, Kodungaiyur, Chennai, Tamil Nadu 600118, India"
7035,19D,Urapakkam School stop ,603210,12.8664206,80.0752885,"Urapakkam, Kubera Nagar, Urapakkam, Tamil Nadu 603210, India"
7074,37C,Thandalam bus stop,602105,13.0175995,80.004051,"2/309, Anna St, Thandal, Mevalurkuppam, Tamil Nadu 602105, India"
5803,5b,"Vanagaram,bus stand ",600095,13.0580334,80.1562697,"P16, Metpar Nagar, Vanagaram, Chennai, Tamil Nadu 600095, India"
3752,5c,Vengayamandi,600092,13.069329391925944,80.18114488243332,"13, Dayasadan St, Pallavan Nagar, Nerkundram, Chennai, Tamil Nadu 600107, India"
7582,17,"Meera theatre, Tiruvallur",602001,13.143283429644995,79.90082233165141,"4WV2+574, Tiruvallur, Tamil Nadu 602001, India"
5980,37B,Sennerkuppam EB,600056,13.05238227288142,80.1124952903818,"Senneerkuppam Electronic Board House, Ambal Nagar, Ponniamman Nagar, Poonamallee, Chennai, Tamil Nadu 600056, India"
7003,30C,Lakshmi Nagar,600116,13.0346903,80.1644877,"25M7+VQP, Lakshmi Nagar, Porur, Chennai, Tamil Nadu 600116, India"
7229,33C,Nesapakkam Bus Stand ,600078,13.0410254,80.2000596,"175, Ramaswamy Salai, Sector 4, K. K. Nagar, Chennai, Tamil Nadu 600078, India"
274,29C,Valasaravakkam,600116,13.04080911143452,80.17293969674026,"No.69, Arcot Rd, Subramanya Swamy Nagar, Valasaravakkam, Chennai, Tamil Nadu 600087, India"
6930,45,Tvh apartment ,603105,12.9562218,79.9867854,"1/110, Vangadu, Amarambedu, Tamil Nadu 602109, India"
7141,39,"Keeraimandapam, Kanchipuram.",631501,12.82286444565069,79.70661565711072,"30, Bangaru Easappan St, Ennaikaran, Kanchipuram, Tamil Nadu 631501, India"
4103,11,RTO,600110,13.135552322736308,80.22164064744413,"16, 30 Feet Rd, Ayyappa Nagar, Ponniammanmedu, Chennai, Tamil Nadu 600110, India"
7021,18,Ponnu super market ,600054,13.1159932,80.1025032,"4482+FW4, New Military Rd, Thirumalai Rajapuram, TNHB Mig V Block, Avadi, Tamil Nadu 600054, India"
6626,5A,MMDA MAIN ROAD ,600106,13.07188483122529,80.21560781301164,"46, Razzak Garden Main Rd, Ayyavoo Colony, Arumbakkam, Chennai, Tamil Nadu 600106, India"
1490,37 ,Saravana home stores Porur,600116,13.0321127,80.1633548,"Porur Sakthi Nagar, SH 55, Theru Veedhi Amman Koil Streets, Porur, Chennai, Tamil Nadu 600116, India"
7304,11C,Bakthavachalam College,600080,13.1133538,80.1904154,"9a, 2nd St, Thirumalai Square, Korattur, Puthagaram, Chennai, Tamil Nadu 600076, India"
7254,20A,Rajakilpakam ,600073,12.922610593576032,80.15167474565125,"Rajakilpakkam, Ambedkar Nagar, Selaiyur, Chennai, Tamil Nadu 600073, India"
7014,18,Ponnu super market,600054,13.12018903460939,80.09350995250824,"394, Chennai - Tiruvallur High Rd, Gandhi Nagar, Avadi, Tamil Nadu 600054, India"
6156,21C,Alandur Court,600114,12.994446659706254,80.18867273936348,"Casa Grand Aristo 14, Noble Street, CPWD Quarters, Kannan Colony, Alandur, Chennai, Tamil Nadu 600016, India"
7362,14C,Madhavaram Bus stand ,600060,13.150331073015442,80.2297353853505,"27/3, Kilburn Nagar, Madhavaram, Kadirvedu, Chennai, Tamil Nadu 600060, India"
5047,19E,"11, Mudichur Rd, West Tambaram, Tambaram, Old Perungalathur, Tamil Nadu 600063",600063,12.919686014324688,80.08730169383375,"11/29, Mudichur Rd, Gandhi Nagar, Old Perungalathur, Chennai, Tamil Nadu 600063, India"
230,11,Moolakadai,600118,13.1362021,80.2585897,"257/8, Kodungaiyur (East), muthamil Nagar, Kodungaiyur, Chennai, Tamil Nadu 600118, India"
7253,15C,"Singapore shopping,Ambattur.",600053,13.1226034,80.14741479999999,"1, Ambattur Red Hills Rd, Ram Nagar, Ambattur, Chennai, Tamil Nadu 600053, India"
5180,5a,maduravoyal ration shop,600095,13.068122642510994,80.17213894313987,"Brigade Xanadu Aspiro A2, 313 1, Chanakyan Main Rd, Annamalai Avenue, Chinna Nolambur, Chennai, Tamil Nadu 600095, India"
1869,31,Sangamam hotel (now manoj bhavan),600083,13.035653,80.2153569,"21/19, 47th St, Sarvamangala Colony, Manthope Colony, Ashok Nagar, Chennai, Tamil Nadu 600083, India"
7095,17,Uthukottai ,602026,13.330488973182693,79.88743158687949,"8VJQ+522, Uthukkottai, Tamil Nadu 602026, India"
5025,3,Choolai ,600112,13.0941137,80.2657646,"19, Avadi Srinivasa Iyer Street, Thattankulam, Choolai, Chennai, Tamil Nadu 600112, India"
254,15,murugappa,600062,13.1255679924039,80.1186042081936,"Murugappa Polytechnic, Chennai - Tiruttani Hwy, Tamil Nadu 600109, India"
2299,20,Pallikaranai jeyachandran textiles ,600100,12.9171412,80.1940972,"45, 3rd Street, Perumbakkam, Chennai, Tamil Nadu 600100, India"
5711,18A,JB Estate,600054,13.11344133134988,80.11374733424006,"123, Chinnamman Koil St, Township Area, Avadi, Tamil Nadu 600054, India"
6928,16A,Redhills market,600052,13.1890625,80.1846251,"26/24, Red Hills, Naravarikuppam, Chennai, Tamil Nadu 600052, India"
5034,4,City square ,600008,13.0743539,80.2565183,"2A,CAMBRAE EAST, NO 40, DR P V CHE, Egmore, Chennai, Tamil Nadu 600008, India"
5130,16b,Kallukupam arch,600053,13.131915362484165,80.1702011896881,"No-4, Ambattur Red Hills Rd, Kallikuppam, Ambattur, Chennai, Tamil Nadu 600053, India"
1218,38C,Housing board ,631501,12.823386,79.6949349,"18, Bagath Singh St, Thaiyar Kullam, Kanchipuram, Tamil Nadu 631501, India"
2285,23C,Keelkattalai,600117,12.9556074,80.1868681,"X54P+6PX, Ranga Nagar, Keelkattalai, Chennai, Tamil Nadu 600117, India"
3245,42c,Thakkolam railway station ,631151,13.024686,79.67744309999999,"2MFG+VXG, Thokalam, Poyyapakkam, Tamil Nadu 631151, India"
4441,44,Sunguvachatram,602106,12.920940545432012,79.87970546457339,"SH 120, Sunguvarchatram, Tamil Nadu 602106, India"
7454,20E,Tambaram mepz,600045,12.9307167,80.1118791,"440, Kasthuribai Nagar, Tambaram, Chennai, Tamil Nadu 600045, India"
5175,7C,Thirumangalam,600040,13.0870434,80.19592,"35PW+R97, Ambattur Estate Rd, Gaingaiammaannagar, Natarajan Nagar, Thirumangalam, Anna Nagar West Extension, Chennai, Tamil Nadu 600040, India"
3130,10C,Kalpana hotel villivakkam,600049,13.103111908723106,80.20775950718401,"Kalpana Hotel, Villivakkam, Chennai, Tamil Nadu 600049, India"
3286,40A,Walajabad Bus Stand,631605,12.792268848094045,79.81733869805987,"QRR9+R2C, 11, Gopal Naidu St, Walajabad, Tamil Nadu 631605, India"
5083,15E,"SS mahal, vinayagapuram ",600099,13.1363862,80.2092078,"19/2, Secretariat Nagar, Lakshmi Puram, Kolathur, Chennai, Tamil Nadu 600099, India"
4910,9A,West mogappair state bank atm,600095,13.0730534,80.1654094,"15th Block JainsSunderbans Apartment, West, Block 10, Nolambur, Mogappair, Chennai, Tamil Nadu 600095, India"
2363,30,Chinmaya Nagar Bus stand ,600092,13.0620719,80.1923735,"T/B -99, Anna Fruit Market, Vedha Nagar, Chinmaya Nagar Stage II Extension, Kumaran Nagar, Virugambakkam, Chennai, Tamil Nadu 600092, India"
7179,43,Pattaraiperumbudur,631203,13.1524589,79.8210948,"100, Pattaraiperumbudur, Tamil Nadu 631203, India"
7365,17D,kottamedu (IGL),602024,13.094463029249296,80.00684975594528,"Periya Kottamedu, Tamil Nadu 602024, India"
6203,12,MKB Nagar ,600039,13.1182996,80.2594762,"4795+8Q9, MKB Nagar, Nagammai Nagar, Vyasarpadi, Chennai, Tamil Nadu 600039, India"
2250,41,Muthukadai ,632515,12.9850914,79.2655848,"Thiruvalam Bus Station, Katpadi Main Road, Thiruvalam, Sikarajapuram, Tamil Nadu 632515, India"
7460,44,Kilambi bypass ,631551,12.873407612174502,79.6544455895222,"VMF3+9Q Kuram, Tamil Nadu, India"
4957,18e,Nemilichery roundtunnel,602025,13.123805811898,80.05284803545523,"2, Chennai - Tiruvallur High Rd, Pattabiram, Chennai, Tamil Nadu 600072, India"
5983,40, Chetty street ,631501,12.8278661,79.72316119999999,"13a, Thirukalimedu, 192Kanchipuram, Tamil Nadu 631501, India"
6914,36,Iyyappanthangal Depot,600056,13.0379422,80.1348731,"24QM+5W9, Iyyappanthangal, Chennai, Tamil Nadu 600056, India"
6926,9,7H bus stop ,600107,13.0762955,80.1837236,"386, Golden George Nagar, Mogappair East, Chennai, Tamil Nadu 600037, India"
2116,18D,Nemilichery rountana ,602024,13.1139767203331,80.0512510558852,"4372+HHG, Service Rd, Thandurai, Avadi, Nemilicheri, Tamil Nadu 602024, India"
7222,34C,Iyyapanthangal bus stand ,600056,13.038571,80.13386299999999,"J Center Bus Depot, Mount Poonamallee Rd, near Iyyappanthangal, VGN Nagar, Iyyappanthangal, Chennai, Tamil Nadu 600056, India"
3151,10C,Kallukadai bus stop,600049,13.1019667683148,80.21118193261711,"Kallukkadai, ICF West Colony, Villivakkam, Chennai, Tamil Nadu 600038, India"
2256,37A,Reliance mart,600056,13.035086,80.1339699,"2/302, Natesan Nagar, Iyyappanthangal, Chennai, Tamil Nadu 600056, India"
4434,34c,Porur Saravana stores,600116,13.0321268735546,80.16352149724521,"62, Sakthi Nagar, Porur, Chennai, Tamil Nadu 600116, India"
184,15E,Surapet ,600066,13.144896427086644,80.18785636242674,"3/56, Main Road, Shanmugapuram, Bharathidasan Nagar, Surapet, Chennai, Mottur, Tamil Nadu 600066, India"
2260,45,Sriperumbudur High school,602105,12.95580395432261,79.94271634137188,"Karasangal - Manimangalam - Sriperumpudur Rd, Katchipedu, Sriperumbudur, Tamil Nadu 602105, India"
4560,45,Sriperumbudur High School Stoping,602105,12.962207287085166,79.94537242823893,"Sriperumbudur Bypass, Katchipedu, Sriperumbudur, Tamil Nadu 602105, India"
5839,21C,Jayalakshmi Theatre,600088,12.9906945,80.2006912,"15-7A, Papara Puram 1st St, Parthasarthy Nagar, Adambakkam, Chennai, Tamil Nadu 600016, India"
7103,35D,Indian Bank Anakaputhur ,600070,12.9813452,80.12934539999999,"75, Pammal Main Rd, Guruswamy Nagar, Anakaputhur, Chennai, Tamil Nadu 600070, India"
4527,38c,Collectorate ,631501,12.8198952,79.6990331,"37/24, Gandhi Nagar, Thaiyar Kullam, Kanchipuram, Tamil Nadu 631501, India"
7306,15,Cake world Ambattur ,600053,13.117878633916495,80.15028343425368,"Priyadarshani Apartments, High School Rd, Secretariat Colony, Venkatapuram, Ambattur, Chennai, Tamil Nadu 600053, India"
2303,20A,Santhoshpuram ,600073,12.91966549276752,80.17109390738798,"2/83, Velachery Rd, Santhosapuram, Sembakkam, Chennai, Tamil Nadu 600073, India"
5847,21C,Jayalakshmi theatre,600088,12.9906462,80.2006519,"15-7A, Papara Puram 1st St, Parthasarthy Nagar, Adambakkam, Chennai, Tamil Nadu 600016, India"
2002,19D,Urapakkam school stop,603210,12.86442,80.0814292,"14, Revathipuram, Sami Nagar, Urapakkam, Chennai, Tamil Nadu 603210, India"
7313,33C,Pondycherry guest house ,600078,13.0418584,80.1939078,"Pondicherry Guest House, Ramaswamy Salai, Santhiniketan Colony, Sector 10, K. K. Nagar, Chennai, Tamil Nadu 600083, India"
6946,17D,Thirumazhisai temple ,600124,13.0586184,80.066225,"3358+GF6, Plot no.61/62, Vasa nagar, Thirumazhisai, Tamil Nadu 600124, India"
7370,41,Walaja bus stand,632513,12.92521305628461,79.3638081731991,"W9G7+4GF, Madras Bombay Trunk Rd, Walajapet, Tamil Nadu 632513, India"
6190,18B,Hindu College ,600072,13.121372191239034,80.07159490395108,"4, Bharathiyar Nagar, Deena Dayalan Nagar, Pattabiram, Tamil Nadu 600072, India"
4926,37B,Karayanchavadi Petrol Bunk,600056,13.045746381131451,80.11275359392947,"24W7+83C, 477, Trunk Rd, Indrani Nagar, Karayanchavadi, Poonamallee, Chennai, Tamil Nadu 600056, India"
6993,41C,Puttuthakku ,632517,12.942477547309489,79.23439307530212,"NH48, Bengaluru - Chennai Hwy, Puttuthakku, Arapakkam, Tamil Nadu 632517, India"
3231,15E,Vinayagapuram,600099,13.14147326908343,80.1950186910471,"எண்.54, விநாயகர் நகர், சூரப்பேட் மெயின் ரோடு, சென்னை - 600099., Venkateshwara Nagar, Lakshmipuram, Chennai, Tamil Nadu 600099, India"
6085,9B,Grace Supermarket,600037,13.0785923,80.1805661,"A-10, Mogappair Industrial Estate, Paneer Nagar, Mogappair East, Chennai, Tamil Nadu 600037, India"
7280,35,Krishna nagar,600075,12.973058577457298,80.13750310193733,"73A, Pammal Main Rd, Krishna Nagar, Sambanthanar Nagar, Pallavaram, Chennai, Tamil Nadu 600075, India"
7059,29,Avichi School,600093,13.05247095668235,80.20248797016237,"22, Thilagar St, Logaiah Colony, Annamalai Colony, Chennai, Tamil Nadu 600093, India"
7301,34c,Muniswaran Kovil Kattupakkam ,600056,13.043296,80.121761,"2/24, Mount Poonamallee Rd, near by Adidas Outlet, Kattupakkam, Chennai, Tamil Nadu 600056, India"
7125,18B,Pattabiram,600072,13.1222724,80.0585565,"5B, Charles Nagar, Pattabiram, Tamil Nadu 600072, India"
2311,40c,Gori olimugapet ,631502,12.852958360241985,79.69263596083553,"25/59, Oilmohammadpettai, Pillaiyarpalayam, Kanchipuram, Tamil Nadu 631502, India"
7117,9,Biriyani Brothers ,600037,13.0852022,80.1797022,"PN 1, BlK 5, Pari Salai, Mogappair, Perumal Nagar, Thiruvalluvar Nagar, J J Nagar, Mogappair East, Chennai, Tamil Nadu 600037, India"
7632,35B,Kundrathur Theradi,600069,12.997418240123876,80.09594879685058,"12/99, Kundrathur, Chennai, Sikkarayapuram, Tamil Nadu 600069, India"
7364,5,Mmda,600106,13.0739158,80.2158902,"Chandra Towers, MMDA Colony Main Rd, Razaak Garden, Ayyavoo Colony, Balavinayagar Nagar, Chennai, Tamil Nadu 600106, India"
2255,4,Pantaloons ,600094,13.0652823,80.2235281,"22/44, Kamarajar Nagar, Gill Nagar, Choolaimedu, Chennai, Tamil Nadu 600094, India"
6706,39C,Kachabeshwarar temple,631502,12.83812,79.7008659,"12, Kachi Mada Vedhi, Pillaiyarpalayam, Kanchipuram, Tamil Nadu 631501, India"
6473,15B,Vaishnavi nagar,600062,13.1294145634792,80.1248978204239,"1/2, Chennai - Tiruvallur High Rd, Vaishnavi Nagar, Santhipuram, Cholambedu, Chennai, Tamil Nadu 600062, India"
7272,14,Manjampakkam-Puzhal Roundtana,600060,13.156646043038544,80.22660214874122,"242, Madavaram Red Hills Rd, Kilburn Nagar, Madhavaram, Chennai, Manjampakkam, Tamil Nadu 600060, India"
1649,2,mani cycles,600081,13.1251842,80.289183,"67QF+QMF, 42, Thiruvottiyur High Rd, Sanjeevarayanpet, Tondiarpet, Kodakarai, Chennai, Tamil Nadu 600120, India"
2271,37c,Poonamallee,600056,13.0527883,80.0902264,"333R+439, Poonamallee Bypass Rd, Ettima Nagar, Poonamallee, Chennai, Tamil Nadu 600056, India"
7131,39,K.K.Nagar,631501,12.814676071857631,79.70698267030906,"RP74+WPQ, Shakthi Nagar Road, Teachers Nagar, Kanchipuram, Tamil Nadu 631502, India"
7192,1,Ernavoor ,600057,13.2031674,80.3164242,"No.14/15, A.I.R Nagar, Tsunami Colony, Ernavoor, Ets Colony 2, Chennai, Ennore, Tamil Nadu 600057, India"
652,38c,Smg,631501,12.81570410156636,79.68912391093112,"RM8Q+7H6, Gem Nagar, Kanchipuram, Tamil Nadu 631502, India"
5675,34,Kattupakkam Bus Stop,600056,13.041252312944296,80.12688213595003,"No.2/74, Trunk Road Kattupakkam ,Chennai, Budget showroom, Swaminatha Nagar, Kattupakkam, Nellore, Chennai, Tamil Nadu 600056, India"
4893,13C,Grace super market,600049,13.118931101909242,80.20800405803439,"65, opposite to Grace Super Market, Makkaram Thottam, Kolathur, Chennai, Tamil Nadu 600099, India"
7011,16e,Avadi checkpost,600054,13.12136888106755,80.09418538341143,"7/3, Vivekananda St, Gandhi Nagar, Avadi, Tamil Nadu 600054, India"
6359,3c,Shenoy Nagar Bus Stop ,600030,13.0782604,80.2276782,"6, 3rd Cross St E, Venkatasamy Nagar, Shenoy Nagar, Chennai, Tamil Nadu 600040, India"
2018,38,"Housing board, kanchipuram ",631502,12.8996987,79.67266320000002,"No.141, Lakshmi Nagar, Thimmasamuthiram, Tamil Nadu 631502, India"
4314,16c,Pudur,600053,13.129359080780452,80.15873644851384,"16/72, Pudur Main Rd, Pudur, Ambattur, Chennai, Tamil Nadu 600053, India"
4958,32,kasi theatre,600083,13.029446879650056,80.20902792438993,"34, Jawaharlal Nehru Salai, near Kasi Theatre, Anjugam Nagar, West Jafferkhanpet, Chennai, Tamil Nadu 600083, India"
2075,15E,Ss mahal,600099,13.134632989829488,80.21010105328,"79, Perambur Red Hills High Rd, Vinayakapuram, Puzhal, Chennai, Tamil Nadu 600099, India"
6923,42c,Sr gate Arakkonam,631001,13.074806728124813,79.67109534520009,"75, Gandhi Rd, near SR Gate, Griblespet, Arakkonam, Ammanur R.F., Tamil Nadu 631002, India"
7212,13,Thiruvalluvar kalyana Mandapam ,600082,13.1141389,80.2243742,"29, Karthikeyan Rd, Periyar Nagar West, Perambur, Chennai, Tamil Nadu 600082, India"
7213,16C,Wireless pudur ,600053,13.133721308921984,80.16526317509377,"Home Vijiyalaxmi, No 12, Shiva Shakthi St, East Banu Nagar, Kallikuppam, Banu Nagar, Chennai, Tamil Nadu 600053, India"
5655,4C,Arumbakkam Indian hospital,600106,13.074919,80.204422,"18, Main Road, Main Rd, Janakiram Colony Extension, Janakiraman Colony, Arumbakkam, Chennai, Tamil Nadu 600106, India"
4555,42A,Koovam Bus Stop,631402,13.0299174791688,79.82768367792161,"2RHG+WWW, MDR 447, Tamil Nadu 631402, India"
7100,17B,TCL,602002,13.082668016934576,79.90852723452242,"T.C.L., Melnallathur, Tamil Nadu 602002, India"
6077,42C,"SR Gate , ARAKKONAM",631001,13.074824232598395,79.6710223163526,"80, Gandhi Rd, griblespet, Arakkonam, Ammanur R.F., Tamil Nadu 631002, India"
2110,40C,Kanchipuram bus stand,631501,12.83748529522838,79.70362651326043,"90, Nellukara St, Bavaji Nagar, Nellukara st, Kanchipuram, Tamil Nadu 631501, India"
7154,33C,Nesapakkam,600078,13.0379385,80.1919681,"25QR+5Q9, Raghavendra Nagar, Nesapakkam, Chennai, Tamil Nadu 600078, India"
7067,34C,Iyyapanthangal ,600056,13.038578321741074,80.13377387464203,"J Center Bus Depot, Mount Poonamallee Rd, near Iyyappanthangal, VGN Nagar, Iyyappanthangal, Chennai, Tamil Nadu 600056, India"
6990,17,"GRT , Thiruvallur ",602001,13.1236581,79.91159379999999,"74, JN Rd, near Oil Mill Bus Stop, Kakkalur, Tamil Nadu 602001, India"
7005,38c,COLLECTOR OFFICE ,631502,12.8246847,79.688434,"RMFQ+RF, Gem Nagar, Kanchipuram, Tamil Nadu 631502, India"
2008,12,MR Nagar ,600118,13.131835217286808,80.25270627591736,"187/235, Tondiarpet High Rd, Kodungaiyur (East), Muthamizh Nagar, Kodungaiyur, Chennai, Tamil Nadu 600118, India"
7169,34C,"Reliance Smart Point, Iyyapanthangal Depot",600056,13.028585461169406,80.13857544345365,"24HQ+CCM, 11th St, Guberalakshmi Nagar, Ponniamman Nagar, Iyyappanthangal, Chennai, Tamil Nadu 600122, India"
4848,15E,Vinayagapuram bus stand ,600099,13.139483756913608,80.20613481480534,"39, Perambur Red Hills High Rd, Vinayakapuram, Ambattur, Chennai, Tamil Nadu 600053, India"
5078,13a,Don bosco matriculation ,600082,13.119477052482043,80.22495092834166,"No.11, SRP Colony, Paper Mills Road, (Opposite Don Bosco School), Peravallur, Anjugam Nagar, Bharathi Nagar, Kolathur, Chennai, Tamil Nadu 600082, India"
7060,18,Ramarathna,600054,13.12018903460939,80.09350995250824,"394, Chennai - Tiruvallur High Rd, Gandhi Nagar, Avadi, Tamil Nadu 600054, India"
7180,7C,Thirumangalam bus stop,600040,13.08696554938773,80.19565462331772,"Emerald Flats, A2, VV Koil St, Gaingaiammaannagar, Natarajan Nagar, Thirumangalam, Chennai, Tamil Nadu 600040, India"
6996,39,Keel gate ,631501,12.8278661,79.72316119999999,"13a, Thirukalimedu, 192Kanchipuram, Tamil Nadu 631501, India"
7274,43,Thandalam Koot Road,602105,13.0192427,80.0064377,"2294+MG5, Thandal, Mevalurkuppam, Tamil Nadu 602117, India"
7278,16,Outer ring road bridge ,600052,13.193647835068704,80.15379029665836,"55V3+9H2, Attanthangal, Tamil Nadu 600052, India"
7262,44,"Nellorepet, panapakkam ",631052,12.9223714,79.5713199,"51, Anna Nagar, Panapakkam, Tamil Nadu 631052, India"
7093,20B,Mambakkam ,600127,12.8379375,80.1694219,"R5Q9+5QF, Mambakkam, Tamil Nadu 600127, India"
7341,19B,"Bharadha madha street, East Tambaram ",600059,12.9312194,80.1277696,"5/2, Vinayaka Puranam, East Tambaram, Tambaram, Chennai, Tamil Nadu 600059, India"
2081,19,Chengalpattu GH ,603001,12.661221165988056,79.96723611730913,"MX69+G3W, Venbakkam, Tamil Nadu 603111, India"
4477,16B,Kavangarai signal ,600066,13.1615575,80.2004457,"5662+J5 Chennai, Tamil Nadu, India"
7271,13A,Britannia,600050,13.0953868,80.1807211,"40, Arunagiri St, Mathiyazhagan Nagar, TMP Nagar, Padi, Chennai, Tamil Nadu 600050, India"
8105,40,Arun excello temple green vallakottai,602105,12.882454449875024,79.94221385131388,"VWJR+VQP Arun Excello Temple Green H-1, Vallakkottai, Tamil Nadu 602105, India"
7350,35A,"Gangai amman, poonamallee",600056,13.0450079,80.1156829,"358, near Poonamallee Fire And Rescue Station, MSS Nagar, Ambedkar Nagar, Poonamallee, Chennai, Tamil Nadu 600056, India"
4930,45,Vign brixton ,602105,12.9948978,80.00147059999999,"X2V2+XH5, Irungattukottai, Tamil Nadu 602117, India"
7309,34c,"Muniswaran kovil, kattupakkam.",600056,13.0432999,80.1217639,"2/24, Mount Poonamallee Rd, near by Adidas Outlet, Kattupakkam, Chennai, Tamil Nadu 600056, India"
5745,26C,Nandanam metro,600035,13.030694393577598,80.23940688073175,"26JQ+7Q7, Lotus Colony, Nandanam, Chennai, Tamil Nadu 600035, India"
4618,39,Taluk office Kanchipuram ,631501,12.8337305,79.7069559,"28/100A, Ennaikaran, Kanchipuram, Tamil Nadu 631501, India"
5050,7,Reliance fresh,600049,13.0971132,80.1974444,"R-7/1, N Main Rd, Kailash Colony, Sector A, Anna Nagar West Extension, Chennai, Tamil Nadu 600101, India"
4500,18A,Kaduvetti,600077,13.073723794749435,80.11214380973868,"76, Paruttippattu Rd, Senneerkuppam, Chennai, Tamil Nadu 600077, India"
7310,37B,Poonamallee ,600056,13.0531504,80.1015682,"25A, Thirumal Nagar, Sheesha Nagar, Keelma Nagar, Chennai, Tamil Nadu 600056, India"
6261,16E,PARUTHIPATTU,600077,13.079854128584849,80.1127146558891,"419, Chennai, Tamil Nadu 600072, India"
4476,42A,Narasingapuram bus stand,631402,13.0407166,80.0248477,"22RF+7WQ, Narasingapuram, Tamil Nadu 600124, India"
4425,19D,Urappakkam ,603211,12.866833851835834,80.07511125134278,"Urappakkam, Bharathi Nagar, Urapakkam, Tamil Nadu 603210, India"
6936,40B,"Kachepeshwarar Kovil, kanchipuram ",631501,12.8405697,79.7000708,"27/57, Melkathirpur, Periya, Kanchipuram, Tamil Nadu 631501, India"
7023,44,Panapakkam,631052,12.928909,79.5728112,"WHHC+HW2, Nedumpuli, Tamil Nadu 631052, India"
4493,40,Chetty Street ,631501,12.820294587300348,79.71878766043534,"18, Kanchipuram - Chengalpattu Rd, Nethaji Nagar, Kannigapuram, Arappanacheri, Tamil Nadu 631501, India"
6959,29,Parvathi bhavan,600093,13.05247095668235,80.20248797016237,"22, Thilagar St, Logaiah Colony, Annamalai Colony, Chennai, Tamil Nadu 600093, India"
7096,37b,Karaiyanchavadi,600122,13.046930790920314,80.11167688335888,"13, Vaniyar St, Vivekananda Nagar, [no name], Chennai, Tamil Nadu 600056, India"
2564,39C,Kanchipuram bus stand ,631502,12.8358507,79.7055922,"RPP4+75C, Ennaikaran, Kanchipuram, Tamil Nadu 631501, India"
5045,18A,St Peter's college ,600077,13.111658010677836,80.12065992984859,"No 7 Moogambigai Nagar St Peters College, opposite Tiruvallur, Vivekananda Nagar, Annanur, Ambattur, Chennai, Tamil Nadu 600077, India"
5082,15A,Vgn platina,600077,13.094654309179932,80.12541099200352,"109, Tiruverkadu Rd, Ambigai Nagar, Mgr Puram, Ayappakkam, Chennai, Tamil Nadu 600077, India"
2810,25,Butt Road,600016,12.99939368587332,80.20392553539637,"28A & B, Mandi St, Ramapuram, Alandur, Chennai, Tamil Nadu 600016, India"
6517,16C,Near pudur police station ,600053,13.1306438,80.1587069,"45J5+7F4, Surapet Main Rd, Banu Nagar West, Banu Nagar, Chennai, Tamil Nadu 600053, India"
5717,40C,Bus Stand kpm ,631502,12.835703652676887,79.70514721083374,"RPP4+75C, Ennaikaran, Kanchipuram, Tamil Nadu 631501, India"
3676,40C,Kanchipuram Bus Stand,631501,12.83391161848664,79.7160837796846,"B37, K.T.S Mani St, Mamallan Nagar, Pallavan Salai, Kanchipuram, Tamil Nadu 631501, India"
3146,34C,Iyyapanthagal,600056,13.0533155,80.1369988,"343P+8R3, Mahatma Gandhi Rd, Numbal, Iyyappanthangal, Chennai, Tamil Nadu 600077, India"
4455,35A,Mangadu bus stop(mummy daddy shop),600122,13.0307383,80.1111241,"No,283/3 Kundrathur Main Road Srinivasa Nagar, Srinivasa Nagar, Mangadu, Chennai, Tamil Nadu 600122, India"
6987,16E,Vinayagapuram ,600099,13.1347657,80.1998737,"17, Ranganathan Nagar 1st St, Sri Ram Nagar, Singaravel Nagar, Kolathur, Puthagaram, Chennai, Tamil Nadu 600099, India"
7986,25,BUHARI BUS STOP NEELANKARAI,600115,12.941066997492646,80.25357619612467,"5/56, Workers Estate, Neelankarai, Chennai, Tamil Nadu 600115, India"
4638,40 ,Casagrand Sriperumbudur ,602105,12.9525983,79.9423486,"23, Rajivgandhi Nagar, Sarala Nagar, Kanchipuram, Sriperumbudur, Tamil Nadu 602105, India"
4632,40,Casagrande Sriperumbudur oragadam road ,602105,12.951616340850949,79.93938063895563,"XW2Q+MMW, V.R.P. Chatram, Sriperumbudur, Tamil Nadu 602105, India"
4578,35D,"ARUNMATHI THEATRE, PAMMAL",600075,12.9777413,80.1307234,"Arunmathi Theatre Complex, 4th St, Pasumpon Nagar, Pammal, Chennai, Tamil Nadu 600075, India"
4548,7c,TSK ,600037,13.08779913494745,80.18516216502118,"35QP+539, TS Krishna Nagar, J J Nagar, Mogappair East, Chennai, Tamil Nadu 600050, India"
6975,14c,Arul nagar ,600118,13.145471,80.239789,"Arul Nagar, Milk Colony Rd, Mangalapuram, Madhavaram, Chennai, Tamil Nadu 600051, India"
2818,16,"Krishnapuram,ponneri ",601204,13.31973088225662,80.182486278071,"No 143, KRISHNAPURAM, Kodur, Tamil Nadu 601204, India"
6108,25c,ramapuram signal,600089,13.033943671686991,80.18839101930637,"47, 3rd St, Kannadasan Nagar, Ramapuram, Chennai, Tamil Nadu 600089, India"
6125,7,Anna Nagar 6th Avenue,600102,13.092006221142547,80.2236330690484,"36RF+RC9, Block K, Annanagar East, Chennai, Tamil Nadu 600102, India"
5754,19A,Tambaram kulam,600045,12.9307167,80.1118791,"440, Kasthuribai Nagar, Tambaram, Chennai, Tamil Nadu 600045, India"
2293,12,MKB,600118,13.1336032,80.2597005,"7/96, 7th Block, Kaviarasu Kannadhasan Nagar, Kodungaiyur, Chennai, Tamil Nadu 600118, India"
7026,13A,Retteri junction ,600099,13.130026775242872,80.21386400506964,"No,7/4B, Venkateswara Complex, opp. Retteri Signal, Mahatma Gandhi Nagar, Bhavani Nagar, Kolathur, Chennai, Tamil Nadu 600099, India"
2863,42,Indra Gandhi statue arakonam,631003,13.1380541,79.6614376,"4MQ6+6H Polur, Tamil Nadu, India"
6961,16,Aalamaram,600052,13.194100515504948,80.17463148273572,"St. Joseph School, Red Hills, Padianallur, Chennai, Tamil Nadu 600052, India"
6956,19D,Urapakkam School,603210,12.866342689003435,80.07501415076197,"972, Chennai - Theni Hwy, Bharathi Nagar, Vurapakkam, Urapakkam, Chennai, Tamil Nadu 603211, India"
4512,10,Sayani bus stop ,600023,13.0985872,80.2339812,"No. 17, K.H. Road, Ayanavaram, Near joint office, opposite to government school, Vasantha nagar, Chinna Chembarambakkam, Ayanavaram, Chennai, Tamil Nadu 600023, India"
5877,35D,Pammal,600070,12.978776289557256,80.12987950028348,"21, Pammal Main Rd, Pasumpon Nagar, Anakaputhur, Chennai, Tamil Nadu 600070, India"
7568,26,Ratna Cafe,600003,13.057484871753603,80.27480363804455,"04/36, Swami Pillai St, Narayana Krishnaraja Puram, Triplicane, Chennai, Tamil Nadu 600005, India"
3431,6,Gangai Amman Kovil,600023,13.089096190154285,80.22998586342919,"36QJ+H2P, Gujji Main Rd, Kumaran Nagar, Kilpauk, Chennai, Tamil Nadu 600102, India"
4607,13b,Senthil nagar,600099,13.1229352172642,80.20141283717608,"NO:-1A, Rajan Nagar Main Rd, near For Ortho Hospital, Vivekananda Nagar, Kolathur, Chennai, Tamil Nadu 600099, India"
18,4c,loyola college,600034,13.0591582,80.2399657,"301, Pushpa Nagar, Nungambakkam, Chennai, Tamil Nadu 600034, India"
2261,6,Madina mosque ,600102,13.091122893505908,80.2275605566479,"VOC Nagar, Kumaran Nagar, Chennai, Tamil Nadu 600102, India"
2356,43,Tiruttani by pass road,631209,13.184178747700765,79.61157077968956,"5JM6+JMC, Senthamil Nagar, Thiruttani, Tamil Nadu 631209, India"
3453,45,Padappai,601301,12.8872321,80.00970910000001,"189, Salamangalam Road, Padappai, Tamil Nadu 601301, India"
4430,7C,Golden flats,600050,13.08812504578928,80.1794638843724,"35QH+6QP, E Mogappair Rd, Thiruvalluvar Nagar, J J Nagar, Mogappair, Chennai, Tamil Nadu 600050, India"
4813,15D,Ayappakkam,600077,13.1070448,80.13118159999999,"703, near Hotel Ganesh Bhavan, Rajammal nagar, TNHB Colony, Annanur, Ayappakkam, Chennai, Tamil Nadu 600077, India"
1372,18B,Pattabiram Bridge,600072,13.120840996165487,80.065133212258,"No 513, Chennai - Tiruvallur High Rd, Pattabiram, Tamil Nadu 600072, India"
7027,15D,Ayapakkam church(water tank),600077,13.09744804989135,80.14660940369725,"13, Bazaar Rd, TNHB Colony, Phase 3, Ambattur, Chennai, Tamil Nadu 600077, India"
4525,17B,Vasantha bhavan,602021,13.176848244693684,79.94797285497678,"Kalyanakuppam 1st Street Kalyanakuppam, Tamil Nadu 602021, India"
4678,40C,Kanchipuram Bus Stand,631502,12.8365737,79.705455,"RPP4+J5C, Hospital Rd, Nellukara st, Kanchipuram, Tamil Nadu 631501, India"
5059,9b,Water tank road ,600037,13.08319331546285,80.17258786917762,"35MF+73V, Kavimani St, Brindawan Colony, Mogappair, Chennai, Tamil Nadu 600037, India"
2782,15E,Hp petrol bunk manikandapuram,600062,13.12218,80.1391947,"1, 3rd Cross Rd, near Dolphin sports, Shobha Nagar, Tamarai Nagar, Thirumullaivoyal, Chennai, Tamil Nadu 600062, India"
3663,31,Postal colony ,600033,13.035460614252552,80.21909520510786,"26/13/1-12, Postal Colony, West Mambalam, Chennai, Tamil Nadu 600033, India"
2079,40,"Periyar Nagar, kanchipuram, tamilnadu ",631503,12.8087418,79.728595,"74, Military Rd, Thenambakkam, Kanchipuram, Nattapettai, Tamil Nadu 631501, India"
56,3c,aminjikarai bus stop,600030,13.076397840228722,80.22832777051686,"13/60, Shenoy Nagar, Chennai, Tamil Nadu 600030, India"
773,6,Madina mosque new avadi road ,600102,13.0910292,80.22742439999999,"Gujji Naicken Street, 94, New Avadi Rd, Kumaran Nagar, Annanagar East, Chennai, Tamil Nadu 600102, India"
4428,21c,Alandur court,600016,12.997232,80.19328999999999,"Alandur Court, Ramapuram, Alandur, Chennai, Tamil Nadu 600016, India"
7536,19E,Padmavathi mahal ,600063,12.91973714038831,80.087311623456,"1, Kamaraj High Rd, Gandhi Nagar, Mudichur, Old Perungalathur, Tamil Nadu 600063, India"
4756,25c,Adyar signal,600020,13.006576401409756,80.25764798080161,"Sorrento, 6, Lattice Brg Rd, Baktavatsalm Nagar, Adyar, Chennai, Tamil Nadu 600020, India"
2196,17,GRT-Thiruvallur,602001,13.122445040097364,79.91182358903421,"Thiruvallur Oil Mill, SH 57, V.M Nagar, Kakkalur, Tamil Nadu 602001, India"
1216,36c,Vigneshwara nagar,600125,13.028110445806313,80.15117535922953,"Vigneshwara Nagar, MS Nagar, Madhanandapuram, Chennai, Tamil Nadu 600125, India"
5079,9,Grace Super Market,600037,13.0815184,80.1788992,"146, Phase 2, Paneer Nagar, Mogappair East, Chennai, Tamil Nadu 600037, India"
4021,37C,Poonamallee Ambedkar Statue,600056,13.050381454308592,80.09930935506857,"332X+5P8, Chetty St, Mullai Thottam, Poonamallee, Chennai, Tamil Nadu 600056, India"
4651,43,Manavalanagar signal,602002,13.110880591981129,79.91058524268124,"1b, Poonamallee High Rd, Ganeshapuram, Manavalanagar, Tamil Nadu 602002, India"
1465,19A,Perungalathur,600063,12.912372036613212,80.09598119789055,"135/2, Archana Nagar, Srinivasa Nagar, New Perungalathur, Chennai, Tamil Nadu 600063, India"
4506,34c,iyyapanthangal,600056,13.0380617,80.1353549,"24QP+648, VGN Nagar, Iyyappanthangal, Chennai, Tamil Nadu 600056, India"
2254,40,"Vallakottai, near casagrande arena ",602105,12.879108579518295,79.93668041306378,"VWHP+HR5, Mathur, Tamil Nadu 602118, India"
7204,5A,Maduravoyal Ration Shop,600095,13.06969102861243,80.15977993815758,"200ft bye pass, Service Rd, Maduravoyal, Chennai, Tamil Nadu 600095, India"
5072,37,Porur Saravana Stores,600116,13.0303587,80.1592273,"C-4, Ambal Nagar, Ganesh Avenue, Porur, Chennai, Tamil Nadu 600116, India"
5068,13,Periyar nagar market,600082,13.116463598523454,80.22493876991635,"1, Vetrivel-Anjugam Nagar Main Rd, Periyar Nagar West, SRP Colony, Kolathur, Chennai, Tamil Nadu 600082, India"
1177,7,18th main road Padma supermarket,600040,13.094770880441397,80.20380047521664,"I1227, 18th Main Rd, Kambar Colony, Anna Nagar West, Anna Nagar, Chennai, Tamil Nadu 600101, India"
7529,18B,Sekkadu,600072,13.119226478699629,80.0797296745536,"13/358, Avadi, Tamil Nadu 600054, India"
3416,18d,Nemilicherry round about ,602024,13.125455015952088,80.03932947378826,"796, Periyapalayam High Road, Nadukuthagai, Tamil Nadu 602024, India"
5870,45,Sriperumbudur high school,602105,12.955499465625644,79.94211057722839,"XW4R+6W5, Sarala Nagar, Pondur, Sriperumbudur, Tamil Nadu 602105, India"
4888,20C,Indian oil petrol bunk,600091,12.965527753862734,80.20063223823699,"28, Bazaar Main Rd, Balaiah Garden, Madipakkam, Chennai, Tamil Nadu 600091, India"
4317,18,Ramarathna Theatre ,600071,13.117216700440563,80.09719433589984,"101, New Military Rd, Kannigapuram, TNHB Mig V Block, Avadi, Tamil Nadu 600071, India"
2230,37D,Poonamalle Ambedkar statue,600056,13.0418322,80.093688,"Sri Sai Flat , Flat No S1, 2Floor, Vasanthapuri Phase 2, Srinivasa Nagar, Phase II, Poonamallee, Chennai, Tamil Nadu 600056, India"
5108,10C,Railway quarters bus stop,600023,13.0998495,80.2254866,"507 (Old No.200), Ayanavaram Rd, Tagore Nagar, Ayanavaram, Chennai, Tamil Nadu 600023, India"
3305,16C,Pudur ,600053,13.137167930556071,80.16279815900354,"28/170, Banu Nagar West, Pudur, Ambattur, Chennai, Tamil Nadu 600053, India"
3474,18A,Paruthipattu check post ,600071,13.082799759897371,80.10887722615654,"34M5+4H9, Viraraghavapuram, Avadi, Tamil Nadu 600077, India"
2190,39,Millitary road ,631502,12.810344216802411,79.70695822044169,"2/91, Netaji Nagar, Thandavaraya Nagar, Kanchipuram, Orikkai, Tamil Nadu 631501, India"
1596,10c,Railway quarters ,600023,13.0998495,80.2254866,"507 (Old No.200), Ayanavaram Rd, Tagore Nagar, Ayanavaram, Chennai, Tamil Nadu 600023, India"
3295,16,"Gandhi nagar, outer ring road .",600052,13.200464523525708,80.14144278592521,"642R+6HH, Nallur, Tamil Nadu 600052, India"
1281,15A,Devi nagar ayyapakkam,600077,13.086915747731108,80.12613791459928,"No 26 Ayyappan Nagar, 2nd St, Koladi, Thiruverkadu, Chennai, Tamil Nadu 600077, India"
3428,13b,Senthil nagar ,600099,13.1342176,80.20583810000001,"11, Vallikollaimedu, Bharathi Nagar, Thiruverkadu, Chennai, Tamil Nadu 600099, India"
5084,39,"Kk nagar ,orikkai , kanchipuram ",631501,12.81029133183681,79.70646623402669,"13A, Thandavaraya Nagar, Orikkai, Tamil Nadu 631502, India"
55,11A,Ambattur Telephone exchange,600058,13.0986269,80.15722930000001,"102, Belmont St, Shanthi Nagar, VGN Cosmopolies, Ambattur, Chennai, Tamil Nadu 600058, India"
1479,11A,Ambattur Telephone Exchange,600058,13.0985168,80.1572218,"102, Belmont St, Shanthi Nagar, VGN Cosmopolies, Ambattur, Chennai, Tamil Nadu 600058, India"
6010,29c,Megamart(unlimited),600087,13.0525419,80.1808125,"9-13-94, Thirumalai Nagar, Alwartirunagar, Chennai, Tamil Nadu 600087, India"
5070,22,Baby nagar Velachery ,600042,12.9854027,80.2289567,"3B, SR Flats, Dhandapani St, Soni Nagar, VGP Seethapathy Nagar, Velachery, Chennai, Tamil Nadu 600042, India"
7829,19B,Parvathy nagar,600063,12.918032935307052,80.08114763638385,"No : 68, Mudichur Road, Old Perungalathur Bus Stop, Chennai - 63., Shanthi Nagar, Old Perungalathur, Tamil Nadu 600063, India"
5029,5c,Vengaya mandi ,600107,13.069762,80.181714,"Vengaya Mandi, Poonamallee High Rd, VGP Amudha Nagar, Koyambedu, Chennai, Tamil Nadu 600107, India"
5075,27c,Light house ,600004,13.0380839,80.2768694,"7/3, Kameeswarapuram, Mylapore, Chennai, Tamil Nadu 600004, India"
7561,40c,"Rama's cafe, bus stand signal,kanchipuram ",631602,12.8325246,79.7148558,"RPM7+7RF, Mamallan Nagar, Min Nagar, Kanchipuram, Tamil Nadu 631501, India"
4,35D,Pammal Police booth,600075,12.9784868,80.1350618,"4, Karuppan St, Pasumpon Nagar, Pammal, Chennai, Tamil Nadu 600075, India"
2267,15E,KALLIKUPPAM,600053,13.131161265713027,80.18040788065511,"178, Mugambigai Nagar, Ambattur, Chennai, Tamil Nadu 600053, India"
5530,12,MKB Nagar,600039,13.123626,80.2591218,"426, 11th West Cross Street, MKB Nagar, Mahakavi Bharathiyar Nagar West, Mahakavi Bharathi Nagar, Vyasarpadi, Chennai, Tamil Nadu 600039, India"
3470,15,Ambattur Ot,600053,13.120118917121932,80.149522952883,"105, Madras Thiruvallur High Rd, Secretariat Colony, Vivek Nagar, Ambattur, OT, Chennai, Tamil Nadu 600053, India"
5110,7c,Thirumangalam ,600101,13.0881179,80.1981419,"1, Bharathi Colony, Asiad Colony, Anna Nagar West Extension, Chennai, Tamil Nadu 600101, India"
1333,3,Choolai Choolai post office,600112,13.0898472,80.2591516,"69/10, Kalathiappa St, Choolai, Chennai, Tamil Nadu 600112, India"
1351,9C,DR super market ,600037,13.080387000418629,80.16243801770085,"57, Mogappair West Main Rd, TNHB Phase I, 4th Block, Mogappair West, Ambattur Industrial Estate, Chennai, Tamil Nadu 600037, India"
7458,22,Baby Nagar Bus Stop,600042,12.98049264783696,80.2289243463171,"23/1, Venkatesan St, near Dhanalakshmi bank, VGP Seetapathi Street, Baby Nagar, Velachery, Chennai, Tamil Nadu 600042, India"
5062,27,Kottur,600085,13.01822793021107,80.24128169889066,"VCT building(Opp AMM school) , 36/2 Gandhi mandapam road, &, Ranjith Rd, Chitra Nagar, Kotturpuram, Chennai, Tamil Nadu 600085, India"
4754,20c,Ponniyamman kovil stop,600091,12.972100576527904,80.19647205213758,"No.32, 45, Ponniamman Koil St, Puzhuthivakkam, Madipakkam, Chennai, Tamil Nadu 600091, India"
2710,11A,"Korattur north signal, Palla St, Sivakami Nagar, Thathan Kuppam",600076,13.118676,80.1985605,"200feet, Jawaharlal Nehru Salai, Thathan Kuppam, Villivakkam, Chennai, Tamil Nadu 600049, India"
1414,24c,Pallavaram bus stand,600043,12.9664071,80.14876629999999,"32, Grand Southern Trunk Rd, near Hotel Manickam Grand, Subramaniya, Pallavaram, Chennai, Tamil Nadu 600043, India"
5118,32 ,Blue tank ashok nagar,600083,13.028576409273146,80.21574780696304,"14, 3rd St, Ragavan Colony, Mettuppalayam, Saidapet, Chennai, Tamil Nadu 600083, India"
2014,18A,Kaduvetti ,600077,13.0773771,80.1117548,"20/14, Sundara Cholapuram, Chennai, Tamil Nadu 600077, India"
5136,15A,Shivan Kovil,600077,13.092554549349906,80.12996456474237,"Sathish Residence Plot No.2 JR enclave, MGR Nagar, Ayappakkam, Chennai, Tamil Nadu 600077, India"
4889,34,Iyyappanthangal,600056,13.039329298824711,80.13173997104516,"1, Trunk Rd, Pushpa Nagar, Iyyappanthangal, Chennai, Tamil Nadu 600056, India"
5060,15A,VGN Mahalakshmi arch,600077,13.0807395,80.13846590000001,"34JQ+888, Mel Ayanambakkam, Kil Ayanambakkam, Chennai, Tamil Nadu 600058, India"
5950,33,Mgr nagar market,600078,13.0364902,80.1990038,"25PX+JJR, Anna Main Rd, Sangeetha Colony, MGR Nagar, K. K. Nagar, Chennai, Tamil Nadu 600078, India"
4709,13b,Senthil nagar ,600099,13.134724824735068,80.195301091407,"23A/15, Kamraj Nagar, Venkateshwara Nagar, Kolathur, Chennai, Tamil Nadu 600099, India"
2722,40c,Gujarathi chathiram ,631501,12.844974633647675,79.69670241635984,"54, Salai St, Periya, Kanchipuram, Tamil Nadu 631502, India"
2189,17D,EB office thiruninravur,602024,13.1146279,80.0358525,"8/17, Periya Colony Main Rd, Thiruninravur, Chennai, Tamil Nadu 602024, India"
2205,16E,Stedford busstand ,600053,13.124205918033034,80.1438798413207,"Stedford Hospital, Lenin Nagar, West Krishnapuram, Thirumullaivoyal, Chennai, Tamil Nadu 600053, India"
5061,16,MA. Nagar ,600052,13.2030762,80.15402259999999,"7C, Iswaryam Nagar, Extn 1, Chennai, Tamil Nadu 600052, India"
5096,7A,Golden flats,600050,13.090675974367976,80.18078721188661,"3/14.B, Anna 3Rd Cross Street, Srinivasa Nagar, Padi, Chennai - 600050 ., West End Colony, Padi, Chennai, Tamil Nadu 600050, India"
4916,18B,Pattabiram,600072,13.1235884,80.0657406,"1, First School St, Deena Dayalan Nagar, Pattabiram, Tamil Nadu 600072, India"
2337,16A,Kalikupam arch,600053,13.131997030411744,80.16954639541234,"232, Chennai - Thiruttani - Renigunta Hwy, Kallikuppam, Ambattur, Chennai, Tamil Nadu 600053, India"
1998,12B,Velding shop,600099,13.123928889740004,80.20316415457769,"268, Periyarnagar, Sivananda Nagar, Kolathur, Chennai, Tamil Nadu 600099, India"
4943,17b,Tcl,602001,13.082225,79.9047465,"3WJ4+V4M, Plot No.154, Gomathi Nagar, Polivakkam, Manavalanagar, Tamil Nadu 602002, India"
2214,38c,"Housing board,SMG Mahal ",631502,12.81789445416836,79.692829782055,"22, Vinobaji St, Vedachalam Nagar Extension, Thirumana, Kanchipuram, Tamil Nadu 631501, India"
1674,18A,"Vethalathootam, avadi road",600056,13.061973248544003,80.11323686882453,"3467+Q7J, Chennai, Tamil Nadu 600056, India"
7579,30,Sai Nagar,600092,13.060123955786482,80.19553701501657,"25, Kaliamman Koil St, Chinmaya Nagar Stage 2, Raghavendra Colony, Virugambakkam, Chennai, Tamil Nadu 600092, India"
4594,24C,Nagalkeni erikarai,600044,12.95746006947758,80.12521648046345,"Subbarayan Nagar, West Tambaram, Chennai, Tamil Nadu 600044, India"
1091,11A,Ambattur Telephone Exchange,600058,13.0970855,80.1578288,"35W5+R4W, Camp St, Athipedu, Kuppam, Ambattur, Chennai, Tamil Nadu 600058, India"
154,11A,Ambattur telephone exchange ,600058,13.0999888,80.1587569,"24-155, Attipattu Main Rd, Shanthi Nagar, Ksr Nagar, Ambattur, Chennai, Tamil Nadu 600058, India"
1707,20C,Sadasivam Nagar,600091,12.965680662678643,80.20473333582076,"S23, S24, Bazaar Main Rd, Sastri Nagar, Madipakkam, Chennai, Tamil Nadu 600091, India"
1328,19C,Bharathi nagar auto stand,600044,12.942654075809584,80.14033789706392,"2/13, Padmanabhan St, Kamaraj Colony, Nehru Nagar, Chromepet, Chennai, Tamil Nadu 600044, India"
4216,39,"Military road,Kanchipuram ",631502,12.810338,79.706283,"13A, Thandavaraya Nagar, Orikkai, Tamil Nadu 631502, India"
5182,20B,Kelambakkam,603103,12.784135,80.2181739,"Intown apartment Market road, Rajiv Gandhi Salai, Kittu Nagar, Kelambakkam, Tamil Nadu 603103, India"
3737,17A,Kakkalur bus stand ,602001,13.1266657,79.91882369999999,"4WG9+MG8 Makkalur, Poonga Nagar, Kakkalur, Tamil Nadu 602001, India"
2257,41,Chennai bus stand ,632513,12.926271956023148,79.36532801662149,"56 Dosaiya, Nelli Chetty St, Walajapet, Tamil Nadu 632513, India"
7349,8c,"Variety centre, JJ nagar Mogappair East",600037,13.085269706948004,80.18749241264072,"b/c1 2, Block 1, J J Nagar, Anna Nagar West Extension, Chennai, Tamil Nadu 600037, India"
2757,11,Moolakadai ,600060,13.129044247751146,80.24138712899688,"Moolaikadai Bridge, no:100, Madhavaram High Rd, Periyar Nagar, Moolakadai, Kodungaiyur, Chennai, Tamil Nadu 600060, India"
5957,9B,(7M) Amutha matriculation school,600037,13.085840440114064,80.16772139571553,"6-64, Reddipalayam Road, Nagar, Mogappair West, Ambattur Industrial Estate, Chennai, Tamil Nadu 600037, India"
4288,1 C,Everest bus stop,600003,13.080639248869993,80.2674280913048,"60, Poonamallee High Rd, Adikesavarpuram, Egmore, Chennai, Tamil Nadu 600003, India"
4452,45,Pudhuper koot road,600069,12.97530953043395,80.04858630384095,"Somangalam Koot Road, Malayambakkam, Tamil Nadu 600133, India"
4642,40A,Varanavasi,631604,12.832166987744417,79.8835346463136,"Varanavasi, Tamil Nadu 631604, India"
2220,19b,Bharathamadha  street ,600059,12.92485262221892,80.12612196172154,"F 1 No, 140, Bharathamadha St, Railway Colony, East Tambaram, Tambaram, Chennai, Tamil Nadu 600059, India"
2199,42c,Chitteri,631003,13.0810934,79.6026555,"3JJ2+GV, KRP Nagar, Perumalrajapet, Tamil Nadu 631003, India"
3818,5,"Razack Garden Main Road, MMDA",600106,13.071330498789347,80.21558573369634,"46, Razzak Garden Main Rd, Rani Anna Nagar, Arumbakkam, Chennai, Tamil Nadu 600106, India"
4795,15D,"ICMR, Ayapakkam",600077,13.1006164,80.13964949999999,"7096, Ayapakkam, Annanur, Ambattur, Chennai, Tamil Nadu 600077, India"
3136,15,Ambattur ot,600053,13.119753896825165,80.14990382173215,"Ambattur, Secretariat Colony, Venkatapuram, Ambattur, Chennai, Tamil Nadu 600053, India"
4734,20B,Kelambakam ,603103,12.7846311,80.2180772,"Block-D, VISHWAKARMA INTOWN, Kelambakkam, Tamil Nadu 603103, India"
2186,28C,Lakshman sruthi,600083,13.0441147,80.2142535,"240/54, Sarvamangala Colony, Pudur, Ashok Nagar, Chennai, Tamil Nadu 600083, India"
8069,38c,Housing Board kanchipuram ,631501,12.820777680081823,79.69704894858687,"13, Vandavasi Rd, next to COLLECTOR BUNGLOW, Thaiyar Kullam, Kanchipuram, Tamil Nadu 631501, India"
1663,18A,Avadi Vasantha nagar ,600054,13.1067448,80.0969511,"434W+MQW, Ayyappan Nagar, Kamaraj Nagar, Avadi, Tamil Nadu 600071, India"
1625,31,Pudur high school bus stand ,600083,13.0409135,80.2165755,"3/5, G - 2 Alankar Adarsh Apartments 23rd Street, 7th Ave, near Jawahar Vidyalaya School, Sarvamangala Colony, Vivekanandapuram, Ashok Nagar, Chennai, Tamil Nadu 600083, India"
6378,40C,Kanchipuram Bus Stand,631501,12.837674,79.731247,"RPQJ+3GH, Kanchipuram, Tamil Nadu 631561, India"
476,7,Reliance 18th main road Anna nagar,600040,13.094868936700465,80.2017709483892,"1245, 18th Main Rd, Kambar Colony, I Block, Anna Nagar West, Chennai, Tamil Nadu 600040, India"
7456,7c,Thirumangalam EB bus stop ,600040,13.087064057970183,80.19787187890768,"35PX+Q4W, Ambattur Estate Rd, Gaingaiammaannagar, Natarajan Nagar, Anna Nagar West, Chennai, Tamil Nadu 600040, India"
4556,20A,Hansa  garden Madambakkam  Mainroad rajakilpakkam ,600073,12.9115838,80.1550625,"W563+MXH, Madambakkam, Chennai, Tamil Nadu 600073, India"
2191,5B,Maduravoyal erikarai ,600095,13.06969102861243,80.15977993815758,"200ft bye pass, Service Rd, Maduravoyal, Chennai, Tamil Nadu 600095, India"
2221,36,Gerugambakkam(opposite to grace supermarket) ,600128,13.01158462370995,80.14100545872151,"1/104A, Kalima Nagar, Gerugambakkam, Chennai, Tamil Nadu 600128, India"
4266,17A,Kakkalur,602003,13.125449307296828,79.9300363208178,"4WGJ+84H, Teachers Colony, Tiruvallur, Tamil Nadu 602003, India"
3444,20,"Nilgiris,Medavakkam",600100,12.9176358,80.1888333,"PVG Towers, Velachery - Tambaram Main Rd, Munusamy Nagar, Vimala Nagar, Medavakkam, Chennai, Tamil Nadu 600100, India"
1456,20,jayachandra textiles pallikaranai,600100,12.9204224,80.2029568,"A666, Jalladiampet, Medavakkam, Chennai, Tamil Nadu 600100, India"
3582,16E,Stedford ,600062,13.1199157,80.1402856,"3, Cholambedu Main Rd, Indira Nagar, Krishnapuram, Thirumullaivoyal, Chennai, Tamil Nadu 600062, India"
7461,28C,Lakshman Sruthi ,600026,13.0445827,80.212752,"No. 9, F1, Prasad Arcade, 2nd Avenue, Kamarajar Salai, Ashok Nagar, L Mark: Behind LakshmanShruthi Musicals & Kun Honda two wheeler service, upstairs, Sarvamangala Colony, Aruna Colony, Kodambakkam, Chennai, Tamil Nadu 600083, India"
5949,34C,"Muniswarar Aaalayam, Kattupakkam",600056,13.0433023,80.1217641,"2/24, Mount Poonamallee Rd, near by Adidas Outlet, Kattupakkam, Chennai, Tamil Nadu 600056, India"
4911,24,Nanganallur Independence Day Park,600061,12.978919868451518,80.18995513374485,"12/82, Gowry Colony, Macmillan Colony, Nanganallur, Chennai, Tamil Nadu 600061, India"
1535,11C,Bakthavatchlam School Signal,600080,13.108071025819914,80.18345800092494,"58/164, Venkatraman Nagar, Korattur, Tiruvallur, Chennai, Tamil Nadu 600060, India"
2237,20A,Sembakkam ,600073,12.923127927528007,80.1603337211105,"First Floor, No 187, Velachery Rd, next to Jolen hsopital, Durga Colony, Sembakkam, Chennai, Tamil Nadu 600073, India"
7498,20E,Mepz,600045,12.9307167,80.1118791,"440, Kasthuribai Nagar, Tambaram, Chennai, Tamil Nadu 600045, India"
1586,17E,"THIRUNINRAVUR,Gomathipuram",602024,13.118795490736106,80.02942392465803,"1, First Main Rd, Thiruninravur, Gomathipuram, Chennai, Tamil Nadu 602024, India"
1320,37B,Karayanchavadi ,600056,13.04657703500842,80.11180682544398,"2, Avadi Rd, DRR Nagar, Karayanchavadi, Chennai, Tamil Nadu 600056, India"
589,5C,Vengaya Mandi,600107,13.069421475003365,80.18118850478348,"1/98, Nh48, Pallavan Nagar, Nerkundram, Chennai, Tamil Nadu 600107, India"
2209,12,MKB nagar,600039,13.1182996,80.2594762,"4795+8Q9, MKB Nagar, Nagammai Nagar, Vyasarpadi, Chennai, Tamil Nadu 600039, India"
527,9c,Service road,600095,13.0777329,80.1466152,"304, S And P Main Rd, Agraharam, Kil Ayanambakkam, Chennai, Tamil Nadu 600095, India"
7332,19B,"Bharathamatha Street,Tambaram East",600059,12.931008572605666,80.12778151578307,"24, Lal Bahadur Shastri St, Anandapuram, East Tambaram, Tambaram, Chennai, Tamil Nadu 600059, India"
1473,15E,Kallikupam bus stop,600053,13.135067,80.1768464,"28, Vijaya Lakshmi Nagar, Sri Nagar, Ambattur, Chennai, Tamil Nadu 600053, India"
259,31,Postal colony ,600033,13.0359571,80.219459,"18/36, Postal Colony, West Mambalam, Chennai, Tamil Nadu 600033, India"
6363,23,"Independence day park, Nanganallur",600091,12.9750278,80.19190900000001,"219, Puzhuthivakkam, Nanganallur, Chennai, Tamil Nadu 600061, India"
7714,38c,Collecter office ,631501,12.8237643,79.6974132,"1, Vadivel Nagar, O K, R Complex, Sevlimedu, Kanchipuram, Tamil Nadu 631502, India"
7268,6,GRT,600040,13.0789142,80.1991269,"2/7, GANDHI STREET, THIRUMANGALAM, ANNA NAGAR Land mark: Opposite to Be Well hospital and, behind Suxus clothing showroom, Old Tirumangalam, Anna Nagar, Chennai, Tamil Nadu 600040, India"
6206,19B,Varadharaja theatre ,600059,12.9269297,80.1326742,"37/7, East Tambaram, Tambaram, Chennai, Tamil Nadu 600059, India"
8123,2c,Vellan chetiyar school T.H road ,600019,13.167624363992235,80.30430070498642,"No:758/386, Thiruvottiyur High Rd, Periyar Nagar, Tiruvottiyur, Chennai, Tamil Nadu 600019, India"
4005,45,Somangalam koot road,600133,12.974732873685104,80.04833166389453,"Somangalam Koot Road, Tamil Nadu 600133, India"
2212,42,Pooonamallee depot,600056,13.048922228377542,80.0874397005399,"23XQ+H4V, Poonamallee High Rd, Rukmani Nagar, Poonamallee, Chennai, Tamil Nadu 600123, India"
3093,37D,Ponamalle ambedkar statue,600056,13.050471649184066,80.09336116477657,"Poonamallee, MG Nagar, Poonamallee, Chennai, Tamil Nadu 600056, India"
7478,28,Liberty,600024,13.048897051113222,80.22691514637768,"36, Viswanathapuram Main Rd, near Raghavendra Kalyana Mandapam, China Raji Thottam, Kodambakkam, Chennai, Tamil Nadu 600024, India"
2386,14,Manjampakkam ring road,600060,13.15936174755391,80.22413797811096,"565F+MPV, VS Mani Nagar, Madhavaram, Chennai, Manjampakkam, Tamil Nadu 600060, India"
4331,18D,"Veerapuram,Veltech junction, Kannadapalayam, Avadi",600055,13.184655725070762,80.0842866810741,"Veerapuram, Morai, Tamil Nadu 600055, India"
1314,9c,DR super market mogappair west ,600095,13.0716974,80.16749209999999,"8A, Shakthi Nagar, Nolambur, Ambattur Industrial Estate, Chennai, Tamil Nadu 600095, India"
1952,20C,ponniyamman kovil bus stand,600091,12.964780858815654,80.21091546300062,"Velachery, 918, Bazaar Main Rd, Ram Nagar Police check post, Madipakkam, Chennai, Tamil Nadu 600091, India"
6185,11,Retteri RTO ,600099,13.1355795,80.2194086,"22, Sastri Nagar Main Rd, Madurai Manavalan Nagar, Tirupathy Thangavel Nagar, Ponniammanmedu, Chennai, Tamil Nadu 600099, India"
4415,19A,Irumbuliyur ,600059,12.917114899181762,80.1071537023206,"5, Grand Southern Trunk Rd, West Tambaram, Irumbuliyur, Chennai, Tamil Nadu 600045, India"
5760,13c,Grace world,600099,13.1195813,80.207244,"101, Srinivasa Nagar, Kolathur, Chennai, Tamil Nadu 600099, India"
2119,27c,Santhome ,600028,13.02150219370348,80.27046788574764,"Rogini Garden (MRC Nagar), Greenways Road, Karpagam Avenue, Raja Annamalai Puram, Chennai, Tamil Nadu 600028, India"
2195,5c,Vijayakanth Mandapam(DMDK office),600107,13.073807100876754,80.20055313163456,"Bajanai Koil St, School St, Janakiraman Colony, Koyambedu, Chennai, Tamil Nadu 600107, India"
1487,26c,Teynampet ,600018,13.039157,80.2470897,"429, Anna Salai, Teynampet, Chennai, Tamil Nadu 600018, India"
7465,17E,Kottamedu,602024,13.094353008158478,80.00680601470853,"Periya Kottamedu, Tamil Nadu 602024, India"
7183,22,MGR road,600096,12.966697743753858,80.24392237545852,"2, Govindasamy Nagar, Perungudi, Chennai, Tamil Nadu 600041, India"
1265,6,Hot chips thirumangalam,600040,13.08268170658553,80.20311560550253,"76, 4th Ave, Anna Nagar, Anna Nagar West, Anna Nagar, Chennai, Tamil Nadu 600040, India"
7980,20,medavakkam,600100,12.916743820915787,80.19308868941039,"11/20, Medavakkam, Chennai, Tamil Nadu 600100, India"
2234,13a,Kolathur Don Bosco ,620082,13.1226004,80.22463739999999,"159, School Street Shakthivel Nagar, Venkata Subramaniya Nagar, Jawahar Nagar, PO, Kolathur, Chennai, Tamil Nadu 600082, India"
7330,17D,Vellavedu ,600124,13.0675051,80.03560279999999,"16/334 A, Balwadi Street, Vellavedu, Tamil Nadu 600124, India"
6874,21,Sun Sports,600088,12.986923068421826,80.20537822151609,"1/19, Mohanapuri, Brindavan Nagar, Adambakkam, Chennai, Tamil Nadu 600088, India"
4923,18A,Vasantham nagar,600054,13.105378827978033,80.10849630471442,"Vasantham Nagar, Rajbai Nagar, Vasantham Nagar, Avadi, Tamil Nadu 600054, India"
2236,37D,"Nazarethpet,Bharat petroleum ",600123,13.0472604,80.0789885,"199, near Nazarathpettai, Chennai, Nazarathpettai, Tamil Nadu 600072, India"
1564,17D,Veppampattu small Gate,602024,13.1750723,80.0199562,"52G9+2X Kavanur, Kilakondaiyur, Tamil Nadu, India"
8077,34,Mugallivakkam,600125,13.0279776745638,80.17093363013802,"25HC+49C, Mount Poonamallee Rd, Venkateshwara Nagar, Sabari Nagar, Ramapuram, Chennai, Tamil Nadu 600087, India"
1554,8,Sidco Nagar bus stop,600049,13.108982,80.2029392,"5/234, 3rd Main Rd, near Arulmigu Murugan Temple, Sidco Nagar, Villivakkam, Chennai, Tamil Nadu 600049, India"
5052,20D,Poondi bazar ,600059,12.9155783,80.1279236,"W48H+759, East Tambaram, Tambaram, Chennai, Tamil Nadu 600059, India"
3894,11A,Ambattur telephone exchange ,600053,13.103556,80.156609,"T.I Miller, Ksr Nagar, Ambattur, Chennai, Tamil Nadu 600053, India"
3519,11A,Ambattur telephone exchange ,600053,13.1016116,80.1547558,"Block-1, TNHB H4, Ksr Nagar, Ambattur, Chennai, Tamil Nadu 600053, India"
2091,16E,Avadi checkpost ,600054,13.1229971,80.093561,"43FV+6CX, Vallalar 2nd St, Gandhi Nagar, Avadi, Tamil Nadu 600054, India"
1213,5C,"CMBT , SAF Games Village ",600106,13.066504989588667,80.20693411602943,"C1 Block, SAF Games Village, Annai Sathya Nagar, Koyambedu, Chennai, Tamil Nadu 600107, India"
1636,15B,vaishnavi,600062,13.13108629838415,80.11373446650391,"Type-3 No:4/1, Poompozhil Nagar, HVF Estate, Avadi, Tamil Nadu 600054, India"
4457,8c,Waves ,600101,13.087153823265933,80.19322620781874,"32, Mellavellar Street, Jayankondam, Ariyalur(TK, Thirumangalam, Thirumangalam, Govt Officers Colony, Chennai, Tamil Nadu 600040, India"
4459,40A,"sivan Kovil arch, sriperumbudur",602105,12.967091496459936,79.95044906453467,"204, Gandhi Rd, Nenmeli, Sriperumbudur, Tamil Nadu 602105, India"
7355,2,Maharani,600021,13.121078518487586,80.28330460744516,"7/43, Korukkupet, Washermanpet, Chennai, Tamil Nadu 600021, India"
1311,15c,"Singapore shopping, Ambattur",600053,13.121900738673627,80.14773650613196,"125b, Madras Thiruvallur High Rd, Krishnapuram Extension, Vivek Nagar, West Krishnapuram, Ambattur, Chennai, Tamil Nadu 600053, India"
4510,37D,"Godrej apartment,near evp cinemas,chembarambakkam",600069,13.0330574,80.0526412,"Block-E, Vme Lakeside, Chembarambakkam, Tamil Nadu 600069, India"
6264,35D,Anagaputhur ,600070,12.9823009,80.1225607,"15B2, MGN Complex, Ground Floor, Sree Radha Nagar, Pari Nagar, Anakaputhur, Chennai, Tamil Nadu 600070, India"
7354,7C,Collector nagar,600050,13.086535412549951,80.18872438703306,"47/45, AC Block 2nd St, Ram Nagar, Anna Nagar West, Mogappair East, Chennai, Tamil Nadu 600050, India"
8104,15A,Thiruverkadu Post office,600077,13.074542116203062,80.12496011593244,"20A, Sannadhi St, MGR Nagar, Thiruverkadu, Chennai, Tamil Nadu 600077, India"
1470,18D,Kovilpathagai ,600062,13.1457309,80.1173824,"42, 1, Poompozhil Nagar, New Vellanur, Tamil Nadu 600062, India"
1583,28,Samiyar madam,600024,13.046784339336591,80.21888912603997,"11, Dr Ambedkar Rd, Dr.Subbaraya Nagar, Kodambakkam, Chennai, Tamil Nadu 600024, India"
1145,33,Opposite to Pillaiyar Kovil near Sivan park Kknagar,600078,13.040205573506068,80.20443602530007,"3, Ramaswamy Salai, Sector 2, K. K. Nagar, Chennai, Tamil Nadu 600078, India"
4156,17A,Kakkalur bus stop,602001,13.134893750750804,79.92824268392931,"190, Chennai - Tiruvallur High Rd, Kakkalur Industrial Estate, Putlur, Tamil Nadu 602003, India"
4239,35c,Amman Kovil stop ,600070,12.982200833353255,80.12500168481301,"2, First St, Kamatchi Nagar, Chamundeshwari Nagar, Pammal, Chennai, Tamil Nadu 600075, India"
1617,8c,Waves,600101,13.087170014844403,80.19303333603004,"32, Mellavellar Street, Jayankondam, Ariyalur(TK, Thirumangalam, Thirumangalam, Govt Officers Colony, Chennai, Tamil Nadu 600040, India"
6406,20,Pallikaranai ,600100,12.9331970102963,80.20391683602247,"2, Thulukanathamman Koil St, New Colony, Selvam Nagar, Pallikaranai, Chennai, Tamil Nadu 600100, India"
2020,36c,Bhaikadai,600128,13.019128163420556,80.14248210722074,"No.62, Kundrathur Main Rd, Sulochana Nagar, Moulivakkam, Chennai, Tamil Nadu 600125, India"
5886,16B,Surapet,600099,13.1444669,80.1883568,"1/152, Surapet Main Rd, Shanmugapuram, Shivaparakasam Nagar, Surappattu, Chennai, Tamil Nadu 600066, India"
2084,36c,Vigneshwara nagar ,600116,13.038480346087791,80.15717156370846,"3/38, Karambakkam, Buddhar Colony, Porur, Chennai, Tamil Nadu 600116, India"
7675,34C,Porur Government Boys' School,600116,13.033522912131112,80.15973072258983,"5, Chetty St, Theru Veedhi Amman Koil Streets, Porur, Chennai, Tamil Nadu 600116, India"
4227,18b,Pattabiram bridge,600072,13.123097,80.0593473,"522, Chennai - Tiruvallur High Rd, near Hindu College, Pattabiram, Tamil Nadu 600072, India"
1610,4,Co optex,600006,13.067852129151696,80.25489439573668,"Cooptex (Pantheon Road), Pantheon Road, Sulaiman Zackria Avenue, எழும்பூர், Sulaiman Zackria Avenue, Egmore, Chennai, Tamil Nadu 600008, India"
1648,10c,Joint office,600023,13.09624319333488,80.23027469584638,"14, Guruvappa Mestiri St, Bharathi Nagar, Ayanavaram, Chennai, Tamil Nadu 600023, India"
4284,15E,VINAYAKAPURAM,600066,13.1615575,80.2004457,"5662+J5 Chennai, Tamil Nadu, India"
1221,19A,LAKSHMIPURAM ,600045,12.932633097499892,80.10000536172771,"77, 3rd Main Road, Sri Sai Nagar, Service Rd, West Tambaram, Tambaram, Chennai, Tamil Nadu 600045, India"
7120,10c,Binny mill church ,600012,13.1048277,80.25332159999999,"4733+W7X, Shanthi Nagar, Jamalia Nagar, Jamalia, Chennai, Tamil Nadu 600012, India"
4536,3,Purasaiwakkam ,600084,13.08395,80.25468400000001,"Purasaiwakkam Tank, Near Gangadeeshwarar Temple, Gangadeeshwar Koil St, Purasaiwakkam, Chennai, Tamil Nadu 600084, India"
7318,38,"Housing board, kanchipuram",631502,12.8234959,79.7099242,"RPF5+9X8, Chinna Kanchipuram, Ennaikaran, Arappanacheri, Tamil Nadu 631501, India"
4878,15,Canara bank,600053,13.1106165,80.15215839999999,"143, Madras Thiruvallur High Rd, Varadaraja Puram, Ambattur, Chennai, Tamil Nadu 600053, India"
1335,17E,Thirumazhisai bus stand,600124,13.055306878467476,80.05675602167003,"3344+4P7, Chennai Tiruvallur High Rd, Ramachandra Nagar, Thirumazhisai, Tamil Nadu 600124, India"
7886,18D,Ajeya Stadium,600062,13.1330554,80.1024462,"44M2+6XG, Avadi, Tamil Nadu 600062, India"
1569,18D,Nimilichiry roundtina,602024,13.1241762,80.0524291,"43F2+MXF NEMILICHERY - Pattabiram Rountana ORR, Pattabiram, Tamil Nadu 602024, India"
2740,20A,Rajakilpakkam signal ,600073,12.9119239,80.1540021,"Block-5, JAINS SUDARSHANA, Jains Sudarsana Apartment Rd, Balaji Nagar, Madambakkam, Chennai, Tamil Nadu 600073, India"
4928,4,"Pudupet, Nariyangadu police qtrs",600002,13.074430193190748,80.26544674469973,"Police Quarters. Nariyankadu, Langs Garden Rd, Komaleeswaranpet, Egmore, Chennai, Tamil Nadu 600002, India"
4464,3,Purasawalkam ,600007,13.084749657837689,80.25473403821587,"1st Street Gandhi Avenue, Gangadeeshwar Koil St, Purasaiwakkam, Chennai, Tamil Nadu 600084, India"
6960,20E,"TB hospital , Tambaram Sanatorium",600047,12.943606898824736,80.13436363811306,"W4VM+FQG, Kamakshi Colony, Chromepet, Chennai, Tamil Nadu 600047, India"
1598,17D,Veppambattu railway station ,602024,13.124902,79.997101,"Veppampattu Railway Station, Sudaraon Nagar, Veppambaattu, Tamil Nadu 602024, India"
1567,29E,Mudichur Outer ring road ,600048,12.91578674425514,80.07470116581868,"W38F+8VM, Mudichur, Tamil Nadu 600048, India"
751,18D,Nemlicherry roundtana ,602024,13.1750723,80.0199562,"52G9+2X Kavanur, Kilakondaiyur, Tamil Nadu, India"
1647,17d,Veppampattu ,602024,13.1179556,80.000785,"SAI NAGAR, RGP Nagar Layout, Sundara Babu Nagar, Veppambaattu, Tamil Nadu 602024, India"
6800,17D,Kottamedu,602024,13.094330326885729,80.00682518696547,"Periya Kottamedu, Tamil Nadu 602024, India"
4917,40C,Kanchipuram Bus Stand ,631502,12.8342269,79.7084541,"20, Vaigundapuram St, Ennaikaran, Kanchipuram, Tamil Nadu 631501, India"
5190,20,Nilgiris Medavakkam ,600100,12.904040549190569,80.18990639624988,"51, Veerabhadra Nagar, Veerapathara Nagar, Medavakkam, Chennai, Tamil Nadu 600100, India"
1488,17D,Jaya school ,602024,13.12413551081866,80.04170606601056,"9, Sivaprakash Nagar Rd, Thiruninravur, Tamil Nadu 602024, India"
4834,18e,Muthaputhupet,600055,13.152326608755237,80.0671929050761,"13, Palavedu Rd, Avadi, Tamil Nadu 600055, India"
7255,20C,"Ponniamman Koil, Madipakkam",600091,12.959995654570266,80.20176521150611,"41, Sri Kanchi Kamatchi Nagar Rd, Periyar Nagar, Madipakkam, Chennai, Tamil Nadu 600117, India"
4838,20B,Bharat University Tambaram ,600126,12.9082059,80.13971819999999,"BHARATH UNIVERSITY, 173, Agaram Main Rd., Selaiyur, Chennai, Tamil Nadu 600073, India"
1394,17C,Thiruvallur grt ,602001,13.123628410620938,79.91160446256461,"74, JN Rd, near Oil Mill Bus Stop, Kakkalur, Tamil Nadu 602001, India"
7352,35,Pammal ,600075,12.9777954066678,80.13580237442282,"31 pozhichalur main road pammal, H.L.L. Colony, Pammal, Chennai, Tamil Nadu 600075, India"
7015,17,"government hospital, oilmill, Thiruvallur ",602001,13.13318096665542,79.91075743978685,"4WM6+77X, Hariram Nagar, Poonga Nagar, Kakkalur, Tamil Nadu 602001, India"
1959,41,Walajah Bus stand ,632513,12.9362823,79.3608119,"W9P6+PCG, Thendral Nagar, Thendral nagar, Walajapet, Tamil Nadu 632513, India"
7293,14,Balamurugan Kovil,600060,13.145454837900845,80.23233698174762,"No1A, Roja Nagar Ext Rd, Roja Nagar, Madhavaram, Chennai, Tamil Nadu 600060, India"
1142,21C,Jayalakshmi Theatre ,600088,12.9886996,80.1979372,"39, Medavakkam Main Rd, VOC Nagar, Nanganallur, Jeevan Nagar, Adambakkam, Chennai, Tamil Nadu 600088, India"
3476,20e,Chrompet ,600044,12.9558248,80.14331399999999,"159, Grand Southern Trunk Rd, Lakshmi Nagar, Chromepet, Chennai, Tamil Nadu 600044, India"
2083,11,Moolakadai,600118,13.1295676,80.2416298,"18, Tondiarpet High Rd, Moolakadai, Kodungaiyur, Chennai, Tamil Nadu 600118, India"
2715,40c,Kanchipuram ramas cafe,631502,12.8352078,79.6868726,"3/1B, Soleeswarar Koil St, Pillaiyarpalayam, Kanchipuram, Tamil Nadu 631501, India"
1644,2,Manicycle shop,600081,13.1354163,80.2933872,"15, Sivagami Nagar, Tondiarpet, Chennai, Tamil Nadu 600081, India"
958,22,Vijaya Nagar khazana jewellery,600042,12.9755397,80.22064379999999,"27/23, Anna St, Velachery, Chennai, Tamil Nadu 600042, India"
234,35D,Police booth Pammal,600075,12.9748885,80.1326318,"X4FM+X32, Thiruneermalai Main Rd, Lakshmi Narayana Nagar, Pammal, Chennai, Tamil Nadu 600075, India"
1671,21,Puzhuthivakkam,600088,12.978238882965908,80.20365761051761,"Balaji Nagar, Balaji Nagar Extn-II, Vanuvampet, Madipakkam, Chennai, Tamil Nadu 600088, India"
1285,10c,Binny mills,600012,13.106291307680234,80.24992093856343,"Perambur, Shanthi Nagar, Jamalia Nagar, Jamalia, Chennai, Tamil Nadu 600012, India"
264,9A,Citilights meadows,600095,13.0760892,80.1615688,"Citilights Meadows Block-A, Citilights Meadows, Nolambur, Ambattur Industrial Estate, Chennai, Tamil Nadu 600095, India"
2137,15C,singapore shopping,600053,13.121761282341083,80.14770998269212,"465, (MTH ROAD, Chennai - Thiruttani - Renigunta Hwy, Vivek Nagar, Ram Nagar, Ambattur, Chennai, Tamil Nadu 600053, India"
6258,9,7H bus stand ,600037,13.080019391367774,80.18041849199719,"01 Everest Colony, Mogappair East, Chennai, Tamil Nadu 600037, India"
1631,17C,"Thiruvallur, GRT",602001,13.123628542193805,79.91161609094699,"74, JN Rd, near Oil Mill Bus Stop, Kakkalur, Tamil Nadu 602001, India"
4237,18A,Paruthipattu check post,600077,13.083117273717283,80.1088528426112,"34M5+4H9, Viraraghavapuram, Avadi, Tamil Nadu 600077, India"
8085,15C,Singapore Shopping ,600053,13.121811995851766,80.14766278960684,"125b, Madras Thiruvallur High Rd, Krishnapuram Extension, Vivek Nagar, West Krishnapuram, Ambattur, Chennai, Tamil Nadu 600053, India"
4404,35A,MGR STATUE,600056,13.038250199703588,80.1146189823559,"24Q7+7Q5, Manali Saravana Nagar, Kamatchiamman Nagar, Mangadu, Chennai, Tamil Nadu 600122, India"
4228,18c,Govarthanagiri,600071,13.099686525143756,80.10826677393943,"112, Poonamallee - Avadi High Rd, Govardanagiri, Avadi, Tamil Nadu 600071, India"
1235,36C,Baikadai,600122,13.019052397881827,80.14264420221514,"62, Sulochana Nagar Main Rd, near Mouliwakkam BSNL Telephone Exchange, Sulochana Nagar, Jayalakshmi Nagar, Chennai, Tamil Nadu 600030, India"
8066,42,Kannur Thiruvallur district ,602108,12.981191472543593,79.85196471413583,"XVJ3+623, SH 120, Kottaiyur, Tamil Nadu 602108, India"
7775,34C,Iyyapanthangal Reliance Smart ,600056,13.036116736034984,80.13459901739124,"2/129, Venugopalapuram, Iyyappanthangal, Chennai, Tamil Nadu 600056, India"
2147,42A,Perambakkam bus stand,631402,13.036509643761525,79.81909347149187,"2RP9+PM2, Tamil Nadu 631402, India"
5481,9c,"Dr super market, mogappair west chennai 37",600037,13.0810062,80.1674173,"4-1001, Mogappair West Main Rd, 4th Block, Mogappair West, Ambattur Industrial Estate, Chennai, Tamil Nadu 600037, India"
498,17A,Kakalur,602001,13.1266657,79.91882369999999,"4WG9+MG8 Makkalur, Poonga Nagar, Kakkalur, Tamil Nadu 602001, India"
7716,34c,Iyyapathangal ,600056,13.0380617,80.1353549,"24QP+648, VGN Nagar, Iyyappanthangal, Chennai, Tamil Nadu 600056, India"
1557,31,Srm hospital,600033,13.041119094078732,80.22471369760603,"No.9/4, Thambiah Rd, Gokulam Colony, Ramakrishnapuram, West Mambalam, Chennai, Tamil Nadu 600033, India"
8090,14,Minjur ,601203,13.3451646,80.2878794,"SEN NAGARO OPPJUMBO BAG COMPANY, 87WQ+356, Tamil Nadu 601203, India"
3864,37C,Poonamallee Bus Stand,600056,13.0514071,80.0945214,"332V+HRG, Muthu Kumaran Nagar, Poonamallee, Chennai, Tamil Nadu 600056, India"
4179,7C,Velammal School,600050,13.0885034,80.1815751,"86-87, flat no B1adjacent to DAV Boys School, Mogappair, TS Krishna Colony, Chennai, Tamil Nadu 600050, India"
