user,email,department,student_lat,student_lon,cluster_id,centroid_lat,centroid_lon,road_distance_km,walking_distance_km,walking_layer,within_distance_limit
Unknown,N/A,N/A,13.089775,80.2437498,0,13.085628648744459,80.24448834530527,0.656,0.619,best,True
Unknown,N/A,N/A,13.088729603408472,80.24512954364529,0,13.085628648744459,80.24448834530527,0.716,0.679,best,True
Unknown,N/A,N/A,13.0856795,80.2452474,0,13.085628648744459,80.24448834530527,0.087,0.087,best,True
Unknown,N/A,N/A,13.0856795,80.2452474,0,13.085628648744459,80.24448834530527,0.087,0.087,best,True
Unknown,N/A,N/A,13.083599364177529,80.24024396044561,0,13.085628648744459,80.24448834530527,0.768,0.768,best,True
Unknown,N/A,N/A,13.08564474711778,80.24541400690032,0,13.085628648744459,80.24448834530527,0.105,0.105,best,True
Unknown,N/A,N/A,13.085740921279555,80.24559080866024,0,13.085628648744459,80.24448834530527,0.323,0.129,best,True
Unknown,N/A,N/A,13.086690280159328,80.24529109247109,0,13.085628648744459,80.24448834530527,0.244,0.224,best,True
Unknown,N/A,N/A,13.0856795,80.2452474,0,13.085628648744459,80.24448834530527,0.087,0.087,best,True
Unknown,N/A,N/A,13.0856795,80.2452474,0,13.085628648744459,80.24448834530527,0.087,0.087,best,True
Unknown,N/A,N/A,13.081909039287307,80.24409693201656,0,13.085628648744459,80.24448834530527,0.874,0.585,best,True
Unknown,N/A,N/A,13.0856795,80.2452474,0,13.085628648744459,80.24448834530527,0.087,0.087,best,True
Unknown,N/A,N/A,13.0856795,80.2452474,0,13.085628648744459,80.24448834530527,0.087,0.087,best,True
Unknown,N/A,N/A,13.08569992751878,80.2454312985054,0,13.085628648744459,80.24448834530527,0.341,0.112,best,True
Unknown,N/A,N/A,13.081391357351889,80.24430402733601,0,13.085628648744459,80.24448834530527,0.963,0.674,best,True
Unknown,N/A,N/A,13.085556159765162,80.2453952630245,0,13.085628648744459,80.24448834530527,0.103,0.103,best,True
Unknown,N/A,N/A,13.08294191992047,80.24972943356869,1,13.084765854676442,80.25014513109575,0.208,0.208,best,True
Unknown,N/A,N/A,13.082721380550693,80.24981702774565,1,13.084765854676442,80.25014513109575,0.231,0.231,best,True
Unknown,N/A,N/A,13.08257624943852,80.2497263146558,1,13.084765854676442,80.25014513109575,0.249,0.249,best,True
Unknown,N/A,N/A,13.0407166,80.0248477,2,13.0407166,80.0248477,0.0,0.0,best,True
Unknown,N/A,N/A,13.0407166,80.0248477,2,13.0407166,80.0248477,0.0,0.0,best,True
Unknown,N/A,N/A,12.8471951,79.69997769999999,3,12.844714772338952,79.70024391603759,0.21,0.21,best,True
Unknown,N/A,N/A,12.843540659144036,79.69974163230118,3,12.844714772338952,79.70024391603759,0.387,0.174,best,True
Unknown,N/A,N/A,12.845704543123349,79.70025740312069,3,12.844714772338952,79.70024391603759,0.139,0.163,best,True
Unknown,N/A,N/A,12.84450568137732,79.70256310582948,3,12.844714772338952,79.70024391603759,0.298,0.298,best,True
Unknown,N/A,N/A,12.8458536,79.7003182,3,12.844714772338952,79.70024391603759,0.128,0.128,best,True
Unknown,N/A,N/A,12.8455693,79.7010539,3,12.844714772338952,79.70024391603759,0.158,0.158,best,True
Unknown,N/A,N/A,12.8426879,79.6994601,3,12.844714772338952,79.70024391603759,0.487,0.273,best,True
Unknown,N/A,N/A,12.843745456166834,79.6995955673397,3,12.844714772338952,79.70024391603759,0.369,0.155,best,True
Unknown,N/A,N/A,12.844557200204486,79.69977397154015,3,12.844714772338952,79.70024391603759,0.277,0.063,best,True
Unknown,N/A,N/A,12.843788283373486,79.69969758024479,3,12.844714772338952,79.70024391603759,0.362,0.148,best,True
Unknown,N/A,N/A,12.843296797414238,79.69655429157324,4,12.844475435656593,79.69683044223987,0.231,0.231,best,True
Unknown,N/A,N/A,12.839748511228697,79.69768821010895,4,12.844475435656593,79.69683044223987,0.745,0.697,best,True
Unknown,N/A,N/A,12.8490537,79.6975951,4,12.844475435656593,79.69683044223987,0.632,0.632,best,True
Unknown,N/A,N/A,12.845464292830556,79.6980740733553,4,12.844475435656593,79.69683044223987,0.318,0.318,best,True
Unknown,N/A,N/A,12.844969299671044,79.69672961760917,4,12.844475435656593,79.69683044223987,0.106,0.106,best,True
Unknown,N/A,N/A,12.8393951,79.6968207,4,12.844475435656593,79.69683044223987,0.668,0.668,best,True
Unknown,N/A,N/A,12.844974633647675,79.69670241635984,4,12.844475435656593,79.69683044223987,0.108,0.108,best,True
Unknown,N/A,N/A,12.8455087,79.6962433,4,12.844475435656593,79.69683044223987,0.186,0.186,best,True
Unknown,N/A,N/A,12.8451076,79.696377,4,12.844475435656593,79.69683044223987,0.151,0.151,best,True
Unknown,N/A,N/A,12.845007251858906,79.69669478535693,4,12.844475435656593,79.69683044223987,0.111,0.111,best,True
Unknown,N/A,N/A,12.845180644474995,79.6964709554974,4,12.844475435656593,79.69683044223987,0.142,0.142,best,True
Unknown,N/A,N/A,12.844965432409593,79.69660199925764,4,12.844475435656593,79.69683044223987,0.126,0.126,best,True
Unknown,N/A,N/A,12.8455087,79.69624329999999,4,12.844475435656593,79.69683044223987,0.186,0.186,best,True
Unknown,N/A,N/A,12.934434,80.147061,5,12.937212622756848,80.14612349387458,0.48,0.48,best,True
Unknown,N/A,N/A,12.9387231,80.14607749999999,5,12.937212622756848,80.14612349387458,0.27,0.27,best,True
Unknown,N/A,N/A,12.9387231,80.14607749999999,5,12.937212622756848,80.14612349387458,0.27,0.27,best,True
Unknown,N/A,N/A,12.9387231,80.14607749999999,5,12.937212622756848,80.14612349387458,0.27,0.27,best,True
Unknown,N/A,N/A,12.93594562775709,80.14504956083766,5,12.937212622756848,80.14612349387458,0.392,0.392,best,True
Unknown,N/A,N/A,12.9387231,80.14607749999999,5,12.937212622756848,80.14612349387458,0.27,0.27,best,True
Unknown,N/A,N/A,12.933964726897017,80.1496672803948,5,12.937212622756848,80.14612349387458,0.826,0.826,best,True
Unknown,N/A,N/A,12.9373605,80.1451044,5,12.937212622756848,80.14612349387458,0.493,0.493,best,True
Unknown,N/A,N/A,12.9387231,80.14607749999999,5,12.937212622756848,80.14612349387458,0.27,0.27,best,True
Unknown,N/A,N/A,12.938749013835004,80.15347242143424,6,12.93973436175006,80.15121313426313,0.325,0.325,best,True
Unknown,N/A,N/A,12.9404130442871,80.15003593729335,6,12.93973436175006,80.15121313426313,0.195,0.195,best,True
Unknown,N/A,N/A,12.940491141299848,80.1506940361395,6,12.93973436175006,80.15121313426313,0.134,0.134,best,True
Unknown,N/A,N/A,12.9360621,80.1517272,6,12.93973436175006,80.15121313426313,0.488,0.488,best,True
Unknown,N/A,N/A,12.941865844072272,80.14915708685649,6,12.93973436175006,80.15121313426313,0.449,0.449,best,True
Unknown,N/A,N/A,12.940478,80.150728,6,12.93973436175006,80.15121313426313,0.134,0.134,best,True
Unknown,N/A,N/A,12.940478,80.150728,6,12.93973436175006,80.15121313426313,0.134,0.134,best,True
Unknown,N/A,N/A,12.9360621,80.1517272,6,12.93973436175006,80.15121313426313,0.488,0.488,best,True
Unknown,N/A,N/A,12.940992,80.148146,6,12.93973436175006,80.15121313426313,0.402,0.402,best,True
Unknown,N/A,N/A,12.940478,80.150728,6,12.93973436175006,80.15121313426313,0.134,0.134,best,True
Unknown,N/A,N/A,12.9403644,80.1506036,6,12.93973436175006,80.15121313426313,0.134,0.134,best,True
Unknown,N/A,N/A,12.9355184,80.1514421,6,12.93973436175006,80.15121313426313,0.583,0.509,best,True
Unknown,N/A,N/A,12.939687215460768,80.14845820945234,6,12.93973436175006,80.15121313426313,0.619,0.332,best,True
Unknown,N/A,N/A,12.944271501411038,80.14788385463932,6,12.93973436175006,80.15121313426313,0.918,0.888,best,True
Unknown,N/A,N/A,12.9355622,80.156197,6,12.93973436175006,80.15121313426313,0.989,0.989,best,True
Unknown,N/A,N/A,12.940234408899114,80.15036900782891,6,12.93973436175006,80.15121313426313,0.177,0.197,best,True
Unknown,N/A,N/A,12.94045535896351,80.15062787787562,6,12.93973436175006,80.15121313426313,0.135,0.135,best,True
Unknown,N/A,N/A,12.940478,80.150728,6,12.93973436175006,80.15121313426313,0.134,0.134,best,True
Unknown,N/A,N/A,12.9438542,80.1539034,6,12.93973436175006,80.15121313426313,0.859,0.859,best,True
Unknown,N/A,N/A,12.9403937,80.15062400000001,6,12.93973436175006,80.15121313426313,0.133,0.133,best,True
Unknown,N/A,N/A,12.936985868627469,80.14993738409875,6,12.93973436175006,80.15121313426313,0.784,0.414,best,True
Unknown,N/A,N/A,12.940478,80.150728,6,12.93973436175006,80.15121313426313,0.134,0.134,best,True
Unknown,N/A,N/A,12.9403455,80.1506789,6,12.93973436175006,80.15121313426313,0.126,0.126,best,True
Unknown,N/A,N/A,13.0612272,80.1489311,7,13.061561065280825,80.14691256306392,0.396,0.396,best,True
Unknown,N/A,N/A,13.0610002,80.1489548,7,13.061561065280825,80.14691256306392,0.495,0.435,best,True
Unknown,N/A,N/A,13.0612272,80.1489311,7,13.061561065280825,80.14691256306392,0.396,0.396,best,True
Unknown,N/A,N/A,13.0612753,80.1489877,7,13.061561065280825,80.14691256306392,0.402,0.402,best,True
Unknown,N/A,N/A,13.0612272,80.1489311,7,13.061561065280825,80.14691256306392,0.396,0.396,best,True
Unknown,N/A,N/A,13.061431672650826,80.15145946394443,8,13.061538368769936,80.15268552324261,0.146,0.146,best,True
Unknown,N/A,N/A,13.061191076127509,80.15141626641412,8,13.061538368769936,80.15268552324261,0.164,0.143,best,True
Unknown,N/A,N/A,13.061397755442629,80.15150977594357,8,13.061538368769936,80.15268552324261,0.181,0.139,best,True
Unknown,N/A,N/A,13.063320059598874,80.15514381127714,8,13.061538368769936,80.15268552324261,0.751,0.599,best,True
Unknown,N/A,N/A,13.061103,80.15136249999999,8,13.061538368769936,80.15268552324261,0.198,0.175,best,True
Unknown,N/A,N/A,13.061103,80.15136249999999,8,13.061538368769936,80.15268552324261,0.198,0.175,best,True
Unknown,N/A,N/A,13.06578327801622,80.15209330920807,8,13.061538368769936,80.15268552324261,0.589,0.589,best,True
Unknown,N/A,N/A,13.06691964864677,80.15355098443816,8,13.061538368769936,80.15268552324261,0.956,0.915,best,True
Unknown,N/A,N/A,13.059840270243456,80.15342149594974,8,13.061538368769936,80.15268552324261,0.742,0.492,best,True
Unknown,N/A,N/A,13.061103,80.15136249999999,8,13.061538368769936,80.15268552324261,0.198,0.175,best,True
Unknown,N/A,N/A,13.0644673,80.15245329999999,8,13.061538368769936,80.15268552324261,0.584,0.457,best,True
Unknown,N/A,N/A,13.064519440393996,80.1525522103247,8,13.061538368769936,80.15268552324261,0.549,0.467,best,True
Unknown,N/A,N/A,13.06385110107298,80.15234684604715,8,13.061538368769936,80.15268552324261,0.376,0.376,best,True
Unknown,N/A,N/A,13.094402253873415,79.65904705479781,9,13.093137033709409,79.65973230337325,0.49,0.21,best,True
Unknown,N/A,N/A,13.0949446,79.658699,9,13.093137033709409,79.65973230337325,0.558,0.277,best,True
Unknown,N/A,N/A,13.0949446,79.658699,9,13.093137033709409,79.65973230337325,0.558,0.277,best,True
Unknown,N/A,N/A,13.0925574,79.659652,9,13.093137033709409,79.65973230337325,0.267,0.267,best,True
Unknown,N/A,N/A,13.092584834405915,79.65952605007766,9,13.093137033709409,79.65973230337325,0.281,0.248,best,True
Unknown,N/A,N/A,13.09540219514778,79.6590193410861,9,13.093137033709409,79.65973230337325,0.638,0.358,best,True
Unknown,N/A,N/A,13.0922804,79.66366719999999,9,13.093137033709409,79.65973230337325,0.49,0.49,best,True
Unknown,N/A,N/A,13.09244991444834,79.66292851001496,9,13.093137033709409,79.65973230337325,0.411,0.411,best,True
Unknown,N/A,N/A,13.0925574,79.659652,9,13.093137033709409,79.65973230337325,0.267,0.267,best,True
Unknown,N/A,N/A,13.092596053100682,79.65955464019625,9,13.093137033709409,79.65973230337325,0.282,0.248,best,True
Unknown,N/A,N/A,13.0941503,79.655951,9,13.093137033709409,79.65973230337325,0.909,0.562,best,True
Unknown,N/A,N/A,13.092582796951694,79.65959608845036,9,13.093137033709409,79.65973230337325,0.274,0.252,best,True
Unknown,N/A,N/A,13.0944351493343,79.65901670750006,9,13.093137033709409,79.65973230337325,0.494,0.213,best,True
Unknown,N/A,N/A,13.0925672,79.65947539999999,9,13.093137033709409,79.65973230337325,0.286,0.261,best,True
Unknown,N/A,N/A,13.0947864,79.6581807,9,13.093137033709409,79.65973230337325,0.613,0.333,best,True
Unknown,N/A,N/A,13.09255776654567,79.65948057771669,9,13.093137033709409,79.65973230337325,0.286,0.26,best,True
Unknown,N/A,N/A,13.09262396133524,79.65955050691073,9,13.093137033709409,79.65973230337325,0.285,0.244,best,True
Unknown,N/A,N/A,13.092565881479157,79.65962227735301,9,13.093137033709409,79.65973230337325,0.271,0.271,best,True
Unknown,N/A,N/A,13.0925574,79.659652,9,13.093137033709409,79.65973230337325,0.267,0.267,best,True
Unknown,N/A,N/A,13.094606214550469,79.65908270767882,9,13.093137033709409,79.65973230337325,0.511,0.231,best,True
Unknown,N/A,N/A,13.0925574,79.659652,9,13.093137033709409,79.65973230337325,0.267,0.267,best,True
Unknown,N/A,N/A,13.09252684016029,79.65960807474515,9,13.093137033709409,79.65973230337325,0.272,0.272,best,True
Unknown,N/A,N/A,13.09251596078782,79.65963305214706,9,13.093137033709409,79.65973230337325,0.269,0.269,best,True
Unknown,N/A,N/A,13.0949446,79.658699,9,13.093137033709409,79.65973230337325,0.558,0.277,best,True
Unknown,N/A,N/A,13.092606322200696,79.65938535563667,9,13.093137033709409,79.65973230337325,0.294,0.269,best,True
Unknown,N/A,N/A,13.0949446,79.658699,9,13.093137033709409,79.65973230337325,0.558,0.277,best,True
Unknown,N/A,N/A,13.092490471990676,79.65958767812032,9,13.093137033709409,79.65973230337325,0.285,0.26,best,True
Unknown,N/A,N/A,13.0926454,79.65897840000001,9,13.093137033709409,79.65973230337325,0.335,0.31,best,True
Unknown,N/A,N/A,13.092555701822445,79.65951523350674,9,13.093137033709409,79.65973230337325,0.282,0.257,best,True
Unknown,N/A,N/A,13.092608015035966,79.65973528916243,9,13.093137033709409,79.65973230337325,0.259,0.259,best,True
Unknown,N/A,N/A,13.092529346294278,79.65971782831231,9,13.093137033709409,79.65973230337325,0.26,0.26,best,True
Unknown,N/A,N/A,13.09250357912967,79.65972110514491,9,13.093137033709409,79.65973230337325,0.26,0.26,best,True
Unknown,N/A,N/A,13.10261459246415,79.65459592417457,10,13.09867780808302,79.65524680131699,0.671,0.663,best,True
Unknown,N/A,N/A,13.0991519,79.6558404,10,13.09867780808302,79.65524680131699,0.277,0.277,best,True
Unknown,N/A,N/A,13.09846373442364,79.65567354573672,10,13.09867780808302,79.65524680131699,0.048,0.048,best,True
Unknown,N/A,N/A,13.0991519,79.6558404,10,13.09867780808302,79.65524680131699,0.277,0.277,best,True
Unknown,N/A,N/A,13.100275,79.6568613,10,13.09867780808302,79.65524680131699,0.539,0.459,best,True
Unknown,N/A,N/A,13.100228078694656,79.65511098905739,10,13.09867780808302,79.65524680131699,0.433,0.433,best,True
Unknown,N/A,N/A,13.09926114815454,79.65604486944697,10,13.09867780808302,79.65524680131699,0.253,0.253,best,True
Unknown,N/A,N/A,13.09919866045477,79.6560620211761,10,13.09867780808302,79.65524680131699,0.252,0.252,best,True
Unknown,N/A,N/A,13.099166621565494,79.65600087161475,10,13.09867780808302,79.65524680131699,0.259,0.259,best,True
Unknown,N/A,N/A,13.0991519,79.6558404,10,13.09867780808302,79.65524680131699,0.277,0.277,best,True
Unknown,N/A,N/A,13.0991519,79.6558404,10,13.09867780808302,79.65524680131699,0.277,0.277,best,True
Unknown,N/A,N/A,13.0987128,79.6556294,10,13.09867780808302,79.65524680131699,0.04,0.04,best,True
Unknown,N/A,N/A,13.099141769244897,79.65604887170038,10,13.09867780808302,79.65524680131699,0.254,0.254,best,True
Unknown,N/A,N/A,13.099183804444376,79.65596959831852,10,13.09867780808302,79.65524680131699,0.262,0.262,best,True
Unknown,N/A,N/A,13.0991519,79.6558404,10,13.09867780808302,79.65524680131699,0.277,0.277,best,True
Unknown,N/A,N/A,13.0991519,79.6558404,10,13.09867780808302,79.65524680131699,0.277,0.277,best,True
Unknown,N/A,N/A,13.100558156591385,79.6565379571974,10,13.09867780808302,79.65524680131699,0.46,0.46,best,True
Unknown,N/A,N/A,13.13070588314799,80.1319435446637,12,13.130696573678614,80.1316489273865,0.032,0.032,best,True
Unknown,N/A,N/A,13.1325417,80.1324306,12,13.130696573678614,80.1316489273865,0.524,0.35,best,True
Unknown,N/A,N/A,13.13088791687718,80.13206317504418,12,13.130696573678614,80.1316489273865,0.102,0.102,best,True
Unknown,N/A,N/A,13.1307405,80.1314386,12,13.130696573678614,80.1316489273865,0.235,0.023,best,True
Unknown,N/A,N/A,13.1307405,80.1314386,12,13.130696573678614,80.1316489273865,0.235,0.023,best,True
Unknown,N/A,N/A,13.130703188796828,80.13186619878975,12,13.130696573678614,80.1316489273865,0.024,0.024,best,True
Unknown,N/A,N/A,13.130615891162872,80.13227753976811,12,13.130696573678614,80.1316489273865,0.068,0.068,best,True
Unknown,N/A,N/A,13.130593620907783,80.13163313935668,12,13.130696573678614,80.1316489273865,0.256,0.002,best,True
Unknown,N/A,N/A,13.13065541019151,80.13157820167498,12,13.130696573678614,80.1316489273865,0.25,0.008,best,True
Unknown,N/A,N/A,13.130652756025894,80.13136859403187,12,13.130696573678614,80.1316489273865,0.228,0.03,best,True
Unknown,N/A,N/A,13.130780752883147,80.13145412232407,12,13.130696573678614,80.1316489273865,0.168,0.091,best,True
Unknown,N/A,N/A,13.1307405,80.1314386,12,13.130696573678614,80.1316489273865,0.235,0.023,best,True
Unknown,N/A,N/A,13.130648733838404,80.13154447418255,12,13.130696573678614,80.1316489273865,0.249,0.023,best,True
Unknown,N/A,N/A,13.1307405,80.1314386,12,13.130696573678614,80.1316489273865,0.235,0.023,best,True
Unknown,N/A,N/A,13.130610309863892,80.13162178278975,12,13.130696573678614,80.1316489273865,0.255,0.003,best,True
Unknown,N/A,N/A,13.130589397006936,80.13175987980888,12,13.130696573678614,80.1316489273865,0.012,0.012,best,True
Unknown,N/A,N/A,13.1307837,80.131779,12,13.130696573678614,80.1316489273865,0.132,0.132,best,True
Unknown,N/A,N/A,13.1307405,80.1314386,12,13.130696573678614,80.1316489273865,0.235,0.023,best,True
Unknown,N/A,N/A,13.130633210007872,80.13022249959072,12,13.130696573678614,80.1316489273865,0.853,0.157,best,True
Unknown,N/A,N/A,13.130613,80.131721,12,13.130696573678614,80.1316489273865,0.008,0.008,best,True
Unknown,N/A,N/A,13.130613,80.131721,12,13.130696573678614,80.1316489273865,0.008,0.008,best,True
Unknown,N/A,N/A,13.1294312,80.131564,12,13.130696573678614,80.1316489273865,0.384,0.159,best,True
Unknown,N/A,N/A,13.130625738287934,80.13192004596927,12,13.130696573678614,80.1316489273865,0.029,0.029,best,True
Unknown,N/A,N/A,13.13064043697615,80.13162691723174,12,13.130696573678614,80.1316489273865,0.256,0.002,best,True
Unknown,N/A,N/A,13.130662125543331,80.13158175258647,12,13.130696573678614,80.1316489273865,0.251,0.007,best,True
Unknown,N/A,N/A,13.130613,80.131721,12,13.130696573678614,80.1316489273865,0.008,0.008,best,True
Unknown,N/A,N/A,13.130692956694984,80.131715448166,12,13.130696573678614,80.1316489273865,0.007,0.007,best,True
Unknown,N/A,N/A,13.1307405,80.1314386,12,13.130696573678614,80.1316489273865,0.235,0.023,best,True
Unknown,N/A,N/A,13.1307405,80.1314386,12,13.130696573678614,80.1316489273865,0.235,0.023,best,True
Unknown,N/A,N/A,13.130668725546537,80.13173835818284,12,13.130696573678614,80.1316489273865,0.01,0.01,best,True
Unknown,N/A,N/A,13.130704846286273,80.13167818327811,12,13.130696573678614,80.1316489273865,0.003,0.003,best,True
Unknown,N/A,N/A,13.13065476187353,80.13162210017718,12,13.130696573678614,80.1316489273865,0.255,0.003,best,True
Unknown,N/A,N/A,13.130671181476208,80.13186779200619,12,13.130696573678614,80.1316489273865,0.024,0.024,best,True
Unknown,N/A,N/A,13.130651561891524,80.13165747963639,12,13.130696573678614,80.1316489273865,0.001,0.001,best,True
Unknown,N/A,N/A,13.13066215358159,80.1318572308082,12,13.130696573678614,80.1316489273865,0.022,0.022,best,True
Unknown,N/A,N/A,13.130699215491434,80.13156380878902,12,13.130696573678614,80.1316489273865,0.249,0.009,best,True
Unknown,N/A,N/A,13.1307405,80.1314386,12,13.130696573678614,80.1316489273865,0.235,0.023,best,True
Unknown,N/A,N/A,13.130640256752804,80.13178366632185,12,13.130696573678614,80.1316489273865,0.014,0.014,best,True
Unknown,N/A,N/A,13.130662488463958,80.13161454045041,12,13.130696573678614,80.1316489273865,0.254,0.004,best,True
Unknown,N/A,N/A,13.130638364571922,80.13186514163858,12,13.130696573678614,80.1316489273865,0.023,0.023,best,True
Unknown,N/A,N/A,13.130688036674718,80.13173500557897,12,13.130696573678614,80.1316489273865,0.009,0.009,best,True
Unknown,N/A,N/A,13.12309502033392,79.91181449242956,15,13.123644027919914,79.91146337285997,0.211,0.14,best,True
Unknown,N/A,N/A,13.123373924932912,79.91167847416202,15,13.123644027919914,79.91146337285997,0.243,0.105,best,True
Unknown,N/A,N/A,13.1236581,79.91159379999999,15,13.123644027919914,79.91146337285997,0.278,0.073,best,True
Unknown,N/A,N/A,13.1236581,79.91159379999999,15,13.123644027919914,79.91146337285997,0.278,0.073,best,True
Unknown,N/A,N/A,13.125222129472936,79.91112585235011,15,13.123644027919914,79.91146337285997,0.461,0.19,best,True
Unknown,N/A,N/A,13.119651601347034,79.90963158286029,15,13.123644027919914,79.91146337285997,0.533,0.533,best,True
Unknown,N/A,N/A,13.1236581,79.91159379999999,15,13.123644027919914,79.91146337285997,0.278,0.073,best,True
Unknown,N/A,N/A,13.123633285168811,79.91212814760742,15,13.123644027919914,79.91146337285997,0.334,0.198,best,True
Unknown,N/A,N/A,13.1236581,79.91159379999999,15,13.123644027919914,79.91146337285997,0.278,0.073,best,True
Unknown,N/A,N/A,13.123694709808827,79.91156476507447,15,13.123644027919914,79.91146337285997,0.283,0.068,best,True
Unknown,N/A,N/A,13.123788176688176,79.91153671497456,15,13.123644027919914,79.91146337285997,0.294,0.057,best,True
Unknown,N/A,N/A,13.1236581,79.91159379999999,15,13.123644027919914,79.91146337285997,0.278,0.073,best,True
Unknown,N/A,N/A,13.125820296235002,79.91122877195914,15,13.123644027919914,79.91146337285997,0.546,0.274,best,True
Unknown,N/A,N/A,13.123388012690308,79.91166902703918,15,13.123644027919914,79.91146337285997,0.243,0.104,best,True
Unknown,N/A,N/A,13.122869152733664,79.91192392377485,15,13.123644027919914,79.91146337285997,0.184,0.149,best,True
Unknown,N/A,N/A,13.125829704632608,79.91097921223319,15,13.123644027919914,79.91146337285997,0.53,0.258,best,True
Unknown,N/A,N/A,13.12166152547547,79.91045166795915,15,13.123644027919914,79.91146337285997,0.291,0.291,best,True
Unknown,N/A,N/A,13.124371,79.91136999999999,15,13.123644027919914,79.91146337285997,0.362,0.091,best,True
Unknown,N/A,N/A,13.123563329744302,79.91155895539553,15,13.123644027919914,79.91146337285997,0.27,0.081,best,True
Unknown,N/A,N/A,13.123730019204508,79.9107574424062,15,13.123644027919914,79.91146337285997,0.388,0.1,best,True
Unknown,N/A,N/A,13.1236581,79.91159379999999,15,13.123644027919914,79.91146337285997,0.278,0.073,best,True
Unknown,N/A,N/A,13.122445040097364,79.91182358903421,15,13.123644027919914,79.91146337285997,0.239,0.143,best,True
Unknown,N/A,N/A,13.123628410620938,79.91160446256461,15,13.123644027919914,79.91146337285997,0.275,0.076,best,True
Unknown,N/A,N/A,13.123628542193805,79.91161609094699,15,13.123644027919914,79.91146337285997,0.274,0.077,best,True
Unknown,N/A,N/A,13.124492563402043,79.91133918280221,15,13.123644027919914,79.91146337285997,0.376,0.105,best,True
Unknown,N/A,N/A,13.1236581,79.91159379999999,15,13.123644027919914,79.91146337285997,0.278,0.073,best,True
Unknown,N/A,N/A,13.1236581,79.91159379999999,15,13.123644027919914,79.91146337285997,0.278,0.073,best,True
Unknown,N/A,N/A,13.123629542136303,79.91167348430074,15,13.123644027919914,79.91146337285997,0.272,0.079,best,True
Unknown,N/A,N/A,13.12411349752786,79.9133753290099,15,13.123644027919914,79.91146337285997,0.544,0.273,best,True
Unknown,N/A,N/A,13.123104651329822,79.91156630804815,15,13.123644027919914,79.91146337285997,0.06,0.06,best,True
Unknown,N/A,N/A,13.1236581,79.91159379999999,15,13.123644027919914,79.91146337285997,0.278,0.073,best,True
Unknown,N/A,N/A,13.1236581,79.91159379999999,15,13.123644027919914,79.91146337285997,0.278,0.073,best,True
Unknown,N/A,N/A,13.12365678106127,79.91161473155883,15,13.123644027919914,79.91146337285997,0.277,0.074,best,True
Unknown,N/A,N/A,13.123629023388624,79.91160437605322,15,13.123644027919914,79.91146337285997,0.275,0.076,best,True
Unknown,N/A,N/A,13.1226901,79.91176899999999,15,13.123644027919914,79.91146337285997,0.112,0.112,best,True
Unknown,N/A,N/A,13.123648587179355,79.91167979624134,15,13.123644027919914,79.91146337285997,0.274,0.077,best,True
Unknown,N/A,N/A,13.1226901,79.91176899999999,15,13.123644027919914,79.91146337285997,0.112,0.112,best,True
Unknown,N/A,N/A,13.123658271829196,79.91155827038438,15,13.123644027919914,79.91146337285997,0.28,0.071,best,True
Unknown,N/A,N/A,13.1236581,79.91159379999999,15,13.123644027919914,79.91146337285997,0.278,0.073,best,True
Unknown,N/A,N/A,13.1236581,79.91159379999999,15,13.123644027919914,79.91146337285997,0.278,0.073,best,True
Unknown,N/A,N/A,13.126397988440392,79.91507444486282,16,13.12643656046641,79.91784894256408,0.932,0.815,best,True
Unknown,N/A,N/A,13.12725846636394,79.91755257394665,16,13.12643656046641,79.91784894256408,0.397,0.397,best,True
Unknown,N/A,N/A,13.125918957079106,79.91724365585482,16,13.12643656046641,79.91784894256408,0.578,0.578,best,True
Unknown,N/A,N/A,13.1266657,79.91882369999999,16,13.12643656046641,79.91784894256408,0.223,0.223,best,True
Unknown,N/A,N/A,13.1266657,79.91882369999999,16,13.12643656046641,79.91784894256408,0.223,0.223,best,True
Unknown,N/A,N/A,13.12571255091501,79.91957558072026,16,13.12643656046641,79.91784894256408,0.395,0.395,best,True
Unknown,N/A,N/A,13.1206486,79.9166465,17,13.12136524425087,79.91789536807288,0.336,0.336,best,True
Unknown,N/A,N/A,13.12139903275261,79.91673370421863,17,13.12136524425087,79.91789536807288,0.249,0.249,best,True
Unknown,N/A,N/A,13.1220481,79.9203059,17,13.12136524425087,79.91789536807288,0.33,0.33,best,True
Unknown,N/A,N/A,12.979879259189138,80.22742218124829,18,12.980743563749575,80.2290281668474,0.198,0.198,best,True
Unknown,N/A,N/A,12.980073960464834,80.22945196449561,18,12.980743563749575,80.2290281668474,0.29,0.29,best,True
Unknown,N/A,N/A,12.980176591414796,80.22844022785533,18,12.980743563749575,80.2290281668474,0.91,0.136,best,True
Unknown,N/A,N/A,12.978383412749729,80.23049287150268,18,12.980743563749575,80.2290281668474,0.595,0.539,best,True
Unknown,N/A,N/A,12.9804213,80.22505869999999,18,12.980743563749575,80.2290281668474,0.605,0.6,best,True
Unknown,N/A,N/A,12.98049264783696,80.2289243463171,18,12.980743563749575,80.2290281668474,0.157,0.188,best,True
Unknown,N/A,N/A,12.978520820551056,80.22560601739322,18,12.980743563749575,80.2290281668474,0.542,0.458,best,True
Unknown,N/A,N/A,12.981123801302871,80.23429589747829,18,12.980743563749575,80.2290281668474,0.805,0.636,best,True
Unknown,N/A,N/A,12.9828008,80.226693,18,12.980743563749575,80.2290281668474,0.735,0.735,best,True
Unknown,N/A,N/A,12.981144535636568,80.23427899762594,18,12.980743563749575,80.2290281668474,0.803,0.633,best,True
Unknown,N/A,N/A,12.980155515838169,80.22823345044186,18,12.980743563749575,80.2290281668474,0.88,0.12,best,True
Unknown,N/A,N/A,12.9798144,80.2279238,18,12.980743563749575,80.2290281668474,0.831,0.169,best,True
Unknown,N/A,N/A,12.9807975,80.2231875,19,12.984573534435112,80.22286715158843,0.69,0.69,best,True
Unknown,N/A,N/A,12.98702020665769,80.22228128860358,19,12.984573534435112,80.22286715158843,0.404,0.341,best,True
Unknown,N/A,N/A,12.987104707964482,80.2230166083053,19,12.984573534435112,80.22286715158843,0.306,0.306,best,True
Unknown,N/A,N/A,12.982274518081994,80.2247651850565,19,12.984573534435112,80.22286715158843,0.587,0.534,best,True
Unknown,N/A,N/A,12.982945367660822,80.22202384769878,19,12.984573534435112,80.22286715158843,0.197,0.197,best,True
Unknown,N/A,N/A,12.98713915519578,80.2230418338385,19,12.984573534435112,80.22286715158843,0.308,0.308,best,True
Unknown,N/A,N/A,12.986125,80.2253514,19,12.984573534435112,80.22286715158843,0.597,0.471,best,True
Unknown,N/A,N/A,12.984405285305266,80.21789721796874,19,12.984573534435112,80.22286715158843,0.589,0.589,best,True
Unknown,N/A,N/A,12.987107802787207,80.22301730859606,19,12.984573534435112,80.22286715158843,0.304,0.304,best,True
Unknown,N/A,N/A,12.982855289492406,80.22192021818617,19,12.984573534435112,80.22286715158843,0.211,0.211,best,True
Unknown,N/A,N/A,12.9838049,80.2260867,19,12.984573534435112,80.22286715158843,0.521,0.521,best,True
Unknown,N/A,N/A,12.982923763535648,80.22193211191406,19,12.984573534435112,80.22286715158843,0.204,0.204,best,True
Unknown,N/A,N/A,12.98260819174282,80.22405443760617,19,12.984573534435112,80.22286715158843,0.477,0.477,best,True
Unknown,N/A,N/A,12.982937911057808,80.22196870809837,19,12.984573534435112,80.22286715158843,0.2,0.2,best,True
Unknown,N/A,N/A,12.988553417044798,80.22246290795445,19,12.984573534435112,80.22286715158843,0.492,0.492,best,True
Unknown,N/A,N/A,13.081697,80.2026954,20,13.084411662876425,80.2038748900361,0.461,0.461,best,True
Unknown,N/A,N/A,13.08452733924589,80.20385309188106,20,13.084411662876425,80.2038748900361,0.003,0.003,best,True
Unknown,N/A,N/A,13.08285033532112,80.20566790364909,20,13.084411662876425,80.2038748900361,0.371,0.371,best,True
Unknown,N/A,N/A,13.0849031,80.2059474,20,13.084411662876425,80.2038748900361,0.28,0.28,best,True
Unknown,N/A,N/A,13.0861782,80.2017906,20,13.084411662876425,80.2038748900361,0.407,0.853,best,True
Unknown,N/A,N/A,13.084978287442416,80.20545994266821,20,13.084411662876425,80.2038748900361,0.421,0.257,best,True
Unknown,N/A,N/A,13.08268170658553,80.20311560550253,20,13.084411662876425,80.2038748900361,0.334,0.334,best,True
Unknown,N/A,N/A,13.085128585922112,80.20331443673226,20,13.084411662876425,80.2038748900361,0.188,0.188,best,True
Unknown,N/A,N/A,13.0850234,80.2031057,20,13.084411662876425,80.2038748900361,0.136,0.136,best,True
Unknown,N/A,N/A,13.0849252,80.2053372,20,13.084411662876425,80.2038748900361,0.408,0.27,best,True
Unknown,N/A,N/A,13.0850234,80.2031057,20,13.084411662876425,80.2038748900361,0.136,0.136,best,True
Unknown,N/A,N/A,13.0850234,80.2031057,20,13.084411662876425,80.2038748900361,0.136,0.136,best,True
Unknown,N/A,N/A,13.08462219338945,80.20918824708252,21,13.084933126234523,80.20966716002349,0.21,0.21,best,True
Unknown,N/A,N/A,13.084877939760805,80.2082447414133,21,13.084933126234523,80.20966716002349,0.37,0.154,best,True
Unknown,N/A,N/A,13.085788263912338,80.20897886231188,21,13.084933126234523,80.20966716002349,0.593,0.389,best,True
Unknown,N/A,N/A,13.082259810127685,80.20992551201287,21,13.084933126234523,80.20966716002349,0.383,0.383,best,True
Unknown,N/A,N/A,13.084873,80.2101753,21,13.084933126234523,80.20966716002349,0.055,0.055,best,True
Unknown,N/A,N/A,13.084873,80.2101753,21,13.084933126234523,80.20966716002349,0.055,0.055,best,True
Unknown,N/A,N/A,13.084873,80.2101753,21,13.084933126234523,80.20966716002349,0.055,0.055,best,True
Unknown,N/A,N/A,13.084873,80.2101753,21,13.084933126234523,80.20966716002349,0.055,0.055,best,True
Unknown,N/A,N/A,13.0848065,80.2078935,21,13.084933126234523,80.20966716002349,0.909,0.192,best,True
Unknown,N/A,N/A,13.084873,80.2101753,21,13.084933126234523,80.20966716002349,0.055,0.055,best,True
Unknown,N/A,N/A,13.084882846171656,80.20795941147213,21,13.084933126234523,80.20966716002349,0.916,0.185,best,True
Unknown,N/A,N/A,13.085009,80.208891,21,13.084933126234523,80.20966716002349,0.22,0.2,best,True
Unknown,N/A,N/A,13.084873,80.2101753,21,13.084933126234523,80.20966716002349,0.055,0.055,best,True
Unknown,N/A,N/A,13.084873,80.2101753,21,13.084933126234523,80.20966716002349,0.055,0.055,best,True
Unknown,N/A,N/A,13.0848065,80.2078935,21,13.084933126234523,80.20966716002349,0.909,0.192,best,True
Unknown,N/A,N/A,13.084873,80.2101753,21,13.084933126234523,80.20966716002349,0.055,0.055,best,True
Unknown,N/A,N/A,13.084781388526345,80.21056424811891,21,13.084933126234523,80.20966716002349,0.098,0.098,best,True
Unknown,N/A,N/A,13.084873,80.2101753,21,13.084933126234523,80.20966716002349,0.055,0.055,best,True
Unknown,N/A,N/A,13.08481233480397,80.20831651171204,21,13.084933126234523,80.20966716002349,0.363,0.146,best,True
Unknown,N/A,N/A,13.084858733158844,80.20976366868837,21,13.084933126234523,80.20966716002349,0.011,0.011,best,True
Unknown,N/A,N/A,13.0852696,80.2098457,21,13.084933126234523,80.20966716002349,0.136,0.126,best,True
Unknown,N/A,N/A,13.084851528900034,80.20999495947245,21,13.084933126234523,80.20966716002349,0.036,0.036,best,True
Unknown,N/A,N/A,13.084821362128675,80.20932432154974,21,13.084933126234523,80.20966716002349,0.504,0.037,best,True
Unknown,N/A,N/A,13.08486668903911,80.209741785243,21,13.084933126234523,80.20966716002349,0.008,0.008,best,True
Unknown,N/A,N/A,13.084873,80.2101753,21,13.084933126234523,80.20966716002349,0.055,0.055,best,True
Unknown,N/A,N/A,13.084873,80.2101753,21,13.084933126234523,80.20966716002349,0.055,0.055,best,True
Unknown,N/A,N/A,13.082986719026191,80.21112748420029,21,13.084933126234523,80.20966716002349,0.73,0.351,best,True
Unknown,N/A,N/A,13.084873,80.2101753,21,13.084933126234523,80.20966716002349,0.055,0.055,best,True
Unknown,N/A,N/A,13.084873,80.2101753,21,13.084933126234523,80.20966716002349,0.055,0.055,best,True
Unknown,N/A,N/A,13.084866402250164,80.20989270542967,21,13.084933126234523,80.20966716002349,0.025,0.025,best,True
Unknown,N/A,N/A,13.0835105,80.2154089,22,13.0855985980953,80.21450717686427,0.643,0.827,best,True
Unknown,N/A,N/A,13.0868511942859,80.21341003059278,22,13.0855985980953,80.21450717686427,0.447,0.278,best,True
Unknown,N/A,N/A,13.0864341,80.2147026,22,13.0855985980953,80.21450717686427,0.214,0.214,best,True
Unknown,N/A,N/A,12.9624975,79.94527479999999,23,12.964827183246555,79.94684999746458,0.932,0.508,best,True
Unknown,N/A,N/A,12.9664963,79.9453174,23,12.964827183246555,79.94684999746458,0.434,0.334,best,True
Unknown,N/A,N/A,12.8951738,80.069978,24,12.895879117293715,80.07005753206835,0.299,0.299,best,True
Unknown,N/A,N/A,12.891251478580616,80.06979347896174,24,12.895879117293715,80.07005753206835,0.748,0.724,best,True
Unknown,N/A,N/A,13.208116937939314,80.27084186487598,25,13.211242444323123,80.2717986866048,0.39,0.369,best,True
Unknown,N/A,N/A,13.211926738991652,80.27169235451613,25,13.211242444323123,80.2717986866048,0.07,0.07,best,True
Unknown,N/A,N/A,13.2123325,80.2717625,25,13.211242444323123,80.2717986866048,0.119,0.119,best,True
Unknown,N/A,N/A,13.208902136324555,80.27376196306128,25,13.211242444323123,80.2717986866048,0.499,0.499,best,True
Unknown,N/A,N/A,13.208845,80.2719972,25,13.211242444323123,80.2717986866048,0.376,0.358,best,True
Unknown,N/A,N/A,13.2150952,80.2710087,25,13.211242444323123,80.2717986866048,0.524,0.524,best,True
Unknown,N/A,N/A,13.2123325,80.2717625,25,13.211242444323123,80.2717986866048,0.119,0.119,best,True
Unknown,N/A,N/A,13.204031696657353,80.17169773186104,26,13.200253424858225,80.17418115601117,0.663,0.663,best,True
Unknown,N/A,N/A,13.202712153583622,80.17798598159219,26,13.200253424858225,80.17418115601117,0.966,0.905,best,True
Unknown,N/A,N/A,13.201243529689537,80.1775575539821,26,13.200253424858225,80.17418115601117,0.698,0.637,best,True
Unknown,N/A,N/A,13.033013,80.2140053,27,13.031240273189445,80.21576108610199,0.426,0.377,best,True
Unknown,N/A,N/A,13.0337263,80.21621189999999,27,13.031240273189445,80.21576108610199,0.3,0.3,best,True
Unknown,N/A,N/A,13.029804626731334,80.21690796607534,27,13.031240273189445,80.21576108610199,0.313,0.296,best,True
Unknown,N/A,N/A,13.028576409273146,80.21574780696304,27,13.031240273189445,80.21576108610199,0.52,0.454,best,True
Unknown,N/A,N/A,13.0329757,80.2170647,27,13.031240273189445,80.21576108610199,0.334,0.334,best,True
Unknown,N/A,N/A,13.0310747,80.2157924,27,13.031240273189445,80.21576108610199,0.018,0.018,best,True
Unknown,N/A,N/A,13.027207610882016,80.21499680660014,27,13.031240273189445,80.21576108610199,0.624,0.557,best,True
Unknown,N/A,N/A,13.0312805,80.2156416,27,13.031240273189445,80.21576108610199,0.632,0.009,best,True
Unknown,N/A,N/A,13.0337011,80.2153303,27,13.031240273189445,80.21576108610199,0.373,0.373,best,True
Unknown,N/A,N/A,13.031179362355312,80.21584588627339,27,13.031240273189445,80.21576108610199,0.01,0.01,best,True
Unknown,N/A,N/A,13.031109428787753,80.21582644482582,27,13.031240273189445,80.21576108610199,0.014,0.014,best,True
Unknown,N/A,N/A,13.031234540243748,80.21576192248622,27,13.031240273189445,80.21576108610199,0.0,0.0,best,True
Unknown,N/A,N/A,13.03809256422272,80.2165618170435,28,13.036784795308744,80.2162829372938,0.164,0.164,best,True
Unknown,N/A,N/A,13.038153071605928,80.21597306429179,28,13.036784795308744,80.2162829372938,0.22,0.22,best,True
Unknown,N/A,N/A,13.035894539642973,80.22051244294016,28,13.036784795308744,80.2162829372938,0.526,0.526,best,True
Unknown,N/A,N/A,13.03678319175697,80.21450143162937,28,13.036784795308744,80.2162829372938,0.343,0.343,best,True
Unknown,N/A,N/A,13.035653,80.2153569,28,13.036784795308744,80.2162829372938,0.237,0.237,best,True
Unknown,N/A,N/A,13.035460614252552,80.21909520510786,28,13.036784795308744,80.2162829372938,0.743,0.441,best,True
Unknown,N/A,N/A,13.0359571,80.219459,28,13.036784795308744,80.2162829372938,0.412,0.412,best,True
Unknown,N/A,N/A,13.038962337693713,80.2158616007273,28,13.036784795308744,80.2162829372938,0.343,0.343,best,True
Unknown,N/A,N/A,13.0350752,80.2162862,28,13.036784795308744,80.2162829372938,0.198,0.198,best,True
Unknown,N/A,N/A,13.035364728500063,80.21947155189173,28,13.036784795308744,80.2162829372938,0.785,0.482,best,True
Unknown,N/A,N/A,13.035896975051015,80.2202741120467,28,13.036784795308744,80.2162829372938,0.501,0.501,best,True
Unknown,N/A,N/A,13.0359571,80.219459,28,13.036784795308744,80.2162829372938,0.412,0.412,best,True
Unknown,N/A,N/A,13.0359571,80.21945900000001,28,13.036784795308744,80.2162829372938,0.412,0.412,best,True
Unknown,N/A,N/A,13.0398728,80.21267759999999,28,13.036784795308744,80.2162829372938,0.733,0.715,best,True
Unknown,N/A,N/A,13.0350752,80.2162862,28,13.036784795308744,80.2162829372938,0.198,0.198,best,True
Unknown,N/A,N/A,13.12291745027164,80.06422633127157,29,13.119762201876762,80.06492298595569,0.846,0.617,best,True
Unknown,N/A,N/A,13.1199648,80.06192829999999,29,13.119762201876762,80.06492298595569,0.367,0.367,best,True
Unknown,N/A,N/A,13.1203108106593,80.06312302332769,29,13.119762201876762,80.06492298595569,0.239,0.239,best,True
Unknown,N/A,N/A,13.12141059806896,80.06379082473833,29,13.119762201876762,80.06492298595569,0.345,0.345,best,True
Unknown,N/A,N/A,13.1197819,80.0609883,29,13.119762201876762,80.06492298595569,0.495,0.495,best,True
Unknown,N/A,N/A,13.120309342532442,80.06936545804271,29,13.119762201876762,80.06492298595569,0.935,0.634,best,True
Unknown,N/A,N/A,13.120400781174206,80.06567288918491,29,13.119762201876762,80.06492298595569,0.176,0.176,best,True
Unknown,N/A,N/A,13.120840996165487,80.065133212258,29,13.119762201876762,80.06492298595569,0.327,0.284,best,True
Unknown,N/A,N/A,13.1235884,80.0657406,29,13.119762201876762,80.06492298595569,0.835,0.622,best,True
Unknown,N/A,N/A,13.12080712380278,80.06519857586186,29,13.119762201876762,80.06492298595569,0.334,0.277,best,True
Unknown,N/A,N/A,13.120759885447082,80.06531179367266,29,13.119762201876762,80.06492298595569,0.347,0.263,best,True
Unknown,N/A,N/A,13.1228048,80.0612086,29,13.119762201876762,80.06492298595569,0.908,0.773,best,True
Unknown,N/A,N/A,13.12080583566741,80.0652064530625,29,13.119762201876762,80.06492298595569,0.335,0.276,best,True
Unknown,N/A,N/A,13.120827036193718,80.06506949286651,29,13.119762201876762,80.06492298595569,0.319,0.292,best,True
Unknown,N/A,N/A,13.0453542,80.0769504,30,13.04613561168966,80.07925960298103,0.565,0.533,best,True
Unknown,N/A,N/A,13.044507,80.0769214,30,13.04613561168966,80.07925960298103,0.582,0.582,best,True
Unknown,N/A,N/A,13.050011628549228,80.07919330713949,30,13.04613561168966,80.07925960298103,0.831,0.831,best,True
Unknown,N/A,N/A,13.047231,80.08013059999999,30,13.04613561168966,80.07925960298103,0.195,0.195,best,True
Unknown,N/A,N/A,13.045479079864275,80.07875691180978,30,13.04613561168966,80.07925960298103,0.311,0.311,best,True
Unknown,N/A,N/A,13.044244,80.0840477,30,13.04613561168966,80.07925960298103,0.963,0.963,best,True
Unknown,N/A,N/A,13.047231,80.08013059999999,30,13.04613561168966,80.07925960298103,0.195,0.195,best,True
Unknown,N/A,N/A,13.0472604,80.0789885,30,13.04613561168966,80.07925960298103,0.333,0.333,best,True
Unknown,N/A,N/A,13.0440585,80.0805417,30,13.04613561168966,80.07925960298103,0.477,0.477,best,True
Unknown,N/A,N/A,13.0444818,80.0788007,30,13.04613561168966,80.07925960298103,0.377,0.377,best,True
Unknown,N/A,N/A,13.047061110136422,80.08056039218134,30,13.04613561168966,80.07925960298103,0.211,0.211,best,True
Unknown,N/A,N/A,13.0444203636005,80.07886310614981,30,13.04613561168966,80.07925960298103,0.371,0.371,best,True
Unknown,N/A,N/A,13.043052871716554,80.07680224984728,30,13.04613561168966,80.07925960298103,0.767,0.744,best,True
Unknown,N/A,N/A,13.148123853686862,80.23892278397986,31,13.146464228954606,80.24083351810242,0.524,0.524,best,True
Unknown,N/A,N/A,13.152071056131552,80.23965134241568,31,13.146464228954606,80.24083351810242,0.847,0.847,best,True
Unknown,N/A,N/A,13.150759384887987,80.24213508470473,31,13.146464228954606,80.24083351810242,0.527,0.527,best,True
Unknown,N/A,N/A,13.145377612545111,80.24004333036434,31,13.146464228954606,80.24083351810242,0.184,0.184,best,True
Unknown,N/A,N/A,13.1460465,80.23960960000001,31,13.146464228954606,80.24083351810242,0.186,0.186,best,True
Unknown,N/A,N/A,13.145423113672416,80.23983808734461,31,13.146464228954606,80.24083351810242,0.146,0.146,best,True
Unknown,N/A,N/A,13.1505463,80.2418734,31,13.146464228954606,80.24083351810242,0.502,0.502,best,True
Unknown,N/A,N/A,13.145471,80.239789,31,13.146464228954606,80.24083351810242,0.144,0.144,best,True
Unknown,N/A,N/A,13.145496367992644,80.2399353196496,31,13.146464228954606,80.24083351810242,0.134,0.134,best,True
Unknown,N/A,N/A,13.14729879893059,80.24076101255918,31,13.146464228954606,80.24083351810242,0.085,0.085,best,True
Unknown,N/A,N/A,13.14552155852247,80.23993078007709,31,13.146464228954606,80.24083351810242,0.131,0.131,best,True
Unknown,N/A,N/A,13.142753633756758,80.24304168256859,31,13.146464228954606,80.24083351810242,0.805,0.739,best,True
Unknown,N/A,N/A,13.144961976717626,80.23965699189608,31,13.146464228954606,80.24083351810242,0.2,0.2,best,True
Unknown,N/A,N/A,13.145471,80.239789,31,13.146464228954606,80.24083351810242,0.144,0.144,best,True
Unknown,N/A,N/A,13.151378136777018,80.24239768872538,31,13.146464228954606,80.24083351810242,0.601,0.601,best,True
Unknown,N/A,N/A,13.1426586,80.2366668,32,13.140744945295854,80.23561663428015,0.446,0.446,best,True
Unknown,N/A,N/A,13.142255642893552,80.23689591417431,32,13.140744945295854,80.23561663428015,0.383,0.383,best,True
Unknown,N/A,N/A,13.14255106881683,80.23696699022,32,13.140744945295854,80.23561663428015,0.416,0.416,best,True
Unknown,N/A,N/A,13.1418469,80.23699719999999,32,13.140744945295854,80.23561663428015,0.419,0.419,best,True
Unknown,N/A,N/A,13.14232250536059,80.2369590355667,32,13.140744945295854,80.23561663428015,0.392,0.392,best,True
Unknown,N/A,N/A,13.0237436,80.11743369999999,33,13.027952560449966,80.12190727497291,0.825,0.825,best,True
Unknown,N/A,N/A,13.025869262584791,80.12050350175191,33,13.027952560449966,80.12190727497291,0.203,0.203,best,True
Unknown,N/A,N/A,12.690890683541602,79.98044853323202,34,12.691013697215062,79.98063202939878,0.017,0.017,best,True
Unknown,N/A,N/A,12.690917298835542,79.98067310841499,34,12.691013697215062,79.98063202939878,0.009,0.009,best,True
Unknown,N/A,N/A,12.6908957662815,79.98072208050553,34,12.691013697215062,79.98063202939878,0.01,0.01,best,True
Unknown,N/A,N/A,13.3343209,79.8939963,35,13.333607215414087,79.89139198498683,0.323,0.323,best,True
Unknown,N/A,N/A,13.333794913299354,79.89180371902225,35,13.333607215414087,79.89139198498683,0.044,0.044,best,True
Unknown,N/A,N/A,13.334115470813956,79.8935931087122,35,13.333607215414087,79.89139198498683,0.248,0.248,best,True
Unknown,N/A,N/A,13.330488973182693,79.88743158687949,35,13.333607215414087,79.89139198498683,0.561,0.561,best,True
Unknown,N/A,N/A,13.333876837153309,79.88893964178972,35,13.333607215414087,79.89139198498683,0.42,0.42,best,True
Unknown,N/A,N/A,13.333751190382008,79.89171074415285,35,13.333607215414087,79.89139198498683,0.034,0.034,best,True
Unknown,N/A,N/A,13.334003051791642,79.89130902322701,35,13.333607215414087,79.89139198498683,0.116,0.116,best,True
Unknown,N/A,N/A,13.333503993033627,79.89161380005498,35,13.333607215414087,79.89139198498683,0.005,0.005,best,True
Unknown,N/A,N/A,13.3343209,79.8939963,35,13.333607215414087,79.89139198498683,0.323,0.323,best,True
Unknown,N/A,N/A,13.333634195606418,79.88912956405983,35,13.333607215414087,79.89139198498683,0.346,0.346,best,True
Unknown,N/A,N/A,13.333868944291952,79.89178804695665,35,13.333607215414087,79.89139198498683,0.051,0.051,best,True
Unknown,N/A,N/A,13.0855723,80.2775748,36,13.084173761196556,80.27787704780697,0.208,0.208,best,True
Unknown,N/A,N/A,13.0873157,80.278173,36,13.084173761196556,80.27787704780697,0.962,0.435,best,True
Unknown,N/A,N/A,12.794268350113562,79.81788523456972,37,12.793785871110337,79.81879509758694,0.15,0.15,best,True
Unknown,N/A,N/A,12.794787589614996,79.82179569724264,37,12.793785871110337,79.81879509758694,0.822,0.771,best,True
Unknown,N/A,N/A,12.7927854,79.81753429999999,37,12.793785871110337,79.81879509758694,0.323,0.323,best,True
Unknown,N/A,N/A,12.792003771638518,79.817133987956,37,12.793785871110337,79.81879509758694,0.424,0.424,best,True
Unknown,N/A,N/A,12.792268848094045,79.81733869805987,37,12.793785871110337,79.81879509758694,0.384,0.384,best,True
Unknown,N/A,N/A,12.7937883,79.8182932,37,12.793785871110337,79.81879509758694,0.177,0.177,best,True
Unknown,N/A,N/A,12.7947909,79.82127000000001,37,12.793785871110337,79.81879509758694,0.326,0.326,best,True
Unknown,N/A,N/A,12.792001247576913,79.81722635845006,37,12.793785871110337,79.81879509758694,0.419,0.419,best,True
Unknown,N/A,N/A,12.792161974411489,79.81727010434952,37,12.793785871110337,79.81879509758694,0.398,0.398,best,True
Unknown,N/A,N/A,13.12494695719264,80.2051890980016,39,13.124863137898457,80.20542401261257,0.415,0.071,best,True
Unknown,N/A,N/A,13.125019264266104,80.20529754071988,39,13.124863137898457,80.20542401261257,0.429,0.057,best,True
Unknown,N/A,N/A,13.122645583934444,80.20535904648564,39,13.124863137898457,80.20542401261257,0.241,0.241,best,True
Unknown,N/A,N/A,13.1238302,80.2052872,39,13.124863137898457,80.20542401261257,0.108,0.108,best,True
Unknown,N/A,N/A,13.12620847462595,80.20724773450638,39,13.124863137898457,80.20542401261257,0.261,0.261,best,True
Unknown,N/A,N/A,13.125566359250822,80.20678223757326,39,13.124863137898457,80.20542401261257,0.214,0.223,best,True
Unknown,N/A,N/A,13.1251978,80.20573069999999,39,13.124863137898457,80.20542401261257,0.062,0.062,best,True
Unknown,N/A,N/A,13.124904608931072,80.20735504037009,39,13.124863137898457,80.20542401261257,0.202,0.202,best,True
Unknown,N/A,N/A,13.124778132244726,80.20493563766792,39,13.124863137898457,80.20542401261257,0.382,0.104,best,True
Unknown,N/A,N/A,13.125019779631655,80.20529343031211,39,13.124863137898457,80.20542401261257,0.429,0.058,best,True
Unknown,N/A,N/A,13.12491273644266,80.2051887689144,39,13.124863137898457,80.20542401261257,0.413,0.073,best,True
Unknown,N/A,N/A,13.124619,80.2048731,39,13.124863137898457,80.20542401261257,0.197,0.158,best,True
Unknown,N/A,N/A,13.1238302,80.2052872,39,13.124863137898457,80.20542401261257,0.108,0.108,best,True
Unknown,N/A,N/A,13.125085818651153,80.20569361907407,39,13.124863137898457,80.20542401261257,0.021,0.021,best,True
Unknown,N/A,N/A,13.123225829653643,80.20155242284031,40,13.122745759208733,80.20198019423668,0.104,0.104,best,True
Unknown,N/A,N/A,13.1218611,80.2019127,40,13.122745759208733,80.20198019423668,0.105,0.105,best,True
Unknown,N/A,N/A,13.1237381,80.2020313,40,13.122745759208733,80.20198019423668,0.24,0.24,best,True
Unknown,N/A,N/A,13.1215898,80.2025209,40,13.122745759208733,80.20198019423668,0.227,0.227,best,True
Unknown,N/A,N/A,13.1237381,80.2020313,40,13.122745759208733,80.20198019423668,0.24,0.24,best,True
Unknown,N/A,N/A,13.122887922873767,80.20153054704485,40,13.122745759208733,80.20198019423668,0.068,0.068,best,True
Unknown,N/A,N/A,13.121588562668348,80.2023983720412,40,13.122745759208733,80.20198019423668,0.214,0.172,best,True
Unknown,N/A,N/A,13.12179917287727,80.20236289119997,40,13.122745759208733,80.20198019423668,0.172,0.172,best,True
Unknown,N/A,N/A,13.12144333878232,80.20431790325266,40,13.122745759208733,80.20198019423668,0.609,0.415,best,True
Unknown,N/A,N/A,13.124436455911043,80.20098453686782,40,13.122745759208733,80.20198019423668,0.296,0.296,best,True
Unknown,N/A,N/A,13.1215898,80.2025209,40,13.122745759208733,80.20198019423668,0.227,0.227,best,True
Unknown,N/A,N/A,13.122682544635314,80.20360650209963,40,13.122745759208733,80.20198019423668,0.173,0.173,best,True
Unknown,N/A,N/A,13.12280269404948,80.20155731536701,40,13.122745759208733,80.20198019423668,0.058,0.058,best,True
Unknown,N/A,N/A,13.1215898,80.2025209,40,13.122745759208733,80.20198019423668,0.227,0.227,best,True
Unknown,N/A,N/A,13.12337884429251,80.20170262328422,40,13.122745759208733,80.20198019423668,0.397,0.128,best,True
Unknown,N/A,N/A,13.123928889740004,80.20316415457769,40,13.122745759208733,80.20198019423668,0.279,0.279,best,True
Unknown,N/A,N/A,13.1215898,80.2025209,40,13.122745759208733,80.20198019423668,0.227,0.227,best,True
Unknown,N/A,N/A,13.123140943805645,80.20341252028066,40,13.122745759208733,80.20198019423668,0.305,0.305,best,True
Unknown,N/A,N/A,13.1215898,80.2025209,40,13.122745759208733,80.20198019423668,0.227,0.227,best,True
Unknown,N/A,N/A,13.124624462891084,80.19964579310806,40,13.122745759208733,80.20198019423668,0.468,0.472,best,True
Unknown,N/A,N/A,13.1237381,80.2020313,40,13.122745759208733,80.20198019423668,0.24,0.24,best,True
Unknown,N/A,N/A,13.1267829,80.2005101,41,13.128283973425738,80.1993887688046,0.321,0.321,best,True
Unknown,N/A,N/A,13.12559249718629,80.19662092802204,41,13.128283973425738,80.1993887688046,0.747,0.747,best,True
Unknown,N/A,N/A,13.129992436248967,80.20102416450547,41,13.128283973425738,80.1993887688046,0.5,0.5,best,True
Unknown,N/A,N/A,13.128495497714065,80.19666702187808,41,13.128283973425738,80.1993887688046,0.848,0.73,best,True
Unknown,N/A,N/A,13.13055653597936,80.20212162961738,41,13.128283973425738,80.1993887688046,0.772,0.68,best,True
Unknown,N/A,N/A,13.0086519,79.84087869999999,42,13.0086519,79.84087869999999,0.0,0.0,best,True
Unknown,N/A,N/A,13.0086519,79.84087869999999,42,13.0086519,79.84087869999999,0.0,0.0,best,True
Unknown,N/A,N/A,12.9675035,80.18368509999999,43,12.969679155943187,80.18452348029228,0.681,0.309,best,True
Unknown,N/A,N/A,12.969420294304657,80.18622177718284,43,12.969679155943187,80.18452348029228,0.264,0.264,best,True
Unknown,N/A,N/A,12.971979649936484,80.18288211016439,43,12.969679155943187,80.18452348029228,0.421,0.421,best,True
Unknown,N/A,N/A,12.9674624,80.1855049,43,12.969679155943187,80.18452348029228,0.501,0.501,best,True
Unknown,N/A,N/A,12.965353934325446,80.18588813528213,43,12.969679155943187,80.18452348029228,0.764,0.73,best,True
Unknown,N/A,N/A,12.96939584892299,80.1861950602837,43,12.969679155943187,80.18452348029228,0.266,0.266,best,True
Unknown,N/A,N/A,12.97069637775388,80.18631121485573,43,12.969679155943187,80.18452348029228,0.346,0.31,best,True
Unknown,N/A,N/A,12.9691796,80.1832051,43,12.969679155943187,80.18452348029228,0.213,0.213,best,True
Unknown,N/A,N/A,12.96934370699665,80.18615764871825,43,12.969679155943187,80.18452348029228,0.273,0.273,best,True
Unknown,N/A,N/A,12.971032311116378,80.18310872076943,43,12.969679155943187,80.18452348029228,0.297,0.297,best,True
Unknown,N/A,N/A,12.972318,80.1834196,43,12.969679155943187,80.18452348029228,0.634,0.442,best,True
Unknown,N/A,N/A,12.971102158138985,80.18311332275394,43,12.969679155943187,80.18452348029228,0.298,0.298,best,True
Unknown,N/A,N/A,12.97104124576594,80.18311255378936,43,12.969679155943187,80.18452348029228,0.297,0.297,best,True
Unknown,N/A,N/A,12.968868236453565,80.18962840417166,44,12.970172575242845,80.19072486753566,0.702,0.205,best,True
Unknown,N/A,N/A,12.9725621,80.1927998,44,12.970172575242845,80.19072486753566,0.464,0.464,best,True
Unknown,N/A,N/A,12.9717423,80.1935237,44,12.970172575242845,80.19072486753566,0.756,0.647,best,True
Unknown,N/A,N/A,12.96885582910021,80.1897249260493,44,12.970172575242845,80.19072486753566,0.7,0.202,best,True
Unknown,N/A,N/A,12.9683317,80.1896926,44,12.970172575242845,80.19072486753566,0.813,0.242,best,True
Unknown,N/A,N/A,12.974383858165288,80.18869584728456,44,12.970172575242845,80.19072486753566,0.951,0.897,best,True
Unknown,N/A,N/A,12.9750278,80.19190900000001,44,12.970172575242845,80.19072486753566,0.859,0.674,best,True
Unknown,N/A,N/A,12.969231281877136,80.1896785638744,44,12.970172575242845,80.19072486753566,0.708,0.21,best,True
Unknown,N/A,N/A,12.971891836416868,80.19418525812115,44,12.970172575242845,80.19072486753566,0.685,0.597,best,True
Unknown,N/A,N/A,12.96857394817821,80.18913571010762,44,12.970172575242845,80.19072486753566,0.807,0.309,best,True
Unknown,N/A,N/A,12.968570166384064,80.1895514484947,44,12.970172575242845,80.19072486753566,0.737,0.239,best,True
Unknown,N/A,N/A,12.969000198426327,80.18975856289062,44,12.970172575242845,80.19072486753566,0.684,0.186,best,True
Unknown,N/A,N/A,13.160606873126012,80.30115105224304,45,13.158466074482023,80.30185331324823,0.544,0.413,best,True
Unknown,N/A,N/A,13.157595983495495,80.30220629763654,45,13.158466074482023,80.30185331324823,0.133,0.133,best,True
Unknown,N/A,N/A,13.157958335418051,80.30196099380562,45,13.158466074482023,80.30185331324823,0.072,0.072,best,True
Unknown,N/A,N/A,13.1602839930656,80.30472732037431,45,13.158466074482023,80.30185331324823,0.606,0.503,best,True
Unknown,N/A,N/A,13.157369920325047,80.30261245157531,45,13.158466074482023,80.30185331324823,0.2,0.2,best,True
Unknown,N/A,N/A,13.158070909718113,80.30194551697284,45,13.158466074482023,80.30185331324823,0.08,0.08,best,True
Unknown,N/A,N/A,13.1566011,80.2996336,45,13.158466074482023,80.30185331324823,0.52,0.52,best,True
Unknown,N/A,N/A,13.159647667624432,80.30048392172193,45,13.158466074482023,80.30185331324823,0.415,0.302,best,True
Unknown,N/A,N/A,13.158059887565454,80.3019586649045,45,13.158466074482023,80.30185331324823,0.08,0.08,best,True
Unknown,N/A,N/A,13.1637859,80.29839179999999,46,13.164142897383499,80.30054675957483,0.318,0.318,best,True
Unknown,N/A,N/A,13.1637859,80.29839179999999,46,13.164142897383499,80.30054675957483,0.318,0.318,best,True
Unknown,N/A,N/A,13.1637859,80.29839179999999,46,13.164142897383499,80.30054675957483,0.318,0.318,best,True
Unknown,N/A,N/A,13.163726485369724,80.30334974322608,46,13.164142897383499,80.30054675957483,0.303,0.303,best,True
Unknown,N/A,N/A,13.163705437891965,80.303532879273,46,13.164142897383499,80.30054675957483,0.322,0.322,best,True
Unknown,N/A,N/A,13.16613709304254,80.30262755554777,46,13.164142897383499,80.30054675957483,0.717,0.489,best,True
Unknown,N/A,N/A,13.1637731,80.3035104,46,13.164142897383499,80.30054675957483,0.329,0.329,best,True
Unknown,N/A,N/A,13.1639178,80.3034824,46,13.164142897383499,80.30054675957483,0.345,0.345,best,True
Unknown,N/A,N/A,13.1637859,80.29839179999999,46,13.164142897383499,80.30054675957483,0.318,0.318,best,True
Unknown,N/A,N/A,13.163889151900571,80.30353117395728,46,13.164142897383499,80.30054675957483,0.342,0.342,best,True
Unknown,N/A,N/A,13.1637859,80.29839179999999,46,13.164142897383499,80.30054675957483,0.318,0.318,best,True
Unknown,N/A,N/A,13.1637859,80.29839179999999,46,13.164142897383499,80.30054675957483,0.318,0.318,best,True
Unknown,N/A,N/A,13.166097,80.3033495,46,13.164142897383499,80.30054675957483,0.635,0.54,best,True
Unknown,N/A,N/A,13.1637859,80.29839179999999,46,13.164142897383499,80.30054675957483,0.318,0.318,best,True
Unknown,N/A,N/A,13.164600847106495,80.30360513267571,46,13.164142897383499,80.30054675957483,0.424,0.424,best,True
Unknown,N/A,N/A,13.1637859,80.29839179999999,46,13.164142897383499,80.30054675957483,0.318,0.318,best,True
Unknown,N/A,N/A,13.1637859,80.29839179999999,46,13.164142897383499,80.30054675957483,0.318,0.318,best,True
Unknown,N/A,N/A,13.163840634975188,80.30354304724192,46,13.164142897383499,80.30054675957483,0.337,0.337,best,True
Unknown,N/A,N/A,13.032447779998389,80.15951629689032,47,13.033581029323624,80.15991697930095,0.151,0.151,best,True
Unknown,N/A,N/A,13.0303587,80.1592273,47,13.033581029323624,80.15991697930095,0.483,0.483,best,True
Unknown,N/A,N/A,13.033522912131112,80.15973072258983,47,13.033581029323624,80.15991697930095,0.008,0.008,best,True
Unknown,N/A,N/A,13.036348298705729,80.16097545664857,47,13.033581029323624,80.15991697930095,0.724,0.724,best,True
Unknown,N/A,N/A,13.0340466851093,80.16011760811357,47,13.033581029323624,80.15991697930095,0.111,0.111,best,True
Unknown,N/A,N/A,13.03411131690375,80.15992896477086,47,13.033581029323624,80.15991697930095,0.059,0.059,best,True
Unknown,N/A,N/A,13.034022865903308,80.16000042696147,47,13.033581029323624,80.15991697930095,0.049,0.049,best,True
Unknown,N/A,N/A,13.03354542976903,80.15969202855345,47,13.033581029323624,80.15991697930095,0.005,0.005,best,True
Unknown,N/A,N/A,13.0329301,80.159773,47,13.033581029323624,80.15991697930095,0.073,0.073,best,True
Unknown,N/A,N/A,13.034053686367846,80.16013827940436,47,13.033581029323624,80.15991697930095,0.112,0.112,best,True
Unknown,N/A,N/A,13.034003547671396,80.15998668837804,47,13.033581029323624,80.15991697930095,0.047,0.047,best,True
Unknown,N/A,N/A,13.0324123,80.1640371,48,13.032835916365315,80.16409990834681,0.393,0.312,best,True
Unknown,N/A,N/A,13.032802102716088,80.16460521086745,48,13.032835916365315,80.16409990834681,0.007,0.006,best,True
Unknown,N/A,N/A,13.0323486,80.1640757,48,13.032835916365315,80.16409990834681,0.386,0.305,best,True
Unknown,N/A,N/A,13.032747842853352,80.16303762938986,48,13.032835916365315,80.16409990834681,0.57,0.434,best,True
Unknown,N/A,N/A,13.0324123,80.1640371,48,13.032835916365315,80.16409990834681,0.393,0.312,best,True
Unknown,N/A,N/A,13.0324123,80.1640371,48,13.032835916365315,80.16409990834681,0.393,0.312,best,True
Unknown,N/A,N/A,13.03236131155129,80.16426325225268,48,13.032835916365315,80.16409990834681,0.3,0.049,best,True
Unknown,N/A,N/A,13.0323486,80.1640757,48,13.032835916365315,80.16409990834681,0.386,0.305,best,True
Unknown,N/A,N/A,13.034362287544228,80.16250589098624,48,13.032835916365315,80.16409990834681,0.763,0.682,best,True
Unknown,N/A,N/A,13.0324123,80.1640371,48,13.032835916365315,80.16409990834681,0.393,0.312,best,True
Unknown,N/A,N/A,13.0324123,80.1640371,48,13.032835916365315,80.16409990834681,0.393,0.312,best,True
Unknown,N/A,N/A,13.0323486,80.1640757,48,13.032835916365315,80.16409990834681,0.386,0.305,best,True
Unknown,N/A,N/A,13.0324123,80.1640371,48,13.032835916365315,80.16409990834681,0.393,0.312,best,True
Unknown,N/A,N/A,13.0323486,80.1640757,48,13.032835916365315,80.16409990834681,0.386,0.305,best,True
Unknown,N/A,N/A,13.0324123,80.1640371,48,13.032835916365315,80.16409990834681,0.393,0.312,best,True
Unknown,N/A,N/A,13.027733012241113,80.17109389916207,49,13.02784549524757,80.16955945429521,0.28,0.28,best,True
Unknown,N/A,N/A,13.0279776745638,80.17093363013802,49,13.02784549524757,80.16955945429521,0.251,0.251,best,True
Unknown,N/A,N/A,13.027888873026445,80.17104214869161,49,13.02784549524757,80.16955945429521,0.266,0.266,best,True
Unknown,N/A,N/A,13.0280170968807,80.17069242977651,49,13.02784549524757,80.16955945429521,0.226,0.226,best,True
Unknown,N/A,N/A,13.0283783,80.1688038,49,13.02784549524757,80.16955945429521,0.833,0.327,best,True
Unknown,N/A,N/A,13.029216942786183,80.16866250256446,49,13.02784549524757,80.16955945429521,0.694,0.228,best,True
Unknown,N/A,N/A,13.0281878,80.17027949999999,49,13.02784549524757,80.16955945429521,0.339,0.339,best,True
Unknown,N/A,N/A,13.0279739,80.17096959999999,49,13.02784549524757,80.16955945429521,0.255,0.255,best,True
Unknown,N/A,N/A,13.0754516,80.1786169,50,13.075254144515863,80.1771690807766,0.168,0.168,best,True
Unknown,N/A,N/A,13.0745961,80.17605689999999,50,13.075254144515863,80.1771690807766,0.545,0.545,best,True
Unknown,N/A,N/A,13.0745961,80.17605689999999,50,13.075254144515863,80.1771690807766,0.545,0.545,best,True
Unknown,N/A,N/A,13.074386505402776,80.17954885392811,50,13.075254144515863,80.1771690807766,0.383,0.383,best,True
Unknown,N/A,N/A,13.07440685467081,80.17968901434087,50,13.075254144515863,80.1771690807766,0.51,0.398,best,True
Unknown,N/A,N/A,13.0776323,80.175713,50,13.075254144515863,80.1771690807766,0.416,0.416,best,True
Unknown,N/A,N/A,13.0744966,80.1761701,50,13.075254144515863,80.1771690807766,0.515,0.515,best,True
Unknown,N/A,N/A,13.076467096053312,80.17550097794376,50,13.075254144515863,80.1771690807766,0.25,0.25,best,True
Unknown,N/A,N/A,13.0785794,80.18140369999999,51,13.07826098449398,80.18054643635614,0.441,0.129,best,True
Unknown,N/A,N/A,13.078859333186706,80.18057099465122,51,13.07826098449398,80.18054643635614,0.176,0.115,best,True
Unknown,N/A,N/A,13.0785923,80.1805661,51,13.07826098449398,80.18054643635614,0.261,0.1,best,True
Unknown,N/A,N/A,13.0774049,80.1822457,51,13.07826098449398,80.18054643635614,0.418,0.418,best,True
Unknown,N/A,N/A,13.0765896,80.1815158,51,13.07826098449398,80.18054643635614,0.531,0.274,best,True
Unknown,N/A,N/A,13.0782128,80.1805381,51,13.07826098449398,80.18054643635614,0.002,0.002,best,True
Unknown,N/A,N/A,13.078809062904844,80.18071657790642,51,13.07826098449398,80.18054643635614,0.189,0.103,best,True
Unknown,N/A,N/A,13.0776883,80.1785187,51,13.07826098449398,80.18054643635614,0.22,0.22,best,True
Unknown,N/A,N/A,13.0785923,80.1805661,51,13.07826098449398,80.18054643635614,0.261,0.1,best,True
Unknown,N/A,N/A,13.07722780766572,80.1814687441803,51,13.07826098449398,80.18054643635614,0.249,0.203,best,True
Unknown,N/A,N/A,13.0785923,80.1805661,51,13.07826098449398,80.18054643635614,0.261,0.1,best,True
Unknown,N/A,N/A,13.0786309,80.1778659,51,13.07826098449398,80.18054643635614,0.555,0.515,best,True
Unknown,N/A,N/A,13.0785923,80.1805661,51,13.07826098449398,80.18054643635614,0.261,0.1,best,True
Unknown,N/A,N/A,13.07843096185742,80.18086589265135,51,13.07826098449398,80.18054643635614,0.039,0.039,best,True
Unknown,N/A,N/A,13.078269427792304,80.18032427856517,51,13.07826098449398,80.18054643635614,0.023,0.023,best,True
Unknown,N/A,N/A,13.0785923,80.1805661,51,13.07826098449398,80.18054643635614,0.261,0.1,best,True
Unknown,N/A,N/A,13.078272399164447,80.18061393863898,51,13.07826098449398,80.18054643635614,0.007,0.007,best,True
Unknown,N/A,N/A,13.0778008,80.1796598,51,13.07826098449398,80.18054643635614,0.253,0.253,best,True
Unknown,N/A,N/A,13.0785923,80.1805661,51,13.07826098449398,80.18054643635614,0.261,0.1,best,True
Unknown,N/A,N/A,13.0753444,80.1811008,51,13.07826098449398,80.18054643635614,0.415,0.37,best,True
Unknown,N/A,N/A,13.0785923,80.1805661,51,13.07826098449398,80.18054643635614,0.261,0.1,best,True
Unknown,N/A,N/A,13.0785923,80.1805661,51,13.07826098449398,80.18054643635614,0.261,0.1,best,True
Unknown,N/A,N/A,13.0782037099312,80.18271762078618,51,13.07826098449398,80.18054643635614,0.654,0.654,best,True
Unknown,N/A,N/A,13.079226016869134,80.17890211568591,51,13.07826098449398,80.18054643635614,0.348,0.334,best,True
Unknown,N/A,N/A,13.0785923,80.1805661,51,13.07826098449398,80.18054643635614,0.261,0.1,best,True
Unknown,N/A,N/A,13.0785923,80.1805661,51,13.07826098449398,80.18054643635614,0.261,0.1,best,True
Unknown,N/A,N/A,13.078286914057898,80.18061540164098,51,13.07826098449398,80.18054643635614,0.008,0.008,best,True
Unknown,N/A,N/A,13.0782663549589,80.18058481408217,51,13.07826098449398,80.18054643635614,0.004,0.004,best,True
Unknown,N/A,N/A,13.078314678963784,80.18060269816507,51,13.07826098449398,80.18054643635614,0.008,0.008,best,True
Unknown,N/A,N/A,13.077987021247193,80.17851534807697,51,13.07826098449398,80.18054643635614,0.22,0.22,best,True
Unknown,N/A,N/A,13.0785923,80.1805661,51,13.07826098449398,80.18054643635614,0.261,0.1,best,True
Unknown,N/A,N/A,13.078462237487855,80.18095163510745,51,13.07826098449398,80.18054643635614,0.235,0.056,best,True
Unknown,N/A,N/A,13.0782128,80.1805381,51,13.07826098449398,80.18054643635614,0.002,0.002,best,True
Unknown,N/A,N/A,13.0785923,80.1805661,51,13.07826098449398,80.18054643635614,0.261,0.1,best,True
Unknown,N/A,N/A,13.0785794,80.18140369999999,51,13.07826098449398,80.18054643635614,0.441,0.129,best,True
Unknown,N/A,N/A,13.0785923,80.1805661,51,13.07826098449398,80.18054643635614,0.261,0.1,best,True
Unknown,N/A,N/A,13.078297300189792,80.18061848503916,51,13.07826098449398,80.18054643635614,0.009,0.009,best,True
Unknown,N/A,N/A,13.076997280595432,80.18654118046231,52,13.077078355560763,80.18564540699519,0.096,0.096,best,True
Unknown,N/A,N/A,13.0785677,80.1859869,52,13.077078355560763,80.18564540699519,0.209,0.209,best,True
Unknown,N/A,N/A,13.07660179720838,80.18599455451371,52,13.077078355560763,80.18564540699519,0.439,0.439,best,True
Unknown,N/A,N/A,13.0762955,80.1837236,52,13.077078355560763,80.18564540699519,0.459,0.459,best,True
Unknown,N/A,N/A,13.0769295,80.1859808,52,13.077078355560763,80.18564540699519,0.036,0.036,best,True
Unknown,N/A,N/A,13.080969921660566,80.1818424138493,53,13.080686300144235,80.18034148797747,0.224,0.214,best,True
Unknown,N/A,N/A,13.082188202915676,80.18081832947436,53,13.080686300144235,80.18034148797747,0.309,0.309,best,True
Unknown,N/A,N/A,13.081199833123588,80.1812805247387,53,13.080686300144235,80.18034148797747,0.35,0.188,best,True
Unknown,N/A,N/A,13.080249713346069,80.18041115205789,53,13.080686300144235,80.18034148797747,0.249,0.044,best,True
Unknown,N/A,N/A,13.081852647455769,80.17815730250055,53,13.080686300144235,80.18034148797747,0.393,0.382,best,True
Unknown,N/A,N/A,13.08034101857846,80.18093803385652,53,13.080686300144235,80.18034148797747,0.119,0.109,best,True
Unknown,N/A,N/A,13.08212650579315,80.17895325954798,53,13.080686300144235,80.18034148797747,0.297,0.286,best,True
Unknown,N/A,N/A,13.080130071509291,80.1804208185292,53,13.080686300144235,80.18034148797747,0.235,0.058,best,True
Unknown,N/A,N/A,13.08017992022146,80.18043691719923,53,13.080686300144235,80.18034148797747,0.241,0.052,best,True
Unknown,N/A,N/A,13.0815184,80.1788992,53,13.080686300144235,80.18034148797747,0.249,0.249,best,True
Unknown,N/A,N/A,13.080019391367774,80.18041849199719,53,13.080686300144235,80.18034148797747,0.221,0.07,best,True
Unknown,N/A,N/A,13.0799688,80.18047969999999,53,13.080686300144235,80.18034148797747,0.217,0.072,best,True
Unknown,N/A,N/A,13.080237168169496,80.18049904908915,53,13.080686300144235,80.18034148797747,0.246,0.047,best,True
Unknown,N/A,N/A,13.07993985943646,80.18049744385964,53,13.080686300144235,80.18034148797747,0.213,0.08,best,True
Unknown,N/A,N/A,13.080417041855712,80.1806835835369,53,13.080686300144235,80.18034148797747,0.057,0.048,best,True
Unknown,N/A,N/A,13.0809163,80.1805414,53,13.080686300144235,80.18034148797747,0.164,0.155,best,True
Unknown,N/A,N/A,13.08008445842588,80.1804295831069,53,13.080686300144235,80.18034148797747,0.23,0.063,best,True
Unknown,N/A,N/A,13.080014148736902,80.18043958025102,53,13.080686300144235,80.18034148797747,0.221,0.072,best,True
Unknown,N/A,N/A,13.081122,80.18391199999999,54,13.081121518723815,80.18377684887854,0.014,0.014,best,True
Unknown,N/A,N/A,13.0810113,80.1840177,54,13.081121518723815,80.18377684887854,0.024,0.024,best,True
Unknown,N/A,N/A,13.0810113,80.1840177,54,13.081121518723815,80.18377684887854,0.024,0.024,best,True
Unknown,N/A,N/A,13.081008280752364,80.18425113955252,54,13.081121518723815,80.18377684887854,0.049,0.049,best,True
Unknown,N/A,N/A,13.0810959,80.1838368,54,13.081121518723815,80.18377684887854,0.006,0.006,best,True
Unknown,N/A,N/A,13.08098732250898,80.18415007346341,54,13.081121518723815,80.18377684887854,0.038,0.038,best,True
Unknown,N/A,N/A,13.0810113,80.1840177,54,13.081121518723815,80.18377684887854,0.024,0.024,best,True
Unknown,N/A,N/A,13.0810113,80.1840177,54,13.081121518723815,80.18377684887854,0.024,0.024,best,True
Unknown,N/A,N/A,13.083431496057136,80.18232501435546,54,13.081121518723815,80.18377684887854,0.485,0.436,best,True
Unknown,N/A,N/A,13.081174938541636,80.18391013985196,54,13.081121518723815,80.18377684887854,0.052,0.052,best,True
Unknown,N/A,N/A,13.0810959,80.1838368,54,13.081121518723815,80.18377684887854,0.006,0.006,best,True
Unknown,N/A,N/A,13.0796288,80.1835108,54,13.081121518723815,80.18377684887854,0.354,0.188,best,True
Unknown,N/A,N/A,13.0810959,80.1838368,54,13.081121518723815,80.18377684887854,0.006,0.006,best,True
Unknown,N/A,N/A,13.081122,80.18391199999999,54,13.081121518723815,80.18377684887854,0.014,0.014,best,True
Unknown,N/A,N/A,13.0810959,80.1838368,54,13.081121518723815,80.18377684887854,0.006,0.006,best,True
Unknown,N/A,N/A,13.082702880444744,80.1832174637119,54,13.081121518723815,80.18377684887854,0.458,0.408,best,True
Unknown,N/A,N/A,13.0794593,80.1835998,54,13.081121518723815,80.18377684887854,0.374,0.208,best,True
Unknown,N/A,N/A,13.296425133743686,80.14807480555052,55,13.296174508111497,80.14995569955488,0.374,0.373,best,True
Unknown,N/A,N/A,13.297185402089056,80.14974597106409,55,13.296174508111497,80.14995569955488,0.623,0.623,best,True
Unknown,N/A,N/A,13.296783771232986,80.14797937714769,55,13.296174508111497,80.14995569955488,0.415,0.415,best,True
Unknown,N/A,N/A,13.2970403,80.1480541,55,13.296174508111497,80.14995569955488,0.443,0.443,best,True
Unknown,N/A,N/A,13.003313463689492,80.2471310493111,56,13.006180238044463,80.24646306087902,0.858,0.841,best,True
Unknown,N/A,N/A,13.006659702855844,80.24562712323822,56,13.006180238044463,80.24646306087902,0.172,0.172,best,True
Unknown,N/A,N/A,13.006637519581572,80.24587396456803,56,13.006180238044463,80.24646306087902,0.199,0.199,best,True
Unknown,N/A,N/A,13.006598391530328,80.24601655635374,56,13.006180238044463,80.24646306087902,0.214,0.214,best,True
Unknown,N/A,N/A,13.006399279941355,80.24641122516553,56,13.006180238044463,80.24646306087902,0.008,0.008,best,True
Unknown,N/A,N/A,13.0993774,80.11000229999999,57,13.10012990132535,80.1090272263335,0.184,0.184,best,True
Unknown,N/A,N/A,13.101836816217704,80.10844987252197,57,13.10012990132535,80.1090272263335,0.262,0.262,best,True
Unknown,N/A,N/A,13.0969466,80.1098257,57,13.10012990132535,80.1090272263335,0.634,0.59,best,True
Unknown,N/A,N/A,13.098832676444134,80.10940351740595,57,13.10012990132535,80.1090272263335,0.173,0.173,best,True
Unknown,N/A,N/A,13.10231754363244,80.10843973372018,57,13.10012990132535,80.1090272263335,0.315,0.315,best,True
Unknown,N/A,N/A,13.099258276662464,80.1083132686697,57,13.10012990132535,80.1090272263335,0.208,0.208,best,True
Unknown,N/A,N/A,13.101615751095649,80.11157183695138,57,13.10012990132535,80.1090272263335,0.601,0.6,best,True
Unknown,N/A,N/A,13.0993774,80.11000229999999,57,13.10012990132535,80.1090272263335,0.184,0.184,best,True
Unknown,N/A,N/A,13.102669,80.108437,57,13.10012990132535,80.1090272263335,0.354,0.354,best,True
Unknown,N/A,N/A,13.099686525143756,80.10826677393943,57,13.10012990132535,80.1090272263335,0.159,0.159,best,True
Unknown,N/A,N/A,13.0991952,80.1123352,57,13.10012990132535,80.1090272263335,0.53,0.53,best,True
Unknown,N/A,N/A,13.098583224946696,80.10847880527953,57,13.10012990132535,80.1090272263335,0.283,0.256,best,True
Unknown,N/A,N/A,13.102669,80.108437,57,13.10012990132535,80.1090272263335,0.354,0.354,best,True
Unknown,N/A,N/A,13.1014198,80.1065718,57,13.10012990132535,80.1090272263335,0.371,0.371,best,True
Unknown,N/A,N/A,13.098619946170295,80.10842868956338,57,13.10012990132535,80.1090272263335,0.288,0.251,best,True
Unknown,N/A,N/A,13.0993774,80.11000229999999,57,13.10012990132535,80.1090272263335,0.184,0.184,best,True
Unknown,N/A,N/A,13.10021322769286,80.10832365807384,57,13.10012990132535,80.1090272263335,0.081,0.081,best,True
Unknown,N/A,N/A,13.098654580971054,80.1084176860138,57,13.10012990132535,80.1090272263335,0.295,0.24,best,True
Unknown,N/A,N/A,13.099579461553738,80.10836956750494,57,13.10012990132535,80.1090272263335,0.398,0.137,best,True
Unknown,N/A,N/A,13.102368195976211,80.10846751702552,57,13.10012990132535,80.1090272263335,0.321,0.321,best,True
Unknown,N/A,N/A,13.1042611,80.1037721,58,13.1042611,80.1037721,0.0,0.0,best,True
Unknown,N/A,N/A,13.1042611,80.1037721,58,13.1042611,80.1037721,0.0,0.0,best,True
Unknown,N/A,N/A,13.1042611,80.1037721,58,13.1042611,80.1037721,0.0,0.0,best,True
Unknown,N/A,N/A,13.1042611,80.1037721,58,13.1042611,80.1037721,0.0,0.0,best,True
Unknown,N/A,N/A,13.1042611,80.1037721,58,13.1042611,80.1037721,0.0,0.0,best,True
Unknown,N/A,N/A,13.1042611,80.1037721,58,13.1042611,80.1037721,0.0,0.0,best,True
Unknown,N/A,N/A,13.1042611,80.1037721,58,13.1042611,80.1037721,0.0,0.0,best,True
Unknown,N/A,N/A,13.1042611,80.1037721,58,13.1042611,80.1037721,0.0,0.0,best,True
Unknown,N/A,N/A,13.0940747,80.1083337,59,13.094174324553052,80.10758362865721,0.795,0.139,best,True
Unknown,N/A,N/A,13.093761052273546,80.10853103013572,59,13.094174324553052,80.10758362865721,0.113,0.114,best,True
Unknown,N/A,N/A,13.0962821,80.1047681,59,13.094174324553052,80.10758362865721,0.51,0.51,best,True
Unknown,N/A,N/A,13.093782222730052,80.10844301376777,59,13.094174324553052,80.10758362865721,0.116,0.106,best,True
Unknown,N/A,N/A,13.093651442480544,80.1085124845094,59,13.094174324553052,80.10758362865721,0.681,0.118,best,True
Unknown,N/A,N/A,13.093659512364349,80.10853211487186,59,13.094174324553052,80.10758362865721,0.682,0.117,best,True
Unknown,N/A,N/A,13.0944088,80.1056256,59,13.094174324553052,80.10758362865721,0.223,0.223,best,True
Unknown,N/A,N/A,13.093718,80.10850800000001,59,13.094174324553052,80.10758362865721,0.109,0.109,best,True
Unknown,N/A,N/A,13.0937281,80.10850339999999,59,13.094174324553052,80.10758362865721,0.109,0.109,best,True
Unknown,N/A,N/A,13.096129563675724,80.10326090819004,59,13.094174324553052,80.10758362865721,0.686,0.686,best,True
Unknown,N/A,N/A,13.093776643489868,80.10854032000044,59,13.094174324553052,80.10758362865721,0.115,0.116,best,True
Unknown,N/A,N/A,13.093718,80.10850800000001,59,13.094174324553052,80.10758362865721,0.109,0.109,best,True
Unknown,N/A,N/A,13.093576082175575,80.10852050106843,59,13.094174324553052,80.10758362865721,0.671,0.127,best,True
Unknown,N/A,N/A,12.984001379436688,80.12707344013356,60,12.982750919400674,80.12776977810755,0.222,0.222,best,True
Unknown,N/A,N/A,12.981585608212296,80.1291743549139,60,12.982750919400674,80.12776977810755,0.36,0.293,best,True
Unknown,N/A,N/A,12.983298963181529,80.12702866433833,60,12.982750919400674,80.12776977810755,0.14,0.14,best,True
Unknown,N/A,N/A,12.98261252939828,80.12745654745602,60,12.982750919400674,80.12776977810755,0.044,0.044,best,True
Unknown,N/A,N/A,12.98322231625844,80.12772108059434,60,12.982750919400674,80.12776977810755,0.065,0.065,best,True
Unknown,N/A,N/A,12.983276,80.12772,60,12.982750919400674,80.12776977810755,0.066,0.066,best,True
Unknown,N/A,N/A,12.983145416533088,80.1278936803599,60,12.982750919400674,80.12776977810755,0.045,0.045,best,True
Unknown,N/A,N/A,12.983276,80.12772,60,12.982750919400674,80.12776977810755,0.066,0.066,best,True
Unknown,N/A,N/A,12.983658301616789,80.12699469771374,60,12.982750919400674,80.12776977810755,0.183,0.183,best,True
Unknown,N/A,N/A,12.9801897,80.1264607,60,12.982750919400674,80.12776977810755,0.392,0.392,best,True
Unknown,N/A,N/A,12.983276,80.12772,60,12.982750919400674,80.12776977810755,0.066,0.066,best,True
Unknown,N/A,N/A,12.983276,80.12772,60,12.982750919400674,80.12776977810755,0.066,0.066,best,True
Unknown,N/A,N/A,12.981561260804307,80.12893055079925,60,12.982750919400674,80.12776977810755,0.365,0.217,best,True
Unknown,N/A,N/A,12.983309584267973,80.12705622030128,60,12.982750919400674,80.12776977810755,0.137,0.137,best,True
Unknown,N/A,N/A,12.983877160954838,80.12492078878283,60,12.982750919400674,80.12776977810755,0.376,0.376,best,True
Unknown,N/A,N/A,12.9830368,80.1293521,60,12.982750919400674,80.12776977810755,0.221,0.221,best,True
Unknown,N/A,N/A,12.9813452,80.12934539999999,60,12.982750919400674,80.12776977810755,0.385,0.318,best,True
Unknown,N/A,N/A,12.982200833353255,80.12500168481301,60,12.982750919400674,80.12776977810755,0.715,0.715,best,True
Unknown,N/A,N/A,12.981735392198102,80.13180948626767,60,12.982750919400674,80.12776977810755,0.619,0.52,best,True
Unknown,N/A,N/A,12.9813452,80.12934539999999,60,12.982750919400674,80.12776977810755,0.385,0.318,best,True
Unknown,N/A,N/A,12.9827549,80.1285796,60,12.982750919400674,80.12776977810755,0.18,0.142,best,True
Unknown,N/A,N/A,12.9869121,80.1253336,60,12.982750919400674,80.12776977810755,0.732,0.703,best,True
Unknown,N/A,N/A,12.9803745,80.1283469,60,12.982750919400674,80.12776977810755,0.356,0.356,best,True
Unknown,N/A,N/A,12.981569054521527,80.12297930021164,61,12.980408029757072,80.12198509720199,0.396,0.396,best,True
Unknown,N/A,N/A,12.9823009,80.1225607,61,12.980408029757072,80.12198509720199,0.49,0.49,best,True
Unknown,N/A,N/A,12.98029783394253,80.1218415321977,61,12.980408029757072,80.12198509720199,0.015,0.015,best,True
Unknown,N/A,N/A,12.9823009,80.1225607,61,12.980408029757072,80.12198509720199,0.49,0.49,best,True
Unknown,N/A,N/A,12.91824,80.1102744,62,12.916998068689342,80.10793786687701,0.402,0.368,best,True
Unknown,N/A,N/A,12.91824,80.1102744,62,12.916998068689342,80.10793786687701,0.402,0.368,best,True
Unknown,N/A,N/A,12.91824,80.1102744,62,12.916998068689342,80.10793786687701,0.402,0.368,best,True
Unknown,N/A,N/A,12.987414202894934,79.67578808951019,64,12.988311783538279,79.68053926182081,0.599,0.599,best,True
Unknown,N/A,N/A,12.987304849047884,79.67565883315153,64,12.988311783538279,79.68053926182081,0.589,0.589,best,True
Unknown,N/A,N/A,12.987384001978006,79.6755099055225,64,12.988311783538279,79.68053926182081,0.606,0.606,best,True
Unknown,N/A,N/A,12.987340196182728,79.67574752099637,64,12.988311783538279,79.68053926182081,0.579,0.579,best,True
Unknown,N/A,N/A,13.1139877,79.9846467,65,13.11268635,79.98408309999999,0.214,0.214,best,True
Unknown,N/A,N/A,13.111385,79.9835195,65,13.11268635,79.98408309999999,0.397,0.393,best,True
Unknown,N/A,N/A,13.051186239228471,80.2734872211463,66,13.052695260646052,80.27399792929087,0.245,0.359,best,True
Unknown,N/A,N/A,13.050811260689729,80.27331210821137,66,13.052695260646052,80.27399792929087,0.36,0.36,best,True
Unknown,N/A,N/A,13.0545783,80.2728964,66,13.052695260646052,80.27399792929087,0.316,0.316,best,True
Unknown,N/A,N/A,13.0531338,80.2723052,66,13.052695260646052,80.27399792929087,0.191,0.191,best,True
Unknown,N/A,N/A,13.050130279661778,80.28077181691897,66,13.052695260646052,80.27399792929087,0.799,0.799,best,True
Unknown,N/A,N/A,13.0529793,80.2736524,66,13.052695260646052,80.27399792929087,0.043,0.043,best,True
Unknown,N/A,N/A,13.0529793,80.2736524,66,13.052695260646052,80.27399792929087,0.043,0.043,best,True
Unknown,N/A,N/A,13.0529523,80.2736192,66,13.052695260646052,80.27399792929087,0.046,0.046,best,True
Unknown,N/A,N/A,13.05263,80.27392619999999,66,13.052695260646052,80.27399792929087,0.033,0.033,best,True
Unknown,N/A,N/A,13.053985389175454,80.27382143521923,66,13.052695260646052,80.27399792929087,0.156,0.156,best,True
Unknown,N/A,N/A,13.0480929,80.2750052,66,13.052695260646052,80.27399792929087,0.552,0.552,best,True
Unknown,N/A,N/A,13.0551955,80.2736933,66,13.052695260646052,80.27399792929087,0.318,0.318,best,True
Unknown,N/A,N/A,13.05451747855071,80.27391368079108,66,13.052695260646052,80.27399792929087,0.228,0.228,best,True
Unknown,N/A,N/A,13.053132362384636,80.27380657707636,66,13.052695260646052,80.27399792929087,0.061,0.061,best,True
Unknown,N/A,N/A,13.0541245,80.2721058,66,13.052695260646052,80.27399792929087,0.348,0.348,best,True
Unknown,N/A,N/A,13.0534675,80.2694777,67,13.052293304294833,80.2694629191832,0.133,0.133,best,True
Unknown,N/A,N/A,13.053309736225518,80.26960890101357,67,13.052293304294833,80.2694629191832,0.114,0.114,best,True
Unknown,N/A,N/A,13.053370101143043,80.26950339655308,67,13.052293304294833,80.2694629191832,0.12,0.12,best,True
Unknown,N/A,N/A,13.047603917571353,80.26839563409456,67,13.052293304294833,80.2694629191832,0.573,0.573,best,True
Unknown,N/A,N/A,13.052215401451464,80.26849387898682,67,13.052293304294833,80.2694629191832,0.189,0.109,best,True
Unknown,N/A,N/A,13.053364147950532,80.26965986946283,67,13.052293304294833,80.2694629191832,0.135,0.135,best,True
Unknown,N/A,N/A,13.053366001534776,80.26960324808168,67,13.052293304294833,80.2694629191832,0.129,0.129,best,True
Unknown,N/A,N/A,13.0483319,80.27066940000002,67,13.052293304294833,80.2694629191832,0.81,0.81,best,True
Unknown,N/A,N/A,13.0534675,80.2694777,67,13.052293304294833,80.2694629191832,0.133,0.133,best,True
Unknown,N/A,N/A,13.05337720521876,80.26947174753447,67,13.052293304294833,80.2694629191832,0.131,0.131,best,True
Unknown,N/A,N/A,13.053352936147707,80.26973063528823,67,13.052293304294833,80.2694629191832,0.143,0.143,best,True
Unknown,N/A,N/A,13.1130767,80.2465718,68,13.115483812229257,80.24613336665568,0.59,0.509,best,True
Unknown,N/A,N/A,13.1129185,80.244874,68,13.115483812229257,80.24613336665568,0.789,0.628,best,True
Unknown,N/A,N/A,13.1152961,80.2476726,68,13.115483812229257,80.24613336665568,0.181,0.181,best,True
Unknown,N/A,N/A,13.11544181340275,80.24950926311627,68,13.115483812229257,80.24613336665568,0.379,0.379,best,True
Unknown,N/A,N/A,13.1155387,80.24951279999999,68,13.115483812229257,80.24613336665568,0.391,0.391,best,True
Unknown,N/A,N/A,13.10810755008204,80.24503792547992,69,13.11026716578728,80.24932373985433,0.686,0.686,best,True
Unknown,N/A,N/A,13.1115919,80.2481694,69,13.11026716578728,80.24932373985433,0.276,0.276,best,True
Unknown,N/A,N/A,13.1085964,80.24808999999999,69,13.11026716578728,80.24932373985433,0.395,0.395,best,True
Unknown,N/A,N/A,13.111452733355344,80.25266466649093,69,13.11026716578728,80.24932373985433,0.878,0.503,best,True
Unknown,N/A,N/A,13.10818809854774,80.24804322648373,69,13.11026716578728,80.24932373985433,0.35,0.35,best,True
Unknown,N/A,N/A,13.108192173592675,80.24847342135506,69,13.11026716578728,80.24932373985433,0.45,0.31,best,True
Unknown,N/A,N/A,13.1085964,80.24808999999999,69,13.11026716578728,80.24932373985433,0.395,0.395,best,True
Unknown,N/A,N/A,13.1114714,80.2526411,69,13.11026716578728,80.24932373985433,0.88,0.505,best,True
Unknown,N/A,N/A,13.112830315006722,80.25157423303767,69,13.11026716578728,80.24932373985433,0.512,0.512,best,True
Unknown,N/A,N/A,13.1112605,80.2472274,69,13.11026716578728,80.24932373985433,0.801,0.362,best,True
Unknown,N/A,N/A,13.10820011417444,80.2485961947617,69,13.11026716578728,80.24932373985433,0.464,0.297,best,True
Unknown,N/A,N/A,13.1114714,80.25264109999999,69,13.11026716578728,80.24932373985433,0.88,0.505,best,True
Unknown,N/A,N/A,13.108278232310878,80.2481624978438,69,13.11026716578728,80.24932373985433,0.338,0.338,best,True
Unknown,N/A,N/A,12.8664206,80.0752885,70,12.864985365305255,80.07585626783121,0.5,0.318,best,True
Unknown,N/A,N/A,12.866261459923209,80.07487346148514,70,12.864985365305255,80.07585626783121,0.371,0.371,best,True
Unknown,N/A,N/A,12.86442,80.0814292,70,12.864985365305255,80.07585626783121,0.841,0.841,best,True
Unknown,N/A,N/A,12.866283558268307,80.07490838543012,70,12.864985365305255,80.07585626783121,0.371,0.371,best,True
Unknown,N/A,N/A,12.866392101053345,80.07498355422474,70,12.864985365305255,80.07585626783121,0.35,0.35,best,True
Unknown,N/A,N/A,12.866461617273822,80.07506297035482,70,12.864985365305255,80.07585626783121,0.34,0.34,best,True
Unknown,N/A,N/A,12.866322635254424,80.07492487308052,70,12.864985365305255,80.07585626783121,0.371,0.371,best,True
Unknown,N/A,N/A,12.8664206,80.0752885,70,12.864985365305255,80.07585626783121,0.5,0.318,best,True
Unknown,N/A,N/A,12.86442,80.0814292,70,12.864985365305255,80.07585626783121,0.841,0.841,best,True
Unknown,N/A,N/A,12.866833851835834,80.07511125134278,70,12.864985365305255,80.07585626783121,0.302,0.302,best,True
Unknown,N/A,N/A,12.866342689003435,80.07501415076197,70,12.864985365305255,80.07585626783121,0.354,0.354,best,True
Unknown,N/A,N/A,12.866196486293347,80.07505482180142,70,12.864985365305255,80.07585626783121,0.368,0.346,best,True
Unknown,N/A,N/A,12.86634773569101,80.07495433853204,70,12.864985365305255,80.07585626783121,0.356,0.356,best,True
Unknown,N/A,N/A,12.861387631359865,80.07288062984703,70,12.864985365305255,80.07585626783121,0.954,0.954,best,True
Unknown,N/A,N/A,12.8664206,80.0752885,70,12.864985365305255,80.07585626783121,0.5,0.318,best,True
Unknown,N/A,N/A,12.8621186,80.073253,70,12.864985365305255,80.07585626783121,0.862,0.862,best,True
Unknown,N/A,N/A,12.866273378723974,80.0749426356929,70,12.864985365305255,80.07585626783121,0.367,0.367,best,True
Unknown,N/A,N/A,12.8647651,80.0608518,71,12.863278389194816,80.06467888868485,0.564,0.534,best,True
Unknown,N/A,N/A,12.8652574,80.066065,71,12.863278389194816,80.06467888868485,0.367,0.367,best,True
Unknown,N/A,N/A,12.86338775677927,80.06307165473939,71,12.863278389194816,80.06467888868485,0.311,0.311,best,True
Unknown,N/A,N/A,13.120971961733307,80.29507417921917,72,13.123923387244437,80.29513949307307,0.978,0.539,best,True
Unknown,N/A,N/A,13.1256842,80.2948023,72,13.123923387244437,80.29513949307307,0.26,0.26,best,True
Unknown,N/A,N/A,13.1238112,80.28819899999999,73,13.124247701629677,80.28865441382548,0.069,0.069,best,True
Unknown,N/A,N/A,13.129705076523395,80.287942563805,73,13.124247701629677,80.28865441382548,0.959,0.956,best,True
Unknown,N/A,N/A,13.1238112,80.28819899999999,73,13.124247701629677,80.28865441382548,0.069,0.069,best,True
Unknown,N/A,N/A,13.1222195873092,80.2870391657601,73,13.124247701629677,80.28865441382548,0.349,0.291,best,True
Unknown,N/A,N/A,13.1200365,80.2907253,73,13.124247701629677,80.28865441382548,0.983,0.85,best,True
Unknown,N/A,N/A,13.1203072,80.2881536,73,13.124247701629677,80.28865441382548,0.551,0.551,best,True
Unknown,N/A,N/A,13.123092485938502,80.2874883267868,73,13.124247701629677,80.28865441382548,0.339,0.182,best,True
Unknown,N/A,N/A,13.1251842,80.289183,73,13.124247701629677,80.28865441382548,0.115,0.115,best,True
Unknown,N/A,N/A,13.12357371901884,80.2878086243442,73,13.124247701629677,80.28865441382548,0.119,0.119,best,True
Unknown,N/A,N/A,13.123618850407189,80.28791199323548,73,13.124247701629677,80.28865441382548,0.107,0.107,best,True
Unknown,N/A,N/A,13.1251842,80.289183,73,13.124247701629677,80.28865441382548,0.115,0.115,best,True
Unknown,N/A,N/A,13.12706832243295,80.29005882645984,73,13.124247701629677,80.28865441382548,0.346,0.346,best,True
Unknown,N/A,N/A,13.1251842,80.289183,73,13.124247701629677,80.28865441382548,0.115,0.115,best,True
Unknown,N/A,N/A,13.1251842,80.289183,73,13.124247701629677,80.28865441382548,0.115,0.115,best,True
Unknown,N/A,N/A,13.1238112,80.28819899999999,73,13.124247701629677,80.28865441382548,0.069,0.069,best,True
Unknown,N/A,N/A,13.1251842,80.289183,73,13.124247701629677,80.28865441382548,0.115,0.115,best,True
Unknown,N/A,N/A,13.125076190950306,80.28913322424316,73,13.124247701629677,80.28865441382548,0.102,0.102,best,True
Unknown,N/A,N/A,13.1251842,80.289183,73,13.124247701629677,80.28865441382548,0.115,0.115,best,True
Unknown,N/A,N/A,13.1238112,80.28819899999999,73,13.124247701629677,80.28865441382548,0.069,0.069,best,True
Unknown,N/A,N/A,13.1238112,80.28819899999999,73,13.124247701629677,80.28865441382548,0.069,0.069,best,True
Unknown,N/A,N/A,13.1251842,80.289183,73,13.124247701629677,80.28865441382548,0.115,0.115,best,True
Unknown,N/A,N/A,13.125234572923768,80.2891547082585,73,13.124247701629677,80.28865441382548,0.119,0.119,best,True
Unknown,N/A,N/A,13.125284201794962,80.2892530224759,73,13.124247701629677,80.28865441382548,0.135,0.135,best,True
Unknown,N/A,N/A,13.120354,80.286997,73,13.124247701629677,80.28865441382548,0.647,0.584,best,True
Unknown,N/A,N/A,13.1238112,80.28819899999999,73,13.124247701629677,80.28865441382548,0.069,0.069,best,True
Unknown,N/A,N/A,13.12519380792245,80.2891814843406,73,13.124247701629677,80.28865441382548,0.116,0.116,best,True
Unknown,N/A,N/A,13.1251842,80.289183,73,13.124247701629677,80.28865441382548,0.115,0.115,best,True
Unknown,N/A,N/A,13.125018530582096,80.28934593606357,73,13.124247701629677,80.28865441382548,0.152,0.152,best,True
Unknown,N/A,N/A,13.127639603086685,80.28757823899146,73,13.124247701629677,80.28865441382548,0.689,0.689,best,True
Unknown,N/A,N/A,12.8958448,80.1689185,74,12.891856761946464,80.16912419475312,0.425,0.425,best,True
Unknown,N/A,N/A,12.895664888813505,80.17351748804822,74,12.891856761946464,80.16912419475312,0.68,0.68,best,True
Unknown,N/A,N/A,12.895169773725682,80.1689031756657,74,12.891856761946464,80.16912419475312,0.351,0.351,best,True
Unknown,N/A,N/A,12.8034161,79.7116678,75,12.804417553972117,79.71189386814882,0.637,0.637,best,True
Unknown,N/A,N/A,12.8008364,79.708794,75,12.804417553972117,79.71189386814882,0.977,0.937,best,True
Unknown,N/A,N/A,12.803606612847217,79.71198432631547,75,12.804417553972117,79.71189386814882,0.664,0.664,best,True
Unknown,N/A,N/A,12.803543243672568,79.71055248618633,75,12.804417553972117,79.71189386814882,0.337,0.337,best,True
Unknown,N/A,N/A,12.8034161,79.7116678,75,12.804417553972117,79.71189386814882,0.637,0.637,best,True
Unknown,N/A,N/A,12.8044205,79.71126,75,12.804417553972117,79.71189386814882,0.074,0.074,best,True
Unknown,N/A,N/A,12.812531953885422,79.70870875575365,76,12.812532590389761,79.70643661332753,0.273,0.273,best,True
Unknown,N/A,N/A,12.810338,79.706283,76,12.812532590389761,79.70643661332753,0.557,0.557,best,True
Unknown,N/A,N/A,12.813300575857134,79.70524956631871,76,12.812532590389761,79.70643661332753,0.309,0.309,best,True
Unknown,N/A,N/A,12.810426722298788,79.70638924568779,76,12.812532590389761,79.70643661332753,0.53,0.53,best,True
Unknown,N/A,N/A,12.8154838178351,79.7034502029419,76,12.812532590389761,79.70643661332753,0.76,0.76,best,True
Unknown,N/A,N/A,12.814577953140407,79.70547042911888,76,12.812532590389761,79.70643661332753,0.399,0.399,best,True
Unknown,N/A,N/A,12.809711491734408,79.70602862539369,76,12.812532590389761,79.70643661332753,0.672,0.672,best,True
Unknown,N/A,N/A,12.814805424273256,79.70543944041172,76,12.812532590389761,79.70643661332753,0.424,0.424,best,True
Unknown,N/A,N/A,12.810554075642427,79.70633981476135,76,12.812532590389761,79.70643661332753,0.515,0.515,best,True
Unknown,N/A,N/A,12.814676071857631,79.70698267030906,76,12.812532590389761,79.70643661332753,0.285,0.285,best,True
Unknown,N/A,N/A,12.810344216802411,79.70695822044169,76,12.812532590389761,79.70643661332753,0.591,0.512,best,True
Unknown,N/A,N/A,12.81029133183681,79.70646623402669,76,12.812532590389761,79.70643661332753,0.547,0.547,best,True
Unknown,N/A,N/A,12.810338,79.706283,76,12.812532590389761,79.70643661332753,0.557,0.557,best,True
Unknown,N/A,N/A,12.815132170591804,79.70535119696021,76,12.812532590389761,79.70643661332753,0.463,0.463,best,True
Unknown,N/A,N/A,12.810478456622388,79.70641936714311,76,12.812532590389761,79.70643661332753,0.525,0.525,best,True
Unknown,N/A,N/A,12.810553992665293,79.70638929615326,76,12.812532590389761,79.70643661332753,0.516,0.516,best,True
Unknown,N/A,N/A,12.81053306910535,79.70638929615326,76,12.812532590389761,79.70643661332753,0.519,0.519,best,True
Unknown,N/A,N/A,12.8103978,79.7071457,76,12.812532590389761,79.70643661332753,0.611,0.492,best,True
Unknown,N/A,N/A,12.810422929399676,79.7065719812328,76,12.812532590389761,79.70643661332753,0.549,0.554,best,True
Unknown,N/A,N/A,12.814686174720244,79.7054008178604,76,12.812532590389761,79.70643661332753,0.413,0.413,best,True
Unknown,N/A,N/A,12.814681130889484,79.70545052168838,76,12.812532590389761,79.70643661332753,0.411,0.411,best,True
Unknown,N/A,N/A,12.8105302,79.70634969999999,76,12.812532590389761,79.70643661332753,0.518,0.518,best,True
Unknown,N/A,N/A,12.81477462856184,79.70543420607648,76,12.812532590389761,79.70643661332753,0.425,0.425,best,True
Unknown,N/A,N/A,12.815277986362096,79.70535940463067,76,12.812532590389761,79.70643661332753,0.477,0.477,best,True
Unknown,N/A,N/A,12.815262093023474,79.70535978273155,76,12.812532590389761,79.70643661332753,0.477,0.477,best,True
Unknown,N/A,N/A,12.811873730461109,79.71185619394318,76,12.812532590389761,79.70643661332753,0.668,0.668,best,True
Unknown,N/A,N/A,12.812440098438824,79.70878470158891,76,12.812532590389761,79.70643661332753,0.285,0.285,best,True
Unknown,N/A,N/A,12.8149644,79.70543909999999,76,12.812532590389761,79.70643661332753,0.442,0.442,best,True
Unknown,N/A,N/A,12.814056625297686,79.70891131517057,76,12.812532590389761,79.70643661332753,0.452,0.452,best,True
Unknown,N/A,N/A,13.0805407,79.907549,77,13.079926715879322,79.90776674286467,0.082,0.082,best,True
Unknown,N/A,N/A,13.0795704,79.9080757,77,13.079926715879322,79.90776674286467,0.113,0.113,best,True
Unknown,N/A,N/A,13.0810198,79.9090098,77,13.079926715879322,79.90776674286467,0.414,0.374,best,True
Unknown,N/A,N/A,13.081239248866051,79.90876085276298,77,13.079926715879322,79.90776674286467,0.385,0.345,best,True
Unknown,N/A,N/A,13.07879474417193,79.90985503878076,77,13.079926715879322,79.90776674286467,0.413,0.374,best,True
Unknown,N/A,N/A,13.0795704,79.9080757,77,13.079926715879322,79.90776674286467,0.113,0.113,best,True
Unknown,N/A,N/A,13.0795704,79.9080757,77,13.079926715879322,79.90776674286467,0.113,0.113,best,True
Unknown,N/A,N/A,13.079570399999996,79.90807570000001,77,13.079926715879322,79.90776674286467,0.113,0.113,best,True
Unknown,N/A,N/A,13.0795704,79.9080757,77,13.079926715879322,79.90776674286467,0.113,0.113,best,True
Unknown,N/A,N/A,13.077530066327904,79.90916580516283,77,13.079926715879322,79.90776674286467,0.407,0.407,best,True
Unknown,N/A,N/A,13.0795704,79.9080757,77,13.079926715879322,79.90776674286467,0.113,0.113,best,True
Unknown,N/A,N/A,13.0795704,79.9080757,77,13.079926715879322,79.90776674286467,0.113,0.113,best,True
Unknown,N/A,N/A,13.0795704,79.9080757,77,13.079926715879322,79.90776674286467,0.113,0.113,best,True
Unknown,N/A,N/A,13.082668016934576,79.90852723452242,77,13.079926715879322,79.90776674286467,0.543,0.503,best,True
Unknown,N/A,N/A,13.082225,79.9047465,77,13.079926715879322,79.90776674286467,0.591,0.555,best,True
Unknown,N/A,N/A,13.078729,79.9093001,77,13.079926715879322,79.90776674286467,0.684,0.282,best,True
Unknown,N/A,N/A,13.0795704,79.9080757,77,13.079926715879322,79.90776674286467,0.113,0.113,best,True
Unknown,N/A,N/A,13.0795704,79.9080757,77,13.079926715879322,79.90776674286467,0.113,0.113,best,True
Unknown,N/A,N/A,13.083689950156852,79.90683759074713,77,13.079926715879322,79.90776674286467,0.579,0.579,best,True
Unknown,N/A,N/A,13.083688527121769,79.90674644508483,77,13.079926715879322,79.90776674286467,0.589,0.589,best,True
Unknown,N/A,N/A,13.0795704,79.9080757,77,13.079926715879322,79.90776674286467,0.113,0.113,best,True
Unknown,N/A,N/A,13.0795704,79.9080757,77,13.079926715879322,79.90776674286467,0.113,0.113,best,True
Unknown,N/A,N/A,13.0905355,79.91093889999999,78,13.088903469711175,79.90923886897667,0.951,0.961,best,True
Unknown,N/A,N/A,13.09144157026456,79.91014418402855,78,13.088903469711175,79.90923886897667,0.755,0.755,best,True
Unknown,N/A,N/A,13.053296990088857,80.11302410285252,79,13.052138779062625,80.11212416634488,0.209,0.209,best,True
Unknown,N/A,N/A,13.051185485060572,80.11096002468122,79,13.052138779062625,80.11212416634488,0.418,0.418,best,True
Unknown,N/A,N/A,13.052598112841595,80.11278434149624,79,13.052138779062625,80.11212416634488,0.127,0.127,best,True
Unknown,N/A,N/A,13.052430975032784,80.11279161881687,79,13.052138779062625,80.11212416634488,0.109,0.109,best,True
Unknown,N/A,N/A,13.0498197,80.1109373,79,13.052138779062625,80.11212416634488,0.553,0.553,best,True
Unknown,N/A,N/A,13.0535098,80.1112458,79,13.052138779062625,80.11212416634488,0.359,0.359,best,True
Unknown,N/A,N/A,13.052672369036712,80.11280760500524,79,13.052138779062625,80.11212416634488,0.136,0.136,best,True
Unknown,N/A,N/A,13.053393958622308,80.11300905790496,79,13.052138779062625,80.11212416634488,0.219,0.219,best,True
Unknown,N/A,N/A,13.052488633768718,80.10869160323863,79,13.052138779062625,80.11212416634488,0.847,0.795,best,True
Unknown,N/A,N/A,13.05163328929577,80.1126632390267,79,13.052138779062625,80.11212416634488,0.151,0.151,best,True
Unknown,N/A,N/A,13.052397347676855,80.11273017062634,79,13.052138779062625,80.11212416634488,0.104,0.104,best,True
Unknown,N/A,N/A,13.05238227288142,80.1124952903818,79,13.052138779062625,80.11212416634488,0.053,0.053,best,True
Unknown,N/A,N/A,13.0528066,80.1107544,79,13.052138779062625,80.11212416634488,0.586,0.459,best,True
Unknown,N/A,N/A,13.0497218,80.1136999,79,13.052138779062625,80.11212416634488,0.476,0.476,best,True
Unknown,N/A,N/A,13.05259281232767,80.11270225113564,79,13.052138779062625,80.11212416634488,0.125,0.125,best,True
Unknown,N/A,N/A,13.05129031836874,80.11268995635197,79,13.052138779062625,80.11212416634488,0.187,0.187,best,True
Unknown,N/A,N/A,13.04597053924078,80.1122457874161,80,13.04683852580651,80.11135062450093,0.949,0.172,best,True
Unknown,N/A,N/A,13.046533021872923,80.11176286071503,80,13.04683852580651,80.11135062450093,0.908,0.103,best,True
Unknown,N/A,N/A,13.0478202,80.1088484,80,13.04683852580651,80.11135062450093,0.305,0.305,best,True
Unknown,N/A,N/A,13.048267,80.110055,80,13.04683852580651,80.11135062450093,0.299,0.299,best,True
Unknown,N/A,N/A,13.04870043063904,80.10708753666648,80,13.04683852580651,80.11135062450093,0.86,0.526,best,True
Unknown,N/A,N/A,13.045919233236422,80.11201021065501,80,13.04683852580651,80.11135062450093,0.931,0.154,best,True
Unknown,N/A,N/A,13.04646640966315,80.11184531103261,80,13.04683852580651,80.11135062450093,0.904,0.099,best,True
Unknown,N/A,N/A,13.046930790920314,80.11167688335888,80,13.04683852580651,80.11135062450093,0.173,0.118,best,True
Unknown,N/A,N/A,13.04657703500842,80.11180682544398,80,13.04683852580651,80.11135062450093,0.914,0.109,best,True
Unknown,N/A,N/A,13.046634502116024,80.11155095177149,80,13.04683852580651,80.11135062450093,0.209,0.083,best,True
Unknown,N/A,N/A,13.0468873,80.110815,80,13.04683852580651,80.11135062450093,0.067,0.067,best,True
Unknown,N/A,N/A,13.0468142062763,80.1118343897909,80,13.04683852580651,80.11135062450093,0.941,0.136,best,True
Unknown,N/A,N/A,13.046544332993886,80.1117776036743,80,13.04683852580651,80.11135062450093,0.909,0.104,best,True
Unknown,N/A,N/A,13.0474108,80.1109276,80,13.04683852580651,80.11135062450093,0.186,0.186,best,True
Unknown,N/A,N/A,13.046390310585648,80.1117623951039,80,13.04683852580651,80.11135062450093,0.894,0.089,best,True
Unknown,N/A,N/A,13.04652473681072,80.11177894473788,80,13.04683852580651,80.11135062450093,0.907,0.102,best,True
Unknown,N/A,N/A,13.0968677,80.180183,82,13.100911364833575,80.17890220736277,0.9,0.843,best,True
Unknown,N/A,N/A,13.1020981,80.1811416,82,13.100911364833575,80.17890220736277,0.42,0.42,best,True
Unknown,N/A,N/A,13.1044074,80.17753619999999,82,13.100911364833575,80.17890220736277,0.639,0.639,best,True
Unknown,N/A,N/A,13.0996071,80.17930779999999,82,13.100911364833575,80.17890220736277,0.205,0.205,best,True
Unknown,N/A,N/A,13.098352032428425,80.18145145211487,82,13.100911364833575,80.17890220736277,0.475,0.475,best,True
Unknown,N/A,N/A,13.098313452491428,80.1813594166824,82,13.100911364833575,80.17890220736277,0.467,0.467,best,True
Unknown,N/A,N/A,13.095456608685264,80.18147554500419,82,13.100911364833575,80.17890220736277,0.825,0.825,best,True
Unknown,N/A,N/A,13.102950420147597,80.179525254319,82,13.100911364833575,80.17890220736277,0.312,0.312,best,True
Unknown,N/A,N/A,13.0953868,80.1807211,82,13.100911364833575,80.17890220736277,0.913,0.913,best,True
Unknown,N/A,N/A,13.095170108661982,80.18090089400653,82,13.100911364833575,80.17890220736277,0.938,0.938,best,True
Unknown,N/A,N/A,13.09816960839946,80.18111221505299,82,13.100911364833575,80.17890220736277,0.436,0.436,best,True
Unknown,N/A,N/A,13.102389,80.1757519,82,13.100911364833575,80.17890220736277,0.736,0.736,best,True
Unknown,N/A,N/A,13.0996071,80.17930779999999,82,13.100911364833575,80.17890220736277,0.205,0.205,best,True
Unknown,N/A,N/A,13.1009743,80.1795547,82,13.100911364833575,80.17890220736277,0.092,0.092,best,True
Unknown,N/A,N/A,13.1053924,80.1799324,82,13.100911364833575,80.17890220736277,0.677,0.677,best,True
Unknown,N/A,N/A,13.066719934086104,80.2271613709749,83,13.06819953378494,80.22573270084708,0.324,0.324,best,True
Unknown,N/A,N/A,13.06981544253647,80.22441316106374,83,13.06819953378494,80.22573270084708,0.853,0.285,best,True
Unknown,N/A,N/A,13.0698294,80.2242248,83,13.06819953378494,80.22573270084708,0.836,0.302,best,True
Unknown,N/A,N/A,13.0640072,80.226275,83,13.06819953378494,80.22573270084708,0.747,0.693,best,True
Unknown,N/A,N/A,13.06803273365606,80.22647771265787,83,13.06819953378494,80.22573270084708,0.127,0.127,best,True
Unknown,N/A,N/A,13.06761483980962,80.22657085606161,83,13.06819953378494,80.22573270084708,0.29,0.29,best,True
Unknown,N/A,N/A,13.067285283342311,80.22425470069983,83,13.06819953378494,80.22573270084708,0.461,0.389,best,True
Unknown,N/A,N/A,13.0676286,80.2267091,83,13.06819953378494,80.22573270084708,0.273,0.273,best,True
Unknown,N/A,N/A,13.0676286,80.2267091,83,13.06819953378494,80.22573270084708,0.273,0.273,best,True
Unknown,N/A,N/A,13.0708988,80.2236175,83,13.06819953378494,80.22573270084708,0.564,0.437,best,True
Unknown,N/A,N/A,13.068096574293872,80.22650115435496,83,13.06819953378494,80.22573270084708,0.12,0.12,best,True
Unknown,N/A,N/A,13.0698294,80.2242248,83,13.06819953378494,80.22573270084708,0.836,0.302,best,True
Unknown,N/A,N/A,13.0700432,80.2273487,83,13.06819953378494,80.22573270084708,0.414,0.414,best,True
Unknown,N/A,N/A,13.068051,80.22682460000001,83,13.06819953378494,80.22573270084708,0.187,0.149,best,True
Unknown,N/A,N/A,13.0698294,80.2242248,83,13.06819953378494,80.22573270084708,0.836,0.302,best,True
Unknown,N/A,N/A,13.063457821505564,80.22634068284653,83,13.06819953378494,80.22573270084708,0.904,0.793,best,True
Unknown,N/A,N/A,13.068046639673778,80.22636577724609,83,13.06819953378494,80.22573270084708,0.134,0.134,best,True
Unknown,N/A,N/A,13.06814549131679,80.22634238158835,83,13.06819953378494,80.22573270084708,0.094,0.094,best,True
Unknown,N/A,N/A,13.069880833911068,80.22407530907384,83,13.06819953378494,80.22573270084708,0.823,0.371,best,True
Unknown,N/A,N/A,13.0676286,80.2267091,83,13.06819953378494,80.22573270084708,0.273,0.273,best,True
Unknown,N/A,N/A,13.068177487706464,80.22635051205158,83,13.06819953378494,80.22573270084708,0.092,0.092,best,True
Unknown,N/A,N/A,13.0698294,80.2242248,83,13.06819953378494,80.22573270084708,0.836,0.302,best,True
Unknown,N/A,N/A,13.068062101637029,80.22640411270437,83,13.06819953378494,80.22573270084708,0.13,0.13,best,True
Unknown,N/A,N/A,13.068136963218423,80.22645354281386,83,13.06819953378494,80.22573270084708,0.104,0.104,best,True
Unknown,N/A,N/A,13.068185399790876,80.22645642483688,83,13.06819953378494,80.22573270084708,0.101,0.101,best,True
Unknown,N/A,N/A,13.06813804824786,80.22648220237143,83,13.06819953378494,80.22573270084708,0.106,0.106,best,True
Unknown,N/A,N/A,13.069857322195707,80.2242959521361,83,13.06819953378494,80.22573270084708,0.839,0.299,best,True
Unknown,N/A,N/A,13.068139528066151,80.2263316294756,83,13.06819953378494,80.22573270084708,0.093,0.093,best,True
Unknown,N/A,N/A,13.069889551084858,80.22436219058406,83,13.06819953378494,80.22573270084708,0.842,0.296,best,True
Unknown,N/A,N/A,13.069915158335755,80.22430943028098,83,13.06819953378494,80.22573270084708,0.836,0.302,best,True
Unknown,N/A,N/A,13.066669416396474,80.23039500241775,84,13.066565526176266,80.23114401155979,0.935,0.149,best,True
Unknown,N/A,N/A,13.066718598950771,80.230242332805,84,13.066565526176266,80.23114401155979,0.917,0.167,best,True
Unknown,N/A,N/A,13.0741357,80.2331819,85,13.071945240985544,80.23189135413152,0.356,0.356,best,True
Unknown,N/A,N/A,13.069919,80.23071399999999,85,13.071945240985544,80.23189135413152,0.362,0.362,best,True
Unknown,N/A,N/A,13.0756082,80.2332848,85,13.071945240985544,80.23189135413152,0.502,0.502,best,True
Unknown,N/A,N/A,13.07059604591327,80.23215612478909,85,13.071945240985544,80.23189135413152,0.152,0.152,best,True
Unknown,N/A,N/A,13.0702984,80.230858,85,13.071945240985544,80.23189135413152,0.318,0.318,best,True
Unknown,N/A,N/A,13.0711141,80.2311533,85,13.071945240985544,80.23189135413152,0.314,0.314,best,True
Unknown,N/A,N/A,13.133115152315694,80.17396563185716,87,13.132501985722536,80.1710024005961,0.965,0.418,best,True
Unknown,N/A,N/A,13.13219223572723,80.16954782250251,87,13.132501985722536,80.1710024005961,0.412,0.21,best,True
Unknown,N/A,N/A,13.13112265053608,80.17198376044922,87,13.132501985722536,80.1710024005961,0.934,0.64,best,True
Unknown,N/A,N/A,13.1322915,80.16946089999999,87,13.132501985722536,80.1710024005961,0.436,0.234,best,True
Unknown,N/A,N/A,13.1322915,80.16946089999999,87,13.132501985722536,80.1710024005961,0.436,0.234,best,True
Unknown,N/A,N/A,13.1362443650128,80.17164726051539,87,13.132501985722536,80.1710024005961,0.759,0.696,best,True
Unknown,N/A,N/A,13.131815651307688,80.16973191668129,87,13.132501985722536,80.1710024005961,0.462,0.26,best,True
Unknown,N/A,N/A,13.131749548099204,80.16981653556519,87,13.132501985722536,80.1710024005961,0.528,0.327,best,True
Unknown,N/A,N/A,13.134339816377478,80.17031725767984,87,13.132501985722536,80.1710024005961,0.763,0.509,best,True
Unknown,N/A,N/A,13.132012103365549,80.17029083798968,87,13.132501985722536,80.1710024005961,0.519,0.317,best,True
Unknown,N/A,N/A,13.131998493343136,80.16997499609948,87,13.132501985722536,80.1710024005961,0.484,0.283,best,True
Unknown,N/A,N/A,13.1328308,80.1736418,87,13.132501985722536,80.1710024005961,0.908,0.384,best,True
Unknown,N/A,N/A,13.13219320163978,80.16965641731309,87,13.132501985722536,80.1710024005961,0.4,0.199,best,True
Unknown,N/A,N/A,13.1328308,80.1736418,87,13.132501985722536,80.1710024005961,0.908,0.384,best,True
Unknown,N/A,N/A,13.132334420411954,80.17133230343497,87,13.132501985722536,80.1710024005961,0.209,0.094,best,True
Unknown,N/A,N/A,13.131915362484165,80.1702011896881,87,13.132501985722536,80.1710024005961,0.509,0.308,best,True
Unknown,N/A,N/A,13.131997030411744,80.16954639541234,87,13.132501985722536,80.1710024005961,0.444,0.243,best,True
Unknown,N/A,N/A,13.1336036,80.169587,87,13.132501985722536,80.1710024005961,0.602,0.438,best,True
Unknown,N/A,N/A,13.1322915,80.16946089999999,87,13.132501985722536,80.1710024005961,0.436,0.234,best,True
Unknown,N/A,N/A,13.13202267377606,80.17014636345499,87,13.132501985722536,80.1710024005961,0.503,0.302,best,True
Unknown,N/A,N/A,13.13203193450036,80.17024687244707,87,13.132501985722536,80.1710024005961,0.512,0.311,best,True
Unknown,N/A,N/A,13.13221731081057,80.16979668121186,87,13.132501985722536,80.1710024005961,0.385,0.184,best,True
Unknown,N/A,N/A,13.135306085237412,80.17194642323909,87,13.132501985722536,80.1710024005961,0.536,0.52,best,True
Unknown,N/A,N/A,13.130572533644514,80.1709159523926,87,13.132501985722536,80.1710024005961,0.87,0.668,best,True
Unknown,N/A,N/A,13.133227893789462,80.1740143571472,87,13.132501985722536,80.1710024005961,0.968,0.421,best,True
Unknown,N/A,N/A,13.132031783127458,80.17012896641965,87,13.132501985722536,80.1710024005961,0.501,0.3,best,True
Unknown,N/A,N/A,13.131990595758923,80.16963175494422,87,13.132501985722536,80.1710024005961,0.447,0.246,best,True
Unknown,N/A,N/A,13.131161265713027,80.18040788065511,88,13.131357083964117,80.18076216138698,0.029,0.029,best,True
Unknown,N/A,N/A,13.1276992,80.1832333,88,13.131357083964117,80.18076216138698,0.591,0.591,best,True
Unknown,N/A,N/A,13.13150087014344,80.18256106489281,88,13.131357083964117,80.18076216138698,0.636,0.636,best,True
Unknown,N/A,N/A,13.133308105391292,80.16744022679798,89,13.13280844261515,80.16586941600241,0.814,0.416,best,True
Unknown,N/A,N/A,13.134809182855248,80.16683356912445,89,13.13280844261515,80.16586941600241,0.315,0.307,best,True
Unknown,N/A,N/A,13.133795064610888,80.16527578252797,89,13.13280844261515,80.16586941600241,0.618,0.618,best,True
Unknown,N/A,N/A,13.131890482766794,80.1655445927168,89,13.13280844261515,80.16586941600241,0.45,0.45,best,True
Unknown,N/A,N/A,13.132127009043105,80.16547219238954,89,13.13280844261515,80.16586941600241,0.104,0.104,best,True
Unknown,N/A,N/A,13.133721308921984,80.16526317509377,89,13.13280844261515,80.16586941600241,0.604,0.604,best,True
Unknown,N/A,N/A,13.131936007236328,80.16575050462689,89,13.13280844261515,80.16586941600241,0.475,0.475,best,True
Unknown,N/A,N/A,13.131902945362222,80.16548660984829,89,13.13280844261515,80.16586941600241,0.443,0.443,best,True
Unknown,N/A,N/A,13.1317858773485,80.165758090896,89,13.13280844261515,80.16586941600241,0.492,0.492,best,True
Unknown,N/A,N/A,13.0373013,80.1776691,91,13.036247826376727,80.17907191029806,0.29,0.29,best,True
Unknown,N/A,N/A,13.03714290750049,80.18177485874371,91,13.036247826376727,80.17907191029806,0.545,0.545,best,True
Unknown,N/A,N/A,13.0373013,80.1776691,91,13.036247826376727,80.17907191029806,0.29,0.29,best,True
Unknown,N/A,N/A,13.0373013,80.1776691,91,13.036247826376727,80.17907191029806,0.29,0.29,best,True
Unknown,N/A,N/A,13.038946308091727,80.18064658938465,91,13.036247826376727,80.17907191029806,0.476,0.476,best,True
Unknown,N/A,N/A,13.0359773,80.1768448,91,13.036247826376727,80.17907191029806,0.524,0.523,best,True
Unknown,N/A,N/A,13.0373013,80.1776691,91,13.036247826376727,80.17907191029806,0.29,0.29,best,True
Unknown,N/A,N/A,13.0373013,80.1776691,91,13.036247826376727,80.17907191029806,0.29,0.29,best,True
Unknown,N/A,N/A,13.0373013,80.1776691,91,13.036247826376727,80.17907191029806,0.29,0.29,best,True
Unknown,N/A,N/A,13.0373013,80.1776691,91,13.036247826376727,80.17907191029806,0.29,0.29,best,True
Unknown,N/A,N/A,13.034557759415106,80.17538113187712,91,13.036247826376727,80.17907191029806,0.88,0.699,best,True
Unknown,N/A,N/A,13.038014667302356,80.17796950740967,91,13.036247826376727,80.17907191029806,0.312,0.312,best,True
Unknown,N/A,N/A,13.037644,80.179502,91,13.036247826376727,80.17907191029806,0.225,0.225,best,True
Unknown,N/A,N/A,13.121947560452549,80.14745898232155,92,13.122006425521311,80.14780904627715,0.469,0.043,best,True
Unknown,N/A,N/A,13.1214371,80.148208,92,13.122006425521311,80.14780904627715,0.121,0.121,best,True
Unknown,N/A,N/A,13.1226034,80.14741479999999,92,13.122006425521311,80.14780904627715,0.367,0.111,best,True
Unknown,N/A,N/A,13.12209016621003,80.14755718391264,92,13.122006425521311,80.14780904627715,0.451,0.026,best,True
Unknown,N/A,N/A,13.1226034,80.14741479999999,92,13.122006425521311,80.14780904627715,0.367,0.111,best,True
Unknown,N/A,N/A,13.1226034,80.14741479999999,92,13.122006425521311,80.14780904627715,0.367,0.111,best,True
Unknown,N/A,N/A,13.1214371,80.148208,92,13.122006425521311,80.14780904627715,0.121,0.121,best,True
Unknown,N/A,N/A,13.1226034,80.14741479999999,92,13.122006425521311,80.14780904627715,0.367,0.111,best,True
Unknown,N/A,N/A,13.12263375165726,80.14969862379283,92,13.122006425521311,80.14780904627715,0.556,0.388,best,True
Unknown,N/A,N/A,13.1226034,80.14741479999999,92,13.122006425521311,80.14780904627715,0.367,0.111,best,True
Unknown,N/A,N/A,13.1226034,80.14741479999999,92,13.122006425521311,80.14780904627715,0.367,0.111,best,True
Unknown,N/A,N/A,13.12174107616959,80.14788216365793,92,13.122006425521311,80.14780904627715,0.022,0.022,best,True
Unknown,N/A,N/A,13.122511309295078,80.14812245854115,92,13.122006425521311,80.14780904627715,0.293,0.185,best,True
Unknown,N/A,N/A,13.1226034,80.14741479999999,92,13.122006425521311,80.14780904627715,0.367,0.111,best,True
Unknown,N/A,N/A,13.12197476851083,80.14784814534147,92,13.122006425521311,80.14780904627715,0.005,0.005,best,True
Unknown,N/A,N/A,13.1226034,80.14741479999999,92,13.122006425521311,80.14780904627715,0.367,0.111,best,True
Unknown,N/A,N/A,13.121900738673627,80.14773650613196,92,13.122006425521311,80.14780904627715,0.478,0.001,best,True
Unknown,N/A,N/A,13.121761282341083,80.14770998269212,92,13.122006425521311,80.14780904627715,0.005,0.005,best,True
Unknown,N/A,N/A,13.121811995851766,80.14766278960684,92,13.122006425521311,80.14780904627715,0.477,0.002,best,True
Unknown,N/A,N/A,13.123516165968502,80.14623455390625,92,13.122006425521311,80.14780904627715,0.538,0.319,best,True
Unknown,N/A,N/A,13.1226034,80.14741479999999,92,13.122006425521311,80.14780904627715,0.367,0.111,best,True
Unknown,N/A,N/A,13.1214371,80.148208,92,13.122006425521311,80.14780904627715,0.121,0.121,best,True
Unknown,N/A,N/A,13.1214371,80.148208,92,13.122006425521311,80.14780904627715,0.121,0.121,best,True
Unknown,N/A,N/A,13.121855048361866,80.14782176190184,92,13.122006425521311,80.14780904627715,0.01,0.01,best,True
Unknown,N/A,N/A,13.1226034,80.14741479999999,92,13.122006425521311,80.14780904627715,0.367,0.111,best,True
Unknown,N/A,N/A,13.1214371,80.148208,92,13.122006425521311,80.14780904627715,0.121,0.121,best,True
Unknown,N/A,N/A,13.121793425904627,80.14803533472731,92,13.122006425521311,80.14780904627715,0.033,0.033,best,True
Unknown,N/A,N/A,13.1226034,80.14741479999999,92,13.122006425521311,80.14780904627715,0.367,0.111,best,True
Unknown,N/A,N/A,13.1214371,80.148208,92,13.122006425521311,80.14780904627715,0.121,0.121,best,True
Unknown,N/A,N/A,13.1214371,80.148208,92,13.122006425521311,80.14780904627715,0.121,0.121,best,True
Unknown,N/A,N/A,13.1214371,80.148208,92,13.122006425521311,80.14780904627715,0.121,0.121,best,True
Unknown,N/A,N/A,13.1214371,80.148208,92,13.122006425521311,80.14780904627715,0.121,0.121,best,True
Unknown,N/A,N/A,13.1214371,80.148208,92,13.122006425521311,80.14780904627715,0.121,0.121,best,True
Unknown,N/A,N/A,13.121687142691655,80.14819961763011,92,13.122006425521311,80.14780904627715,0.055,0.055,best,True
Unknown,N/A,N/A,13.1214371,80.148208,92,13.122006425521311,80.14780904627715,0.121,0.121,best,True
Unknown,N/A,N/A,13.1226034,80.14741479999999,92,13.122006425521311,80.14780904627715,0.367,0.111,best,True
Unknown,N/A,N/A,13.121837391987548,80.14784255285804,92,13.122006425521311,80.14780904627715,0.013,0.013,best,True
Unknown,N/A,N/A,13.12187072141162,80.14770910912321,92,13.122006425521311,80.14780904627715,0.477,0.001,best,True
Unknown,N/A,N/A,13.1214371,80.148208,92,13.122006425521311,80.14780904627715,0.121,0.121,best,True
Unknown,N/A,N/A,13.1226034,80.14741479999999,92,13.122006425521311,80.14780904627715,0.367,0.111,best,True
Unknown,N/A,N/A,13.1214371,80.148208,92,13.122006425521311,80.14780904627715,0.121,0.121,best,True
Unknown,N/A,N/A,13.1214371,80.148208,92,13.122006425521311,80.14780904627715,0.121,0.121,best,True
Unknown,N/A,N/A,13.1218875,80.14755559999999,92,13.122006425521311,80.14780904627715,0.473,0.046,best,True
Unknown,N/A,N/A,13.121806341027485,80.1478700637586,92,13.122006425521311,80.14780904627715,0.017,0.017,best,True
Unknown,N/A,N/A,13.122115807993914,80.14729478753758,92,13.122006425521311,80.14780904627715,0.425,0.054,best,True
Unknown,N/A,N/A,13.12187408096779,80.14771892779353,92,13.122006425521311,80.14780904627715,0.478,0.001,best,True
Unknown,N/A,N/A,13.121620268568282,80.14818574296186,92,13.122006425521311,80.14780904627715,0.058,0.058,best,True
Unknown,N/A,N/A,13.122108280977782,80.14738493310642,92,13.122006425521311,80.14780904627715,0.433,0.045,best,True
Unknown,N/A,N/A,13.1219161,80.1428431,93,13.120474422939798,80.1441358893312,0.374,0.374,best,True
Unknown,N/A,N/A,13.1196904,80.1439051,93,13.120474422939798,80.1441358893312,0.193,0.193,best,True
Unknown,N/A,N/A,13.11983926696876,80.1436952720607,93,13.120474422939798,80.1441358893312,0.172,0.164,best,True
Unknown,N/A,N/A,13.119932053710048,80.14358832463246,93,13.120474422939798,80.1441358893312,0.184,0.151,best,True
Unknown,N/A,N/A,13.1194322,80.1444001,93,13.120474422939798,80.1441358893312,0.144,0.144,best,True
Unknown,N/A,N/A,13.12156873989978,80.14489202862522,93,13.120474422939798,80.1441358893312,0.201,0.201,best,True
Unknown,N/A,N/A,13.1209422,80.1456273,93,13.120474422939798,80.1441358893312,0.212,0.212,best,True
Unknown,N/A,N/A,13.116700267865504,80.1433704490514,94,13.115503773592195,80.14371548188902,0.165,0.165,best,True
Unknown,N/A,N/A,13.1163697,80.14364359999999,94,13.115503773592195,80.14371548188902,0.097,0.097,best,True
Unknown,N/A,N/A,13.1198456,80.1501107,95,13.1197467127834,80.1497487153445,0.461,0.448,best,True
Unknown,N/A,N/A,13.1203231,80.15023959999999,95,13.1197467127834,80.1497487153445,0.569,0.556,best,True
Unknown,N/A,N/A,13.119667,80.150122,95,13.1197467127834,80.1497487153445,0.466,0.434,best,True
Unknown,N/A,N/A,13.1196793,80.1500391,95,13.1197467127834,80.1497487153445,0.422,0.409,best,True
Unknown,N/A,N/A,13.119277769061192,80.14729591453279,95,13.1197467127834,80.1497487153445,0.609,0.36,best,True
Unknown,N/A,N/A,13.1196793,80.1500391,95,13.1197467127834,80.1497487153445,0.422,0.409,best,True
Unknown,N/A,N/A,13.1196793,80.1500391,95,13.1197467127834,80.1497487153445,0.422,0.409,best,True
Unknown,N/A,N/A,13.117878633916495,80.15028343425368,95,13.1197467127834,80.1497487153445,0.281,0.275,best,True
Unknown,N/A,N/A,13.120118917121932,80.149522952883,95,13.1197467127834,80.1497487153445,0.894,0.051,best,True
Unknown,N/A,N/A,13.119753896825165,80.14990382173215,95,13.1197467127834,80.1497487153445,0.433,0.42,best,True
Unknown,N/A,N/A,13.120029922011314,80.14949480986321,95,13.1197467127834,80.1497487153445,0.899,0.046,best,True
Unknown,N/A,N/A,13.120711654549948,80.14948697987872,95,13.1197467127834,80.1497487153445,0.548,0.513,best,True
Unknown,N/A,N/A,13.1199510689317,80.14963396140259,95,13.1197467127834,80.1497487153445,0.917,0.029,best,True
Unknown,N/A,N/A,13.119558495786064,80.1496387656884,95,13.1197467127834,80.1497487153445,0.061,0.061,best,True
Unknown,N/A,N/A,13.1203163846808,80.14921895131113,95,13.1197467127834,80.1497487153445,0.855,0.09,best,True
Unknown,N/A,N/A,13.1196793,80.1500391,95,13.1197467127834,80.1497487153445,0.422,0.409,best,True
Unknown,N/A,N/A,13.1196793,80.1500391,95,13.1197467127834,80.1497487153445,0.422,0.409,best,True
Unknown,N/A,N/A,13.1196793,80.1500391,95,13.1197467127834,80.1497487153445,0.422,0.409,best,True
Unknown,N/A,N/A,13.1196793,80.1500391,95,13.1197467127834,80.1497487153445,0.422,0.409,best,True
Unknown,N/A,N/A,13.124205918033034,80.1438798413207,96,13.124310103912194,80.14358939469318,0.04,0.04,best,True
Unknown,N/A,N/A,13.12444029035599,80.14282569968184,96,13.124310103912194,80.14358939469318,0.921,0.172,best,True
Unknown,N/A,N/A,13.124276729200783,80.1438121696985,96,13.124310103912194,80.14358939469318,0.03,0.03,best,True
Unknown,N/A,N/A,13.124317478058966,80.14383986807167,96,13.124310103912194,80.14358939469318,0.029,0.029,best,True
Unknown,N/A,N/A,12.921406323064216,79.87996127322917,98,12.923636656593281,79.87871414939916,0.547,0.547,best,True
Unknown,N/A,N/A,12.920940545432012,79.87970546457339,98,12.923636656593281,79.87871414939916,0.402,0.402,best,True
Unknown,N/A,N/A,12.925457147153194,79.87965062025867,98,12.923636656593281,79.87871414939916,0.994,0.51,best,True
Unknown,N/A,N/A,12.9572091,80.1595322,99,12.953988506937215,80.15640523804267,0.691,0.691,best,True
Unknown,N/A,N/A,12.954414277065172,80.15885581146836,99,12.953988506937215,80.15640523804267,0.368,0.368,best,True
Unknown,N/A,N/A,12.954969380784515,80.154935924581,99,12.953988506937215,80.15640523804267,0.28,0.28,best,True
Unknown,N/A,N/A,12.9544091,80.1586459,99,12.953988506937215,80.15640523804267,0.346,0.346,best,True
Unknown,N/A,N/A,12.958477112795908,80.15956711558725,99,12.953988506937215,80.15640523804267,0.829,0.829,best,True
Unknown,N/A,N/A,13.00832768738044,80.19392138333832,100,13.006711224366478,80.19935034560596,0.879,0.723,best,True
Unknown,N/A,N/A,13.007263596312267,80.20218829649524,100,13.006711224366478,80.19935034560596,0.507,0.507,best,True
Unknown,N/A,N/A,13.0036762,80.1950574,100,13.006711224366478,80.19935034560596,0.904,0.704,best,True
Unknown,N/A,N/A,13.007358041836396,80.20166854865303,100,13.006711224366478,80.19935034560596,0.443,0.443,best,True
Unknown,N/A,N/A,13.1750723,80.0199562,101,13.174181608743586,80.01938225258509,0.056,0.056,best,True
Unknown,N/A,N/A,13.1750723,80.0199562,101,13.174181608743586,80.01938225258509,0.056,0.056,best,True
Unknown,N/A,N/A,13.1750723,80.0199562,101,13.174181608743586,80.01938225258509,0.056,0.056,best,True
Unknown,N/A,N/A,13.1750723,80.0199562,101,13.174181608743586,80.01938225258509,0.056,0.056,best,True
Unknown,N/A,N/A,13.1750723,80.0199562,101,13.174181608743586,80.01938225258509,0.056,0.056,best,True
Unknown,N/A,N/A,13.0410697,80.132347,102,13.039681765347899,80.13061984009346,0.512,0.287,best,True
Unknown,N/A,N/A,13.039602241971645,80.1305070651302,102,13.039681765347899,80.13061984009346,0.478,0.008,best,True
Unknown,N/A,N/A,13.0389636,80.1305051,102,13.039681765347899,80.13061984009346,0.097,0.097,best,True
Unknown,N/A,N/A,13.03963539415189,80.13102626842809,102,13.039681765347899,80.13061984009346,0.043,0.043,best,True
Unknown,N/A,N/A,13.0389341,80.1311692,102,13.039681765347899,80.13061984009346,0.152,0.152,best,True
Unknown,N/A,N/A,13.040454180397656,80.12895231740053,102,13.039681765347899,80.13061984009346,0.288,0.204,best,True
Unknown,N/A,N/A,13.039455996599838,80.12883756558728,102,13.039681765347899,80.13061984009346,0.411,0.31,best,True
Unknown,N/A,N/A,13.040412130359796,80.1291447224726,102,13.039681765347899,80.13061984009346,0.307,0.179,best,True
Unknown,N/A,N/A,13.039470789304357,80.13120868935977,102,13.039681765347899,80.13061984009346,0.11,0.11,best,True
Unknown,N/A,N/A,13.039800187845088,80.13061731096442,102,13.039681765347899,80.13061984009346,0.481,0.005,best,True
Unknown,N/A,N/A,13.03951532946022,80.13122424062988,102,13.039681765347899,80.13061984009346,0.068,0.068,best,True
Unknown,N/A,N/A,13.039532069881998,80.13120154845909,102,13.039681765347899,80.13061984009346,0.065,0.065,best,True
Unknown,N/A,N/A,13.039805815598449,80.13053902234317,102,13.039681765347899,80.13061984009346,0.473,0.013,best,True
Unknown,N/A,N/A,13.039329298824711,80.13173997104516,102,13.039681765347899,80.13061984009346,0.127,0.127,best,True
Unknown,N/A,N/A,13.040450989217378,80.12894068460731,102,13.039681765347899,80.13061984009346,0.289,0.205,best,True
Unknown,N/A,N/A,13.0402131,80.1323547,102,13.039681765347899,80.13061984009346,0.47,0.25,best,True
Unknown,N/A,N/A,13.0397546,80.1316621,102,13.039681765347899,80.13061984009346,0.363,0.125,best,True
Unknown,N/A,N/A,13.039390682126395,80.13150717058527,102,13.039681765347899,80.13061984009346,0.101,0.101,best,True
Unknown,N/A,N/A,13.039482843181348,80.13157626931152,102,13.039681765347899,80.13061984009346,0.105,0.105,best,True
Unknown,N/A,N/A,13.0393157,80.1287769,102,13.039681765347899,80.13061984009346,0.414,0.313,best,True
Unknown,N/A,N/A,13.03872832338511,80.1291787956381,102,13.039681765347899,80.13061984009346,0.554,0.453,best,True
Unknown,N/A,N/A,13.038571,80.13386299999999,103,13.038664350912983,80.13361222723717,0.029,0.029,best,True
Unknown,N/A,N/A,13.038681743155866,80.13359718418393,103,13.038664350912983,80.13361222723717,0.71,0.002,best,True
Unknown,N/A,N/A,13.038656009634796,80.1337158597019,103,13.038664350912983,80.13361222723717,0.011,0.011,best,True
Unknown,N/A,N/A,13.038617060508392,80.13378876350382,103,13.038664350912983,80.13361222723717,0.02,0.02,best,True
Unknown,N/A,N/A,13.038581940525084,80.13378941303873,103,13.038664350912983,80.13361222723717,0.021,0.021,best,True
Unknown,N/A,N/A,13.03859321478222,80.13390178104574,103,13.038664350912983,80.13361222723717,0.032,0.032,best,True
Unknown,N/A,N/A,13.0397579,80.1337774,103,13.038664350912983,80.13361222723717,0.74,0.318,best,True
Unknown,N/A,N/A,13.038596829283234,80.13366723523256,103,13.038664350912983,80.13361222723717,0.008,0.008,best,True
Unknown,N/A,N/A,13.0381858,80.1337176,103,13.038664350912983,80.13361222723717,0.098,0.098,best,True
Unknown,N/A,N/A,13.039160893539576,80.13215901527805,103,13.038664350912983,80.13361222723717,0.921,0.167,best,True
Unknown,N/A,N/A,13.03868961006046,80.1332488657707,103,13.038664350912983,80.13361222723717,0.734,0.053,best,True
Unknown,N/A,N/A,13.03831817902455,80.1339840247752,103,13.038664350912983,80.13361222723717,0.074,0.074,best,True
Unknown,N/A,N/A,13.038567,80.1335206,103,13.038664350912983,80.13361222723717,0.711,0.03,best,True
Unknown,N/A,N/A,13.038898405001346,80.1329161625648,103,13.038664350912983,80.13361222723717,0.632,0.08,best,True
Unknown,N/A,N/A,13.038571,80.13386299999999,103,13.038664350912983,80.13361222723717,0.029,0.029,best,True
Unknown,N/A,N/A,13.038578321741074,80.13377387464203,103,13.038664350912983,80.13361222723717,0.02,0.02,best,True
Unknown,N/A,N/A,13.038521343732768,80.13379555501709,103,13.038664350912983,80.13361222723717,0.025,0.025,best,True
Unknown,N/A,N/A,13.038673590515812,80.13371263519217,103,13.038664350912983,80.13361222723717,0.01,0.01,best,True
Unknown,N/A,N/A,13.03862068279128,80.13373621344343,103,13.038664350912983,80.13361222723717,0.014,0.014,best,True
Unknown,N/A,N/A,13.038548535691982,80.13375503237765,103,13.038664350912983,80.13361222723717,0.019,0.019,best,True
Unknown,N/A,N/A,13.038657685436082,80.13359493900393,103,13.038664350912983,80.13361222723717,0.711,0.001,best,True
Unknown,N/A,N/A,13.038555143042355,80.13382245934054,103,13.038664350912983,80.13361222723717,0.026,0.026,best,True
Unknown,N/A,N/A,13.038571,80.13386299999999,103,13.038664350912983,80.13361222723717,0.029,0.029,best,True
Unknown,N/A,N/A,13.039246240754338,80.1326296453253,103,13.038664350912983,80.13361222723717,0.558,0.136,best,True
Unknown,N/A,N/A,13.038590991489452,80.13370179063662,103,13.038664350912983,80.13361222723717,0.012,0.012,best,True
Unknown,N/A,N/A,13.03845845353141,80.13411296300518,103,13.038664350912983,80.13361222723717,0.059,0.059,best,True
Unknown,N/A,N/A,13.038571,80.13386299999999,103,13.038664350912983,80.13361222723717,0.029,0.029,best,True
Unknown,N/A,N/A,13.038796509757717,80.13298008647703,103,13.038664350912983,80.13361222723717,0.656,0.082,best,True
Unknown,N/A,N/A,13.038430092476744,80.1339034903217,103,13.038664350912983,80.13361222723717,0.066,0.066,best,True
Unknown,N/A,N/A,13.0436774,80.13126319999999,104,13.044114306467673,80.13300594609643,0.524,0.524,best,True
Unknown,N/A,N/A,13.0434087,80.1301313,104,13.044114306467673,80.13300594609643,0.671,0.662,best,True
Unknown,N/A,N/A,13.0435323,80.1364638,104,13.044114306467673,80.13300594609643,0.483,0.483,best,True
Unknown,N/A,N/A,13.0449349,80.1341686,104,13.044114306467673,80.13300594609643,0.183,0.182,best,True
Unknown,N/A,N/A,13.042865093536776,80.1315544239837,104,13.044114306467673,80.13300594609643,0.558,0.517,best,True
Unknown,N/A,N/A,13.0459619582046,80.13506654478776,104,13.044114306467673,80.13300594609643,0.385,0.385,best,True
Unknown,N/A,N/A,13.0448567,80.1341365,104,13.044114306467673,80.13300594609643,0.174,0.173,best,True
Unknown,N/A,N/A,13.0436774,80.13126319999999,104,13.044114306467673,80.13300594609643,0.524,0.524,best,True
Unknown,N/A,N/A,13.166495015377324,80.09852932699467,105,13.170653977871556,80.09507168914664,0.609,0.609,best,True
Unknown,N/A,N/A,13.166779307165076,80.0984625662541,105,13.170653977871556,80.09507168914664,0.577,0.577,best,True
Unknown,N/A,N/A,13.174166,80.08718499999999,105,13.170653977871556,80.09507168914664,0.955,0.955,best,True
Unknown,N/A,N/A,13.1697039124078,80.09201403523984,105,13.170653977871556,80.09507168914664,0.47,0.44,best,True
Unknown,N/A,N/A,13.166976971571962,80.09840434242334,105,13.170653977871556,80.09507168914664,0.555,0.555,best,True
Unknown,N/A,N/A,13.1668935487326,80.09844147486878,105,13.170653977871556,80.09507168914664,0.582,0.582,best,True
Unknown,N/A,N/A,13.166659297791035,80.09846970478202,105,13.170653977871556,80.09507168914664,0.59,0.59,best,True
Unknown,N/A,N/A,13.1654618,80.0970199,105,13.170653977871556,80.09507168914664,0.815,0.815,best,True
Unknown,N/A,N/A,13.1727078101659,80.09167137756661,105,13.170653977871556,80.09507168914664,0.434,0.434,best,True
Unknown,N/A,N/A,13.172789078076947,80.09162250374378,105,13.170653977871556,80.09507168914664,0.441,0.441,best,True
Unknown,N/A,N/A,13.1217109,80.094375,106,13.120714018160943,80.09328330233117,0.253,0.253,best,True
Unknown,N/A,N/A,13.118780248757728,80.09048207966964,106,13.120714018160943,80.09328330233117,0.462,0.462,best,True
Unknown,N/A,N/A,13.122792790619402,80.09425895894486,106,13.120714018160943,80.09328330233117,0.345,0.345,best,True
Unknown,N/A,N/A,13.12018903460939,80.09350995250824,106,13.120714018160943,80.09328330233117,0.455,0.441,best,True
Unknown,N/A,N/A,13.1215649,80.0935231,106,13.120714018160943,80.09328330233117,0.137,0.137,best,True
Unknown,N/A,N/A,13.12018903460939,80.09350995250824,106,13.120714018160943,80.09328330233117,0.455,0.441,best,True
Unknown,N/A,N/A,13.12018903460939,80.09350995250824,106,13.120714018160943,80.09328330233117,0.455,0.441,best,True
Unknown,N/A,N/A,13.12018903460939,80.09350995250824,106,13.120714018160943,80.09328330233117,0.455,0.441,best,True
Unknown,N/A,N/A,13.12018903460939,80.09350995250824,106,13.120714018160943,80.09328330233117,0.455,0.441,best,True
Unknown,N/A,N/A,13.12136888106755,80.09418538341143,106,13.120714018160943,80.09328330233117,0.211,0.211,best,True
Unknown,N/A,N/A,13.12018903460939,80.09350995250824,106,13.120714018160943,80.09328330233117,0.455,0.441,best,True
Unknown,N/A,N/A,13.1229971,80.093561,106,13.120714018160943,80.09328330233117,0.296,0.296,best,True
Unknown,N/A,N/A,13.12018903460939,80.09350995250824,106,13.120714018160943,80.09328330233117,0.455,0.441,best,True
Unknown,N/A,N/A,13.121382785362984,80.09422226564753,106,13.120714018160943,80.09328330233117,0.214,0.214,best,True
Unknown,N/A,N/A,13.118789424340743,80.09007207973644,106,13.120714018160943,80.09328330233117,0.506,0.506,best,True
Unknown,N/A,N/A,13.116981502766455,80.09688983813716,107,13.11700623500089,80.09689101215113,0.0,0.0,best,True
Unknown,N/A,N/A,13.117052,80.09688299999999,107,13.11700623500089,80.09689101215113,0.233,0.001,best,True
Unknown,N/A,N/A,13.117052,80.09688299999999,107,13.11700623500089,80.09689101215113,0.233,0.001,best,True
Unknown,N/A,N/A,13.117210372734174,80.09718879476436,107,13.11700623500089,80.09689101215113,0.181,0.074,best,True
Unknown,N/A,N/A,13.117050289412385,80.09725648323068,107,13.11700623500089,80.09689101215113,0.039,0.039,best,True
Unknown,N/A,N/A,13.1172057763813,80.09702958987822,107,13.11700623500089,80.09689101215113,0.183,0.051,best,True
Unknown,N/A,N/A,13.117190234183829,80.09703557633183,107,13.11700623500089,80.09689101215113,0.182,0.052,best,True
Unknown,N/A,N/A,13.117150156817388,80.09685557647457,107,13.11700623500089,80.09689101215113,0.2,0.033,best,True
Unknown,N/A,N/A,13.117216700440563,80.09719433589984,107,13.11700623500089,80.09689101215113,0.182,0.075,best,True
Unknown,N/A,N/A,13.117052,80.09688299999999,107,13.11700623500089,80.09689101215113,0.233,0.001,best,True
Unknown,N/A,N/A,13.117041675420074,80.0968651578537,107,13.11700623500089,80.09689101215113,0.231,0.003,best,True
Unknown,N/A,N/A,13.117052,80.09688299999999,107,13.11700623500089,80.09689101215113,0.233,0.001,best,True
Unknown,N/A,N/A,13.11706775893269,80.09700401078074,107,13.11700623500089,80.09689101215113,0.012,0.012,best,True
Unknown,N/A,N/A,13.117372821928356,80.09704450693233,107,13.11700623500089,80.09689101215113,0.195,0.089,best,True
Unknown,N/A,N/A,13.117165291951368,80.09691036642158,107,13.11700623500089,80.09689101215113,0.195,0.039,best,True
Unknown,N/A,N/A,13.117052,80.09688299999999,107,13.11700623500089,80.09689101215113,0.233,0.001,best,True
Unknown,N/A,N/A,13.117052,80.09688299999999,107,13.11700623500089,80.09689101215113,0.233,0.001,best,True
Unknown,N/A,N/A,13.117036523076628,80.09708604415631,107,13.11700623500089,80.09689101215113,0.021,0.021,best,True
Unknown,N/A,N/A,13.1145921,80.0955077,107,13.11700623500089,80.09689101215113,0.651,0.41,best,True
Unknown,N/A,N/A,13.117052,80.09688299999999,107,13.11700623500089,80.09689101215113,0.233,0.001,best,True
Unknown,N/A,N/A,13.11708436054191,80.09691749855132,107,13.11700623500089,80.09689101215113,0.002,0.002,best,True
Unknown,N/A,N/A,13.11732184043331,80.09697180006336,107,13.11700623500089,80.09689101215113,0.191,0.043,best,True
Unknown,N/A,N/A,13.1192772,80.0951814,108,13.119264308652957,80.09523796314362,0.001,0.001,best,True
Unknown,N/A,N/A,13.119121380456102,80.09510445381746,108,13.119264308652957,80.09523796314362,0.155,0.017,best,True
Unknown,N/A,N/A,13.11863090594061,80.0949489620029,108,13.119264308652957,80.09523796314362,0.138,0.073,best,True
Unknown,N/A,N/A,13.11900283894044,80.09512358532518,108,13.119264308652957,80.09523796314362,0.135,0.037,best,True
Unknown,N/A,N/A,13.119007876618364,80.09511588204141,108,13.119264308652957,80.09523796314362,0.136,0.036,best,True
Unknown,N/A,N/A,13.119116907607742,80.09515983546427,108,13.119264308652957,80.09523796314362,0.155,0.017,best,True
Unknown,N/A,N/A,13.119296,80.09422699999999,108,13.119264308652957,80.09523796314362,0.229,0.113,best,True
Unknown,N/A,N/A,13.119243876723454,80.09513053348287,108,13.119264308652957,80.09523796314362,0.168,0.003,best,True
Unknown,N/A,N/A,13.1190446,80.0950598,108,13.119264308652957,80.09523796314362,0.146,0.026,best,True
Unknown,N/A,N/A,13.1191667,80.0949097,108,13.119264308652957,80.09523796314362,0.076,0.09,best,True
Unknown,N/A,N/A,13.120999108895814,80.09765644244555,108,13.119264308652957,80.09523796314362,0.429,0.429,best,True
Unknown,N/A,N/A,12.9190519,80.2300343,109,12.915640376225225,80.23158309323674,0.585,0.585,best,True
Unknown,N/A,N/A,12.91222885245045,80.23313188647346,109,12.915640376225225,80.23158309323674,0.56,0.56,best,True
Unknown,N/A,N/A,12.906163683443332,80.14316259832758,110,12.9096616931119,80.14261330169226,0.575,0.577,best,True
Unknown,N/A,N/A,12.90647100406807,80.14215788765611,110,12.9096616931119,80.14261330169226,0.369,0.369,best,True
Unknown,N/A,N/A,12.912344011706928,80.14306449402702,110,12.9096616931119,80.14261330169226,0.302,0.302,best,True
Unknown,N/A,N/A,12.913403441222924,80.1471885071827,110,12.9096616931119,80.14261330169226,0.939,0.864,best,True
Unknown,N/A,N/A,12.9138151,80.14704510000001,110,12.9096616931119,80.14261330169226,0.986,0.931,best,True
Unknown,N/A,N/A,12.90773803396719,80.14246595631178,110,12.9096616931119,80.14261330169226,0.215,0.215,best,True
Unknown,N/A,N/A,12.9082059,80.13971819999999,110,12.9096616931119,80.14261330169226,0.512,0.512,best,True
Unknown,N/A,N/A,12.9108354,80.1408298,110,12.9096616931119,80.14261330169226,0.998,0.998,best,True
Unknown,N/A,N/A,12.9081603,80.143796,110,12.9096616931119,80.14261330169226,0.438,0.352,best,True
Unknown,N/A,N/A,12.9124137,80.14252619999999,110,12.9096616931119,80.14261330169226,0.363,0.363,best,True
Unknown,N/A,N/A,12.912243888322015,80.14302035035873,110,12.9096616931119,80.14261330169226,0.29,0.29,best,True
Unknown,N/A,N/A,12.90685188053616,80.14244294682351,110,12.9096616931119,80.14261330169226,0.313,0.313,best,True
Unknown,N/A,N/A,12.905053977000236,80.14201477875974,110,12.9096616931119,80.14261330169226,0.574,0.574,best,True
Unknown,N/A,N/A,12.9082059,80.13971819999999,110,12.9096616931119,80.14261330169226,0.512,0.512,best,True
Unknown,N/A,N/A,12.91213026529416,80.14294333768449,110,12.9096616931119,80.14261330169226,0.277,0.277,best,True
Unknown,N/A,N/A,12.912342482898982,80.14318677316858,110,12.9096616931119,80.14261330169226,0.666,0.317,best,True
Unknown,N/A,N/A,12.91232511222818,80.14098934035047,110,12.9096616931119,80.14261330169226,0.544,0.544,best,True
Unknown,N/A,N/A,12.905577381549811,80.14599936319495,110,12.9096616931119,80.14261330169226,0.791,0.792,best,True
Unknown,N/A,N/A,12.9082059,80.13971819999999,110,12.9096616931119,80.14261330169226,0.512,0.512,best,True
Unknown,N/A,N/A,12.8307847,80.0456974,111,12.831077746904137,80.04555203125939,0.067,0.067,best,True
Unknown,N/A,N/A,12.83128356690587,80.044793865278,111,12.831077746904137,80.04555203125939,0.085,0.085,best,True
Unknown,N/A,N/A,13.042569757562717,80.1935726602771,112,13.042080443924103,80.19406710442061,0.188,0.188,best,True
Unknown,N/A,N/A,13.04178687863172,80.19342253314517,112,13.042080443924103,80.19406710442061,0.11,0.11,best,True
Unknown,N/A,N/A,13.0418584,80.1939078,112,13.042080443924103,80.19406710442061,0.055,0.055,best,True
Unknown,N/A,N/A,13.041830818222296,80.1932917503869,112,13.042080443924103,80.19406710442061,0.105,0.105,best,True
Unknown,N/A,N/A,13.042689337672684,80.1953344420293,112,13.042080443924103,80.19406710442061,0.206,0.206,best,True
Unknown,N/A,N/A,13.0417685,80.19341539999999,112,13.042080443924103,80.19406710442061,0.112,0.112,best,True
Unknown,N/A,N/A,13.041812434350676,80.19339882229733,112,13.042080443924103,80.19406710442061,0.105,0.105,best,True
Unknown,N/A,N/A,13.044864,80.1960282,112,13.042080443924103,80.19406710442061,0.736,0.736,best,True
Unknown,N/A,N/A,13.04187813943848,80.19341674299378,112,13.042080443924103,80.19406710442061,0.109,0.109,best,True
Unknown,N/A,N/A,13.041835470816537,80.1934094952546,112,13.042080443924103,80.19406710442061,0.105,0.105,best,True
Unknown,N/A,N/A,13.0418584,80.1939078,112,13.042080443924103,80.19406710442061,0.055,0.055,best,True
Unknown,N/A,N/A,13.04181953128467,80.19339516280202,112,13.042080443924103,80.19406710442061,0.105,0.105,best,True
Unknown,N/A,N/A,13.040474103033542,80.19637154828162,112,13.042080443924103,80.19406710442061,0.494,0.494,best,True
Unknown,N/A,N/A,13.038174451167276,80.19277095794678,113,13.037478895309754,80.19386446381642,0.739,0.176,best,True
Unknown,N/A,N/A,13.038077371773236,80.19272961069103,113,13.037478895309754,80.19386446381642,0.75,0.166,best,True
Unknown,N/A,N/A,13.0380448,80.1927267,113,13.037478895309754,80.19386446381642,0.753,0.162,best,True
Unknown,N/A,N/A,13.037072913698912,80.19636432581471,113,13.037478895309754,80.19386446381642,0.275,0.275,best,True
Unknown,N/A,N/A,13.037231463413262,80.19615221066131,113,13.037478895309754,80.19386446381642,0.283,0.283,best,True
Unknown,N/A,N/A,13.037126292451354,80.19625279943122,113,13.037478895309754,80.19386446381642,0.261,0.261,best,True
Unknown,N/A,N/A,13.036947034817944,80.19619374539613,113,13.037478895309754,80.19386446381642,0.283,0.283,best,True
Unknown,N/A,N/A,13.0380448,80.1927267,113,13.037478895309754,80.19386446381642,0.753,0.162,best,True
Unknown,N/A,N/A,13.0380448,80.1927267,113,13.037478895309754,80.19386446381642,0.753,0.162,best,True
Unknown,N/A,N/A,13.0380448,80.1927267,113,13.037478895309754,80.19386446381642,0.753,0.162,best,True
Unknown,N/A,N/A,13.0388246,80.1916145,113,13.037478895309754,80.19386446381642,0.959,0.436,best,True
Unknown,N/A,N/A,13.0379733,80.192305,113,13.037478895309754,80.19386446381642,0.727,0.203,best,True
Unknown,N/A,N/A,13.037945947668044,80.1948554945057,113,13.037478895309754,80.19386446381642,0.5,0.5,best,True
Unknown,N/A,N/A,13.038159844131831,80.19283919850265,113,13.037478895309754,80.19386446381642,0.692,0.169,best,True
Unknown,N/A,N/A,13.038222385698957,80.19273455169409,113,13.037478895309754,80.19386446381642,0.734,0.181,best,True
Unknown,N/A,N/A,13.03383589716275,80.19778642062879,113,13.037478895309754,80.19386446381642,0.817,0.804,best,True
Unknown,N/A,N/A,13.038158640233709,80.1927257940145,113,13.037478895309754,80.19386446381642,0.743,0.172,best,True
Unknown,N/A,N/A,13.038261903230923,80.19274652439047,113,13.037478895309754,80.19386446381642,0.73,0.186,best,True
Unknown,N/A,N/A,12.9213919,80.1975877,114,12.922228831752099,80.19805590976749,0.337,0.237,best,True
Unknown,N/A,N/A,12.9213919,80.1975877,114,12.922228831752099,80.19805590976749,0.337,0.237,best,True
Unknown,N/A,N/A,12.9213919,80.1975877,114,12.922228831752099,80.19805590976749,0.337,0.237,best,True
Unknown,N/A,N/A,12.92160644256398,80.19738022383422,114,12.922228831752099,80.19805590976749,0.356,0.219,best,True
Unknown,N/A,N/A,12.921891857970598,80.19739084849549,114,12.922228831752099,80.19805590976749,0.236,0.236,best,True
Unknown,N/A,N/A,12.9227730774814,80.19730907848957,114,12.922228831752099,80.19805590976749,0.428,0.333,best,True
Unknown,N/A,N/A,12.9213919,80.1975877,114,12.922228831752099,80.19805590976749,0.337,0.237,best,True
Unknown,N/A,N/A,12.9213919,80.1975877,114,12.922228831752099,80.19805590976749,0.337,0.237,best,True
Unknown,N/A,N/A,12.9264037,80.1963187,114,12.922228831752099,80.19805590976749,0.89,0.825,best,True
Unknown,N/A,N/A,12.9969765,80.0961198,115,12.99756849821202,80.0966833299645,0.077,0.077,best,True
Unknown,N/A,N/A,12.99785359363248,80.09669838991448,115,12.99756849821202,80.0966833299645,0.074,0.074,best,True
Unknown,N/A,N/A,12.997668,80.0972003,115,12.99756849821202,80.0966833299645,0.059,0.059,best,True
Unknown,N/A,N/A,12.991179111695468,80.09499660830569,115,12.99756849821202,80.0966833299645,0.746,0.746,best,True
Unknown,N/A,N/A,12.9983313,80.0964315,115,12.99756849821202,80.0966833299645,0.128,0.128,best,True
Unknown,N/A,N/A,12.997402887742886,80.09610797283993,115,12.99756849821202,80.0966833299645,0.06,0.06,best,True
Unknown,N/A,N/A,12.997418240123876,80.09594879685058,115,12.99756849821202,80.0966833299645,0.077,0.077,best,True
Unknown,N/A,N/A,12.99741362561062,80.09634185336492,115,12.99756849821202,80.0966833299645,0.035,0.035,best,True
Unknown,N/A,N/A,12.9969765,80.0961198,115,12.99756849821202,80.0966833299645,0.077,0.077,best,True
Unknown,N/A,N/A,12.998008559962583,80.0966094688457,115,12.99756849821202,80.0966833299645,0.09,0.09,best,True
Unknown,N/A,N/A,12.99808802881724,80.09663925650688,115,12.99756849821202,80.0966833299645,0.099,0.099,best,True
Unknown,N/A,N/A,12.998079751919098,80.09662565389459,115,12.99756849821202,80.0966833299645,0.098,0.098,best,True
Unknown,N/A,N/A,12.998288742845624,80.09680280799599,115,12.99756849821202,80.0966833299645,0.339,0.141,best,True
Unknown,N/A,N/A,12.998200048461678,80.09661289661628,115,12.99756849821202,80.0966833299645,0.11,0.11,best,True
Unknown,N/A,N/A,12.9970418,80.09654599999999,115,12.99756849821202,80.0966833299645,0.064,0.064,best,True
Unknown,N/A,N/A,12.9976853,80.0936907,115,12.99756849821202,80.0966833299645,0.331,0.331,best,True
Unknown,N/A,N/A,12.997912746480438,80.09659141231771,115,12.99756849821202,80.0966833299645,0.079,0.079,best,True
Unknown,N/A,N/A,12.997422577651708,80.09576079763822,115,12.99756849821202,80.0966833299645,0.098,0.098,best,True
Unknown,N/A,N/A,12.997501871833178,80.09624920426025,115,12.99756849821202,80.0966833299645,0.046,0.046,best,True
Unknown,N/A,N/A,13.0013489,80.09260139999999,116,12.999915366666665,80.09165458333332,0.513,0.463,best,True
Unknown,N/A,N/A,13.0019844,80.0912845,116,12.999915366666665,80.09165458333332,0.49,0.44,best,True
Unknown,N/A,N/A,13.0013489,80.09260139999999,116,12.999915366666665,80.09165458333332,0.513,0.463,best,True
Unknown,N/A,N/A,13.0013489,80.09260139999999,116,12.999915366666665,80.09165458333332,0.513,0.463,best,True
Unknown,N/A,N/A,13.0013489,80.09260139999999,116,12.999915366666665,80.09165458333332,0.513,0.463,best,True
Unknown,N/A,N/A,13.150824012554194,80.19165839457882,117,13.154691389839257,80.19461688641859,0.786,0.579,best,True
Unknown,N/A,N/A,13.150703105498849,80.19151488152718,117,13.154691389839257,80.19461688641859,0.765,0.6,best,True
Unknown,N/A,N/A,13.1568679,80.195437,117,13.154691389839257,80.19461688641859,0.912,0.652,best,True
Unknown,N/A,N/A,13.153793624034568,80.19607109024354,117,13.154691389839257,80.19461688641859,0.422,0.422,best,True
Unknown,N/A,N/A,13.157749079341748,80.19674350981647,117,13.154691389839257,80.19461688641859,0.672,0.672,best,True
Unknown,N/A,N/A,13.156536879026222,80.19739375348378,117,13.154691389839257,80.19461688641859,0.605,0.605,best,True
Unknown,N/A,N/A,13.150478461461516,80.19117616501742,117,13.154691389839257,80.19461688641859,0.721,0.644,best,True
Unknown,N/A,N/A,13.1579957,80.1970565,117,13.154691389839257,80.19461688641859,0.712,0.712,best,True
Unknown,N/A,N/A,13.0437611,80.0534959,118,13.045315567395901,80.05252754363867,0.247,0.246,best,True
Unknown,N/A,N/A,13.04241112865198,80.05319137910155,118,13.045315567395901,80.05252754363867,0.393,0.388,best,True
Unknown,N/A,N/A,13.0477953,80.0521885,118,13.045315567395901,80.05252754363867,0.661,0.564,best,True
Unknown,N/A,N/A,13.0477727,80.0525656,118,13.045315567395901,80.05252754363867,0.765,0.668,best,True
Unknown,N/A,N/A,13.047118682336006,80.05216454106763,118,13.045315567395901,80.05252754363867,0.607,0.307,best,True
Unknown,N/A,N/A,13.043381126028336,80.05284583484709,118,13.045315567395901,80.05252754363867,0.25,0.246,best,True
Unknown,N/A,N/A,13.14262354378811,79.90135187346966,119,13.145454735896857,79.90003524089674,0.628,0.628,best,True
Unknown,N/A,N/A,13.1441076,79.8988313,119,13.145454735896857,79.90003524089674,0.309,0.309,best,True
Unknown,N/A,N/A,13.1441076,79.8988313,119,13.145454735896857,79.90003524089674,0.309,0.309,best,True
Unknown,N/A,N/A,13.147199,79.895017,119,13.145454735896857,79.90003524089674,0.958,0.874,best,True
Unknown,N/A,N/A,12.80551768619144,79.76351358935624,120,12.80452779774714,79.76662916153514,0.488,0.488,best,True
Unknown,N/A,N/A,12.80432298561608,79.76856735487935,120,12.80452779774714,79.76662916153514,0.211,0.211,best,True
Unknown,N/A,N/A,12.804544,79.7640426,120,12.80452779774714,79.76662916153514,0.413,0.413,best,True
Unknown,N/A,N/A,12.804274555878644,79.76865525229626,120,12.80452779774714,79.76662916153514,0.221,0.221,best,True
Unknown,N/A,N/A,12.804544,79.7640426,120,12.80452779774714,79.76662916153514,0.413,0.413,best,True
Unknown,N/A,N/A,12.804694879165774,79.76680497019449,120,12.80452779774714,79.76662916153514,0.026,0.026,best,True
Unknown,N/A,N/A,12.804292966939824,79.7686105161477,120,12.80452779774714,79.76662916153514,0.216,0.216,best,True
Unknown,N/A,N/A,12.8049443,79.7671032,120,12.80452779774714,79.76662916153514,0.056,0.056,best,True
Unknown,N/A,N/A,12.8046406,79.7689003,120,12.80452779774714,79.76662916153514,0.278,0.278,best,True
Unknown,N/A,N/A,13.1252341,79.96606609999999,121,13.131051135242918,79.96537187936305,0.796,0.831,best,True
Unknown,N/A,N/A,13.1340551,79.9680544,121,13.131051135242918,79.96537187936305,0.767,0.767,best,True
Unknown,N/A,N/A,13.129603449236203,79.96566128358218,121,13.131051135242918,79.96537187936305,0.194,0.194,best,True
Unknown,N/A,N/A,13.129014001519025,79.97162056310422,121,13.131051135242918,79.96537187936305,0.824,0.824,best,True
Unknown,N/A,N/A,13.1324996,79.9678049,121,13.131051135242918,79.96537187936305,0.603,0.603,best,True
Unknown,N/A,N/A,13.129945239453082,79.96584910978105,121,13.131051135242918,79.96537187936305,0.156,0.156,best,True
Unknown,N/A,N/A,13.132260032320216,79.95858894191963,121,13.131051135242918,79.96537187936305,0.882,0.882,best,True
Unknown,N/A,N/A,13.132291606211393,79.95864403441679,121,13.131051135242918,79.96537187936305,0.87,0.87,best,True
Unknown,N/A,N/A,13.0786806,80.1206782,122,13.078093492060939,80.12400973069835,0.587,0.587,best,True
Unknown,N/A,N/A,13.076872702988611,80.12535826950531,122,13.078093492060939,80.12400973069835,0.354,0.354,best,True
Unknown,N/A,N/A,13.080788241103182,80.12595824601514,122,13.078093492060939,80.12400973069835,0.446,0.446,best,True
Unknown,N/A,N/A,13.078169243330857,80.12544781551289,122,13.078093492060939,80.12400973069835,0.209,0.209,best,True
Unknown,N/A,N/A,13.075956672882045,80.12260612245838,122,13.078093492060939,80.12400973069835,0.976,0.496,best,True
Unknown,N/A,N/A,13.1248397,80.21330809999999,123,13.124450215286773,80.21223504773687,0.586,0.586,best,True
Unknown,N/A,N/A,13.1238043,80.2120047,123,13.124450215286773,80.21223504773687,0.094,0.094,best,True
Unknown,N/A,N/A,13.123637368470876,80.21678974192746,123,13.124450215286773,80.21223504773687,0.698,0.698,best,True
Unknown,N/A,N/A,13.1239583,80.2121332,123,13.124450215286773,80.21223504773687,0.114,0.114,best,True
Unknown,N/A,N/A,13.123901405763505,80.21214730413283,123,13.124450215286773,80.21223504773687,0.114,0.114,best,True
Unknown,N/A,N/A,13.124701809003598,80.2097579648913,123,13.124450215286773,80.21223504773687,0.534,0.412,best,True
Unknown,N/A,N/A,13.124006524511072,80.21214909059873,123,13.124450215286773,80.21223504773687,0.117,0.117,best,True
Unknown,N/A,N/A,13.124460956364471,80.21259061299808,123,13.124450215286773,80.21223504773687,0.038,0.038,best,True
Unknown,N/A,N/A,13.12728045798311,80.21050874107316,123,13.124450215286773,80.21223504773687,0.496,0.496,best,True
Unknown,N/A,N/A,13.1225699,80.2155535,123,13.124450215286773,80.21223504773687,0.72,0.695,best,True
Unknown,N/A,N/A,13.1239583,80.2121332,123,13.124450215286773,80.21223504773687,0.114,0.114,best,True
Unknown,N/A,N/A,13.1238068355804,80.2121000341218,123,13.124450215286773,80.21223504773687,0.135,0.135,best,True
Unknown,N/A,N/A,13.1239583,80.2121332,123,13.124450215286773,80.21223504773687,0.114,0.114,best,True
Unknown,N/A,N/A,13.124184720099809,80.21018545894862,123,13.124450215286773,80.21223504773687,0.518,0.433,best,True
Unknown,N/A,N/A,13.127532570366158,80.21728966618609,124,13.129222705476456,80.2151497652594,0.295,0.295,best,True
Unknown,N/A,N/A,13.127142,80.2164499,124,13.129222705476456,80.2151497652594,0.305,0.305,best,True
Unknown,N/A,N/A,13.127433011183264,80.2174569358557,124,13.129222705476456,80.2151497652594,0.321,0.321,best,True
Unknown,N/A,N/A,13.12727806099852,80.21759833448354,124,13.129222705476456,80.2151497652594,0.352,0.352,best,True
Unknown,N/A,N/A,13.128227613604462,80.21558812778643,124,13.129222705476456,80.2151497652594,0.207,0.207,best,True
Unknown,N/A,N/A,13.127367892967678,80.21729183017024,124,13.129222705476456,80.2151497652594,0.306,0.306,best,True
Unknown,N/A,N/A,13.047976572733996,80.20355519884917,125,13.050409984231257,80.20161325731209,0.902,0.522,best,True
Unknown,N/A,N/A,13.0480946,80.1999451,125,13.050409984231257,80.20161325731209,0.72,0.72,best,True
Unknown,N/A,N/A,13.047565412948083,80.19967428168043,125,13.050409984231257,80.20161325731209,0.643,0.643,best,True
Unknown,N/A,N/A,13.0494007,80.20301409999999,125,13.050409984231257,80.20161325731209,0.788,0.788,best,True
Unknown,N/A,N/A,13.052115600596313,80.20402219371887,125,13.050409984231257,80.20161325731209,0.603,0.603,best,True
Unknown,N/A,N/A,13.0487958,80.20391819999999,125,13.050409984231257,80.20161325731209,0.775,0.648,best,True
Unknown,N/A,N/A,13.05247095668235,80.20248797016237,125,13.050409984231257,80.20161325731209,0.457,0.457,best,True
Unknown,N/A,N/A,13.05247095668235,80.20248797016237,125,13.050409984231257,80.20161325731209,0.457,0.457,best,True
Unknown,N/A,N/A,13.0517578,80.2003063,125,13.050409984231257,80.20161325731209,0.348,0.348,best,True
Unknown,N/A,N/A,13.051820030786494,80.20397970901188,125,13.050409984231257,80.20161325731209,0.565,0.558,best,True
Unknown,N/A,N/A,13.0525311,80.19831719999999,125,13.050409984231257,80.20161325731209,0.648,0.648,best,True
Unknown,N/A,N/A,13.052020664576723,80.19972802147224,125,13.050409984231257,80.20161325731209,0.444,0.444,best,True
Unknown,N/A,N/A,13.0483096,80.1995361,125,13.050409984231257,80.20161325731209,0.788,0.788,best,True
Unknown,N/A,N/A,13.05347795728981,80.20135867682738,126,13.055301565674652,80.20177486810867,0.788,0.472,best,True
Unknown,N/A,N/A,13.054424307640986,80.204060100447,126,13.055301565674652,80.20177486810867,0.375,0.375,best,True
Unknown,N/A,N/A,13.056423401642766,80.20228925405702,126,13.055301565674652,80.20177486810867,0.206,0.206,best,True
Unknown,N/A,N/A,13.0547493,80.2039025,126,13.055301565674652,80.20177486810867,0.328,0.328,best,True
Unknown,N/A,N/A,13.0582157,80.20284889999999,126,13.055301565674652,80.20177486810867,0.752,0.518,best,True
Unknown,N/A,N/A,13.0545488,80.2011306,126,13.055301565674652,80.20177486810867,0.693,0.328,best,True
Unknown,N/A,N/A,13.0592534,80.2020051,126,13.055301565674652,80.20177486810867,0.586,0.586,best,True
Unknown,N/A,N/A,13.0575075,80.2019044,126,13.055301565674652,80.20177486810867,0.335,0.335,best,True
Unknown,N/A,N/A,13.05472,80.2012632,126,13.055301565674652,80.20177486810867,0.304,0.304,best,True
Unknown,N/A,N/A,13.0543050714204,80.20398881022163,126,13.055301565674652,80.20177486810867,0.382,0.382,best,True
Unknown,N/A,N/A,13.054353229954373,80.20410492925761,126,13.055301565674652,80.20177486810867,0.372,0.372,best,True
Unknown,N/A,N/A,13.0588074,80.20193569999999,126,13.055301565674652,80.20177486810867,0.527,0.527,best,True
Unknown,N/A,N/A,13.05443770595101,80.20408873106774,126,13.055301565674652,80.20177486810867,0.372,0.372,best,True
Unknown,N/A,N/A,13.05448136989982,80.19990935756866,126,13.055301565674652,80.20177486810867,0.95,0.569,best,True
Unknown,N/A,N/A,13.053778967633194,80.19972763982209,126,13.055301565674652,80.20177486810867,0.926,0.561,best,True
Unknown,N/A,N/A,13.054572674687734,80.20125552932885,126,13.055301565674652,80.20177486810867,0.679,0.331,best,True
Unknown,N/A,N/A,13.053658934452248,80.19974272346171,126,13.055301565674652,80.20177486810867,0.939,0.574,best,True
Unknown,N/A,N/A,13.080788284375329,80.16419293260192,127,13.080504086027563,80.16307724455683,0.125,0.125,best,True
Unknown,N/A,N/A,13.080681549832152,80.16404971871066,127,13.080504086027563,80.16307724455683,0.107,0.107,best,True
Unknown,N/A,N/A,13.0806487,80.1618568,127,13.080504086027563,80.16307724455683,0.137,0.137,best,True
Unknown,N/A,N/A,13.079959563040036,80.16162983355129,127,13.080504086027563,80.16307724455683,0.218,0.221,best,True
Unknown,N/A,N/A,13.079161266828924,80.16157161992601,127,13.080504086027563,80.16307724455683,0.307,0.31,best,True
Unknown,N/A,N/A,13.080292324869117,80.16165174772715,127,13.080504086027563,80.16307724455683,0.181,0.184,best,True
Unknown,N/A,N/A,13.0807704,80.16441979999999,127,13.080504086027563,80.16307724455683,0.148,0.148,best,True
Unknown,N/A,N/A,13.0806487,80.1618568,127,13.080504086027563,80.16307724455683,0.137,0.137,best,True
Unknown,N/A,N/A,13.080940417019791,80.1646436594076,127,13.080504086027563,80.16307724455683,0.177,0.177,best,True
Unknown,N/A,N/A,13.079997815964663,80.16155126036304,127,13.080504086027563,80.16307724455683,0.214,0.217,best,True
Unknown,N/A,N/A,13.080348251703288,80.16174539749298,127,13.080504086027563,80.16307724455683,0.145,0.134,best,True
Unknown,N/A,N/A,13.080387000418629,80.16243801770085,127,13.080504086027563,80.16307724455683,0.603,0.071,best,True
Unknown,N/A,N/A,13.081080284655885,80.16094376686169,127,13.080504086027563,80.16307724455683,0.297,0.3,best,True
Unknown,N/A,N/A,13.0807704,80.16441979999999,127,13.080504086027563,80.16307724455683,0.148,0.148,best,True
Unknown,N/A,N/A,13.08021022367498,80.16165348826212,127,13.080504086027563,80.16307724455683,0.19,0.193,best,True
Unknown,N/A,N/A,13.080811059833792,80.1643783977683,127,13.080504086027563,80.16307724455683,0.145,0.145,best,True
Unknown,N/A,N/A,13.080725445155336,80.16420431542169,127,13.080504086027563,80.16307724455683,0.124,0.124,best,True
Unknown,N/A,N/A,13.0800045,80.1640588,127,13.080504086027563,80.16307724455683,0.349,0.336,best,True
Unknown,N/A,N/A,13.0807704,80.16441979999999,127,13.080504086027563,80.16307724455683,0.148,0.148,best,True
Unknown,N/A,N/A,13.0807704,80.16441979999999,127,13.080504086027563,80.16307724455683,0.148,0.148,best,True
Unknown,N/A,N/A,13.080818819206936,80.1645163798983,127,13.080504086027563,80.16307724455683,0.159,0.159,best,True
Unknown,N/A,N/A,13.081548409078746,80.16697309886054,128,13.081707586311222,80.16698542847341,0.022,0.022,best,True
Unknown,N/A,N/A,13.081513,80.16696979999999,128,13.081707586311222,80.16698542847341,0.026,0.026,best,True
Unknown,N/A,N/A,13.084530023192082,80.16585538066514,128,13.081707586311222,80.16698542847341,0.433,0.434,best,True
Unknown,N/A,N/A,13.081513,80.16696979999999,128,13.081707586311222,80.16698542847341,0.026,0.026,best,True
Unknown,N/A,N/A,13.081559428157131,80.1668802369499,128,13.081707586311222,80.16698542847341,0.167,0.023,best,True
Unknown,N/A,N/A,13.081513,80.16696979999999,128,13.081707586311222,80.16698542847341,0.026,0.026,best,True
Unknown,N/A,N/A,13.081513,80.16696979999999,128,13.081707586311222,80.16698542847341,0.026,0.026,best,True
Unknown,N/A,N/A,13.081513,80.16696979999999,128,13.081707586311222,80.16698542847341,0.026,0.026,best,True
Unknown,N/A,N/A,13.0814762,80.1669512,128,13.081707586311222,80.16698542847341,0.03,0.03,best,True
Unknown,N/A,N/A,13.0814762,80.1669512,128,13.081707586311222,80.16698542847341,0.03,0.03,best,True
Unknown,N/A,N/A,13.0814762,80.1669512,128,13.081707586311222,80.16698542847341,0.03,0.03,best,True
Unknown,N/A,N/A,13.0814762,80.1669512,128,13.081707586311222,80.16698542847341,0.03,0.03,best,True
Unknown,N/A,N/A,13.0814762,80.1669512,128,13.081707586311222,80.16698542847341,0.03,0.03,best,True
Unknown,N/A,N/A,13.081484662185735,80.16698803325673,128,13.081707586311222,80.16698542847341,0.03,0.03,best,True
Unknown,N/A,N/A,13.085840440114064,80.16772139571553,128,13.081707586311222,80.16698542847341,0.906,0.963,best,True
Unknown,N/A,N/A,13.0810062,80.1674173,128,13.081707586311222,80.16698542847341,0.38,0.359,best,True
Unknown,N/A,N/A,13.0814762,80.1669512,128,13.081707586311222,80.16698542847341,0.03,0.03,best,True
Unknown,N/A,N/A,13.0814762,80.1669512,128,13.081707586311222,80.16698542847341,0.03,0.03,best,True
Unknown,N/A,N/A,13.080807324459196,80.16751173584099,128,13.081707586311222,80.16698542847341,0.404,0.384,best,True
Unknown,N/A,N/A,13.08147975326898,80.1670479843885,128,13.081707586311222,80.16698542847341,0.032,0.032,best,True
Unknown,N/A,N/A,13.08151638330123,80.16691637380504,128,13.081707586311222,80.16698542847341,0.024,0.024,best,True
Unknown,N/A,N/A,13.0814762,80.1669512,128,13.081707586311222,80.16698542847341,0.03,0.03,best,True
Unknown,N/A,N/A,13.08158236569824,80.16698725225307,128,13.081707586311222,80.16698542847341,0.023,0.023,best,True
Unknown,N/A,N/A,13.0818914,80.1679107,128,13.081707586311222,80.16698542847341,0.129,0.109,best,True
Unknown,N/A,N/A,13.081678809055234,80.16671012202846,128,13.081707586311222,80.16698542847341,0.03,0.03,best,True
Unknown,N/A,N/A,13.0814762,80.1669512,128,13.081707586311222,80.16698542847341,0.03,0.03,best,True
Unknown,N/A,N/A,13.0814762,80.1669512,128,13.081707586311222,80.16698542847341,0.03,0.03,best,True
Unknown,N/A,N/A,13.0814762,80.1669512,128,13.081707586311222,80.16698542847341,0.03,0.03,best,True
Unknown,N/A,N/A,13.0814762,80.1669512,128,13.081707586311222,80.16698542847341,0.03,0.03,best,True
Unknown,N/A,N/A,13.0814762,80.1669512,128,13.081707586311222,80.16698542847341,0.03,0.03,best,True
Unknown,N/A,N/A,13.081948536070882,80.1665167543326,128,13.081707586311222,80.16698542847341,0.086,0.086,best,True
Unknown,N/A,N/A,13.0814762,80.1669512,128,13.081707586311222,80.16698542847341,0.03,0.03,best,True
Unknown,N/A,N/A,13.0814762,80.1669512,128,13.081707586311222,80.16698542847341,0.03,0.03,best,True
Unknown,N/A,N/A,13.0814762,80.1669512,128,13.081707586311222,80.16698542847341,0.03,0.03,best,True
Unknown,N/A,N/A,13.089192,80.1613047,129,13.089382510728385,80.16108586064831,0.024,0.024,best,True
Unknown,N/A,N/A,13.089192,80.1613047,129,13.089382510728385,80.16108586064831,0.024,0.024,best,True
Unknown,N/A,N/A,13.088978142913534,80.16092974259328,129,13.089382510728385,80.16108586064831,0.047,0.047,best,True
Unknown,N/A,N/A,13.0901679,80.1608043,129,13.089382510728385,80.16108586064831,0.107,0.107,best,True
Unknown,N/A,N/A,13.0845182,80.1621332,130,13.084282236405759,80.1620426884617,0.056,0.056,best,True
Unknown,N/A,N/A,13.085000611742036,80.16187778882671,130,13.084282236405759,80.1620426884617,0.175,0.175,best,True
Unknown,N/A,N/A,13.084500733881004,80.16287826502008,130,13.084282236405759,80.1620426884617,0.098,0.098,best,True
Unknown,N/A,N/A,12.8343379,79.71522569999999,131,12.837636002952067,79.71890349332885,0.983,0.943,best,True
Unknown,N/A,N/A,12.841096700023009,79.71889423058624,131,12.837636002952067,79.71890349332885,0.6,0.6,best,True
Unknown,N/A,N/A,12.8390596,79.7228102,131,12.837636002952067,79.71890349332885,0.864,0.864,best,True
Unknown,N/A,N/A,12.838004037363005,79.71296193868857,131,12.837636002952067,79.71890349332885,0.887,0.887,best,True
Unknown,N/A,N/A,12.8392405,79.7191293,131,12.837636002952067,79.71890349332885,0.531,0.531,best,True
Unknown,N/A,N/A,12.841356,79.7187787,131,12.837636002952067,79.71890349332885,0.654,0.654,best,True
Unknown,N/A,N/A,12.841939939267895,79.71657394022883,131,12.837636002952067,79.71890349332885,0.708,0.708,best,True
Unknown,N/A,N/A,12.8356949,79.7162918,131,12.837636002952067,79.71890349332885,0.893,0.853,best,True
Unknown,N/A,N/A,13.035603083806311,80.23945333956837,133,13.033261653250035,80.23905309958269,0.522,0.646,best,True
Unknown,N/A,N/A,13.035213595153731,80.24122604710617,133,13.033261653250035,80.23905309958269,0.704,0.829,best,True
Unknown,N/A,N/A,13.035241,80.2348738,133,13.033261653250035,80.23905309958269,0.973,0.765,best,True
Unknown,N/A,N/A,13.030591,80.233544,134,13.02985615514777,80.2324480916978,0.217,0.186,best,True
Unknown,N/A,N/A,13.030319118763911,80.23591347923734,134,13.02985615514777,80.2324480916978,0.612,0.487,best,True
Unknown,N/A,N/A,13.0293941,80.2323052,134,13.02985615514777,80.2324480916978,0.101,0.101,best,True
Unknown,N/A,N/A,13.032465882854789,80.2348278185657,134,13.02985615514777,80.2324480916978,0.538,0.524,best,True
Unknown,N/A,N/A,13.0300327,80.2306347,134,13.02985615514777,80.2324480916978,0.808,0.472,best,True
Unknown,N/A,N/A,13.0297239,80.23375279999999,134,13.02985615514777,80.2324480916978,0.161,0.161,best,True
Unknown,N/A,N/A,13.0331204,80.23402089999999,134,13.02985615514777,80.2324480916978,0.538,0.525,best,True
Unknown,N/A,N/A,13.02857513905196,80.23268206511437,134,13.02985615514777,80.2324480916978,0.175,0.175,best,True
Unknown,N/A,N/A,13.0300327,80.2306347,134,13.02985615514777,80.2324480916978,0.808,0.472,best,True
Unknown,N/A,N/A,12.949550255422276,80.25467946715037,135,12.951200953170845,80.25486511580222,0.22,0.22,best,True
Unknown,N/A,N/A,12.954432946246596,80.25526652081784,135,12.951200953170845,80.25486511580222,0.644,0.378,best,True
Unknown,N/A,N/A,12.94961965784366,80.25464935943847,135,12.951200953170845,80.25486511580222,0.225,0.225,best,True
Unknown,N/A,N/A,13.10401676535999,80.20660889740584,137,13.103729196959094,80.20798097055048,0.137,0.137,best,True
Unknown,N/A,N/A,13.1064044,80.2074017,137,13.103729196959094,80.20798097055048,0.719,0.366,best,True
Unknown,N/A,N/A,13.1080753,80.2068771,137,13.103729196959094,80.20798097055048,0.955,0.603,best,True
Unknown,N/A,N/A,13.1080039,80.2146743,138,13.105572130265635,80.2138913873791,0.963,0.392,best,True
Unknown,N/A,N/A,13.1045808,80.2132127,138,13.105572130265635,80.2138913873791,0.188,0.188,best,True
Unknown,N/A,N/A,13.1070217,80.2145556,138,13.105572130265635,80.2138913873791,0.278,0.278,best,True
Unknown,N/A,N/A,13.105578,80.214664,138,13.105572130265635,80.2138913873791,0.307,0.262,best,True
Unknown,N/A,N/A,13.103495062893588,80.21336871031478,138,13.105572130265635,80.2138913873791,0.843,0.473,best,True
Unknown,N/A,N/A,13.1074416,80.2148047,138,13.105572130265635,80.2138913873791,0.352,0.352,best,True
Unknown,N/A,N/A,13.1065665,80.21367710000001,138,13.105572130265635,80.2138913873791,0.119,0.119,best,True
Unknown,N/A,N/A,12.93395568366131,80.12959682556377,140,12.934682450458126,80.12640354865346,0.955,0.955,best,True
Unknown,N/A,N/A,12.9339492,80.1242181,140,12.934682450458126,80.12640354865346,0.615,0.584,best,True
Unknown,N/A,N/A,12.937363892763225,80.12242412936025,140,12.934682450458126,80.12640354865346,0.802,0.771,best,True
Unknown,N/A,N/A,12.9341899,80.1228658,140,12.934682450458126,80.12640354865346,0.965,0.79,best,True
Unknown,N/A,N/A,12.933947820223876,80.12429236332092,140,12.934682450458126,80.12640354865346,0.607,0.576,best,True
Unknown,N/A,N/A,12.933959500922342,80.12437272226306,140,12.934682450458126,80.12640354865346,0.598,0.567,best,True
Unknown,N/A,N/A,12.936130310942447,80.12737593713477,140,12.934682450458126,80.12640354865346,0.198,0.2,best,True
Unknown,N/A,N/A,12.934719701196643,80.12487035777298,140,12.934682450458126,80.12640354865346,0.517,0.486,best,True
Unknown,N/A,N/A,12.935869129611865,80.12705758086942,140,12.934682450458126,80.12640354865346,0.146,0.146,best,True
Unknown,N/A,N/A,12.93497757219939,80.12407942802815,140,12.934682450458126,80.12640354865346,0.607,0.577,best,True
Unknown,N/A,N/A,12.9349450478163,80.12410968236492,140,12.934682450458126,80.12640354865346,0.603,0.572,best,True
Unknown,N/A,N/A,12.935771269188107,80.12711605709539,140,12.934682450458126,80.12640354865346,0.142,0.142,best,True
Unknown,N/A,N/A,13.1511743,79.8244467,141,13.1518166,79.82277074999999,0.278,0.278,best,True
Unknown,N/A,N/A,13.1524589,79.8210948,141,13.1518166,79.82277074999999,0.195,0.195,best,True
Unknown,N/A,N/A,13.0907924,80.14469009999999,142,13.092458228000943,80.14528198405918,0.341,0.341,best,True
Unknown,N/A,N/A,13.093264699492348,80.14649891027057,142,13.092458228000943,80.14528198405918,0.218,0.22,best,True
Unknown,N/A,N/A,13.09325248531875,80.14649660279252,142,13.092458228000943,80.14528198405918,0.218,0.221,best,True
Unknown,N/A,N/A,13.0910324,80.144042,142,13.092458228000943,80.14528198405918,0.345,0.345,best,True
Unknown,N/A,N/A,13.094658878926564,80.14433640032941,142,13.092458228000943,80.14528198405918,0.34,0.34,best,True
Unknown,N/A,N/A,13.094816803289383,80.14550635089955,142,13.092458228000943,80.14528198405918,0.375,0.318,best,True
Unknown,N/A,N/A,13.090847377383325,80.1465796863083,142,13.092458228000943,80.14528198405918,0.316,0.313,best,True
Unknown,N/A,N/A,13.0898426,80.14293719999999,142,13.092458228000943,80.14528198405918,0.862,0.57,best,True
Unknown,N/A,N/A,13.09361640759812,80.14645060593223,142,13.092458228000943,80.14528198405918,0.259,0.259,best,True
Unknown,N/A,N/A,13.0973224,80.1424424,143,13.09762194248273,80.14679662321358,0.481,0.481,best,True
Unknown,N/A,N/A,13.0974776,80.1466755,143,13.09762194248273,80.14679662321358,0.016,0.016,best,True
Unknown,N/A,N/A,13.097398933892332,80.14693484681311,143,13.09762194248273,80.14679662321358,0.019,0.019,best,True
Unknown,N/A,N/A,13.09762235225452,80.1468145587584,143,13.09762194248273,80.14679662321358,0.002,0.002,best,True
Unknown,N/A,N/A,13.097569363472712,80.14684452574325,143,13.09762194248273,80.14679662321358,0.001,0.001,best,True
Unknown,N/A,N/A,13.09594984485168,80.14522704622297,143,13.09762194248273,80.14679662321358,0.582,0.416,best,True
Unknown,N/A,N/A,13.10322347967362,80.1503577667177,143,13.09762194248273,80.14679662321358,0.748,0.748,best,True
Unknown,N/A,N/A,13.09744804989135,80.14660940369725,143,13.09762194248273,80.14679662321358,0.023,0.023,best,True
Unknown,N/A,N/A,13.100637274560912,80.14926243483359,143,13.09762194248273,80.14679662321358,0.438,0.438,best,True
Unknown,N/A,N/A,13.097503907341109,80.14655909797207,143,13.09762194248273,80.14679662321358,0.027,0.027,best,True
Unknown,N/A,N/A,13.097488,80.146684,143,13.09762194248273,80.14679662321358,0.014,0.014,best,True
Unknown,N/A,N/A,13.095519551425928,80.14719913247166,143,13.09762194248273,80.14679662321358,0.276,0.276,best,True
Unknown,N/A,N/A,13.095515945454318,80.14725732417021,143,13.09762194248273,80.14679662321358,0.282,0.282,best,True
Unknown,N/A,N/A,13.09742999657466,80.14663930557299,143,13.09762194248273,80.14679662321358,0.021,0.021,best,True
Unknown,N/A,N/A,13.096938252744028,80.14801544124033,143,13.09762194248273,80.14679662321358,0.251,0.251,best,True
Unknown,N/A,N/A,13.09743699180799,80.14637033846992,143,13.09762194248273,80.14679662321358,0.047,0.047,best,True
Unknown,N/A,N/A,13.09740101293018,80.14618680692313,143,13.09762194248273,80.14679662321358,0.068,0.068,best,True
Unknown,N/A,N/A,13.097533556494517,80.14671436559135,143,13.09762194248273,80.14679662321358,0.01,0.01,best,True
Unknown,N/A,N/A,13.097400393802005,80.1463415458599,143,13.09762194248273,80.14679662321358,0.052,0.052,best,True
Unknown,N/A,N/A,12.8996987,79.67266320000002,144,12.899698700000005,79.67544411430666,0.732,3.84,outlier,True
Unknown,N/A,N/A,12.8996987,79.67266320000002,144,12.899698700000005,79.67544411430666,0.732,3.84,outlier,True
Unknown,N/A,N/A,12.8996987,79.67266320000002,144,12.899698700000005,79.67544411430666,0.732,3.84,outlier,True
Unknown,N/A,N/A,12.8996987,79.67266320000002,144,12.899698700000005,79.67544411430666,0.732,3.84,outlier,True
Unknown,N/A,N/A,13.018974479916851,80.15829123779555,145,13.022952553163368,80.15794092871892,0.523,0.523,best,True
Unknown,N/A,N/A,13.0231613,80.1600043,145,13.022952553163368,80.15794092871892,0.49,0.49,best,True
Unknown,N/A,N/A,13.0262197,80.1590972,145,13.022952553163368,80.15794092871892,0.896,0.896,best,True
Unknown,N/A,N/A,13.0273484,80.1529936,146,13.027764305485722,80.15226695006419,0.202,0.202,best,True
Unknown,N/A,N/A,13.0258741051577,80.15408439849068,146,13.027764305485722,80.15226695006419,0.516,0.411,best,True
Unknown,N/A,N/A,13.0260675,80.152976,146,13.027764305485722,80.15226695006419,0.299,0.299,best,True
Unknown,N/A,N/A,13.0260675,80.152976,146,13.027764305485722,80.15226695006419,0.299,0.299,best,True
Unknown,N/A,N/A,13.025880120229342,80.15146485713801,146,13.027764305485722,80.15226695006419,0.257,0.257,best,True
Unknown,N/A,N/A,13.028317621099584,80.15136877300284,146,13.027764305485722,80.15226695006419,0.573,0.132,best,True
Unknown,N/A,N/A,13.028254682787264,80.1512266880512,146,13.027764305485722,80.15226695006419,0.121,0.121,best,True
Unknown,N/A,N/A,13.030659584239208,80.15286488486731,146,13.027764305485722,80.15226695006419,0.454,0.439,best,True
Unknown,N/A,N/A,13.0260675,80.152976,146,13.027764305485722,80.15226695006419,0.299,0.299,best,True
Unknown,N/A,N/A,13.028110445806313,80.15117535922953,146,13.027764305485722,80.15226695006419,0.14,0.14,best,True
Unknown,N/A,N/A,13.0268937,80.1504006,146,13.027764305485722,80.15226695006419,0.363,0.293,best,True
Unknown,N/A,N/A,13.027850940864434,80.15323741510161,146,13.027764305485722,80.15226695006419,0.275,0.275,best,True
Unknown,N/A,N/A,13.03114315429206,80.15551592572555,146,13.027764305485722,80.15226695006419,0.821,0.702,best,True
Unknown,N/A,N/A,13.028162091294668,80.1511508251723,146,13.027764305485722,80.15226695006419,0.137,0.137,best,True
Unknown,N/A,N/A,13.02833067071283,80.15123980574124,146,13.027764305485722,80.15226695006419,0.121,0.121,best,True
Unknown,N/A,N/A,13.0282403,80.15104699999999,146,13.027764305485722,80.15226695006419,0.137,0.137,best,True
Unknown,N/A,N/A,13.028213386033778,80.15137265141598,146,13.027764305485722,80.15226695006419,0.113,0.113,best,True
Unknown,N/A,N/A,13.02786965955334,80.15391389832737,146,13.027764305485722,80.15226695006419,0.524,0.524,best,True
Unknown,N/A,N/A,13.028170442158189,80.15108736895606,146,13.027764305485722,80.15226695006419,0.14,0.14,best,True
Unknown,N/A,N/A,12.9724583,80.1392206,147,12.973067803931723,80.137186137983,0.252,0.252,best,True
Unknown,N/A,N/A,12.9724583,80.1392206,147,12.973067803931723,80.137186137983,0.252,0.252,best,True
Unknown,N/A,N/A,12.97429007623208,80.1353540593452,147,12.973067803931723,80.137186137983,0.253,0.253,best,True
Unknown,N/A,N/A,12.973109219105805,80.13750920492676,147,12.973067803931723,80.137186137983,0.053,0.053,best,True
Unknown,N/A,N/A,12.9730648623223,80.13754168501018,147,12.973067803931723,80.137186137983,0.058,0.058,best,True
Unknown,N/A,N/A,12.9734257,80.13479319999999,147,12.973067803931723,80.137186137983,0.413,0.413,best,True
Unknown,N/A,N/A,12.97175798512407,80.13521352758525,147,12.973067803931723,80.137186137983,0.89,0.317,best,True
Unknown,N/A,N/A,12.9788802,80.137126,147,12.973067803931723,80.137186137983,0.909,0.907,best,True
Unknown,N/A,N/A,12.97175798512407,80.13521352758525,147,12.973067803931723,80.137186137983,0.89,0.317,best,True
Unknown,N/A,N/A,12.973058577457298,80.13750310193733,147,12.973067803931723,80.137186137983,0.058,0.058,best,True
Unknown,N/A,N/A,12.9731726,80.13773069999999,147,12.973067803931723,80.137186137983,0.073,0.073,best,True
Unknown,N/A,N/A,12.9730876,80.1374816,147,12.973067803931723,80.137186137983,0.055,0.055,best,True
Unknown,N/A,N/A,12.97309886290613,80.13754874570301,147,12.973067803931723,80.137186137983,0.057,0.057,best,True
Unknown,N/A,N/A,12.9731411,80.1374925,147,12.973067803931723,80.137186137983,0.048,0.048,best,True
Unknown,N/A,N/A,12.9730617,80.1375868,147,12.973067803931723,80.137186137983,0.061,0.061,best,True
Unknown,N/A,N/A,12.9730333,80.138148,147,12.973067803931723,80.137186137983,0.12,0.12,best,True
Unknown,N/A,N/A,12.970464607211802,80.13807611499269,147,12.973067803931723,80.137186137983,0.462,0.428,best,True
Unknown,N/A,N/A,12.973073055816808,80.1375107144806,147,12.973067803931723,80.137186137983,0.057,0.057,best,True
Unknown,N/A,N/A,12.973145206610903,80.13747553972524,147,12.973067803931723,80.137186137983,0.048,0.048,best,True
Unknown,N/A,N/A,12.97175798512407,80.13521352758525,147,12.973067803931723,80.137186137983,0.89,0.317,best,True
Unknown,N/A,N/A,12.9730115,80.13770869999999,147,12.973067803931723,80.137186137983,0.076,0.076,best,True
Unknown,N/A,N/A,12.973182963462635,80.1374265867491,147,12.973067803931723,80.137186137983,0.041,0.041,best,True
Unknown,N/A,N/A,12.971730827977698,80.14177955822157,148,12.970086200175277,80.14134512991693,0.423,0.423,best,True
Unknown,N/A,N/A,12.965079694191454,80.13977315211035,148,12.970086200175277,80.14134512991693,0.977,0.962,best,True
Unknown,N/A,N/A,12.973415603112286,80.14349765164152,148,12.970086200175277,80.14134512991693,0.852,0.642,best,True
Unknown,N/A,N/A,12.97138477547901,80.14303926132297,148,12.970086200175277,80.14134512991693,0.552,0.339,best,True
Unknown,N/A,N/A,12.968820100115934,80.13863602628825,148,12.970086200175277,80.14134512991693,0.58,0.447,best,True
Unknown,N/A,N/A,13.130370302283936,80.25038133809781,149,13.131313912474665,80.25117567917522,0.145,0.145,best,True
Unknown,N/A,N/A,13.1340828,80.2502535,149,13.131313912474665,80.25117567917522,0.745,0.569,best,True
Unknown,N/A,N/A,13.1294918,80.2512989,149,13.131313912474665,80.25117567917522,0.721,0.366,best,True
Unknown,N/A,N/A,13.13149893978454,80.25256796851866,149,13.131313912474665,80.25117567917522,0.421,0.169,best,True
Unknown,N/A,N/A,13.131545177017664,80.25289326709617,149,13.131313912474665,80.25117567917522,0.458,0.201,best,True
Unknown,N/A,N/A,13.131835217286808,80.25270627591736,149,13.131313912474665,80.25117567917522,0.949,0.19,best,True
Unknown,N/A,N/A,13.13039941549686,80.25080877069381,149,13.131313912474665,80.25117567917522,0.195,0.195,best,True
Unknown,N/A,N/A,13.13642969787218,80.25242718462523,149,13.131313912474665,80.25117567917522,0.855,0.756,best,True
Unknown,N/A,N/A,13.126971875932744,80.25536747702822,150,13.128851187166584,80.25395749448046,0.561,0.445,best,True
Unknown,N/A,N/A,13.1272359,80.2533608,150,13.128851187166584,80.25395749448046,0.255,0.252,best,True
Unknown,N/A,N/A,13.130181749950152,80.25503023763741,150,13.128851187166584,80.25395749448046,0.31,0.262,best,True
Unknown,N/A,N/A,13.1272359,80.2533608,150,13.128851187166584,80.25395749448046,0.255,0.252,best,True
Unknown,N/A,N/A,13.1297011,80.2543387,150,13.128851187166584,80.25395749448046,0.156,0.156,best,True
Unknown,N/A,N/A,13.1287021,80.2528695,150,13.128851187166584,80.25395749448046,0.185,0.185,best,True
Unknown,N/A,N/A,13.1286844,80.2523822,150,13.128851187166584,80.25395749448046,0.225,0.225,best,True
Unknown,N/A,N/A,13.129833111234554,80.2527006165873,150,13.128851187166584,80.25395749448046,0.323,0.251,best,True
Unknown,N/A,N/A,13.12838041238482,80.25493758085473,150,13.128851187166584,80.25395749448046,0.232,0.232,best,True
Unknown,N/A,N/A,13.13158532216358,80.255227032697,150,13.128851187166584,80.25395749448046,0.837,0.446,best,True
Unknown,N/A,N/A,13.16396083285798,80.25496755319078,151,13.16436056574509,80.25691042753155,0.32,0.32,best,True
Unknown,N/A,N/A,13.1655038160749,80.25312615324083,151,13.16436056574509,80.25691042753155,0.494,0.494,best,True
Unknown,N/A,N/A,13.1643263,80.2554586,151,13.16436056574509,80.25691042753155,0.21,0.21,best,True
Unknown,N/A,N/A,13.165466865268522,80.25316493089063,151,13.16436056574509,80.25691042753155,0.488,0.488,best,True
Unknown,N/A,N/A,13.1643263,80.2554586,151,13.16436056574509,80.25691042753155,0.21,0.21,best,True
Unknown,N/A,N/A,13.1643263,80.2554586,151,13.16436056574509,80.25691042753155,0.21,0.21,best,True
Unknown,N/A,N/A,13.163515121378708,80.25844798584002,151,13.16436056574509,80.25691042753155,0.249,0.249,best,True
Unknown,N/A,N/A,13.164317012418328,80.25546692889478,151,13.16436056574509,80.25691042753155,0.208,0.208,best,True
Unknown,N/A,N/A,13.165482357421707,80.2530309455078,151,13.16436056574509,80.25691042753155,0.502,0.502,best,True
Unknown,N/A,N/A,13.1643263,80.2554586,151,13.16436056574509,80.25691042753155,0.21,0.21,best,True
Unknown,N/A,N/A,13.165470934988369,80.25317663941303,151,13.16436056574509,80.25691042753155,0.488,0.488,best,True
Unknown,N/A,N/A,13.163595195829624,80.25853557618153,151,13.16436056574509,80.25691042753155,0.256,0.256,best,True
Unknown,N/A,N/A,13.163564392638232,80.25846886438369,151,13.16436056574509,80.25691042753155,0.25,0.25,best,True
Unknown,N/A,N/A,13.16555561132933,80.25303158550527,151,13.16436056574509,80.25691042753155,0.506,0.506,best,True
Unknown,N/A,N/A,13.1635045478311,80.2586793795497,151,13.16436056574509,80.25691042753155,0.278,0.278,best,True
Unknown,N/A,N/A,13.163596461119914,80.25839688050127,151,13.16436056574509,80.25691042753155,0.241,0.241,best,True
Unknown,N/A,N/A,13.1596581,80.2583288,151,13.16436056574509,80.25691042753155,0.723,0.723,best,True
Unknown,N/A,N/A,13.037877550349677,80.27837728720105,152,13.035915099096597,80.27750110552391,0.625,0.274,best,True
Unknown,N/A,N/A,13.032360724901258,80.27740757493537,152,13.035915099096597,80.27750110552391,0.455,0.455,best,True
Unknown,N/A,N/A,13.0335957,80.27768940000001,152,13.035915099096597,80.27750110552391,0.354,0.354,best,True
Unknown,N/A,N/A,13.0380839,80.2768694,152,13.035915099096597,80.27750110552391,0.386,0.386,best,True
Unknown,N/A,N/A,13.038705152039912,80.27865781562679,152,13.035915099096597,80.27750110552391,0.52,0.352,best,True
Unknown,N/A,N/A,13.0319065,80.2755197,152,13.035915099096597,80.27750110552391,0.814,0.814,best,True
Unknown,N/A,N/A,13.0387037,80.2793415,152,13.035915099096597,80.27750110552391,0.579,0.585,best,True
Unknown,N/A,N/A,13.0354099137718,80.27775998175265,152,13.035915099096597,80.27750110552391,0.107,0.107,best,True
Unknown,N/A,N/A,13.0335957,80.27768940000001,152,13.035915099096597,80.27750110552391,0.354,0.354,best,True
Unknown,N/A,N/A,13.035449926465692,80.27776590766003,152,13.035915099096597,80.27750110552391,0.1,0.1,best,True
Unknown,N/A,N/A,13.038866039204695,80.27650499773858,152,13.035915099096597,80.27750110552391,0.479,0.479,best,True
Unknown,N/A,N/A,13.03520100634342,80.27756832794803,152,13.035915099096597,80.27750110552391,0.133,0.133,best,True
Unknown,N/A,N/A,13.0397354,80.2792984,152,13.035915099096597,80.27750110552391,0.782,0.578,best,True
Unknown,N/A,N/A,13.03104847337246,80.27741638999593,152,13.035915099096597,80.27750110552391,0.603,0.603,best,True
Unknown,N/A,N/A,13.11857694436829,80.22013198405656,153,13.11818302966218,80.22038515979355,0.057,0.06695705240211822,best,True
Unknown,N/A,N/A,13.1181605,80.2203268,153,13.11818302966218,80.22038515979355,0.004,0.008841706243358609,best,True
Unknown,N/A,N/A,13.118172601543456,80.22035176167846,153,13.11818302966218,80.22038515979355,0.002,0.004941022420762319,best,True
Unknown,N/A,N/A,13.114250247331874,80.21859225013591,153,13.11818302966218,80.22038515979355,0.774,0.619513904934467,best,True
Unknown,N/A,N/A,13.1181605,80.2203268,153,13.11818302966218,80.22038515979355,0.004,0.008841706243358609,best,True
Unknown,N/A,N/A,13.1181605,80.2203268,153,13.11818302966218,80.22038515979355,0.004,0.008841706243358609,best,True
Unknown,N/A,N/A,13.1181605,80.2203268,153,13.11818302966218,80.22038515979355,0.004,0.008841706243358609,best,True
Unknown,N/A,N/A,13.1181605,80.2203268,153,13.11818302966218,80.22038515979355,0.004,0.008841706243358609,best,True
Unknown,N/A,N/A,13.1181605,80.2203268,153,13.11818302966218,80.22038515979355,0.004,0.008841706243358609,best,True
Unknown,N/A,N/A,13.1181605,80.2203268,153,13.11818302966218,80.22038515979355,0.004,0.008841706243358609,best,True
Unknown,N/A,N/A,13.1181605,80.2203268,153,13.11818302966218,80.22038515979355,0.004,0.008841706243358609,best,True
Unknown,N/A,N/A,13.117876,80.220899,153,13.11818302966218,80.22038515979355,0.086,0.08483127578225409,best,True
Unknown,N/A,N/A,13.087609983101002,80.18988763467027,154,13.087473629576946,80.1892732260702,0.0888118209821341,0.0888118209821341,best,True
Unknown,N/A,N/A,13.090397382380486,80.18867206229748,154,13.087473629576946,80.1892732260702,0.42895189001906775,0.42895189001906775,best,True
Unknown,N/A,N/A,13.086479934619897,80.18879398275568,154,13.087473629576946,80.1892732260702,0.1580799483212675,0.1580799483212675,best,True
Unknown,N/A,N/A,13.087600061484371,80.1901746763736,154,13.087473629576946,80.1892732260702,0.12838124784375113,0.12838124784375113,best,True
Unknown,N/A,N/A,13.0865328,80.1892501,154,13.087473629576946,80.1892732260702,0.13534994449904492,0.13534994449904492,best,True
Unknown,N/A,N/A,13.087757022544473,80.18931024941514,154,13.087473629576946,80.1892732260702,0.04109060615162983,0.04109060615162983,best,True
Unknown,N/A,N/A,13.0865328,80.1892501,154,13.087473629576946,80.1892732260702,0.13534994449904492,0.13534994449904492,best,True
Unknown,N/A,N/A,13.087675966781024,80.19020744593962,154,13.087473629576946,80.1892732260702,0.13488335379551802,0.13488335379551802,best,True
Unknown,N/A,N/A,13.086535412549951,80.18872438703306,154,13.087473629576946,80.1892732260702,0.15554566276212006,0.15554566276212006,best,True
Unknown,N/A,N/A,13.0865328,80.1892501,154,13.087473629576946,80.1892732260702,0.13534994449904492,0.13534994449904492,best,True
Unknown,N/A,N/A,13.086499531791008,80.18848652831733,154,13.087473629576946,80.1892732260702,0.1786829205656834,0.1786829205656834,best,True
Unknown,N/A,N/A,13.087623359560832,80.18882073183391,154,13.087473629576946,80.1892732260702,0.06732947736131947,0.06732947736131947,best,True
Unknown,N/A,N/A,13.0865328,80.1892501,154,13.087473629576946,80.1892732260702,0.13534994449904492,0.13534994449904492,best,True
Unknown,N/A,N/A,13.087774808041864,80.18749420007984,154,13.087473629576946,80.1892732260702,0.25452096873144575,0.25452096873144575,best,True
Unknown,N/A,N/A,13.0879293,80.1899962,154,13.087473629576946,80.1892732260702,0.12117574325131504,0.12117574325131504,best,True
Unknown,N/A,N/A,13.0899208,80.1900906,154,13.087473629576946,80.1892732260702,0.3703377160494779,0.3703377160494779,best,True
Unknown,N/A,N/A,13.0865328,80.1892501,154,13.087473629576946,80.1892732260702,0.13534994449904492,0.13534994449904492,best,True
Unknown,N/A,N/A,13.087667807473956,80.18976880027188,154,13.087473629576946,80.1892732260702,0.07524101156442278,0.07524101156442278,best,True
Unknown,N/A,N/A,13.087863591633116,80.18951329634594,154,13.087473629576946,80.1892732260702,0.06550556941244633,0.06550556941244633,best,True
Unknown,N/A,N/A,13.087891706230852,80.18461055377998,155,13.08825662955454,80.18547798594385,0.13307729063350876,0.13307729063350876,best,True
Unknown,N/A,N/A,13.08800164059152,80.18556061861561,155,13.08825662955454,80.18547798594385,0.03847852876404905,0.03847852876404905,best,True
Unknown,N/A,N/A,13.088004989790164,80.1851512750545,155,13.08825662955454,80.18547798594385,0.058577222799347024,0.058577222799347024,best,True
Unknown,N/A,N/A,13.087719277126336,80.18506360654057,155,13.08825662955454,80.18547798594385,0.09687818187451662,0.09687818187451662,best,True
Unknown,N/A,N/A,13.087789245661956,80.18452442574767,155,13.08825662955454,80.18547798594385,0.1503021695997851,0.1503021695997851,best,True
Unknown,N/A,N/A,13.088054483963113,80.18529582034427,155,13.08825662955454,80.18547798594385,0.038791420219550905,0.038791420219550905,best,True
Unknown,N/A,N/A,13.0894089,80.1862339,155,13.08825662955454,80.18547798594385,0.1970281145956894,0.1970281145956894,best,True
Unknown,N/A,N/A,13.08779913494745,80.18516216502118,155,13.08825662955454,80.18547798594385,0.07944620345508896,0.07944620345508896,best,True
Unknown,N/A,N/A,13.087873331370556,80.18522019027162,155,13.08825662955454,80.18547798594385,0.06602870396276289,0.06602870396276289,best,True
Unknown,N/A,N/A,13.0873938,80.186049,155,13.08825662955454,80.18547798594385,0.14791731209643738,0.14791731209643738,best,True
Unknown,N/A,N/A,13.0895100279086,80.18679786545636,155,13.08825662955454,80.18547798594385,0.2590747372596053,0.2590747372596053,best,True
Unknown,N/A,N/A,13.087777773485875,80.18544678002058,155,13.08825662955454,80.18547798594385,0.06900974677244014,0.06900974677244014,best,True
Unknown,N/A,N/A,13.09114119851569,80.18678890105814,155,13.08825662955454,80.18547798594385,0.4541637521497332,0.4541637521497332,best,True
Unknown,N/A,N/A,13.087812016569556,80.18514194509896,155,13.08825662955454,80.18547798594385,0.07958206081562792,0.07958206081562792,best,True
Unknown,N/A,N/A,13.08809600202907,80.18551245057118,155,13.08825662955454,80.18547798594385,0.023606986001378838,0.023606986001378838,best,True
Unknown,N/A,N/A,13.087832544681913,80.1850882775209,155,13.08825662955454,80.18547798594385,0.08208884430447722,0.08208884430447722,best,True
Unknown,N/A,N/A,13.0805693,80.1868751,156,13.083728240353226,80.18796221472678,0.47947618852034124,0.47947618852034124,best,True
Unknown,N/A,N/A,13.083760341466318,80.18898435057172,156,13.083728240353226,80.18796221472678,0.14417745614355404,0.14417745614355404,best,True
Unknown,N/A,N/A,13.0819529,80.1879297,156,13.083728240353226,80.18796221472678,0.25537157257593074,0.25537157257593074,best,True
Unknown,N/A,N/A,13.084475811867712,80.18642206592938,156,13.083728240353226,80.18796221472678,0.24229514807489136,0.24229514807489136,best,True
Unknown,N/A,N/A,13.0833529,80.1877323,156,13.083728240353226,80.18796221472678,0.06296577846803686,0.06296577846803686,best,True
Unknown,N/A,N/A,13.085424458874671,80.18850767743743,156,13.083728240353226,80.18796221472678,0.2557847612852822,0.2557847612852822,best,True
Unknown,N/A,N/A,13.08512082812959,80.18752538274082,156,13.083728240353226,80.18796221472678,0.20953752059733252,0.20953752059733252,best,True
Unknown,N/A,N/A,13.081416154786847,80.18780194876358,156,13.083728240353226,80.18796221472678,0.33329217850560766,0.33329217850560766,best,True
Unknown,N/A,N/A,13.085230245109186,80.18749577825207,156,13.083728240353226,80.18796221472678,0.22580648973708764,0.22580648973708764,best,True
Unknown,N/A,N/A,13.0852308,80.1891504,156,13.083728240353226,80.18796221472678,0.2734216849632556,0.2734216849632556,best,True
Unknown,N/A,N/A,13.082716454903084,80.19080853603772,156,13.083728240353226,80.18796221472678,0.4268522592091616,0.4268522592091616,best,True
Unknown,N/A,N/A,13.082675400055084,80.18779097200671,156,13.083728240353226,80.18796221472678,0.15333261524087707,0.15333261524087707,best,True
Unknown,N/A,N/A,13.085269706948004,80.18749241264072,156,13.083728240353226,80.18796221472678,0.2313772054951678,0.2313772054951678,best,True
Unknown,N/A,N/A,13.0852637,80.18608309999999,156,13.083728240353226,80.18796221472678,0.3448910403077921,0.3448910403077921,best,True
Unknown,N/A,N/A,13.0842624,80.1898496,156,13.083728240353226,80.18796221472678,0.27695645756771636,0.27695645756771636,best,True
Unknown,N/A,N/A,13.0826774,80.1877556,156,13.083728240353226,80.18796221472678,0.15391401463918952,0.15391401463918952,best,True
Unknown,N/A,N/A,13.08400849765556,80.1862862093936,156,13.083728240353226,80.18796221472678,0.23970089697750743,0.23970089697750743,best,True
Unknown,N/A,N/A,13.08500129103474,80.1875507614916,156,13.083728240353226,80.18796221472678,0.19206029246606207,0.19206029246606207,best,True
Unknown,N/A,N/A,13.0850457,80.1875866,156,13.083728240353226,80.18796221472678,0.19673858965248378,0.19673858965248378,best,True
Unknown,N/A,N/A,13.082360334779125,80.18833450365332,156,13.083728240353226,80.18796221472678,0.20361403868458114,0.20361403868458114,best,True
Unknown,N/A,N/A,13.081939,80.1879783,156,13.083728240353226,80.18796221472678,0.25733952433914925,0.25733952433914925,best,True
Unknown,N/A,N/A,13.08426766216108,80.18922742507061,156,13.083728240353226,80.18796221472678,0.19451336548765097,0.19451336548765097,best,True
Unknown,N/A,N/A,12.9155116,80.1521428,157,12.913982217107973,80.15385647009258,0.32684596688401935,0.32684596688401935,best,True
Unknown,N/A,N/A,12.91125,80.1556678,157,12.913982217107973,80.15385647009258,0.46872826982232435,0.46872826982232435,best,True
Unknown,N/A,N/A,12.9136585,80.1601517,157,12.913982217107973,80.15385647009258,0.8893422033851157,0.8893422033851157,best,True
Unknown,N/A,N/A,12.91415588246827,80.15531777351588,157,12.913982217107973,80.15385647009258,0.2076660051774014,0.2076660051774014,best,True
Unknown,N/A,N/A,12.9155116,80.1521428,157,12.913982217107973,80.15385647009258,0.32684596688401935,0.32684596688401935,best,True
Unknown,N/A,N/A,12.9155116,80.1521428,157,12.913982217107973,80.15385647009258,0.32684596688401935,0.32684596688401935,best,True
Unknown,N/A,N/A,12.9142449,80.1540875,157,12.913982217107973,80.15385647009258,0.04989546837376081,0.04989546837376081,best,True
Unknown,N/A,N/A,12.9115838,80.1550625,157,12.913982217107973,80.15385647009258,0.38461830903631966,0.38461830903631966,best,True
Unknown,N/A,N/A,12.9119239,80.1540021,157,12.913982217107973,80.15385647009258,0.2967365450747178,0.2967365450747178,best,True
Unknown,N/A,N/A,12.9155116,80.1521428,157,12.913982217107973,80.15385647009258,0.32684596688401935,0.32684596688401935,best,True
Unknown,N/A,N/A,12.9155116,80.1521428,157,12.913982217107973,80.15385647009258,0.32684596688401935,0.32684596688401935,best,True
Unknown,N/A,N/A,12.9162314,80.1561651,157,12.913982217107973,80.15385647009258,0.45903615952786686,0.45903615952786686,best,True
Unknown,N/A,N/A,12.91359547415132,80.15488687787294,157,12.913982217107973,80.15385647009258,0.15564609972777085,0.15564609972777085,best,True
Unknown,N/A,N/A,12.9100198,80.1496489,157,12.913982217107973,80.15385647009258,0.8228702858398511,0.8228702858398511,best,True
Unknown,N/A,N/A,12.9155116,80.1521428,157,12.913982217107973,80.15385647009258,0.32684596688401935,0.32684596688401935,best,True
Unknown,N/A,N/A,12.907302959613096,80.15259652678832,158,12.907075067206152,80.157147111612,0.6428435098770927,0.6428435098770927,best,True
Unknown,N/A,N/A,12.907495,80.1632628,158,12.907075067206152,80.157147111612,0.8649268053632467,0.8649268053632467,best,True
Unknown,N/A,N/A,12.905160404926056,80.15300587077178,158,12.907075067206152,80.157147111612,0.6458975075799639,0.6458975075799639,best,True
Unknown,N/A,N/A,12.903226,80.1585618,158,12.907075067206152,80.157147111612,0.5884494419907659,0.5884494419907659,best,True
Unknown,N/A,N/A,12.90660038948078,80.15938275248415,158,12.907075067206152,80.157147111612,0.32271339862597553,0.32271339862597553,best,True
Unknown,N/A,N/A,12.908953802335024,80.15723947788783,158,12.907075067206152,80.157147111612,0.2705111466009936,0.2705111466009936,best,True
Unknown,N/A,N/A,12.908871480405992,80.15736714774008,158,12.907075067206152,80.157147111612,0.260215984124963,0.260215984124963,best,True
Unknown,N/A,N/A,12.908371,80.1607541,158,12.907075067206152,80.157147111612,0.5419387658835249,0.5419387658835249,best,True
Unknown,N/A,N/A,12.90769456809442,80.15215352883604,158,12.907075067206152,80.157147111612,0.71011754332712,0.71011754332712,best,True
Unknown,N/A,N/A,13.152339574205609,80.06724359124412,159,13.150695596503082,80.06610247566726,0.2859560259147283,0.2859560259147283,best,True
Unknown,N/A,N/A,13.153204515434949,80.06326282955425,159,13.150695596503082,80.06610247566726,0.5388759711939282,0.5388759711939282,best,True
Unknown,N/A,N/A,13.152326608755237,80.0671929050761,159,13.150695596503082,80.06610247566726,0.2804382634400352,0.2804382634400352,best,True
Unknown,N/A,N/A,13.1521192,80.0687898,159,13.150695596503082,80.06610247566726,0.4305595930589891,0.4305595930589891,best,True
Unknown,N/A,N/A,13.1521573,80.0688011,159,13.150695596503082,80.06610247566726,0.43458534752721845,0.43458534752721845,best,True
Unknown,N/A,N/A,13.147792119189331,80.06385453887603,159,13.150695596503082,80.06610247566726,0.5241754744669116,0.5241754744669116,best,True
Unknown,N/A,N/A,13.152400862923422,80.06737013346854,159,13.150695596503082,80.06610247566726,0.30343358175761226,0.30343358175761226,best,True
Unknown,N/A,N/A,13.152288727894796,80.06721483913415,159,13.150695596503082,80.06610247566726,0.27763133965827524,0.27763133965827524,best,True
Unknown,N/A,N/A,13.03034903391391,79.80168074020594,160,13.028533173028293,79.80263708559153,0.2939210483083097,0.2939210483083097,best,True
Unknown,N/A,N/A,13.029390485170968,79.80229691656866,160,13.028533173028293,79.80263708559153,0.1323008789975157,0.1323008789975157,best,True
Unknown,N/A,N/A,13.02586,79.8039336,160,13.028533173028293,79.80263708559153,0.42571359124452113,0.42571359124452113,best,True
Unknown,N/A,N/A,13.1778996,80.3063379,161,13.18000078773541,80.3084610094912,0.4252612290290009,0.4252612290290009,best,True
Unknown,N/A,N/A,13.176918401388326,80.3134267075527,161,13.18000078773541,80.3084610094912,0.8284084202782381,0.8284084202782381,best,True
Unknown,N/A,N/A,13.183757930376698,80.30843475935353,161,13.18000078773541,80.3084610094912,0.5403711370053205,0.5403711370053205,best,True
Unknown,N/A,N/A,13.179768788963791,80.30755097263877,161,13.18000078773541,80.3084610094912,0.13251897682691835,0.13251897682691835,best,True
Unknown,N/A,N/A,13.1768451,80.3129655,161,13.18000078773541,80.3084610094912,0.7803665487305358,0.7803665487305358,best,True
Unknown,N/A,N/A,13.17927000000001,80.3074823518814,161,13.18000078773541,80.3084610094912,0.1734032085042568,0.1734032085042568,best,True
Unknown,N/A,N/A,13.101852254944935,79.86256359418198,163,13.099951333871257,79.86233769960702,0.2752403230800717,0.2752403230800717,best,True
Unknown,N/A,N/A,13.094894903857002,79.85941164432414,163,13.099951333871257,79.86233769960702,0.8360650186364136,0.8360650186364136,best,True
Unknown,N/A,N/A,13.319818015012377,80.1826093900955,164,13.319778295469938,80.18258402768562,0.006737546643605166,0.006737546643605166,best,True
Unknown,N/A,N/A,13.319892085371349,80.18258317108908,164,13.319778295469938,80.18258402768562,0.01636607332648403,0.01636607332648403,best,True
Unknown,N/A,N/A,13.319776195520443,80.18254442240327,164,13.319778295469938,80.18258402768562,0.005586472493484286,0.005586472493484286,best,True
Unknown,N/A,N/A,13.3197493,80.1824768,164,13.319778295469938,80.18258402768562,0.015667918259157282,0.015667918259157282,best,True
Unknown,N/A,N/A,13.319827050395991,80.18258859512075,164,13.319778295469938,80.18258402768562,0.0070415377188937705,0.0070415377188937705,best,True
Unknown,N/A,N/A,13.319755747443551,80.18256083878916,164,13.319778295469938,80.18258402768562,0.004602605706794817,0.004602605706794817,best,True
Unknown,N/A,N/A,13.31973088225662,80.182486278071,164,13.319778295469938,80.18258402768562,0.015363992720462004,0.015363992720462004,best,True
Unknown,N/A,N/A,13.319716701149291,80.18251931804775,164,13.319778295469938,80.18258402768562,0.012710029595308269,0.012710029595308269,best,True
Unknown,N/A,N/A,13.319627573493944,80.18305786053695,164,13.319778295469938,80.18258402768562,0.07017042380548931,0.07017042380548931,best,True
Unknown,N/A,N/A,13.3197424,80.182458,164,13.319778295469938,80.18258402768562,0.018486184189964082,0.018486184189964082,best,True
Unknown,N/A,N/A,13.319937894995665,80.18260305807406,164,13.319778295469938,80.18258402768562,0.023110081565164295,0.023110081565164295,best,True
Unknown,N/A,N/A,13.3197657,80.18252059999999,164,13.319778295469938,80.18258402768562,0.00911544291120662,0.00911544291120662,best,True
Unknown,N/A,N/A,13.1153868,80.28308559999999,165,13.114695788380953,80.28323769957001,0.10166843039371105,0.10166843039371105,best,True
Unknown,N/A,N/A,13.1113974,80.2815506,165,13.114695788380953,80.28323769957001,0.5306541583183247,0.5306541583183247,best,True
Unknown,N/A,N/A,13.1103542,80.2849492,165,13.114695788380953,80.28323769957001,0.6694008516656605,0.6694008516656605,best,True
Unknown,N/A,N/A,13.1169251,80.2854623,165,13.114695788380953,80.28323769957001,0.448482701720685,0.448482701720685,best,True
Unknown,N/A,N/A,13.1110485,80.27858499999999,165,13.114695788380953,80.28323769957001,0.8398386724281351,0.8398386724281351,best,True
Unknown,N/A,N/A,13.1148236,80.2871828,165,13.114695788380953,80.28323769957001,0.5564251983474143,0.5564251983474143,best,True
Unknown,N/A,N/A,13.1134392,80.28185479999999,165,13.114695788380953,80.28323769957001,0.2658252928412392,0.2658252928412392,best,True
Unknown,N/A,N/A,13.11616730603074,80.28363062748312,165,13.114695788380953,80.28323769957001,0.21876315189028167,0.21876315189028167,best,True
Unknown,N/A,N/A,13.1163378,80.2804941,165,13.114695788380953,80.28323769957001,0.45315064465151744,0.45315064465151744,best,True
Unknown,N/A,N/A,13.1153868,80.28308559999999,165,13.114695788380953,80.28323769957001,0.10166843039371105,0.10166843039371105,best,True
Unknown,N/A,N/A,13.116208455431376,80.28363053590354,165,13.114695788380953,80.28323769957001,0.22449027571257688,0.22449027571257688,best,True
Unknown,N/A,N/A,13.1153868,80.28308559999999,165,13.114695788380953,80.28323769957001,0.10166843039371105,0.10166843039371105,best,True
Unknown,N/A,N/A,13.1153868,80.28308559999999,165,13.114695788380953,80.28323769957001,0.10166843039371105,0.10166843039371105,best,True
Unknown,N/A,N/A,13.11135533260218,80.28158452962346,165,13.114695788380953,80.28323769957001,0.5339648518053084,0.5339648518053084,best,True
Unknown,N/A,N/A,13.1153868,80.28308559999999,165,13.114695788380953,80.28323769957001,0.10166843039371105,0.10166843039371105,best,True
Unknown,N/A,N/A,13.117230633314298,80.2843064309876,165,13.114695788380953,80.28323769957001,0.3944655476801539,0.3944655476801539,best,True
Unknown,N/A,N/A,13.118432415518624,80.28512948179774,165,13.114695788380953,80.28323769957001,0.5999324843381645,0.5999324843381645,best,True
Unknown,N/A,N/A,13.1153868,80.28308559999999,165,13.114695788380953,80.28323769957001,0.10166843039371105,0.10166843039371105,best,True
Unknown,N/A,N/A,13.116270820551742,80.28370743121694,165,13.114695788380953,80.28323769957001,0.23600206633428036,0.23600206633428036,best,True
Unknown,N/A,N/A,13.1159028,80.283499,165,13.114695788380953,80.28323769957001,0.17745834056683063,0.17745834056683063,best,True
Unknown,N/A,N/A,13.117824694941635,80.28369627786542,165,13.114695788380953,80.28323769957001,0.4546215357404546,0.4546215357404546,best,True
Unknown,N/A,N/A,13.110534305776184,80.28135744018022,165,13.114695788380953,80.28323769957001,0.6545725088445742,0.6545725088445742,best,True
Unknown,N/A,N/A,13.11706742928387,80.28225842401176,165,13.114695788380953,80.28323769957001,0.3679664997960465,0.3679664997960465,best,True
Unknown,N/A,N/A,13.116160022939322,80.28374005899965,165,13.114695788380953,80.28323769957001,0.22217532445109484,0.22217532445109484,best,True
Unknown,N/A,N/A,13.11619822640304,80.28363969974723,165,13.114695788380953,80.28323769957001,0.22338907380198225,0.22338907380198225,best,True
Unknown,N/A,N/A,13.113458,80.282051,165,13.114695788380953,80.28323769957001,0.24428445329182502,0.24428445329182502,best,True
Unknown,N/A,N/A,13.111457032717215,80.28157048612209,165,13.114695788380953,80.28323769957001,0.5217326364519622,0.5217326364519622,best,True
Unknown,N/A,N/A,13.115240772809466,80.28732760676607,165,13.114695788380953,80.28323769957001,0.5818372224604673,0.5818372224604673,best,True
Unknown,N/A,N/A,13.116343768063643,80.28376890625032,165,13.114695788380953,80.28323769957001,0.24856152143593088,0.24856152143593088,best,True
Unknown,N/A,N/A,13.1105929,80.2853592,165,13.114695788380953,80.28323769957001,0.6615380171964441,0.6615380171964441,best,True
Unknown,N/A,N/A,13.110396711443212,80.28139742306101,165,13.114695788380953,80.28323769957001,0.670513567515965,0.670513567515965,best,True
Unknown,N/A,N/A,13.1153868,80.28308559999999,165,13.114695788380953,80.28323769957001,0.10166843039371105,0.10166843039371105,best,True
Unknown,N/A,N/A,13.116085988744963,80.28351152579441,165,13.114695788380953,80.28323769957001,0.20363178912141153,0.20363178912141153,best,True
Unknown,N/A,N/A,13.1221078,80.27515509999999,166,13.12078687382521,80.27851029422413,0.5096815670876171,0.5096815670876171,best,True
Unknown,N/A,N/A,13.117346,80.2793942,166,13.12078687382521,80.27851029422413,0.5103142764817301,0.5103142764817301,best,True
Unknown,N/A,N/A,13.121078518487586,80.28330460744516,166,13.12078687382521,80.27851029422413,0.677114392706218,0.677114392706218,best,True
Unknown,N/A,N/A,13.123766610656691,80.27542567526055,166,13.12078687382521,80.27851029422413,0.6105031409259319,0.6105031409259319,best,True
Unknown,N/A,N/A,13.11963543998178,80.27927188841497,166,13.12078687382521,80.27851029422413,0.19735436268433826,0.19735436268433826,best,True
Unknown,N/A,N/A,13.000342420559182,80.26682199360975,168,12.998845988160719,80.26737478461946,0.2289014908693947,0.2289014908693947,best,True
Unknown,N/A,N/A,13.002791187323057,80.27202486532701,168,12.998845988160719,80.26737478461946,0.8671865957195815,0.8671865957195815,best,True
Unknown,N/A,N/A,13.000790031485328,80.26700842286571,168,12.998845988160719,80.26737478461946,0.28432560712577554,0.28432560712577554,best,True
Unknown,N/A,N/A,12.997274780056356,80.26266609125966,168,12.998845988160719,80.26737478461946,0.7014668118839094,0.7014668118839094,best,True
Unknown,N/A,N/A,12.995824743705253,80.26776260632595,168,12.998845988160719,80.26737478461946,0.4379430659695652,0.4379430659695652,best,True
Unknown,N/A,N/A,12.9943330777072,80.2685790736328,168,12.998845988160719,80.26737478461946,0.6708994963543982,0.6708994963543982,best,True
Unknown,N/A,N/A,13.001396719158176,80.2651700945499,168,12.998845988160719,80.26737478461946,0.48088608636353947,0.48088608636353947,best,True
Unknown,N/A,N/A,13.0002927,80.2666982,168,12.998845988160719,80.26737478461946,0.22890186753494884,0.22890186753494884,best,True
Unknown,N/A,N/A,12.996241979095007,80.2622078244054,168,12.998845988160719,80.26737478461946,0.8193083474294913,0.8193083474294913,best,True
Unknown,N/A,N/A,12.995849367354989,80.26787268346712,168,12.998845988160719,80.26737478461946,0.4366558664178989,0.4366558664178989,best,True
Unknown,N/A,N/A,12.9973703,80.2690685,168,12.998845988160719,80.26737478461946,0.31953114122076653,0.31953114122076653,best,True
Unknown,N/A,N/A,12.9029714195079,80.06561420486582,169,12.90802181944211,80.06506520564051,0.7304594824128402,0.7304594824128402,best,True
Unknown,N/A,N/A,12.9047639,80.0678111,169,12.90802181944211,80.06506520564051,0.6079607176890244,0.6079607176890244,best,True
Unknown,N/A,N/A,12.9047639,80.0678111,169,12.90802181944211,80.06506520564051,0.6079607176890244,0.6079607176890244,best,True
Unknown,N/A,N/A,12.9045376,80.06629339999999,169,12.90802181944211,80.06506520564051,0.5302091688117022,0.5302091688117022,best,True
Unknown,N/A,N/A,12.91205401855691,80.07018204776335,169,12.90802181944211,80.06506520564051,0.9259659102822928,0.9259659102822928,best,True
Unknown,N/A,N/A,12.908711217490364,80.06856431762715,169,12.90802181944211,80.06506520564051,0.5035190064147768,0.5035190064147768,best,True
Unknown,N/A,N/A,12.8512687,80.14704510000001,170,12.84681723516747,80.14440522576237,0.7406971377989444,0.7406971377989444,best,True
Unknown,N/A,N/A,12.8512687,80.14704510000001,170,12.84681723516747,80.14440522576237,0.7406971377989444,0.7406971377989444,best,True
Unknown,N/A,N/A,12.92251886018738,80.0923998563615,171,12.92188450084726,80.0925880581509,0.09501759377695264,0.09501759377695264,best,True
Unknown,N/A,N/A,12.921792509663428,80.09349121513522,171,12.92188450084726,80.0925880581509,0.12809717822832392,0.12809717822832392,best,True
Unknown,N/A,N/A,12.9223552,80.09122789999999,171,12.92188450084726,80.0925880581509,0.20347418891562366,0.20347418891562366,best,True
Unknown,N/A,N/A,12.922382332111344,80.09570561603606,171,12.92188450084726,80.0925880581509,0.44559610868823146,0.44559610868823146,best,True
Unknown,N/A,N/A,12.921590117809158,80.09277736721916,171,12.92188450084726,80.0925880581509,0.05005730828916707,0.05005730828916707,best,True
Unknown,N/A,N/A,12.921431691347957,80.0922355074682,171,12.92188450084726,80.0925880581509,0.08194262641267017,0.08194262641267017,best,True
Unknown,N/A,N/A,12.921474699830751,80.09239692250993,171,12.92188450084726,80.0925880581509,0.0648124508244453,0.0648124508244453,best,True
Unknown,N/A,N/A,12.92139081999735,80.09344369391913,171,12.92188450084726,80.0925880581509,0.14004126066084502,0.14004126066084502,best,True
Unknown,N/A,N/A,12.921496463356435,80.09214695281815,171,12.92188450084726,80.0925880581509,0.08358725833575126,0.08358725833575126,best,True
Unknown,N/A,N/A,12.921422514375484,80.0923395310452,171,12.92188450084726,80.0925880581509,0.07512550333371341,0.07512550333371341,best,True
Unknown,N/A,N/A,12.92134635737578,80.09226124170151,171,12.92188450084726,80.0925880581509,0.09008726181433153,0.09008726181433153,best,True
Unknown,N/A,N/A,12.92134755472308,80.09224513533758,171,12.92188450084726,80.0925880581509,0.09112504091295953,0.09112504091295953,best,True
Unknown,N/A,N/A,12.921373623735697,80.09226124043144,171,12.92188450084726,80.0925880581509,0.0867416381437649,0.0867416381437649,best,True
Unknown,N/A,N/A,12.9213485458201,80.09214971863548,171,12.92188450084726,80.0925880581509,0.09881993768160813,0.09881993768160813,best,True
Unknown,N/A,N/A,12.921483176115553,80.09384072157,171,12.92188450084726,80.0925880581509,0.185905427308678,0.185905427308678,best,True
Unknown,N/A,N/A,12.921493153603045,80.09237374095346,171,12.92188450084726,80.0925880581509,0.06388989400505247,0.06388989400505247,best,True
Unknown,N/A,N/A,12.922940879469788,80.09089819233405,171,12.92188450084726,80.0925880581509,0.28269142804972747,0.28269142804972747,best,True
Unknown,N/A,N/A,12.922459104022916,80.09591575620576,171,12.92188450084726,80.0925880581509,0.4766697309129218,0.4766697309129218,best,True
Unknown,N/A,N/A,12.923331414247224,80.09084651148682,171,12.92188450084726,80.0925880581509,0.32197002732997604,0.32197002732997604,best,True
Unknown,N/A,N/A,12.9233508,80.0908814,171,12.92188450084726,80.0925880581509,0.3200602579256897,0.3200602579256897,best,True
Unknown,N/A,N/A,12.9212447,80.092511,171,12.92188450084726,80.0925880581509,0.09265530339572951,0.09265530339572951,best,True
Unknown,N/A,N/A,12.9164274,80.0871027,172,12.919232776947936,80.08754661660392,0.40829724531118483,0.40829724531118483,best,True
Unknown,N/A,N/A,12.921110508178938,80.08951815849169,172,12.919232776947936,80.08754661660392,0.3876699186009842,0.3876699186009842,best,True
Unknown,N/A,N/A,12.919669292789711,80.08727247110292,172,12.919232776947936,80.08754661660392,0.07373598621561465,0.07373598621561465,best,True
Unknown,N/A,N/A,12.919679897037906,80.08735943261799,172,12.919232776947936,80.08754661660392,0.06951525272518853,0.06951525272518853,best,True
Unknown,N/A,N/A,12.919686014324688,80.08730169383375,172,12.919232776947936,80.08754661660392,0.07377560917075328,0.07377560917075328,best,True
Unknown,N/A,N/A,12.91973714038831,80.087311623456,172,12.919232776947936,80.08754661660392,0.07975364979084328,0.07975364979084328,best,True
Unknown,N/A,N/A,12.9144336,80.088412,172,12.919232776947936,80.08754661660392,0.7009256595303824,0.7009256595303824,best,True
Unknown,N/A,N/A,12.919661232434075,80.08724886298235,172,12.919232776947936,80.08754661660392,0.07457545684917599,0.07457545684917599,best,True
Unknown,N/A,N/A,12.91969801412492,80.08730968055477,172,12.919232776947936,80.08754661660392,0.07479447895014692,0.07479447895014692,best,True
Unknown,N/A,N/A,12.919701519604368,80.08734368687988,172,12.919232776947936,80.08754661660392,0.0732409102135522,0.0732409102135522,best,True
Unknown,N/A,N/A,12.919698817567507,80.08733733928159,172,12.919232776947936,80.08754661660392,0.07323975826489618,0.07323975826489618,best,True
Unknown,N/A,N/A,12.91983999291225,80.08765465988614,172,12.919232776947936,80.08754661660392,0.08864923744521773,0.08864923744521773,best,True
Unknown,N/A,N/A,12.919673046909455,80.08731146389975,172,12.919232776947936,80.08754661660392,0.07148313511054488,0.07148313511054488,best,True
Unknown,N/A,N/A,12.919508,80.0874955,172,12.919232776947936,80.08754661660392,0.04023376832786461,0.04023376832786461,best,True
Unknown,N/A,N/A,12.919669754894832,80.0873044926758,172,12.919232776947936,80.08754661660392,0.07152848737974972,0.07152848737974972,best,True
Unknown,N/A,N/A,12.9195302,80.0874621,172,12.919232776947936,80.08754661660392,0.04440568438580334,0.04440568438580334,best,True
Unknown,N/A,N/A,12.91352080464742,80.08976063830643,173,12.915920207921458,80.09396418609629,0.6861215572334383,0.6861215572334383,best,True
Unknown,N/A,N/A,12.9164091,80.09557,173,12.915920207921458,80.09396418609629,0.2372044232883554,0.2372044232883554,best,True
Unknown,N/A,N/A,12.9167099,80.0952982,173,12.915920207921458,80.09396418609629,0.2198126440518743,0.2198126440518743,best,True
Unknown,N/A,N/A,12.917041027038406,80.0952279060787,173,12.915920207921458,80.09396418609629,0.24035025884326355,0.24035025884326355,best,True
Unknown,N/A,N/A,13.0849128,79.6607662,174,13.086488975913028,79.66661896197321,0.8557041066316494,0.8557041066316494,best,True
Unknown,N/A,N/A,13.0849423,79.6696362,174,13.086488975913028,79.66661896197321,0.480026304269289,0.480026304269289,best,True
Unknown,N/A,N/A,13.086263377397922,79.66250444659319,174,13.086488975913028,79.66661896197321,0.5809762270284827,0.5809762270284827,best,True
Unknown,N/A,N/A,13.0870681,79.6670506,174,13.086488975913028,79.66661896197321,0.10315172693153457,0.10315172693153457,best,True
Unknown,N/A,N/A,13.084196552632358,79.66654144811143,174,13.086488975913028,79.66661896197321,0.32987870047665624,0.32987870047665624,best,True
Unknown,N/A,N/A,13.084224392751327,79.6703176293325,174,13.086488975913028,79.66661896197321,0.6148017046614186,0.6148017046614186,best,True
Unknown,N/A,N/A,13.0884516,79.66647220000002,174,13.086488975913028,79.66661896197321,0.2830230904755755,0.2830230904755755,best,True
Unknown,N/A,N/A,13.0842985906903,79.66986468942468,174,13.086488975913028,79.66661896197321,0.555541552814018,0.555541552814018,best,True
Unknown,N/A,N/A,13.0870681,79.6670506,174,13.086488975913028,79.66661896197321,0.10315172693153457,0.10315172693153457,best,True
Unknown,N/A,N/A,13.089709784833056,79.66615968626489,174,13.086488975913028,79.66661896197321,0.4677221104331388,0.4677221104331388,best,True
Unknown,N/A,N/A,13.08966401265134,79.66601324395182,174,13.086488975913028,79.66661896197321,0.4645517874128627,0.4645517874128627,best,True
Unknown,N/A,N/A,13.0870681,79.6670506,174,13.086488975913028,79.66661896197321,0.10315172693153457,0.10315172693153457,best,True
Unknown,N/A,N/A,12.987472201539038,80.20390469263293,175,12.988172040771492,80.20406996762893,0.10331447091659472,0.10331447091659472,best,True
Unknown,N/A,N/A,12.989428307439471,80.20352800065484,175,12.988172040771492,80.20406996762893,0.19617932231961527,0.19617932231961527,best,True
Unknown,N/A,N/A,12.987950158372596,80.20505173337384,175,12.988172040771492,80.20406996762893,0.14209479043099477,0.14209479043099477,best,True
Unknown,N/A,N/A,12.991728364424716,80.20338757201716,175,12.988172040771492,80.20406996762893,0.5204448740260171,0.5204448740260171,best,True
Unknown,N/A,N/A,12.9891813,80.2075557,175,12.988172040771492,80.20406996762893,0.5125962414615264,0.5125962414615264,best,True
Unknown,N/A,N/A,12.986923068421826,80.20537822151609,175,12.988172040771492,80.20406996762893,0.2575083692956335,0.2575083692956335,best,True
Unknown,N/A,N/A,12.9891813,80.2075557,175,12.988172040771492,80.20406996762893,0.5125962414615264,0.5125962414615264,best,True
Unknown,N/A,N/A,12.991497,80.2033055,175,12.988172040771492,80.20406996762893,0.4901980515218256,0.4901980515218256,best,True
Unknown,N/A,N/A,12.984420014165533,80.20245723970038,175,12.988172040771492,80.20406996762893,0.5855936838195571,0.5855936838195571,best,True
Unknown,N/A,N/A,12.98748129440809,80.2014218169377,175,12.988172040771492,80.20406996762893,0.38647355214566614,0.38647355214566614,best,True
Unknown,N/A,N/A,12.987557748535735,80.20077230958255,175,12.988172040771492,80.20406996762893,0.47340860322403017,0.47340860322403017,best,True
Unknown,N/A,N/A,12.987683663815735,80.20094840128904,175,12.988172040771492,80.20406996762893,0.4458240007345635,0.4458240007345635,best,True
Unknown,N/A,N/A,12.98795797036588,80.20505149472046,175,12.988172040771492,80.20406996762893,0.14181384267121502,0.14181384267121502,best,True
Unknown,N/A,N/A,12.986873675706738,80.20535718683729,175,12.988172040771492,80.20406996762893,0.26043628119668905,0.26043628119668905,best,True
Unknown,N/A,N/A,12.986691648234462,80.20534858331622,175,12.988172040771492,80.20406996762893,0.2790164383196322,0.2790164383196322,best,True
Unknown,N/A,N/A,12.9875186,80.2002344,175,12.988172040771492,80.20406996762893,0.5490595376358878,0.5490595376358878,best,True
Unknown,N/A,N/A,12.9877029,80.2059639,175,12.988172040771492,80.20406996762893,0.2755042351137544,0.2755042351137544,best,True
Unknown,N/A,N/A,12.9883291,80.20352799999999,175,12.988172040771492,80.20406996762893,0.07970508216549417,0.07970508216549417,best,True
Unknown,N/A,N/A,12.9886812,80.2030932,175,12.988172040771492,80.20406996762893,0.15601295477280655,0.15601295477280655,best,True
Unknown,N/A,N/A,12.9891813,80.2075557,175,12.988172040771492,80.20406996762893,0.5125962414615264,0.5125962414615264,best,True
Unknown,N/A,N/A,13.249300314095942,80.15664283934098,176,13.253365948943879,80.15708967358825,0.5881085655878859,0.5881085655878859,best,True
Unknown,N/A,N/A,13.248014660767891,80.15720900133958,176,13.253365948943879,80.15708967358825,0.7698188514178216,0.7698188514178216,best,True
Unknown,N/A,N/A,13.247565109104684,80.15736459521052,176,13.253365948943879,80.15708967358825,0.8351894837507625,0.8351894837507625,best,True
Unknown,N/A,N/A,13.2506321,80.16091039999999,176,13.253365948943879,80.15708967358825,0.6665976283951099,0.6665976283951099,best,True
Unknown,N/A,N/A,13.0969699071533,80.24112708945313,178,13.097496651982844,80.23895176178284,0.31588563730764574,0.31588563730764574,best,True
Unknown,N/A,N/A,13.0977083,80.24045,178,13.097496651982844,80.23895176178284,0.21339606629758856,0.21339606629758856,best,True
Unknown,N/A,N/A,13.097557262678327,80.24108808696673,178,13.097496651982844,80.23895176178284,0.30129437925833563,0.30129437925833563,best,True
Unknown,N/A,N/A,13.093525088344736,80.23850648069754,178,13.097496651982844,80.23895176178284,0.5746320966004852,0.5746320966004852,best,True
Unknown,N/A,N/A,13.0980461,80.2388117,178,13.097496651982844,80.23895176178284,0.08145151753090722,0.08145151753090722,best,True
Unknown,N/A,N/A,13.097823820301684,80.23783390094948,178,13.097496651982844,80.23895176178284,0.16446496644535358,0.16446496644535358,best,True
Unknown,N/A,N/A,13.097818833361009,80.23805792760027,178,13.097496651982844,80.23895176178284,0.13425761075936846,0.13425761075936846,best,True
Unknown,N/A,N/A,13.095055891874276,80.23668902549947,178,13.097496651982844,80.23895176178284,0.4743188600260903,0.4743188600260903,best,True
Unknown,N/A,N/A,13.0986486,80.2396062,178,13.097496651982844,80.23895176178284,0.18963023393962597,0.18963023393962597,best,True
Unknown,N/A,N/A,13.0980435,80.2379826,178,13.097496651982844,80.23895176178284,0.15764693264493548,0.15764693264493548,best,True
Unknown,N/A,N/A,13.098097119698773,80.23695072304,178,13.097496651982844,80.23895176178284,0.2950188509439005,0.2950188509439005,best,True
Unknown,N/A,N/A,13.0983715,80.2368442,178,13.097496651982844,80.23895176178284,0.3226562178234319,0.3226562178234319,best,True
Unknown,N/A,N/A,13.0980461,80.2388117,178,13.097496651982844,80.23895176178284,0.08145151753090722,0.08145151753090722,best,True
Unknown,N/A,N/A,13.097794,80.239926,178,13.097496651982844,80.23895176178284,0.14384696747555575,0.14384696747555575,best,True
Unknown,N/A,N/A,13.0948827,80.2425143,178,13.097496651982844,80.23895176178284,0.6273494870168126,0.6273494870168126,best,True
Unknown,N/A,N/A,13.101557708313406,80.23802825431896,178,13.097496651982844,80.23895176178284,0.5983982011043592,0.5983982011043592,best,True
Unknown,N/A,N/A,13.098522720490106,80.23442258349041,179,13.098380894626127,80.23416053890848,0.04219878910303261,0.04219878910303261,best,True
Unknown,N/A,N/A,13.095627307962422,80.23369420363542,179,13.098380894626127,80.23416053890848,0.4014424210830311,0.4014424210830311,best,True
Unknown,N/A,N/A,13.0985872,80.2339812,179,13.098380894626127,80.23416053890848,0.038981490775055624,0.038981490775055624,best,True
Unknown,N/A,N/A,13.0985872,80.2339812,179,13.098380894626127,80.23416053890848,0.038981490775055624,0.038981490775055624,best,True
Unknown,N/A,N/A,13.098488031287232,80.23445994677203,179,13.098380894626127,80.23416053890848,0.04493336589587399,0.04493336589587399,best,True
Unknown,N/A,N/A,13.101130436428615,80.23413292310245,179,13.098380894626127,80.23416053890848,0.39546029576552266,0.39546029576552266,best,True
Unknown,N/A,N/A,13.09834428439453,80.23530884921266,179,13.098380894626127,80.23416053890848,0.16196800222086152,0.16196800222086152,best,True
Unknown,N/A,N/A,13.097885506166024,80.23272874150285,179,13.098380894626127,80.23416053890848,0.21405226275782252,0.21405226275782252,best,True
Unknown,N/A,N/A,13.098498536364431,80.23435443340964,179,13.098380894626127,80.23416053890848,0.032146845095148056,0.032146845095148056,best,True
Unknown,N/A,N/A,13.0985872,80.2339812,179,13.098380894626127,80.23416053890848,0.038981490775055624,0.038981490775055624,best,True
Unknown,N/A,N/A,13.099228583994227,80.23296278088266,179,13.098380894626127,80.23416053890848,0.20826584659386133,0.20826584659386133,best,True
Unknown,N/A,N/A,13.0985872,80.2339812,179,13.098380894626127,80.23416053890848,0.038981490775055624,0.038981490775055624,best,True
Unknown,N/A,N/A,13.0985872,80.2339812,179,13.098380894626127,80.23416053890848,0.038981490775055624,0.038981490775055624,best,True
Unknown,N/A,N/A,13.0985872,80.2339812,179,13.098380894626127,80.23416053890848,0.038981490775055624,0.038981490775055624,best,True
Unknown,N/A,N/A,13.0985872,80.2339812,179,13.098380894626127,80.23416053890848,0.038981490775055624,0.038981490775055624,best,True
Unknown,N/A,N/A,13.098572891850408,80.2344729425142,179,13.098380894626127,80.23416053890848,0.05198161893079031,0.05198161893079031,best,True
Unknown,N/A,N/A,13.097988709752718,80.23546718411313,179,13.098380894626127,80.23416053890848,0.19264591880628074,0.19264591880628074,best,True
Unknown,N/A,N/A,13.098754112413776,80.2326573294713,179,13.098380894626127,80.23416053890848,0.21860620666082275,0.21860620666082275,best,True
Unknown,N/A,N/A,13.09568798568628,80.23548966978397,179,13.098380894626127,80.23416053890848,0.43024114357801346,0.43024114357801346,best,True
Unknown,N/A,N/A,13.09836577498404,80.23554946809591,179,13.098380894626127,80.23416053890848,0.19581557330782898,0.19581557330782898,best,True
Unknown,N/A,N/A,13.0985872,80.2339812,179,13.098380894626127,80.23416053890848,0.038981490775055624,0.038981490775055624,best,True
Unknown,N/A,N/A,13.0985872,80.2339812,179,13.098380894626127,80.23416053890848,0.038981490775055624,0.038981490775055624,best,True
Unknown,N/A,N/A,13.099528298040344,80.2305571177978,180,13.098970409477948,80.23055346357573,0.08023759561856647,0.08023759561856647,best,True
Unknown,N/A,N/A,13.1019106,80.23069,180,13.098970409477948,80.23055346357573,0.4232982378735801,0.4232982378735801,best,True
Unknown,N/A,N/A,13.095644165492454,80.23041806781023,180,13.098970409477948,80.23055346357573,0.4787634173735356,0.4787634173735356,best,True
Unknown,N/A,N/A,13.1019106,80.23069,180,13.098970409477948,80.23055346357573,0.4232982378735801,0.4232982378735801,best,True
Unknown,N/A,N/A,13.09624319333488,80.23027469584638,180,13.098970409477948,80.23055346357573,0.3941940388469655,0.3941940388469655,best,True
Unknown,N/A,N/A,13.0985856,80.2306909,180,13.098970409477948,80.23055346357573,0.05863703588586593,0.05863703588586593,best,True
Unknown,N/A,N/A,13.0544485,79.9570411,181,13.058569802090759,79.95999957294055,0.7247966859583588,0.7247966859583588,best,True
Unknown,N/A,N/A,13.05316321920616,79.95884460199154,181,13.058569802090759,79.95999957294055,0.794446020412114,0.794446020412114,best,True
Unknown,N/A,N/A,13.053010891526217,79.95893767921675,181,13.058569802090759,79.95999957294055,0.8133832149728972,0.8133832149728972,best,True
Unknown,N/A,N/A,13.047819454730597,80.1760548216053,182,13.053893226396287,80.17471250260473,0.8938004024386772,0.8938004024386772,best,True
Unknown,N/A,N/A,13.04958023170684,80.17087013582697,182,13.053893226396287,80.17471250260473,0.8235832747940208,0.8235832747940208,best,True
Unknown,N/A,N/A,13.058811679758945,80.17768501814297,182,13.053893226396287,80.17471250260473,0.822215381525903,0.822215381525903,best,True
Unknown,N/A,N/A,13.053292489149722,80.17518885687105,182,13.053893226396287,80.17471250260473,0.10943445164088147,0.10943445164088147,best,True
Unknown,N/A,N/A,13.0563834,80.1769224,182,13.053893226396287,80.17471250260473,0.47471333799795457,0.47471333799795457,best,True
Unknown,N/A,N/A,13.0581654,80.1727795,182,13.053893226396287,80.17471250260473,0.6721621242748103,0.6721621242748103,best,True
Unknown,N/A,N/A,13.0545929738751,80.17130241193057,182,13.053893226396287,80.17471250260473,0.4912401224534603,0.4912401224534603,best,True
Unknown,N/A,N/A,13.050103123640136,80.1716299316506,182,13.053893226396287,80.17471250260473,0.697167792549795,0.697167792549795,best,True
Unknown,N/A,N/A,13.0525419,80.1808125,182,13.053893226396287,80.17471250260473,0.8817841623100859,0.8817841623100859,best,True
Unknown,N/A,N/A,13.0537462,80.1715292,182,13.053893226396287,80.17471250260473,0.44934262162025757,0.44934262162025757,best,True
Unknown,N/A,N/A,13.058186518718513,80.1728044562278,182,13.053893226396287,80.17471250260473,0.6735264013219676,0.6735264013219676,best,True
Unknown,N/A,N/A,13.049744571571868,80.17053600160632,182,13.053893226396287,80.17471250260473,0.8383289058771449,0.8383289058771449,best,True
Unknown,N/A,N/A,12.989015526955296,80.18521842319765,183,12.988363705160484,80.18561523244405,0.10917923211466489,0.10917923211466489,best,True
Unknown,N/A,N/A,12.98884634563758,80.18475026651528,183,12.988363705160484,80.18561523244405,0.14035738631630926,0.14035738631630926,best,True
Unknown,N/A,N/A,12.9876133,80.1852662,183,12.988363705160484,80.18561523244405,0.11861954741099796,0.11861954741099796,best,True
Unknown,N/A,N/A,12.9876133,80.1852662,183,12.988363705160484,80.18561523244405,0.11861954741099796,0.11861954741099796,best,True
Unknown,N/A,N/A,12.987787320011275,80.18536702711654,183,12.988363705160484,80.18561523244405,0.08998377237052713,0.08998377237052713,best,True
Unknown,N/A,N/A,12.9876987,80.1853376,183,12.988363705160484,80.18561523244405,0.10334588187499744,0.10334588187499744,best,True
Unknown,N/A,N/A,12.9876987,80.1853376,183,12.988363705160484,80.18561523244405,0.10334588187499744,0.10334588187499744,best,True
Unknown,N/A,N/A,12.9880625,80.1853125,183,12.988363705160484,80.18561523244405,0.0608238094567655,0.0608238094567655,best,True
Unknown,N/A,N/A,12.988534831160653,80.18519255737529,183,12.988363705160484,80.18561523244405,0.06449331498556157,0.06449331498556157,best,True
Unknown,N/A,N/A,12.9924082,80.1902444,183,12.988363705160484,80.18561523244405,0.8744126613845864,0.8744126613845864,best,True
Unknown,N/A,N/A,12.987598154027978,80.18535578819831,183,12.988363705160484,80.18561523244405,0.11602235990568208,0.11602235990568208,best,True
Unknown,N/A,N/A,12.98867407915615,80.18517652618048,183,12.988363705160484,80.18561523244405,0.07629473752639397,0.07629473752639397,best,True
Unknown,N/A,N/A,12.9880019,80.1852929,183,12.988363705160484,80.18561523244405,0.06909619107227045,0.06909619107227045,best,True
Unknown,N/A,N/A,12.9880019,80.1852929,183,12.988363705160484,80.18561523244405,0.06909619107227045,0.06909619107227045,best,True
Unknown,N/A,N/A,12.994446659706254,80.18867273936348,183,12.988363705160484,80.18561523244405,0.9753488587999064,0.9753488587999064,best,True
Unknown,N/A,N/A,12.98764076679419,80.18537342574788,183,12.988363705160484,80.18561523244405,0.10942289334917116,0.10942289334917116,best,True
Unknown,N/A,N/A,12.987093954621756,80.18570339163874,183,12.988363705160484,80.18561523244405,0.18303768143196278,0.18303768143196278,best,True
Unknown,N/A,N/A,12.98796806513851,80.18526210354723,183,12.988363705160484,80.18561523244405,0.07561846934386847,0.07561846934386847,best,True
Unknown,N/A,N/A,12.9876987,80.1853376,183,12.988363705160484,80.18561523244405,0.10334588187499744,0.10334588187499744,best,True
Unknown,N/A,N/A,12.9848712,80.1835445,183,12.988363705160484,80.18561523244405,0.581024581623623,0.581024581623623,best,True
Unknown,N/A,N/A,13.023613223571536,80.22825882631511,184,13.023950524054547,80.22850884024281,0.059968880572648944,0.059968880572648944,best,True
Unknown,N/A,N/A,13.024433839891634,80.22894151092675,184,13.023950524054547,80.22850884024281,0.09248985554092717,0.09248985554092717,best,True
Unknown,N/A,N/A,13.024446118709816,80.22899372573487,184,13.023950524054547,80.22850884024281,0.09877102893881515,0.09877102893881515,best,True
Unknown,N/A,N/A,13.0233295,80.2278797,184,13.023950524054547,80.22850884024281,0.1258904414164708,0.1258904414164708,best,True
Unknown,N/A,N/A,13.020493123294932,80.23161524491748,184,13.023950524054547,80.22850884024281,0.6626803141975047,0.6626803141975047,best,True
Unknown,N/A,N/A,13.0247754,80.2245208,184,13.023950524054547,80.22850884024281,0.5747557854526895,0.5747557854526895,best,True
Unknown,N/A,N/A,13.023618,80.22810799999999,184,13.023950524054547,80.22850884024281,0.07404181779118646,0.07404181779118646,best,True
Unknown,N/A,N/A,13.0263621,80.2256691,184,13.023950524054547,80.22850884024281,0.5297660296551027,0.5297660296551027,best,True
Unknown,N/A,N/A,13.0241298,80.22847159999999,184,13.023950524054547,80.22850884024281,0.02631281760768654,0.02631281760768654,best,True
Unknown,N/A,N/A,13.024546135931033,80.22905212055856,184,13.023950524054547,80.22850884024281,0.11492213882616086,0.11492213882616086,best,True
Unknown,N/A,N/A,13.024513747071902,80.22902225857588,184,13.023950524054547,80.22850884024281,0.10864280459155744,0.10864280459155744,best,True
Unknown,N/A,N/A,13.024710925060274,80.22930952822762,184,13.023950524054547,80.22850884024281,0.15718934058235035,0.15718934058235035,best,True
Unknown,N/A,N/A,13.023618,80.22810799999999,184,13.023950524054547,80.22850884024281,0.07404181779118646,0.07404181779118646,best,True
Unknown,N/A,N/A,13.023292136815014,80.22980645905075,184,13.023950524054547,80.22850884024281,0.20603386149519187,0.20603386149519187,best,True
Unknown,N/A,N/A,13.023375810472052,80.22987572933515,184,13.023950524054547,80.22850884024281,0.20972869305494538,0.20972869305494538,best,True
Unknown,N/A,N/A,13.021454587713151,80.22088963768155,185,13.019156053431724,80.22249207406675,0.40042948437248305,0.40042948437248305,best,True
Unknown,N/A,N/A,13.0182115,80.2198732,185,13.019156053431724,80.22249207406675,0.3935045510678936,0.3935045510678936,best,True
Unknown,N/A,N/A,13.0200986,80.2245209,185,13.019156053431724,80.22249207406675,0.31659234062924374,0.31659234062924374,best,True
Unknown,N/A,N/A,13.025035571546086,80.2220581852417,185,13.019156053431724,80.22249207406675,0.847802351436898,0.847802351436898,best,True
Unknown,N/A,N/A,13.023997439481038,80.22118246397913,185,13.019156053431724,80.22249207406675,0.7203627434483785,0.7203627434483785,best,True
Unknown,N/A,N/A,13.023348372227831,80.21815177282653,185,13.019156053431724,80.22249207406675,0.8591590137419174,0.8591590137419174,best,True
Unknown,N/A,N/A,13.021566701725156,80.22395057775256,185,13.019156053431724,80.22249207406675,0.40311658986049437,0.40311658986049437,best,True
Unknown,N/A,N/A,13.019801346998484,80.22493509624822,185,13.019156053431724,80.22249207406675,0.35679426483591753,0.35679426483591753,best,True
Unknown,N/A,N/A,13.0196342,80.22475469999999,185,13.019156053431724,80.22249207406675,0.32639999135506925,0.32639999135506925,best,True
Unknown,N/A,N/A,13.019820212614627,80.22478926073119,185,13.019156053431724,80.22249207406675,0.33773632035377377,0.33773632035377377,best,True
Unknown,N/A,N/A,12.871511954791607,79.72341065846989,186,12.871651567075185,79.7174494370569,0.8413819195715654,0.8413819195715654,best,True
Unknown,N/A,N/A,12.872423,79.7238984,186,12.871651567075185,79.7174494370569,0.9167006742014189,0.9167006742014189,best,True
Unknown,N/A,N/A,12.872423,79.7238984,186,12.871651567075185,79.7174494370569,0.9167006742014189,0.9167006742014189,best,True
Unknown,N/A,N/A,12.8714323,79.71617189999999,186,12.871651567075185,79.7174494370569,0.1830009844463392,0.1830009844463392,best,True
Unknown,N/A,N/A,12.969871635626047,80.25572150028817,187,12.966471334093931,80.2572122213316,0.5323156867965485,0.5323156867965485,best,True
Unknown,N/A,N/A,12.970304,80.2568874,187,12.966471334093931,80.2572122213316,0.5531120200811901,0.5531120200811901,best,True
Unknown,N/A,N/A,12.968173919570988,80.25345514607213,187,12.966471334093931,80.2572122213316,0.5837677117425184,0.5837677117425184,best,True
Unknown,N/A,N/A,12.96919481398852,80.25738543561998,187,12.966471334093931,80.2572122213316,0.39245012883413694,0.39245012883413694,best,True
Unknown,N/A,N/A,12.9610867,80.25918539999999,187,12.966471334093931,80.2572122213316,0.8229081890128014,0.8229081890128014,best,True
Unknown,N/A,N/A,12.96052687024802,80.25590857647788,187,12.966471334093931,80.2572122213316,0.874479349009696,0.874479349009696,best,True
Unknown,N/A,N/A,12.96071,80.25649299999999,187,12.966471334093931,80.2572122213316,0.834777734931183,0.834777734931183,best,True
Unknown,N/A,N/A,12.970134979251226,80.25781807628618,187,12.966471334093931,80.2572122213316,0.5337874832532732,0.5337874832532732,best,True
Unknown,N/A,N/A,12.963816024389049,80.25644185296949,187,12.966471334093931,80.2572122213316,0.3970427537381992,0.3970427537381992,best,True
Unknown,N/A,N/A,12.97021350990594,80.25790490389574,187,12.966471334093931,80.2572122213316,0.5469932723457451,0.5469932723457451,best,True
Unknown,N/A,N/A,12.968545951611864,80.25911315152108,187,12.966471334093931,80.2572122213316,0.401141852225623,0.401141852225623,best,True
Unknown,N/A,N/A,12.963370739807871,80.25286611547907,187,12.966471334093931,80.2572122213316,0.7580503800341158,0.7580503800341158,best,True
Unknown,N/A,N/A,13.053153363665809,80.22276068141403,188,13.05278491218335,80.22704136886473,0.6058995263297626,0.6058995263297626,best,True
Unknown,N/A,N/A,13.0537519,80.22798949999999,188,13.05278491218335,80.22704136886473,0.1929072881121664,0.1929072881121664,best,True
Unknown,N/A,N/A,13.053969401557556,80.22793612879843,188,13.05278491218335,80.22704136886473,0.21198338546619683,0.21198338546619683,best,True
Unknown,N/A,N/A,13.053908531464742,80.22796485510916,188,13.05278491218335,80.22704136886473,0.20753154887992292,0.20753154887992292,best,True
Unknown,N/A,N/A,13.047710677769311,80.2281638221955,188,13.05278491218335,80.22704136886473,0.7467420601402698,0.7467420601402698,best,True
Unknown,N/A,N/A,13.054228781135455,80.23066776935123,188,13.05278491218335,80.22704136886473,0.551880411680894,0.551880411680894,best,True
Unknown,N/A,N/A,13.053352869562405,80.22275995942904,188,13.05278491218335,80.22704136886473,0.6091806434607467,0.6091806434607467,best,True
Unknown,N/A,N/A,13.0531863,80.22306499999999,188,13.05278491218335,80.22704136886473,0.5636328706357772,0.5636328706357772,best,True
Unknown,N/A,N/A,13.053317,80.227831,188,13.05278491218335,80.22704136886473,0.13510089182532362,0.13510089182532362,best,True
Unknown,N/A,N/A,13.048748215626494,80.2269113430176,188,13.05278491218335,80.22704136886473,0.5808478981627956,0.5808478981627956,best,True
Unknown,N/A,N/A,13.053919473706245,80.22798365316153,188,13.05278491218335,80.22704136886473,0.2104227299219386,0.2104227299219386,best,True
Unknown,N/A,N/A,13.0537861,80.2279923,188,13.05278491218335,80.22704136886473,0.19675168282016822,0.19675168282016822,best,True
Unknown,N/A,N/A,13.048897051113222,80.22691514637768,188,13.05278491218335,80.22704136886473,0.5594361085891587,0.5594361085891587,best,True
Unknown,N/A,N/A,13.0539253813465,80.2279261234003,188,13.05278491218335,80.22704136886473,0.2060729204820419,0.2060729204820419,best,True
Unknown,N/A,N/A,13.0537861,80.2279923,188,13.05278491218335,80.22704136886473,0.19675168282016822,0.19675168282016822,best,True
Unknown,N/A,N/A,13.0531863,80.22306499999999,188,13.05278491218335,80.22704136886473,0.5636328706357772,0.5636328706357772,best,True
Unknown,N/A,N/A,13.0537519,80.22798949999999,188,13.05278491218335,80.22704136886473,0.1929072881121664,0.1929072881121664,best,True
Unknown,N/A,N/A,13.052582084535906,80.22988242617575,188,13.05278491218335,80.22704136886473,0.4016508393890194,0.4016508393890194,best,True
Unknown,N/A,N/A,13.0537519,80.22798949999999,188,13.05278491218335,80.22704136886473,0.1929072881121664,0.1929072881121664,best,True
Unknown,N/A,N/A,13.153143,80.1022136,189,13.14685379005606,80.10487277229501,0.979098308528902,0.979098308528902,best,True
Unknown,N/A,N/A,13.142917519326264,80.10466534044066,189,13.14685379005606,80.10487277229501,0.5668738122277271,0.5668738122277271,best,True
Unknown,N/A,N/A,13.14287107063774,80.10467829711051,189,13.14685379005606,80.10487277229501,0.573455138868393,0.573455138868393,best,True
Unknown,N/A,N/A,13.153143,80.1022136,189,13.14685379005606,80.10487277229501,0.979098308528902,0.979098308528902,best,True
Unknown,N/A,N/A,13.1472361,80.1037228,189,13.14685379005606,80.10487277229501,0.171157098428358,0.171157098428358,best,True
Unknown,N/A,N/A,13.150075062509464,80.10378062339028,189,13.14685379005606,80.10487277229501,0.4881915405549102,0.4881915405549102,best,True
Unknown,N/A,N/A,13.142956734577597,80.10470173234475,189,13.14685379005606,80.10487277229501,0.5609975880990834,0.5609975880990834,best,True
Unknown,N/A,N/A,13.14197743270804,80.10467111779165,189,13.14685379005606,80.10487277229501,0.7018994588380243,0.7018994588380243,best,True
Unknown,N/A,N/A,13.142861258701291,80.10599629349595,189,13.14685379005606,80.10487277229501,0.5956469730738678,0.5956469730738678,best,True
Unknown,N/A,N/A,13.142310176965182,80.10723949883234,189,13.14685379005606,80.10487277229501,0.7336892124988432,0.7336892124988432,best,True
Unknown,N/A,N/A,13.1499583,80.1038765,189,13.14685379005606,80.10487277229501,0.4680548520799308,0.4680548520799308,best,True
Unknown,N/A,N/A,13.142777470394924,80.1047324812417,189,13.14685379005606,80.10487277229501,0.5865947268292205,0.5865947268292205,best,True
Unknown,N/A,N/A,13.150089027952792,80.10376722642894,189,13.14685379005606,80.10487277229501,0.4906943661519485,0.4906943661519485,best,True
Unknown,N/A,N/A,12.836969461771822,79.70672930092516,190,12.836209580392376,79.70649292489443,0.11426218047644777,0.11426218047644777,best,True
Unknown,N/A,N/A,12.8365591,79.706689,190,12.836209580392376,79.70649292489443,0.05737982062094031,0.05737982062094031,best,True
Unknown,N/A,N/A,12.8356114,79.7051222,190,12.836209580392376,79.70649292489443,0.2117072146649966,0.2117072146649966,best,True
Unknown,N/A,N/A,12.8358507,79.7055922,190,12.836209580392376,79.70649292489443,0.13719137420979216,0.13719137420979216,best,True
Unknown,N/A,N/A,12.8357793,79.7085055,190,12.836209580392376,79.70649292489443,0.2906823094658993,0.2906823094658993,best,True
Unknown,N/A,N/A,12.8358507,79.7055922,190,12.836209580392376,79.70649292489443,0.13719137420979216,0.13719137420979216,best,True
Unknown,N/A,N/A,12.8358507,79.7055922,190,12.836209580392376,79.70649292489443,0.13719137420979216,0.13719137420979216,best,True
Unknown,N/A,N/A,12.8356114,79.7051222,190,12.836209580392376,79.70649292489443,0.2117072146649966,0.2117072146649966,best,True
Unknown,N/A,N/A,12.8358507,79.7055922,190,12.836209580392376,79.70649292489443,0.13719137420979216,0.13719137420979216,best,True
Unknown,N/A,N/A,12.8397338,79.7111791,190,12.836209580392376,79.70649292489443,0.8332072799760825,0.8332072799760825,best,True
Unknown,N/A,N/A,12.8358507,79.7055922,190,12.836209580392376,79.70649292489443,0.13719137420979216,0.13719137420979216,best,True
Unknown,N/A,N/A,12.83767829478917,79.70671022957725,190,12.836209580392376,79.70649292489443,0.2134418286701627,0.2134418286701627,best,True
Unknown,N/A,N/A,12.836917948492331,79.70664037369706,190,12.836209580392376,79.70649292489443,0.10397930644599193,0.10397930644599193,best,True
Unknown,N/A,N/A,12.8337305,79.7069559,190,12.836209580392376,79.70649292489443,0.3624730462872735,0.3624730462872735,best,True
Unknown,N/A,N/A,12.8358507,79.7055922,190,12.836209580392376,79.70649292489443,0.13719137420979216,0.13719137420979216,best,True
Unknown,N/A,N/A,12.835703652676887,79.70514721083374,190,12.836209580392376,79.70649292489443,0.20337182778206334,0.20337182778206334,best,True
Unknown,N/A,N/A,12.8365737,79.705455,190,12.836209580392376,79.70649292489443,0.15555363352591225,0.15555363352591225,best,True
Unknown,N/A,N/A,12.8342269,79.7084541,190,12.836209580392376,79.70649292489443,0.3973752439415958,0.3973752439415958,best,True
Unknown,N/A,N/A,12.837261511668755,79.70708464703849,190,12.836209580392376,79.70649292489443,0.17280239301820863,0.17280239301820863,best,True
Unknown,N/A,N/A,12.8382534,79.7089682,190,12.836209580392376,79.70649292489443,0.45653047608446373,0.45653047608446373,best,True
Unknown,N/A,N/A,12.83468661884094,79.70403526071136,190,12.836209580392376,79.70649292489443,0.41020236498563795,0.41020236498563795,best,True
Unknown,N/A,N/A,12.83326883881256,79.7044352398533,191,12.831089101435849,79.70450119413626,0.313623157150979,0.313623157150979,best,True
Unknown,N/A,N/A,12.82999022561887,79.7034710200528,191,12.831089101435849,79.70450119413626,0.21473787253440174,0.21473787253440174,best,True
Unknown,N/A,N/A,12.8301941,79.7012218,191,12.831089101435849,79.70450119413626,0.4803714204213698,0.4803714204213698,best,True
Unknown,N/A,N/A,12.8302487,79.7036408,191,12.831089101435849,79.70450119413626,0.17132390238022038,0.17132390238022038,best,True
Unknown,N/A,N/A,12.830153401473185,79.7035713023807,191,12.831089101435849,79.70450119413626,0.18796483964318048,0.18796483964318048,best,True
Unknown,N/A,N/A,12.832940219570215,79.70514335499729,191,12.831089101435849,79.70450119413626,0.28122567614623245,0.28122567614623245,best,True
Unknown,N/A,N/A,12.830039336819766,79.70359911195634,191,12.831089101435849,79.70450119413626,0.19748507281765762,0.19748507281765762,best,True
Unknown,N/A,N/A,12.83189642076691,79.70864947472195,191,12.831089101435849,79.70450119413626,0.5968275996816088,0.5968275996816088,best,True
Unknown,N/A,N/A,12.83012291707745,79.70359438777848,191,12.831089101435849,79.70450119413626,0.18890605950404146,0.18890605950404146,best,True
Unknown,N/A,N/A,12.832858919526585,79.70338581600383,191,12.831089101435849,79.70450119413626,0.2992711108754788,0.2992711108754788,best,True
Unknown,N/A,N/A,12.830267036128776,79.7088008277543,191,12.831089101435849,79.70450119413626,0.6181971349170939,0.6181971349170939,best,True
Unknown,N/A,N/A,13.06814173690716,80.03681214591722,192,13.070638401148269,80.03304723607506,0.6408587481640624,0.6408587481640624,best,True
Unknown,N/A,N/A,13.068283557516583,80.03452063886049,192,13.070638401148269,80.03304723607506,0.3973094956557743,0.3973094956557743,best,True
Unknown,N/A,N/A,13.0675051,80.03560279999999,192,13.070638401148269,80.03304723607506,0.5769699183581848,0.5769699183581848,best,True
Unknown,N/A,N/A,13.06777371611906,80.03558558925107,192,13.070638401148269,80.03304723607506,0.5457341499379496,0.5457341499379496,best,True
Unknown,N/A,N/A,13.0675051,80.03560279999999,192,13.070638401148269,80.03304723607506,0.5769699183581848,0.5769699183581848,best,True
Unknown,N/A,N/A,12.818822887126029,79.72935398446596,194,12.817759002995745,79.73278679184773,0.508065706760435,0.508065706760435,best,True
Unknown,N/A,N/A,12.8148385,79.73795989999999,194,12.817759002995745,79.73278679184773,0.8422936601607026,0.8422936601607026,best,True
Unknown,N/A,N/A,12.820408273515438,79.72737433094372,194,12.817759002995745,79.73278679184773,0.8536197075559289,0.8536197075559289,best,True
Unknown,N/A,N/A,12.8148385,79.73795989999999,194,12.817759002995745,79.73278679184773,0.8422936601607026,0.8422936601607026,best,True
Unknown,N/A,N/A,12.8148385,79.73795989999999,194,12.817759002995745,79.73278679184773,0.8422936601607026,0.8422936601607026,best,True
Unknown,N/A,N/A,12.819140027440971,79.72895953736993,194,12.817759002995745,79.73278679184773,0.5755068195211038,0.5755068195211038,best,True
Unknown,N/A,N/A,12.8173772,79.73674009999999,194,12.817759002995745,79.73278679184773,0.5606356825411369,0.5606356825411369,best,True
Unknown,N/A,N/A,12.8188052,79.7345369,194,12.817759002995745,79.73278679184773,0.2892160351810272,0.2892160351810272,best,True
Unknown,N/A,N/A,12.8226415,79.7304573,194,12.817759002995745,79.73278679184773,0.7753420281534079,0.7753420281534079,best,True
Unknown,N/A,N/A,12.8181398,79.7341114,194,12.817759002995745,79.73278679184773,0.19480158414220675,0.19480158414220675,best,True
Unknown,N/A,N/A,12.8187987,79.72932449999999,194,12.817759002995745,79.73278679184773,0.5110066205501953,0.5110066205501953,best,True
Unknown,N/A,N/A,12.817035754159816,79.73746425031678,194,12.817759002995745,79.73278679184773,0.6682862197981905,0.6682862197981905,best,True
Unknown,N/A,N/A,12.818955938883224,79.72974513453885,194,12.817759002995745,79.73278679184773,0.4625036656930788,0.4625036656930788,best,True
Unknown,N/A,N/A,12.819001583040722,79.72978090766735,194,12.817759002995745,79.73278679184773,0.4603298879909595,0.4603298879909595,best,True
Unknown,N/A,N/A,12.81892456719946,79.72987099813407,194,12.817759002995745,79.73278679184773,0.4443438557284296,0.4443438557284296,best,True
Unknown,N/A,N/A,12.820319882972088,79.72788229489905,194,12.817759002995745,79.73278679184773,0.7840647808018527,0.7840647808018527,best,True
Unknown,N/A,N/A,12.820394879176822,79.7270292572278,194,12.817759002995745,79.73278679184773,0.8966472774759081,0.8966472774759081,best,True
Unknown,N/A,N/A,13.0243823,80.1772356,195,13.024880171839442,80.17735156137998,0.07344738243384023,0.07344738243384023,best,True
Unknown,N/A,N/A,13.023869876086252,80.17905187740878,195,13.024880171839442,80.17735156137998,0.2803624539169864,0.2803624539169864,best,True
Unknown,N/A,N/A,13.02711049496274,80.17264878277834,195,13.024880171839442,80.17735156137998,0.7366664373935069,0.7366664373935069,best,True
Unknown,N/A,N/A,13.0243823,80.1772356,195,13.024880171839442,80.17735156137998,0.07344738243384023,0.07344738243384023,best,True
Unknown,N/A,N/A,13.0243823,80.1772356,195,13.024880171839442,80.17735156137998,0.07344738243384023,0.07344738243384023,best,True
Unknown,N/A,N/A,13.0243823,80.1772356,195,13.024880171839442,80.17735156137998,0.07344738243384023,0.07344738243384023,best,True
Unknown,N/A,N/A,13.024947260726377,80.17640707390018,195,13.024880171839442,80.17735156137998,0.13353698287471907,0.13353698287471907,best,True
Unknown,N/A,N/A,13.0243823,80.1772356,195,13.024880171839442,80.17735156137998,0.07344738243384023,0.07344738243384023,best,True
Unknown,N/A,N/A,13.025085494002935,80.18176203796726,195,13.024880171839442,80.17735156137998,0.6226486603950308,0.6226486603950308,best,True
Unknown,N/A,N/A,13.026373004221284,80.17729035516443,195,13.024880171839442,80.17735156137998,0.2148724434799448,0.2148724434799448,best,True
Unknown,N/A,N/A,13.024384260234257,80.17752904796075,195,13.024880171839442,80.17735156137998,0.07558602676588481,0.07558602676588481,best,True
Unknown,N/A,N/A,13.021117088333156,80.18367961368983,196,13.019567191941478,80.1836462526036,0.22295551755297832,0.22295551755297832,best,True
Unknown,N/A,N/A,13.02053027307586,80.1831729637049,196,13.019567191941478,80.1836462526036,0.1537519252318332,0.1537519252318332,best,True
Unknown,N/A,N/A,13.0206922962924,80.18401268171816,196,13.019567191941478,80.1836462526036,0.16986281128283615,0.16986281128283615,best,True
Unknown,N/A,N/A,13.0161497,80.1807669,196,13.019567191941478,80.1836462526036,0.6375336238536787,0.6375336238536787,best,True
Unknown,N/A,N/A,13.0208210548181,80.18393931566001,196,13.019567191941478,80.1836462526036,0.18500540095060297,0.18500540095060297,best,True
Unknown,N/A,N/A,13.020782999496094,80.18373816542051,196,13.019567191941478,80.1836462526036,0.17533699650335488,0.17533699650335488,best,True
Unknown,N/A,N/A,13.020524,80.184243,196,13.019567191941478,80.1836462526036,0.16129980224467283,0.16129980224467283,best,True
Unknown,N/A,N/A,13.023352606556577,80.18512636752202,196,13.019567191941478,80.1836462526036,0.5830574926975974,0.5830574926975974,best,True
Unknown,N/A,N/A,13.0180773,80.18702239999999,196,13.019567191941478,80.1836462526036,0.5220996714677196,0.5220996714677196,best,True
Unknown,N/A,N/A,13.02086942212424,80.18374056846386,196,13.019567191941478,80.1836462526036,0.18775822879919116,0.18775822879919116,best,True
Unknown,N/A,N/A,13.0253514,80.1855885,196,13.019567191941478,80.1836462526036,0.8758124077312841,0.8758124077312841,best,True
Unknown,N/A,N/A,13.0694201,80.1722145,197,13.067562693840634,80.17397861413444,0.3649987252894129,0.3649987252894129,best,True
Unknown,N/A,N/A,13.066473875893005,80.17496019933661,197,13.067562693840634,80.17397861413444,0.2089860530983163,0.2089860530983163,best,True
Unknown,N/A,N/A,13.066935651766054,80.17541202875621,197,13.067562693840634,80.17397861413444,0.22130784743724932,0.22130784743724932,best,True
Unknown,N/A,N/A,13.0694201,80.1722145,197,13.067562693840634,80.17397861413444,0.3649987252894129,0.3649987252894129,best,True
Unknown,N/A,N/A,13.066462751543678,80.17575816640448,197,13.067562693840634,80.17397861413444,0.296610401211789,0.296610401211789,best,True
Unknown,N/A,N/A,13.066682870404078,80.17514397523284,197,13.067562693840634,80.17397861413444,0.2073842383596111,0.2073842383596111,best,True
Unknown,N/A,N/A,13.0678656,80.1701303,197,13.067562693840634,80.17397861413444,0.5443270083051703,0.5443270083051703,best,True
Unknown,N/A,N/A,13.0694201,80.1722145,197,13.067562693840634,80.17397861413444,0.3649987252894129,0.3649987252894129,best,True
Unknown,N/A,N/A,13.066772761375274,80.17748813779258,197,13.067562693840634,80.17397861413444,0.5076899308727886,0.5076899308727886,best,True
Unknown,N/A,N/A,13.066507527448296,80.17497967743982,197,13.067562693840634,80.17397861413444,0.20724505556044895,0.20724505556044895,best,True
Unknown,N/A,N/A,13.068122642510994,80.17213894313987,197,13.067562693840634,80.17397861413444,0.27159271927704404,0.27159271927704404,best,True
Unknown,N/A,N/A,13.066668345146216,80.17508844151078,197,13.067562693840634,80.17397861413444,0.20255760880080476,0.20255760880080476,best,True
Unknown,N/A,N/A,13.064330551884428,80.171719528982,198,13.063374353580626,80.1718843420395,0.13947024580420722,0.13947024580420722,best,True
Unknown,N/A,N/A,13.0612654,80.1707662,198,13.063374353580626,80.1718843420395,0.3418354108681072,0.3418354108681072,best,True
Unknown,N/A,N/A,13.06431342044608,80.17166892619463,198,13.063374353580626,80.1718843420395,0.1384299464081233,0.1384299464081233,best,True
Unknown,N/A,N/A,13.0621994,80.1754962,198,13.063374353580626,80.1718843420395,0.5365568291222246,0.5365568291222246,best,True
Unknown,N/A,N/A,13.0638935,80.17371229999999,198,13.063374353580626,80.1718843420395,0.2683284604629863,0.2683284604629863,best,True
Unknown,N/A,N/A,13.064354540604278,80.17165039417834,198,13.063374353580626,80.1718843420395,0.14477845813130963,0.14477845813130963,best,True
Unknown,N/A,N/A,13.064322947604444,80.17164030650777,198,13.063374353580626,80.1718843420395,0.14069910253952223,0.14069910253952223,best,True
Unknown,N/A,N/A,13.062451122350302,80.17357226933541,198,13.063374353580626,80.1718843420395,0.2725232893367794,0.2725232893367794,best,True
Unknown,N/A,N/A,13.062878590998467,80.17072997536908,198,13.063374353580626,80.1718843420395,0.1776918235027136,0.1776918235027136,best,True
Unknown,N/A,N/A,13.062688279474267,80.17101067499276,198,13.063374353580626,80.1718843420395,0.15782874854519097,0.15782874854519097,best,True
Unknown,N/A,N/A,13.064420136024612,80.16876098687464,198,13.063374353580626,80.1718843420395,0.46535062071290884,0.46535062071290884,best,True
Unknown,N/A,N/A,12.9530554,80.1276771,199,12.950830576656562,80.12895330123813,0.36713543511294394,0.36713543511294394,best,True
Unknown,N/A,N/A,12.9494108,80.1254153,199,12.950830576656562,80.12895330123813,0.539220964808182,0.539220964808182,best,True
Unknown,N/A,N/A,12.9514818,80.131906,199,12.950830576656562,80.12895330123813,0.4269015246735891,0.4269015246735891,best,True
Unknown,N/A,N/A,12.951294918010952,80.12919730731481,199,12.950830576656562,80.12895330123813,0.07512913208109927,0.07512913208109927,best,True
Unknown,N/A,N/A,12.948909965271854,80.13057079887581,199,12.950830576656562,80.12895330123813,0.3582674315927941,0.3582674315927941,best,True
Unknown,N/A,N/A,12.958761972915642,80.129294544148,200,12.958424546239451,80.12789007861996,0.20396207039764344,0.20396207039764344,best,True
Unknown,N/A,N/A,12.95878239754492,80.12908208459471,200,12.958424546239451,80.12789007861996,0.17583704484696244,0.17583704484696244,best,True
Unknown,N/A,N/A,12.959792840553812,80.12600350050619,200,12.958424546239451,80.12789007861996,0.33096608714868864,0.33096608714868864,best,True
Unknown,N/A,N/A,12.957537424766832,80.12547247562675,200,12.958424546239451,80.12789007861996,0.36409794427709524,0.36409794427709524,best,True
Unknown,N/A,N/A,12.9597011,80.1294644,200,12.958424546239451,80.12789007861996,0.2881291523764804,0.2881291523764804,best,True
Unknown,N/A,N/A,12.958661677417137,80.1293732148511,200,12.958424546239451,80.12789007861996,0.21196322494709377,0.21196322494709377,best,True
Unknown,N/A,N/A,12.9586466,80.13217379999999,200,12.958424546239451,80.12789007861996,0.6050775040450574,0.6050775040450574,best,True
Unknown,N/A,N/A,12.95746006947758,80.12521648046345,200,12.958424546239451,80.12789007861996,0.4018222291237962,0.4018222291237962,best,True
Unknown,N/A,N/A,12.95859991032638,80.1290406557917,200,12.958424546239451,80.12789007861996,0.16424100896211688,0.16424100896211688,best,True
Unknown,N/A,N/A,12.95609606778573,80.1275122449668,200,12.958424546239451,80.12789007861996,0.3390941664403136,0.3390941664403136,best,True
Unknown,N/A,N/A,12.957516968243368,80.12521772198214,200,12.958424546239451,80.12789007861996,0.39890577002729877,0.39890577002729877,best,True
Unknown,N/A,N/A,12.957473701883398,80.1252483132425,200,12.958424546239451,80.12789007861996,0.3969314003024514,0.3969314003024514,best,True
Unknown,N/A,N/A,12.9597011,80.1294644,200,12.958424546239451,80.12789007861996,0.2881291523764804,0.2881291523764804,best,True
Unknown,N/A,N/A,12.95746482922851,80.12532024772571,200,12.958424546239451,80.12789007861996,0.3878739676806232,0.3878739676806232,best,True
Unknown,N/A,N/A,12.96076075276307,80.13397978184528,200,12.958424546239451,80.12789007861996,0.922345278977804,0.922345278977804,best,True
Unknown,N/A,N/A,12.9587792,80.1289575,200,12.958424546239451,80.12789007861996,0.15896853218229332,0.15896853218229332,best,True
Unknown,N/A,N/A,12.957480673164287,80.12330997079466,200,12.958424546239451,80.12789007861996,0.660149635280126,0.660149635280126,best,True
Unknown,N/A,N/A,13.096355296715284,80.24681436316251,201,13.097590326135588,80.24986522747623,0.46533071580412183,0.46533071580412183,best,True
Unknown,N/A,N/A,13.097877518936365,80.25064105169061,201,13.097590326135588,80.24986522747623,0.11691108839089802,0.11691108839089802,best,True
Unknown,N/A,N/A,13.098136287565168,80.2511561407638,201,13.097590326135588,80.24986522747623,0.19820301077378674,0.19820301077378674,best,True
Unknown,N/A,N/A,13.0977694,80.2479235,201,13.097590326135588,80.24986522747623,0.27494358570187705,0.27494358570187705,best,True
Unknown,N/A,N/A,13.098036828608445,80.25103078729587,201,13.097590326135588,80.24986522747623,0.17641708869750602,0.17641708869750602,best,True
Unknown,N/A,N/A,13.097819945669556,80.24985761659448,201,13.097590326135588,80.24986522747623,0.03304147092002627,0.03304147092002627,best,True
Unknown,N/A,N/A,13.097583181173563,80.25614272065101,201,13.097590326135588,80.24986522747623,0.8849694207240575,0.8849694207240575,best,True
Unknown,N/A,N/A,13.098019543609864,80.25103294297799,201,13.097590326135588,80.24986522747623,0.17581199255944416,0.17581199255944416,best,True
Unknown,N/A,N/A,13.096769266710115,80.24595504336243,201,13.097590326135588,80.24986522747623,0.5637447771407071,0.5637447771407071,best,True
Unknown,N/A,N/A,13.098051913849098,80.25101946345269,201,13.097590326135588,80.24986522747623,0.17573921348588026,0.17573921348588026,best,True
Unknown,N/A,N/A,13.096743802611774,80.24591883517506,201,13.097590326135588,80.24986522747623,0.5695086796706218,0.5695086796706218,best,True
Unknown,N/A,N/A,13.097920928177832,80.25089026458832,201,13.097590326135588,80.24986522747623,0.15212584825900483,0.15212584825900483,best,True
Unknown,N/A,N/A,13.1048277,80.25332159999999,202,13.104117423214568,80.25459762164775,0.20686391522684897,0.20686391522684897,best,True
Unknown,N/A,N/A,13.102255006838345,80.25039426200412,202,13.104117423214568,80.25459762164775,0.6502822053028114,0.6502822053028114,best,True
Unknown,N/A,N/A,13.106184279170057,80.25095935542942,202,13.104117423214568,80.25459762164775,0.5928037056923012,0.5928037056923012,best,True
Unknown,N/A,N/A,13.103524790362918,80.24879934701012,202,13.104117423214568,80.25459762164775,0.8218222756623274,0.8218222756623274,best,True
Unknown,N/A,N/A,13.102360290477025,80.25277733839945,202,13.104117423214568,80.25459762164775,0.3601545508664773,0.3601545508664773,best,True
Unknown,N/A,N/A,13.10496287834464,80.25291573397617,202,13.104117423214568,80.25459762164775,0.26645865410910563,0.26645865410910563,best,True
Unknown,N/A,N/A,13.1048277,80.25332159999999,202,13.104117423214568,80.25459762164775,0.20686391522684897,0.20686391522684897,best,True
Unknown,N/A,N/A,13.106291307680234,80.24992093856343,202,13.104117423214568,80.25459762164775,0.7296525402062473,0.7296525402062473,best,True
Unknown,N/A,N/A,13.108963469356611,80.25433063165423,202,13.104117423214568,80.25459762164775,0.6979778162544351,0.6979778162544351,best,True
Unknown,N/A,N/A,13.103223855858175,80.25198633554125,202,13.104117423214568,80.25459762164775,0.389904650905171,0.389904650905171,best,True
Unknown,N/A,N/A,13.109682603357854,80.25728743922474,202,13.104117423214568,80.25459762164775,0.8856644372053873,0.8856644372053873,best,True
Unknown,N/A,N/A,13.1022289,80.2528038,202,13.104117423214568,80.25459762164775,0.3711047106339589,0.3711047106339589,best,True
Unknown,N/A,N/A,13.103440780555204,80.25304383792043,202,13.104117423214568,80.25459762164775,0.2396838424633734,0.2396838424633734,best,True
Unknown,N/A,N/A,13.110072204646023,80.25729631027787,202,13.104117423214568,80.25459762164775,0.9371162713400534,0.9371162713400534,best,True
Unknown,N/A,N/A,13.1000424,80.26008089999999,202,13.104117423214568,80.25459762164775,0.9700493672678717,0.9700493672678717,best,True
Unknown,N/A,N/A,13.102765690199682,80.25292759117032,202,13.104117423214568,80.25459762164775,0.3053194459071948,0.3053194459071948,best,True
Unknown,N/A,N/A,13.109461161670676,80.25724181506504,202,13.104117423214568,80.25459762164775,0.8541652709003938,0.8541652709003938,best,True
Unknown,N/A,N/A,13.102881587261018,80.25285965385827,202,13.104117423214568,80.25459762164775,0.3026847331923405,0.3026847331923405,best,True
Unknown,N/A,N/A,13.103540128156574,80.25307400780329,202,13.104117423214568,80.25459762164775,0.23027473586993322,0.23027473586993322,best,True
Unknown,N/A,N/A,13.0490364,80.1930312,203,13.051711957785061,80.1918097104941,0.42158550106632314,0.42158550106632314,best,True
Unknown,N/A,N/A,13.0537182,80.1906046,203,13.051711957785061,80.1918097104941,0.3348543500964247,0.3348543500964247,best,True
Unknown,N/A,N/A,13.049482931644098,80.1920534237498,203,13.051711957785061,80.1918097104941,0.32241550165648464,0.32241550165648464,best,True
Unknown,N/A,N/A,13.052549622034062,80.19149067920794,203,13.051711957785061,80.1918097104941,0.12859736485598233,0.12859736485598233,best,True
Unknown,N/A,N/A,13.0537182,80.1906046,203,13.051711957785061,80.1918097104941,0.3348543500964247,0.3348543500964247,best,True
Unknown,N/A,N/A,13.052138639992585,80.1918083103381,203,13.051711957785061,80.1918097104941,0.06136584095247987,0.06136584095247987,best,True
Unknown,N/A,N/A,13.055664229401838,80.19132584706729,203,13.051711957785061,80.1918097104941,0.5724963169120516,0.5724963169120516,best,True
Unknown,N/A,N/A,13.052578130716554,80.19208285026622,203,13.051711957785061,80.1918097104941,0.1303906371586189,0.1303906371586189,best,True
Unknown,N/A,N/A,13.05318818973267,80.1920730925903,203,13.051711957785061,80.1918097104941,0.21553547211054108,0.21553547211054108,best,True
Unknown,N/A,N/A,13.0499125,80.1936168,203,13.051711957785061,80.1918097104941,0.3631814487746663,0.3631814487746663,best,True
Unknown,N/A,N/A,13.049468694415744,80.19127379430387,203,13.051711957785061,80.1918097104941,0.3313577750682784,0.3313577750682784,best,True
Unknown,N/A,N/A,13.051243602676976,80.19152371169541,203,13.051711957785061,80.1918097104941,0.07850746450499516,0.07850746450499516,best,True
Unknown,N/A,N/A,13.049556110591286,80.19203732720455,203,13.051711957785061,80.1918097104941,0.31171100364787363,0.31171100364787363,best,True
Unknown,N/A,N/A,13.05066917989468,80.19505029238526,204,13.050410230093359,80.19670469545655,0.2362276263910961,0.2362276263910961,best,True
Unknown,N/A,N/A,13.0539506,80.1969321,204,13.050410230093359,80.19670469545655,0.5101853266778884,0.5101853266778884,best,True
Unknown,N/A,N/A,13.0539,80.197058,204,13.050410230093359,80.19670469545655,0.5043656397790856,0.5043656397790856,best,True
Unknown,N/A,N/A,13.0486093,80.1976937,204,13.050410230093359,80.19670469545655,0.2941649689983472,0.2941649689983472,best,True
Unknown,N/A,N/A,13.0512276,80.1969215,204,13.050410230093359,80.19670469545655,0.12146408077748146,0.12146408077748146,best,True
Unknown,N/A,N/A,13.0486093,80.1976937,204,13.050410230093359,80.19670469545655,0.2941649689983472,0.2941649689983472,best,True
Unknown,N/A,N/A,13.04750668277536,80.19794513167493,204,13.050410230093359,80.19670469545655,0.45273824917312894,0.45273824917312894,best,True
Unknown,N/A,N/A,13.04839188177945,80.19461223085024,204,13.050410230093359,80.19670469545655,0.41389843663089954,0.41389843663089954,best,True
Unknown,N/A,N/A,13.048788,80.1972469,204,13.050410230093359,80.19670469545655,0.24551618132757347,0.24551618132757347,best,True
Unknown,N/A,N/A,13.050605628935276,80.19631655796064,204,13.050410230093359,80.19670469545655,0.06152149557266012,0.06152149557266012,best,True
Unknown,N/A,N/A,13.048986606099312,80.19411961806867,204,13.050410230093359,80.19670469545655,0.4180694127331525,0.4180694127331525,best,True
Unknown,N/A,N/A,13.053788372813456,80.19705046102716,204,13.050410230093359,80.19670469545655,0.48828518684438255,0.48828518684438255,best,True
Unknown,N/A,N/A,13.0513869,80.19697880000001,204,13.050410230093359,80.19670469545655,0.1456850389810915,0.1456850389810915,best,True
Unknown,N/A,N/A,13.052155899102871,80.19702783988113,204,13.050410230093359,80.19670469545655,0.25516350888276235,0.25516350888276235,best,True
Unknown,N/A,N/A,13.0475775,80.1979236,204,13.050410230093359,80.19670469545655,0.4421725927227001,0.4421725927227001,best,True
Unknown,N/A,N/A,12.966830098695365,80.19294875069902,205,12.964940653571869,80.19688984942572,0.6187529492745301,0.6187529492745301,best,True
Unknown,N/A,N/A,12.9621785,80.1950038,205,12.964940653571869,80.19688984942572,0.4780998217735827,0.4780998217735827,best,True
Unknown,N/A,N/A,12.96554314849486,80.20065681023775,205,12.964940653571869,80.19688984942572,0.5383482132214393,0.5383482132214393,best,True
Unknown,N/A,N/A,12.964880830909648,80.1967966793457,205,12.964940653571869,80.19688984942572,0.01570749556836065,0.01570749556836065,best,True
Unknown,N/A,N/A,12.964893252999936,80.1969925261149,205,12.964940653571869,80.19688984942572,0.016006783464453972,0.016006783464453972,best,True
Unknown,N/A,N/A,12.96639846142448,80.19251710390338,205,12.964940653571869,80.19688984942572,0.6514349783147345,0.6514349783147345,best,True
Unknown,N/A,N/A,12.96484484422463,80.19699378049282,205,12.964940653571869,80.19688984942572,0.020118830164118952,0.020118830164118952,best,True
Unknown,N/A,N/A,12.964815143486335,80.1970553539673,205,12.964940653571869,80.19688984942572,0.029509181427921388,0.029509181427921388,best,True
Unknown,N/A,N/A,12.965527753862734,80.20063223823699,205,12.964940653571869,80.19688984942572,0.5345736565884135,0.5345736565884135,best,True
Unknown,N/A,N/A,12.9644378,80.1952343,205,12.964940653571869,80.19688984942572,0.24445782587432224,0.24445782587432224,best,True
Unknown,N/A,N/A,12.964897130768678,80.19732979137461,205,12.964940653571869,80.19688984942572,0.06236869378244568,0.06236869378244568,best,True
Unknown,N/A,N/A,12.964867348987053,80.19692054275066,205,12.964940653571869,80.19688984942572,0.011396903122097532,0.011396903122097532,best,True
Unknown,N/A,N/A,12.964843859776227,80.19685550855984,205,12.964940653571869,80.19688984942572,0.014739442187780985,0.014739442187780985,best,True
Unknown,N/A,N/A,12.964807301983612,80.1975059650818,205,12.964940653571869,80.19688984942572,0.08899419016085663,0.08899419016085663,best,True
Unknown,N/A,N/A,12.96488431580826,80.19692006087853,205,12.964940653571869,80.19688984942572,0.009154706815778348,0.009154706815778348,best,True
Unknown,N/A,N/A,12.964954401920528,80.1968513224786,205,12.964940653571869,80.19688984942572,0.005782768758374085,0.005782768758374085,best,True
Unknown,N/A,N/A,12.964725610803889,80.19684452669001,205,12.964940653571869,80.19688984942572,0.031581081344385906,0.031581081344385906,best,True
Unknown,N/A,N/A,12.967415387139676,80.2000582419062,205,12.964940653571869,80.19688984942572,0.5713091088666695,0.5713091088666695,best,True
Unknown,N/A,N/A,12.96479543366116,80.19751489994688,205,12.964940653571869,80.19688984942572,0.09060342631256271,0.09060342631256271,best,True
Unknown,N/A,N/A,12.964842533714982,80.19678842480812,205,12.964940653571869,80.19688984942572,0.02009465175931338,0.02009465175931338,best,True
Unknown,N/A,N/A,12.964877820099389,80.1968917571343,205,12.964940653571869,80.19688984942572,0.009040667851415312,0.009040667851415312,best,True
Unknown,N/A,N/A,12.964789944120191,80.19694725989109,205,12.964940653571869,80.19688984942572,0.023138185317812247,0.023138185317812247,best,True
Unknown,N/A,N/A,12.96491742457611,80.19694688305053,205,12.964940653571869,80.19688984942572,0.008710695967260094,0.008710695967260094,best,True
Unknown,N/A,N/A,12.964836284594806,80.19685732764655,205,12.964940653571869,80.19688984942572,0.01569555664369006,0.01569555664369006,best,True
Unknown,N/A,N/A,12.9630161,80.1973485,205,12.964940653571869,80.19688984942572,0.28424754696720417,0.28424754696720417,best,True
Unknown,N/A,N/A,12.964859920240684,80.19679936155471,205,12.964940653571869,80.19688984942572,0.01725449534563363,0.01725449534563363,best,True
Unknown,N/A,N/A,12.964863547728536,80.19650082520482,205,12.964940653571869,80.19688984942572,0.05598118701100586,0.05598118701100586,best,True
Unknown,N/A,N/A,12.964888438530908,80.19673035557234,205,12.964940653571869,80.19688984942572,0.023716874725787273,0.023716874725787273,best,True
Unknown,N/A,N/A,12.964846315031558,80.19636273581754,205,12.964940653571869,80.19688984942572,0.07557718098279406,0.07557718098279406,best,True
Unknown,N/A,N/A,12.968994745070695,80.19552728919565,206,12.97109079447148,80.19736941684474,0.39797418498812837,0.39797418498812837,best,True
Unknown,N/A,N/A,12.972100576527904,80.19647205213758,206,12.97109079447148,80.19736941684474,0.1926410535859297,0.1926410535859297,best,True
Unknown,N/A,N/A,12.9701107,80.1962476,206,12.97109079447148,80.19736941684474,0.21190808988043824,0.21190808988043824,best,True
Unknown,N/A,N/A,12.9712838,80.1995963,206,12.97109079447148,80.19736941684474,0.3153180904405902,0.3153180904405902,best,True
Unknown,N/A,N/A,12.96991933970177,80.19473207657998,206,12.97109079447148,80.19736941684474,0.40836280810043163,0.40836280810043163,best,True
Unknown,N/A,N/A,12.9726132,80.1995053,206,12.97109079447148,80.19736941684474,0.3724191306093029,0.3724191306093029,best,True
Unknown,N/A,N/A,12.9726132,80.1995053,206,12.97109079447148,80.19736941684474,0.3724191306093029,0.3724191306093029,best,True
Unknown,N/A,N/A,12.9617233,80.19937159999999,207,12.961325168404064,80.19951639962065,0.06079259845721902,0.06079259845721902,best,True
Unknown,N/A,N/A,12.9617233,80.19937159999999,207,12.961325168404064,80.19951639962065,0.06079259845721902,0.06079259845721902,best,True
Unknown,N/A,N/A,12.9617233,80.19937159999999,207,12.961325168404064,80.19951639962065,0.06079259845721902,0.06079259845721902,best,True
Unknown,N/A,N/A,12.9617233,80.19937159999999,207,12.961325168404064,80.19951639962065,0.06079259845721902,0.06079259845721902,best,True
Unknown,N/A,N/A,12.959995654570266,80.20176521150611,207,12.961325168404064,80.19951639962065,0.3703742730647066,0.3703742730647066,best,True
Unknown,N/A,N/A,12.960620229470395,80.19680518470055,207,12.961325168404064,80.19951639962065,0.39563349100862305,0.39563349100862305,best,True
Unknown,N/A,N/A,12.9617233,80.19937159999999,207,12.961325168404064,80.19951639962065,0.06079259845721902,0.06079259845721902,best,True
Unknown,N/A,N/A,12.9605727,80.2009924,207,12.961325168404064,80.19951639962065,0.2346397387962058,0.2346397387962058,best,True
Unknown,N/A,N/A,12.9617233,80.19937159999999,207,12.961325168404064,80.19951639962065,0.06079259845721902,0.06079259845721902,best,True
Unknown,N/A,N/A,12.9617233,80.19937159999999,207,12.961325168404064,80.19951639962065,0.06079259845721902,0.06079259845721902,best,True
Unknown,N/A,N/A,13.0196609,79.9988127,209,13.01630541156933,80.0030909196266,0.7725785193843223,0.7725785193843223,best,True
Unknown,N/A,N/A,13.0146027,80.0035331,209,13.01630541156933,80.0030909196266,0.25269820624380745,0.25269820624380745,best,True
Unknown,N/A,N/A,13.016902,80.00322899999999,209,13.01630541156933,80.0030909196266,0.0879830621061947,0.0879830621061947,best,True
Unknown,N/A,N/A,13.015007344193656,80.00608548147869,209,13.01630541156933,80.0030909196266,0.46172198105585105,0.46172198105585105,best,True
Unknown,N/A,N/A,13.015591346304037,80.0041810923286,209,13.01630541156933,80.0030909196266,0.18488325038340886,0.18488325038340886,best,True
Unknown,N/A,N/A,13.0175995,80.004051,209,13.01630541156933,80.0030909196266,0.23015159606654154,0.23015159606654154,best,True
Unknown,N/A,N/A,13.0192427,80.0064377,209,13.01630541156933,80.0030909196266,0.6334076944299079,0.6334076944299079,best,True
Unknown,N/A,N/A,13.011836802056951,79.9983972832055,209,13.01630541156933,80.0030909196266,0.9225787068189729,0.9225787068189729,best,True
Unknown,N/A,N/A,13.0591582,80.2399657,210,13.06337884357555,80.24311400853696,0.7520047795240806,0.7520047795240806,best,True
Unknown,N/A,N/A,13.06138012823097,80.24301536050534,210,13.06337884357555,80.24311400853696,0.28779218750003954,0.28779218750003954,best,True
Unknown,N/A,N/A,13.0591582,80.2399657,210,13.06337884357555,80.24311400853696,0.7520047795240806,0.7520047795240806,best,True
Unknown,N/A,N/A,13.066866,80.241739,210,13.06337884357555,80.24311400853696,0.5376902577412409,0.5376902577412409,best,True
Unknown,N/A,N/A,13.0689815,80.24151289999999,210,13.06337884357555,80.24311400853696,0.8368009069019711,0.8368009069019711,best,True
Unknown,N/A,N/A,13.06926324572804,80.24268037754987,210,13.06337884357555,80.24311400853696,0.848502417024614,0.848502417024614,best,True
Unknown,N/A,N/A,13.0591582,80.2399657,210,13.06337884357555,80.24311400853696,0.7520047795240806,0.7520047795240806,best,True
Unknown,N/A,N/A,13.05960080195466,80.24775438786662,210,13.06337884357555,80.24311400853696,0.8504769616005652,0.8504769616005652,best,True
Unknown,N/A,N/A,13.069421440992102,80.24233346630363,210,13.06337884357555,80.24311400853696,0.8759889203275218,0.8759889203275218,best,True
Unknown,N/A,N/A,13.059395412969875,80.24780270239293,210,13.06337884357555,80.24311400853696,0.874782850922472,0.874782850922472,best,True
Unknown,N/A,N/A,13.05980494645528,80.24318668449033,210,13.06337884357555,80.24311400853696,0.5141011373148345,0.5141011373148345,best,True
Unknown,N/A,N/A,13.06826556475337,80.24350289284867,210,13.06337884357555,80.24311400853696,0.7049455473593802,0.7049455473593802,best,True
Unknown,N/A,N/A,13.063845590121009,80.24230458626099,210,13.06337884357555,80.24311400853696,0.13240229925319505,0.13240229925319505,best,True
Unknown,N/A,N/A,13.063909603472837,80.24197333344765,210,13.06337884357555,80.24311400853696,0.17802444857555844,0.17802444857555844,best,True
Unknown,N/A,N/A,13.068551778630177,80.24076637389227,210,13.06337884357555,80.24311400853696,0.8142832447841886,0.8142832447841886,best,True
Unknown,N/A,N/A,12.9239989,80.13786879999999,211,12.924229368029405,80.13645232530244,0.20255652479536937,0.20255652479536937,best,True
Unknown,N/A,N/A,12.923597250212898,80.13355941952253,211,12.924229368029405,80.13645232530244,0.41811393239126293,0.41811393239126293,best,True
Unknown,N/A,N/A,12.9230221,80.13531329999999,211,12.924229368029405,80.13645232530244,0.23657258706451906,0.23657258706451906,best,True
Unknown,N/A,N/A,12.92848406235061,80.13898738051456,211,12.924229368029405,80.13645232530244,0.7087475566307507,0.7087475566307507,best,True
Unknown,N/A,N/A,12.922401246785396,80.13793974373353,211,12.924229368029405,80.13645232530244,0.3363877869058093,0.3363877869058093,best,True
Unknown,N/A,N/A,12.922344023489584,80.13525186602324,211,12.924229368029405,80.13645232530244,0.3196898538479107,0.3196898538479107,best,True
Unknown,N/A,N/A,12.9269297,80.1326742,211,12.924229368029405,80.13645232530244,0.6594684067437943,0.6594684067437943,best,True
Unknown,N/A,N/A,12.925399494272902,80.13946101222606,211,12.924229368029405,80.13645232530244,0.45658747149702256,0.45658747149702256,best,True
Unknown,N/A,N/A,12.922509391976096,80.13519345295309,211,12.924229368029405,80.13645232530244,0.3045139782799831,0.3045139782799831,best,True
Unknown,N/A,N/A,12.922456958027675,80.13525198437057,211,12.924229368029405,80.13645232530244,0.3060256731806532,0.3060256731806532,best,True
Unknown,N/A,N/A,12.925379921208297,80.13947441898316,211,12.924229368029405,80.13645232530244,0.4573201409183532,0.4573201409183532,best,True
Unknown,N/A,N/A,13.029700420965126,79.91792344825299,212,13.03002513906884,79.91790718996731,0.04675718639328484,0.04675718639328484,best,True
Unknown,N/A,N/A,13.030349857172553,79.91789093168164,212,13.03002513906884,79.91790718996731,0.04675718741233711,0.04675718741233711,best,True
Unknown,N/A,N/A,13.1121368,80.1348968,213,13.107028933145484,80.13245796237159,0.8110859498528744,0.8110859498528744,best,True
Unknown,N/A,N/A,13.1053758,80.1309618,213,13.107028933145484,80.13245796237159,0.3178240370344899,0.3178240370344899,best,True
Unknown,N/A,N/A,13.11285364463501,80.13553369073564,213,13.107028933145484,80.13245796237159,0.9432692855140818,0.9432692855140818,best,True
Unknown,N/A,N/A,13.106971039640149,80.13538699944608,213,13.107028933145484,80.13245796237159,0.41298889234390584,0.41298889234390584,best,True
Unknown,N/A,N/A,13.1070448,80.13118159999999,213,13.107028933145484,80.13245796237159,0.17994263439155503,0.17994263439155503,best,True
Unknown,N/A,N/A,13.1104943444806,80.13383326583784,213,13.107028933145484,80.13245796237159,0.5347786907663343,0.5347786907663343,best,True
Unknown,N/A,N/A,13.104596286869144,80.13284955860767,213,13.107028933145484,80.13245796237159,0.3541935021152027,0.3541935021152027,best,True
Unknown,N/A,N/A,13.1059659,80.1333393,213,13.107028933145484,80.13245796237159,0.19700327772388504,0.19700327772388504,best,True
Unknown,N/A,N/A,13.104543496336866,80.1328254225208,213,13.107028933145484,80.13245796237159,0.3611913875164583,0.3611913875164583,best,True
Unknown,N/A,N/A,13.1085107,80.1329982,213,13.107028933145484,80.13245796237159,0.22630792506569336,0.22630792506569336,best,True
Unknown,N/A,N/A,13.107331875952395,80.13129461179777,213,13.107028933145484,80.13245796237159,0.16968579050064744,0.16968579050064744,best,True
Unknown,N/A,N/A,13.103716651835269,80.13137758969457,213,13.107028933145484,80.13245796237159,0.5001285559930573,0.5001285559930573,best,True
Unknown,N/A,N/A,13.1070448,80.13118159999999,213,13.107028933145484,80.13245796237159,0.17994263439155503,0.17994263439155503,best,True
Unknown,N/A,N/A,13.104452,80.1326952,213,13.107028933145484,80.13245796237159,0.3721224636935832,0.3721224636935832,best,True
Unknown,N/A,N/A,13.10727792697146,80.13110187716576,213,13.107028933145484,80.13245796237159,0.1944917636080934,0.1944917636080934,best,True
Unknown,N/A,N/A,13.107402529897806,80.13120070688244,213,13.107028933145484,80.13245796237159,0.1852001744924274,0.1852001744924274,best,True
Unknown,N/A,N/A,13.1063502,80.12888989999999,213,13.107028933145484,80.13245796237159,0.5123733765604972,0.5123733765604972,best,True
Unknown,N/A,N/A,13.104452,80.1326952,213,13.107028933145484,80.13245796237159,0.3721224636935832,0.3721224636935832,best,True
Unknown,N/A,N/A,13.1087614,80.1282031,214,13.112347904566596,80.12676465503692,0.5542396083953062,0.5542396083953062,best,True
Unknown,N/A,N/A,13.113020284863346,80.12624831273679,214,13.112347904566596,80.12676465503692,0.1210341540997977,0.1210341540997977,best,True
Unknown,N/A,N/A,13.113903711108264,80.13122084913104,214,13.112347904566596,80.12676465503692,0.6668339152068867,0.6668339152068867,best,True
Unknown,N/A,N/A,13.1120684,80.1280768,214,13.112347904566596,80.12676465503692,0.18928627278422142,0.18928627278422142,best,True
Unknown,N/A,N/A,13.111658010677836,80.12065992984859,214,13.112347904566596,80.12676465503692,0.8662639045587609,0.8662639045587609,best,True
Unknown,N/A,N/A,13.11467562075012,80.12617893850512,214,13.112347904566596,80.12676465503692,0.34480562918747154,0.34480562918747154,best,True
Unknown,N/A,N/A,12.9382744,80.1840027,215,12.935444937669365,80.1813440550582,0.5533986321810002,0.5533986321810002,best,True
Unknown,N/A,N/A,12.93165777299352,80.17781675654399,215,12.935444937669365,80.1813440550582,0.7377359151846282,0.7377359151846282,best,True
Unknown,N/A,N/A,12.9316317,80.18105489999999,215,12.935444937669365,80.1813440550582,0.5499305192160134,0.5499305192160134,best,True
Unknown,N/A,N/A,12.937264465207589,80.18225024352029,215,12.935444937669365,80.1813440550582,0.29123677374781987,0.29123677374781987,best,True
Unknown,N/A,N/A,12.931564776669404,80.18145925839765,215,12.935444937669365,80.1813440550582,0.5582770722111637,0.5582770722111637,best,True
Unknown,N/A,N/A,12.93548123392914,80.18248450494079,215,12.935444937669365,80.1813440550582,0.16096397952570016,0.16096397952570016,best,True
Unknown,N/A,N/A,12.935370317564386,80.1825716153556,215,12.935444937669365,80.1813440550582,0.17349993925844598,0.17349993925844598,best,True
Unknown,N/A,N/A,12.93551386650191,80.18254571350793,215,12.935444937669365,80.1813440550582,0.1698034021908446,0.1698034021908446,best,True
Unknown,N/A,N/A,12.9362672,80.18363289999999,215,12.935444937669365,80.1813440550582,0.34385387469639067,0.34385387469639067,best,True
Unknown,N/A,N/A,12.938458,80.1772328,215,12.935444937669365,80.1813440550582,0.7239680830178075,0.7239680830178075,best,True
Unknown,N/A,N/A,12.939051032469314,80.18177608927283,215,12.935444937669365,80.1813440550582,0.5221933755661311,0.5221933755661311,best,True
Unknown,N/A,N/A,12.93145260912921,80.18170974411882,215,12.935444937669365,80.1813440550582,0.5764850637710157,0.5764850637710157,best,True
Unknown,N/A,N/A,12.931521486542012,80.18167352110291,215,12.935444937669365,80.1813440550582,0.5661772721157634,0.5661772721157634,best,True
Unknown,N/A,N/A,12.938522166489918,80.1773333228729,215,12.935444937669365,80.1813440550582,0.7183076859434474,0.7183076859434474,best,True
Unknown,N/A,N/A,12.939643037544103,80.18261675623931,215,12.935444937669365,80.1813440550582,0.6298938063101379,0.6298938063101379,best,True
Unknown,N/A,N/A,13.18130222775497,80.2018701030749,217,13.177606985384891,80.19773754321302,0.7884339547538531,0.7884339547538531,best,True
Unknown,N/A,N/A,13.17693810972089,80.19589648423892,217,13.177606985384891,80.19773754321302,0.2767189255137242,0.2767189255137242,best,True
Unknown,N/A,N/A,13.17121063342354,80.1988959950329,217,13.177606985384891,80.19773754321302,0.9343082322774885,0.9343082322774885,best,True
Unknown,N/A,N/A,13.176972096433406,80.19587796706368,217,13.177606985384891,80.19773754321302,0.2775207944268398,0.2775207944268398,best,True
Unknown,N/A,N/A,13.170819926438128,80.19923513655436,217,13.177606985384891,80.19773754321302,0.9986822481382617,0.9986822481382617,best,True
Unknown,N/A,N/A,13.17099841137972,80.19918805559739,217,13.177606985384891,80.19773754321302,0.9721903774072075,0.9721903774072075,best,True
Unknown,N/A,N/A,13.0711918,80.2140806,218,13.068902573747334,80.21557572667778,0.3909391144294328,0.3909391144294328,best,True
Unknown,N/A,N/A,13.0682503326002,80.21441574309003,218,13.068902573747334,80.21557572667778,0.1885399816172247,0.1885399816172247,best,True
Unknown,N/A,N/A,13.068382966038271,80.21457832933018,218,13.068902573747334,80.21557572667778,0.1592476506941023,0.1592476506941023,best,True
Unknown,N/A,N/A,13.068766239905049,80.21532395538716,218,13.068902573747334,80.21557572667778,0.040552839647007656,0.040552839647007656,best,True
Unknown,N/A,N/A,13.068755232754317,80.21441613603207,218,13.068902573747334,80.21557572667778,0.1648596637620247,0.1648596637620247,best,True
Unknown,N/A,N/A,13.0687817,80.2147491,218,13.068902573747334,80.21557572667778,0.11783646562947155,0.11783646562947155,best,True
Unknown,N/A,N/A,13.068811206246382,80.21505515318886,218,13.068902573747334,80.21557572667778,0.07456330953608098,0.07456330953608098,best,True
Unknown,N/A,N/A,13.066983499797088,80.21840312477394,218,13.068902573747334,80.21557572667778,0.484861531460669,0.484861531460669,best,True
Unknown,N/A,N/A,13.068583984752191,80.2196862038654,218,13.068902573747334,80.21557572667778,0.5813498488821943,0.5813498488821943,best,True
Unknown,N/A,N/A,13.068818959695834,80.21846640933673,218,13.068902573747334,80.21557572667778,0.4077381843682825,0.4077381843682825,best,True
Unknown,N/A,N/A,13.069458699956089,80.21544250730432,218,13.068902573747334,80.21557572667778,0.0821581299639916,0.0821581299639916,best,True
Unknown,N/A,N/A,13.0683843,80.2144736,218,13.068902573747334,80.21557572667778,0.1723429944820953,0.1723429944820953,best,True
Unknown,N/A,N/A,13.06834716700214,80.21446396668699,218,13.068902573747334,80.21557572667778,0.17592818028160864,0.17592818028160864,best,True
Unknown,N/A,N/A,13.070216317759082,80.21548682500767,218,13.068902573747334,80.21557572667778,0.18935849395014714,0.18935849395014714,best,True
Unknown,N/A,N/A,13.06837244563281,80.21452578598179,218,13.068902573747334,80.21557572667778,0.16651324486655236,0.16651324486655236,best,True
Unknown,N/A,N/A,13.070336327817907,80.21564418685938,218,13.068902573747334,80.21557572667778,0.20642887348967656,0.20642887348967656,best,True
Unknown,N/A,N/A,13.0717795,80.218027,219,13.072258716708665,80.21685104081311,0.17955230870761682,0.17955230870761682,best,True
Unknown,N/A,N/A,13.072417226387952,80.21766024032874,219,13.072258716708665,80.21685104081311,0.11634374033546072,0.11634374033546072,best,True
Unknown,N/A,N/A,13.0729897,80.2167566,219,13.072258716708665,80.21685104081311,0.10597018475770201,0.10597018475770201,best,True
Unknown,N/A,N/A,13.0724888,80.2175352,219,13.072258716708665,80.21685104081311,0.10197716995875791,0.10197716995875791,best,True
Unknown,N/A,N/A,13.075201,80.21789319999999,219,13.072258716708665,80.21685104081311,0.44794412617264145,0.44794412617264145,best,True
Unknown,N/A,N/A,13.0711552,80.2193408,219,13.072258716708665,80.21685104081311,0.3852407619026791,0.3852407619026791,best,True
Unknown,N/A,N/A,13.074145326730372,80.21596176354825,219,13.072258716708665,80.21685104081311,0.29890016283839194,0.29890016283839194,best,True
Unknown,N/A,N/A,13.074990592770968,80.21596166637258,219,13.072258716708665,80.21685104081311,0.41242353265263954,0.41242353265263954,best,True
Unknown,N/A,N/A,13.0751449419882,80.21732325409135,219,13.072258716708665,80.21685104081311,0.42040334685770625,0.42040334685770625,best,True
Unknown,N/A,N/A,13.07188483122529,80.21560781301164,219,13.072258716708665,80.21685104081311,0.18334452968428652,0.18334452968428652,best,True
Unknown,N/A,N/A,13.0739158,80.2158902,219,13.072258716708665,80.21685104081311,0.2741333865250513,0.2741333865250513,best,True
Unknown,N/A,N/A,13.071330498789347,80.21558573369634,219,13.072258716708665,80.21685104081311,0.222814195660492,0.222814195660492,best,True
Unknown,N/A,N/A,13.0716288,80.2148135,219,13.072258716708665,80.21685104081311,0.3012183528357105,0.3012183528357105,best,True
Unknown,N/A,N/A,13.072053981426812,80.21558683570679,219,13.072258716708665,80.21685104081311,0.1806552205678139,0.1806552205678139,best,True
Unknown,N/A,N/A,13.071379019899007,80.21567595661216,219,13.072258716708665,80.21685104081311,0.208458526211455,0.208458526211455,best,True
Unknown,N/A,N/A,13.071271140948788,80.21562881286746,219,13.072258716708665,80.21685104081311,0.22331186336700945,0.22331186336700945,best,True
Unknown,N/A,N/A,13.0714084,80.2188212,219,13.072258716708665,80.21685104081311,0.3035007722889084,0.3035007722889084,best,True
Unknown,N/A,N/A,13.070978153142118,80.21555118215252,219,13.072258716708665,80.21685104081311,0.2598185425451043,0.2598185425451043,best,True
Unknown,N/A,N/A,13.071803050020604,80.2156488966891,219,13.072258716708665,80.21685104081311,0.18171803877442272,0.18171803877442272,best,True
Unknown,N/A,N/A,13.070266998834644,80.22065217673497,219,13.072258716708665,80.21685104081311,0.6076720468913877,0.6076720468913877,best,True
Unknown,N/A,N/A,13.0710893,80.2203364,219,13.072258716708665,80.21685104081311,0.519384162233688,0.519384162233688,best,True
Unknown,N/A,N/A,13.071366283404313,80.21564145720168,219,13.072258716708665,80.21685104081311,0.2134412755031456,0.2134412755031456,best,True
Unknown,N/A,N/A,13.071261938730943,80.21567404968783,219,13.072258716708665,80.21685104081311,0.2192908314312424,0.2192908314312424,best,True
Unknown,N/A,N/A,13.0709284,80.2101763,220,13.071329732998665,80.21106482157187,0.13793042912459902,0.13793042912459902,best,True
Unknown,N/A,N/A,13.0709284,80.2101763,220,13.071329732998665,80.21106482157187,0.13793042912459902,0.13793042912459902,best,True
Unknown,N/A,N/A,13.07248571653026,80.21213849147108,220,13.071329732998665,80.21106482157187,0.22484471691645763,0.22484471691645763,best,True
Unknown,N/A,N/A,13.070917540612475,80.21078899892979,220,13.071329732998665,80.21106482157187,0.07089859494272228,0.07089859494272228,best,True
Unknown,N/A,N/A,13.0709284,80.2101763,220,13.071329732998665,80.21106482157187,0.13793042912459902,0.13793042912459902,best,True
Unknown,N/A,N/A,13.07035243877685,80.21305580695417,220,13.071329732998665,80.21106482157187,0.3139320178239986,0.3139320178239986,best,True
Unknown,N/A,N/A,13.0709284,80.2101763,220,13.071329732998665,80.21106482157187,0.13793042912459902,0.13793042912459902,best,True
Unknown,N/A,N/A,13.0719475,80.2117603,220,13.071329732998665,80.21106482157187,0.13232048523392018,0.13232048523392018,best,True
Unknown,N/A,N/A,13.072042899060442,80.21092182622296,220,13.071329732998665,80.21106482157187,0.10453049016520483,0.10453049016520483,best,True
Unknown,N/A,N/A,13.0719475,80.2117603,220,13.071329732998665,80.21106482157187,0.13232048523392018,0.13232048523392018,best,True
Unknown,N/A,N/A,13.0719475,80.2117603,220,13.071329732998665,80.21106482157187,0.13232048523392018,0.13232048523392018,best,True
Unknown,N/A,N/A,13.0723224,80.2110191,220,13.071329732998665,80.21106482157187,0.14291125186970843,0.14291125186970843,best,True
Unknown,N/A,N/A,13.0709284,80.2101763,220,13.071329732998665,80.21106482157187,0.13793042912459902,0.13793042912459902,best,True
Unknown,N/A,N/A,13.069393,80.2101254,220,13.071329732998665,80.21106482157187,0.30842881801355243,0.30842881801355243,best,True
Unknown,N/A,N/A,13.0719475,80.2117603,220,13.071329732998665,80.21106482157187,0.13232048523392018,0.13232048523392018,best,True
Unknown,N/A,N/A,13.095371862042317,80.29273233619763,221,13.096605020267953,80.2906441443702,0.34368088380262607,0.34368088380262607,best,True
Unknown,N/A,N/A,13.0963045,80.2865916,221,13.096605020267953,80.2906441443702,0.5729421095024007,0.5729421095024007,best,True
Unknown,N/A,N/A,13.10272058458476,80.29063637119448,221,13.096605020267953,80.2906441443702,0.8795456526009721,0.8795456526009721,best,True
Unknown,N/A,N/A,13.100451441905363,80.29453596292645,221,13.096605020267953,80.2906441443702,0.7791263789178398,0.7791263789178398,best,True
Unknown,N/A,N/A,13.0963045,80.2865916,221,13.096605020267953,80.2906441443702,0.5729421095024007,0.5729421095024007,best,True
Unknown,N/A,N/A,13.098634,80.2888311,221,13.096605020267953,80.2906441443702,0.3879185502876214,0.3879185502876214,best,True
Unknown,N/A,N/A,13.0984303,80.2883617,221,13.096605020267953,80.2906441443702,0.41526781012929825,0.41526781012929825,best,True
Unknown,N/A,N/A,13.0929471,80.2920097,221,13.096605020267953,80.2906441443702,0.5602013628030377,0.5602013628030377,best,True
Unknown,N/A,N/A,13.0943129,80.2923716,221,13.096605020267953,80.2906441443702,0.40985216807261227,0.40985216807261227,best,True
Unknown,N/A,N/A,13.095090772369256,80.2926519023758,221,13.096605020267953,80.2906441443702,0.3571315166153755,0.3571315166153755,best,True
Unknown,N/A,N/A,13.101504644432252,80.29418632450586,221,13.096605020267953,80.2906441443702,0.863662079695056,0.863662079695056,best,True
Unknown,N/A,N/A,13.095204334862222,80.29271133962602,221,13.096605020267953,80.2906441443702,0.354273054464086,0.354273054464086,best,True
Unknown,N/A,N/A,13.0950257,80.2927862,221,13.096605020267953,80.2906441443702,0.37786627505217,0.37786627505217,best,True
Unknown,N/A,N/A,13.0929471,80.2920097,221,13.096605020267953,80.2906441443702,0.5602013628030377,0.5602013628030377,best,True
Unknown,N/A,N/A,13.0929471,80.2920097,221,13.096605020267953,80.2906441443702,0.5602013628030377,0.5602013628030377,best,True
Unknown,N/A,N/A,13.0963045,80.2865916,221,13.096605020267953,80.2906441443702,0.5729421095024007,0.5729421095024007,best,True
Unknown,N/A,N/A,13.0963045,80.2865916,221,13.096605020267953,80.2906441443702,0.5729421095024007,0.5729421095024007,best,True
Unknown,N/A,N/A,13.09526264489492,80.29272440620764,221,13.096605020267953,80.2906441443702,0.3511096610089463,0.3511096610089463,best,True
Unknown,N/A,N/A,13.0994269,80.287314,221,13.096605020267953,80.2906441443702,0.6205708578276937,0.6205708578276937,best,True
Unknown,N/A,N/A,13.0981449509894,80.26850202789792,222,13.096075702996131,80.26627305505791,0.43278925117197403,0.43278925117197403,best,True
Unknown,N/A,N/A,13.098477480793214,80.26692074628083,222,13.096075702996131,80.26627305505791,0.3572896676583038,0.3572896676583038,best,True
Unknown,N/A,N/A,13.0947086,80.2635744,222,13.096075702996131,80.26627305505791,0.4282494896047699,0.4282494896047699,best,True
Unknown,N/A,N/A,13.0941137,80.2657646,222,13.096075702996131,80.26627305505791,0.2911385956447879,0.2911385956447879,best,True
Unknown,N/A,N/A,13.09493378319803,80.26660350111082,222,13.096075702996131,80.26627305505791,0.17071089636574507,0.17071089636574507,best,True
Unknown,N/A,N/A,13.090206643598115,80.26497339159009,223,13.089182043814757,80.26422911651454,0.18089863702160036,0.18089863702160036,best,True
Unknown,N/A,N/A,13.0919414,80.26410369999999,223,13.089182043814757,80.26422911651454,0.39724604183045453,0.39724604183045453,best,True
Unknown,N/A,N/A,13.0904226,80.2627045,223,13.089182043814757,80.26422911651454,0.2793416606246943,0.2793416606246943,best,True
Unknown,N/A,N/A,13.0918726,80.264191,223,13.089182043814757,80.26422911651454,0.3869948107579154,0.3869948107579154,best,True
Unknown,N/A,N/A,13.089751104990984,80.264979587496,223,13.089182043814757,80.26422911651454,0.13376131231898533,0.13376131231898533,best,True
Unknown,N/A,N/A,13.089726719944109,80.26494297681072,223,13.089182043814757,80.26422911651454,0.12753359777039447,0.12753359777039447,best,True
Unknown,N/A,N/A,13.0914294047808,80.26298642021374,223,13.089182043814757,80.26422911651454,0.36764401734324964,0.36764401734324964,best,True
Unknown,N/A,N/A,13.090024,80.265024,223,13.089182043814757,80.26422911651454,0.16498753914721814,0.16498753914721814,best,True
Unknown,N/A,N/A,13.0908024,80.2661613,223,13.089182043814757,80.26422911651454,0.3584807319798328,0.3584807319798328,best,True
Unknown,N/A,N/A,13.089719571371594,80.26494484085272,223,13.089182043814757,80.26422911651454,0.1271131927672487,0.1271131927672487,best,True
Unknown,N/A,N/A,13.0837172,80.2633417,223,13.089182043814757,80.26422911651454,0.7958522360516356,0.7958522360516356,best,True
Unknown,N/A,N/A,13.0835979,80.2624846,223,13.089182043814757,80.26422911651454,0.8399297449489082,0.8399297449489082,best,True
Unknown,N/A,N/A,13.0901864,80.26802,223,13.089182043814757,80.26422911651454,0.5536128651984934,0.5536128651984934,best,True
Unknown,N/A,N/A,13.08777661348102,80.265426156189,223,13.089182043814757,80.26422911651454,0.2633172657716182,0.2633172657716182,best,True
Unknown,N/A,N/A,13.089709792323443,80.26082524229979,223,13.089182043814757,80.26422911651454,0.48584198989381966,0.48584198989381966,best,True
Unknown,N/A,N/A,13.090416641626785,80.26151140265505,223,13.089182043814757,80.26422911651454,0.42228558875123307,0.42228558875123307,best,True
Unknown,N/A,N/A,13.085590301755715,80.26230587995872,223,13.089182043814757,80.26422911651454,0.5834015860922389,0.5834015860922389,best,True
Unknown,N/A,N/A,13.0891581,80.2638429,223,13.089182043814757,80.26422911651454,0.05455746112293032,0.05455746112293032,best,True
Unknown,N/A,N/A,13.08991282059024,80.26517666262185,223,13.089182043814757,80.26422911651454,0.16997352223949044,0.16997352223949044,best,True
Unknown,N/A,N/A,13.089885688079857,80.26512338116038,223,13.089182043814757,80.26422911651454,0.1616648850294287,0.1616648850294287,best,True
Unknown,N/A,N/A,13.0843953,80.2669361,223,13.089182043814757,80.26422911651454,0.7871359783627655,0.7871359783627655,best,True
Unknown,N/A,N/A,13.090459349655893,80.2612666804043,223,13.089182043814757,80.26422911651454,0.45625840144340224,0.45625840144340224,best,True
Unknown,N/A,N/A,13.089752,80.265034,223,13.089182043814757,80.26422911651454,0.13998296010364492,0.13998296010364492,best,True
Unknown,N/A,N/A,13.089914499355586,80.26519237409666,223,13.089182043814757,80.26422911651454,0.17186765854929545,0.17186765854929545,best,True
Unknown,N/A,N/A,13.105765585455764,79.91015137896292,224,13.107432440559027,79.91005256770565,0.24013280105352713,0.24013280105352713,best,True
Unknown,N/A,N/A,13.10937420689585,79.90800201353508,224,13.107432440559027,79.91005256770565,0.40193002960186647,0.40193002960186647,best,True
Unknown,N/A,N/A,13.106767350015426,79.91081596695996,224,13.107432440559027,79.91005256770565,0.14398215922438662,0.14398215922438662,best,True
Unknown,N/A,N/A,13.106995299313937,79.9077340641349,224,13.107432440559027,79.91005256770565,0.33282991382507177,0.33282991382507177,best,True
Unknown,N/A,N/A,13.108321006067596,79.90982620582,224,13.107432440559027,79.91005256770565,0.13171793219381173,0.13171793219381173,best,True
Unknown,N/A,N/A,13.10659528804197,79.90954370894174,224,13.107432440559027,79.91005256770565,0.14014940558352154,0.14014940558352154,best,True
Unknown,N/A,N/A,13.108862717803689,79.91001815500383,224,13.107432440559027,79.91005256770565,0.20576085736436198,0.20576085736436198,best,True
Unknown,N/A,N/A,13.1078055,79.9128995,224,13.107432440559027,79.91005256770565,0.40490027174378695,0.40490027174378695,best,True
Unknown,N/A,N/A,13.106567261404942,79.90947984375269,224,13.107432440559027,79.91005256770565,0.14832875518345934,0.14832875518345934,best,True
Unknown,N/A,N/A,13.108102483566254,79.91214964001156,224,13.107432440559027,79.91005256770565,0.31093248905303883,0.31093248905303883,best,True
Unknown,N/A,N/A,13.106616095860163,79.90919159453276,224,13.107432440559027,79.91005256770565,0.16886503388287014,0.16886503388287014,best,True
Unknown,N/A,N/A,13.1059537,79.9107916,224,13.107432440559027,79.91005256770565,0.23682019515282438,0.23682019515282438,best,True
Unknown,N/A,N/A,13.108895232841736,79.91007970851803,224,13.107432440559027,79.91005256770565,0.21041479068392446,0.21041479068392446,best,True
Unknown,N/A,N/A,13.112883721586677,79.91206576880785,225,13.111969553856719,79.91198590629243,0.1319575184523725,0.1319575184523725,best,True
Unknown,N/A,N/A,13.11131631293135,79.91531525237932,225,13.111969553856719,79.91198590629243,0.4786385508149402,0.4786385508149402,best,True
Unknown,N/A,N/A,13.1107318,79.9106255,225,13.111969553856719,79.91198590629243,0.2616599978303341,0.2616599978303341,best,True
Unknown,N/A,N/A,13.112928122171756,79.91222878570595,225,13.111969553856719,79.91198590629243,0.14204998757076986,0.14204998757076986,best,True
Unknown,N/A,N/A,13.1107318,79.9106255,225,13.111969553856719,79.91198590629243,0.2616599978303341,0.2616599978303341,best,True
Unknown,N/A,N/A,13.110880591981129,79.91058524268124,225,13.111969553856719,79.91198590629243,0.2520195472643014,0.2520195472643014,best,True
Unknown,N/A,N/A,13.1136444,79.9135912,225,13.111969553856719,79.91198590629243,0.3305000586604042,0.3305000586604042,best,True
Unknown,N/A,N/A,13.112842828502703,79.91212469939762,225,13.111969553856719,79.91198590629243,0.12710992070838423,0.12710992070838423,best,True
Unknown,N/A,N/A,13.11285890003226,79.91204773271912,225,13.111969553856719,79.91198590629243,0.12820313722524687,0.12820313722524687,best,True
Unknown,N/A,N/A,13.110877061361304,79.91064938123323,225,13.111969553856719,79.91198590629243,0.2453252955803223,0.2453252955803223,best,True
Unknown,N/A,N/A,13.158658625452244,80.22584957900449,226,13.158008154400852,80.22710267694004,0.19985916217913285,0.19985916217913285,best,True
Unknown,N/A,N/A,13.1555912,80.22472549999999,226,13.158008154400852,80.22710267694004,0.4827894312790045,0.4827894312790045,best,True
Unknown,N/A,N/A,13.159816811983047,80.22638572517779,226,13.158008154400852,80.22710267694004,0.27906063871826586,0.27906063871826586,best,True
Unknown,N/A,N/A,13.158034293548996,80.22585905875336,226,13.158008154400852,80.22710267694004,0.1753163830567657,0.1753163830567657,best,True
Unknown,N/A,N/A,13.158837114589891,80.22592680074413,226,13.158008154400852,80.22710267694004,0.20415625665111498,0.20415625665111498,best,True
Unknown,N/A,N/A,13.1555912,80.22472549999999,226,13.158008154400852,80.22710267694004,0.4827894312790045,0.4827894312790045,best,True
Unknown,N/A,N/A,13.158218316029746,80.22588593377284,226,13.158008154400852,80.22710267694004,0.17413158425152722,0.17413158425152722,best,True
Unknown,N/A,N/A,13.156641397378028,80.22662269145371,226,13.158008154400852,80.22710267694004,0.2078840703832736,0.2078840703832736,best,True
Unknown,N/A,N/A,13.1555912,80.22472549999999,226,13.158008154400852,80.22710267694004,0.4827894312790045,0.4827894312790045,best,True
Unknown,N/A,N/A,13.156646043038544,80.22660214874122,226,13.158008154400852,80.22710267694004,0.20821545352969342,0.20821545352969342,best,True
Unknown,N/A,N/A,13.15936174755391,80.22413797811096,226,13.158008154400852,80.22710267694004,0.4609694898279255,0.4609694898279255,best,True
Unknown,N/A,N/A,13.1596214,80.22864589999999,226,13.158008154400852,80.22710267694004,0.31802509803129264,0.31802509803129264,best,True
Unknown,N/A,N/A,13.154308082745828,80.22817459303744,226,13.158008154400852,80.22710267694004,0.5531793042946077,0.5531793042946077,best,True
Unknown,N/A,N/A,13.15562661515331,80.22984755464148,226,13.158008154400852,80.22710267694004,0.5167037518386942,0.5167037518386942,best,True
Unknown,N/A,N/A,13.1555912,80.22472549999999,226,13.158008154400852,80.22710267694004,0.4827894312790045,0.4827894312790045,best,True
Unknown,N/A,N/A,13.157368673296704,80.23377492087579,226,13.158008154400852,80.22710267694004,0.9448768685304877,0.9448768685304877,best,True
Unknown,N/A,N/A,13.157999300384354,80.22582173952357,226,13.158008154400852,80.22710267694004,0.1805403633587516,0.1805403633587516,best,True
Unknown,N/A,N/A,12.8237643,79.6974132,227,12.82248546536538,79.69799564838166,0.20145259984938554,0.20145259984938554,best,True
Unknown,N/A,N/A,12.8237643,79.6974132,227,12.82248546536538,79.69799564838166,0.20145259984938554,0.20145259984938554,best,True
Unknown,N/A,N/A,12.8237643,79.6974132,227,12.82248546536538,79.69799564838166,0.20145259984938554,0.20145259984938554,best,True
Unknown,N/A,N/A,12.8228142,79.699191,227,12.82248546536538,79.69799564838166,0.17519913361964043,0.17519913361964043,best,True
Unknown,N/A,N/A,12.8228142,79.699191,227,12.82248546536538,79.69799564838166,0.17519913361964043,0.17519913361964043,best,True
Unknown,N/A,N/A,12.821768787469727,79.69824130280243,227,12.82248546536538,79.69799564838166,0.10874545514532782,0.10874545514532782,best,True
Unknown,N/A,N/A,12.8228144,79.6984418,227,12.82248546536538,79.69799564838166,0.0787561764098642,0.0787561764098642,best,True
Unknown,N/A,N/A,12.823386,79.6949349,227,12.82248546536538,79.69799564838166,0.4509596682681949,0.4509596682681949,best,True
Unknown,N/A,N/A,12.8198952,79.6990331,227,12.82248546536538,79.69799564838166,0.4002664342919983,0.4002664342919983,best,True
Unknown,N/A,N/A,12.8237643,79.6974132,227,12.82248546536538,79.69799564838166,0.20145259984938554,0.20145259984938554,best,True
Unknown,N/A,N/A,12.8217318,79.6966122,227,12.82248546536538,79.69799564838166,0.22331476077741882,0.22331476077741882,best,True
Unknown,N/A,N/A,12.8237643,79.6974132,227,12.82248546536538,79.69799564838166,0.20145259984938554,0.20145259984938554,best,True
Unknown,N/A,N/A,12.8214008,79.6985172,227,12.82248546536538,79.69799564838166,0.1724879026454009,0.1724879026454009,best,True
Unknown,N/A,N/A,12.821494358376349,79.69786297130439,227,12.82248546536538,79.69799564838166,0.14376333828723695,0.14376333828723695,best,True
Unknown,N/A,N/A,12.8200118,79.7003971,227,12.82248546536538,79.69799564838166,0.4913534758250919,0.4913534758250919,best,True
Unknown,N/A,N/A,12.8228144,79.6984418,227,12.82248546536538,79.69799564838166,0.0787561764098642,0.0787561764098642,best,True
Unknown,N/A,N/A,12.8242089,79.7038006,228,12.823806284164448,79.7028497550364,0.14615130002048096,0.14615130002048096,best,True
Unknown,N/A,N/A,12.8241952,79.70364420000001,228,12.823806284164448,79.7028497550364,0.1252964511376502,0.1252964511376502,best,True
Unknown,N/A,N/A,12.8243689,79.7012373,228,12.823806284164448,79.7028497550364,0.24152108596651722,0.24152108596651722,best,True
Unknown,N/A,N/A,12.825964218794402,79.7018454380872,228,12.823806284164448,79.7028497550364,0.34118352263084967,0.34118352263084967,best,True
Unknown,N/A,N/A,12.82362890054416,79.70383517087423,228,12.823806284164448,79.7028497550364,0.14139128666361198,0.14139128666361198,best,True
Unknown,N/A,N/A,12.82397351540484,79.70375290262217,228,12.823806284164448,79.7028497550364,0.1297095399033173,0.1297095399033173,best,True
Unknown,N/A,N/A,12.8242089,79.7038006,228,12.823806284164448,79.7028497550364,0.14615130002048096,0.14615130002048096,best,True
Unknown,N/A,N/A,12.820249714120742,79.70179229156534,228,12.823806284164448,79.7028497550364,0.532824888801905,0.532824888801905,best,True
Unknown,N/A,N/A,12.826256134708016,79.7006310470362,228,12.823806284164448,79.7028497550364,0.4713634400368087,0.4713634400368087,best,True
Unknown,N/A,N/A,12.82100845807231,79.7041580001788,228,12.823806284164448,79.7028497550364,0.4427146335582076,0.4427146335582076,best,True
Unknown,N/A,N/A,13.107232864241368,80.18603002562037,229,13.106110381863632,80.18554197663963,0.17548545723997747,0.17548545723997747,best,True
Unknown,N/A,N/A,13.105588773837663,80.18636731858004,229,13.106110381863632,80.18554197663963,0.13843666250541237,0.13843666250541237,best,True
Unknown,N/A,N/A,13.1073263,80.1866991,229,13.106110381863632,80.18554197663963,0.2391420992769623,0.2391420992769623,best,True
Unknown,N/A,N/A,13.1042903,80.1837974,229,13.106110381863632,80.18554197663963,0.3591722933348608,0.3591722933348608,best,True
Unknown,N/A,N/A,13.106092482818738,80.18645826684536,229,13.106110381863632,80.18554197663963,0.12919510810619256,0.12919510810619256,best,True
Unknown,N/A,N/A,13.1043981,80.18565389999999,229,13.106110381863632,80.18554197663963,0.24676667104264616,0.24676667104264616,best,True
Unknown,N/A,N/A,13.1077972,80.1863353,229,13.106110381863632,80.18554197663963,0.2671357140642867,0.2671357140642867,best,True
Unknown,N/A,N/A,13.1055386,80.1853564,229,13.106110381863632,80.18554197663963,0.08629506351980937,0.08629506351980937,best,True
Unknown,N/A,N/A,13.105881083550216,80.18629713279282,229,13.106110381863632,80.18554197663963,0.11144543928223083,0.11144543928223083,best,True
Unknown,N/A,N/A,13.107076596051993,80.18424159919736,229,13.106110381863632,80.18554197663963,0.2300311666748301,0.2300311666748301,best,True
Unknown,N/A,N/A,13.1059919,80.18372529999999,229,13.106110381863632,80.18554197663963,0.256663297083934,0.256663297083934,best,True
Unknown,N/A,N/A,13.1116312,80.1841552,230,13.10911652209303,80.18294154831018,0.4000881038840988,0.4000881038840988,best,True
Unknown,N/A,N/A,13.108128948824168,80.18415227636,230,13.10911652209303,80.18294154831018,0.22204364019834627,0.22204364019834627,best,True
Unknown,N/A,N/A,13.1071479,80.1821656,230,13.10911652209303,80.18294154831018,0.3035241956720474,0.3035241956720474,best,True
Unknown,N/A,N/A,13.1081798,80.1834167,230,13.10911652209303,80.18294154831018,0.15045277124184267,0.15045277124184267,best,True
Unknown,N/A,N/A,13.1081066244466,80.18351606327647,230,13.10911652209303,80.18294154831018,0.16629811394334967,0.16629811394334967,best,True
Unknown,N/A,N/A,13.1088659,80.1825205,230,13.10911652209303,80.18294154831018,0.06944188759971195,0.06944188759971195,best,True
Unknown,N/A,N/A,13.1126983,80.1823277,230,13.10911652209303,80.18294154831018,0.5223517186820203,0.5223517186820203,best,True
Unknown,N/A,N/A,13.1110021,80.1849146,230,13.10911652209303,80.18294154831018,0.3884605065136209,0.3884605065136209,best,True
Unknown,N/A,N/A,13.112228206102378,80.18268076226443,230,13.10911652209303,80.18294154831018,0.4490324689936209,0.4490324689936209,best,True
Unknown,N/A,N/A,13.1081798,80.1834167,230,13.10911652209303,80.18294154831018,0.15045277124184267,0.15045277124184267,best,True
Unknown,N/A,N/A,13.10821614367818,80.18363629141959,230,13.10911652209303,80.18294154831018,0.1623580242635706,0.1623580242635706,best,True
Unknown,N/A,N/A,13.1088424,80.1820667,230,13.10911652209303,80.18294154831018,0.1294742498489368,0.1294742498489368,best,True
Unknown,N/A,N/A,13.109318263688618,80.18157735554199,230,13.10911652209303,80.18294154831018,0.19448436832769514,0.19448436832769514,best,True
Unknown,N/A,N/A,13.108130946129544,80.18353491782366,230,13.10911652209303,80.18294154831018,0.16458664004616033,0.16458664004616033,best,True
Unknown,N/A,N/A,13.113095369650903,80.18193414712874,230,13.10911652209303,80.18294154831018,0.5895990890929989,0.5895990890929989,best,True
Unknown,N/A,N/A,13.1082733,80.1818582,230,13.10911652209303,80.18294154831018,0.1950126144634794,0.1950126144634794,best,True
Unknown,N/A,N/A,13.1090805,80.18297299999999,230,13.10911652209303,80.18294154831018,0.006818912327944745,0.006818912327944745,best,True
Unknown,N/A,N/A,13.1088659,80.1825205,230,13.10911652209303,80.18294154831018,0.06944188759971195,0.06944188759971195,best,True
Unknown,N/A,N/A,13.114914,80.1827835,230,13.10911652209303,80.18294154831018,0.8340959531001154,0.8340959531001154,best,True
Unknown,N/A,N/A,13.108093230511695,80.18348359274675,230,13.10911652209303,80.18294154831018,0.1658248463962989,0.1658248463962989,best,True
Unknown,N/A,N/A,13.108071025819914,80.18345800092494,230,13.10911652209303,80.18294154831018,0.16706209243003478,0.16706209243003478,best,True
Unknown,N/A,N/A,13.11136862011762,80.18379098808286,230,13.10911652209303,80.18294154831018,0.3453242853958618,0.3453242853958618,best,True
Unknown,N/A,N/A,13.1081798,80.1834167,230,13.10911652209303,80.18294154831018,0.15045277124184267,0.15045277124184267,best,True
Unknown,N/A,N/A,13.108069,80.18359799999999,230,13.10911652209303,80.18294154831018,0.17680656959207655,0.17680656959207655,best,True
Unknown,N/A,N/A,13.1092554,80.1831636,230,13.10911652209303,80.18294154831018,0.03713182834439454,0.03713182834439454,best,True
Unknown,N/A,N/A,13.105920999227214,80.18115153524309,230,13.10911652209303,80.18294154831018,0.5242996542948836,0.5242996542948836,best,True
Unknown,N/A,N/A,13.10803519985924,80.18337290052433,230,13.10911652209303,80.18294154831018,0.16698185806086827,0.16698185806086827,best,True
Unknown,N/A,N/A,13.108113340461744,80.18313953898216,230,13.10911652209303,80.18294154831018,0.14695324862290204,0.14695324862290204,best,True
Unknown,N/A,N/A,13.108095532122114,80.18330843928679,230,13.10911652209303,80.18294154831018,0.15568187855701468,0.15568187855701468,best,True
Unknown,N/A,N/A,13.110001,80.1804087,230,13.10911652209303,80.18294154831018,0.37903387178132164,0.37903387178132164,best,True
Unknown,N/A,N/A,13.1090805,80.18297299999999,230,13.10911652209303,80.18294154831018,0.006818912327944745,0.006818912327944745,best,True
Unknown,N/A,N/A,13.108108465034864,80.18337256347654,230,13.10911652209303,80.18294154831018,0.15719674602248826,0.15719674602248826,best,True
Unknown,N/A,N/A,13.1082733,80.18185820000001,230,13.10911652209303,80.18294154831018,0.1950126144611854,0.1950126144611854,best,True
Unknown,N/A,N/A,13.108104095358216,80.18339247613906,230,13.10911652209303,80.18294154831018,0.15887865915172653,0.15887865915172653,best,True
Unknown,N/A,N/A,13.108358099327598,80.18339906556346,230,13.10911652209303,80.18294154831018,0.12671805535842096,0.12671805535842096,best,True
Unknown,N/A,N/A,13.1092554,80.1831636,230,13.10911652209303,80.18294154831018,0.03713182834439454,0.03713182834439454,best,True
Unknown,N/A,N/A,13.1092554,80.1831636,230,13.10911652209303,80.18294154831018,0.03713182834439454,0.03713182834439454,best,True
Unknown,N/A,N/A,13.1088659,80.1825205,230,13.10911652209303,80.18294154831018,0.06944188759971195,0.06944188759971195,best,True
Unknown,N/A,N/A,13.108134451267606,80.18243466931153,230,13.10911652209303,80.18294154831018,0.15828786974554454,0.15828786974554454,best,True
Unknown,N/A,N/A,13.1127902,80.1896663,231,13.11296195907075,80.18858522352224,0.154384316592063,0.154384316592063,best,True
Unknown,N/A,N/A,13.1149631,80.18543249999999,231,13.11296195907075,80.18858522352224,0.5294772733770106,0.5294772733770106,best,True
Unknown,N/A,N/A,13.1127902,80.1896663,231,13.11296195907075,80.18858522352224,0.154384316592063,0.154384316592063,best,True
Unknown,N/A,N/A,13.1133538,80.1904154,231,13.11296195907075,80.18858522352224,0.2640759366759419,0.2640759366759419,best,True
Unknown,N/A,N/A,13.1127902,80.1896663,231,13.11296195907075,80.18858522352224,0.154384316592063,0.154384316592063,best,True
Unknown,N/A,N/A,13.1110842544245,80.18666454113345,231,13.11296195907075,80.18858522352224,0.38240741932793726,0.38240741932793726,best,True
Unknown,N/A,N/A,13.091126389253304,80.10857172179385,232,13.091049332259455,80.10624968373935,0.3275451476862917,0.3275451476862917,best,True
Unknown,N/A,N/A,13.0914994,80.1051684,232,13.091049332259455,80.10624968373935,0.1656113131201657,0.1656113131201657,best,True
Unknown,N/A,N/A,13.0877417,80.1046447,232,13.091049332259455,80.10624968373935,0.526776986838207,0.526776986838207,best,True
Unknown,N/A,N/A,13.091651328033723,80.10853961943675,232,13.091049332259455,80.10624968373935,0.3342397170977075,0.3342397170977075,best,True
Unknown,N/A,N/A,13.0893928,80.10676219999999,232,13.091049332259455,80.10624968373935,0.24895907915976945,0.24895907915976945,best,True
Unknown,N/A,N/A,13.0914994,80.1051684,232,13.091049332259455,80.10624968373935,0.1656113131201657,0.1656113131201657,best,True
Unknown,N/A,N/A,13.091516957879143,80.10509490966797,232,13.091049332259455,80.10624968373935,0.17614314362280004,0.17614314362280004,best,True
Unknown,N/A,N/A,13.092613165042202,80.10680478257994,232,13.091049332259455,80.10624968373935,0.2381371185494161,0.2381371185494161,best,True
Unknown,N/A,N/A,13.09126566437799,80.10879030631885,232,13.091049332259455,80.10624968373935,0.3595220332288209,0.3595220332288209,best,True
Unknown,N/A,N/A,13.09067520072526,80.10736271815469,232,13.091049332259455,80.10624968373935,0.1658834901513148,0.1658834901513148,best,True
Unknown,N/A,N/A,13.092148234677628,80.10509241267967,232,13.091049332259455,80.10624968373935,0.2271478095402749,0.2271478095402749,best,True
Unknown,N/A,N/A,13.093193913483988,80.10852248713985,232,13.091049332259455,80.10624968373935,0.44474500778232995,0.44474500778232995,best,True
Unknown,N/A,N/A,13.089317165899676,80.10072323083995,232,13.091049332259455,80.10624968373935,0.817973389302392,0.817973389302392,best,True
Unknown,N/A,N/A,13.0827875,80.1089844,233,13.083102188902611,80.10805839495872,0.1381736468446225,0.1381736468446225,best,True
Unknown,N/A,N/A,13.082799759897371,80.10887722615654,233,13.083102188902611,80.10805839495872,0.12336362977845132,0.12336362977845132,best,True
Unknown,N/A,N/A,13.083117273717283,80.1088528426112,233,13.083102188902611,80.10805839495872,0.11202470785947327,0.11202470785947327,best,True
Unknown,N/A,N/A,13.082853250151944,80.10887029822086,233,13.083102188902611,80.10805839495872,0.11993326623160874,0.11993326623160874,best,True
Unknown,N/A,N/A,13.082774164381858,80.10895367840031,233,13.083102188902611,80.10805839495872,0.13474831446736124,0.13474831446736124,best,True
Unknown,N/A,N/A,13.08287487816932,80.10887908442803,233,13.083102188902611,80.10805839495872,0.12023328348776967,0.12023328348776967,best,True
Unknown,N/A,N/A,13.0833042,80.10858759999999,233,13.083102188902611,80.10805839495872,0.08006616867356718,0.08006616867356718,best,True
Unknown,N/A,N/A,13.083015436800752,80.10887694167414,233,13.083102188902611,80.10805839495872,0.11607379101589749,0.11607379101589749,best,True
Unknown,N/A,N/A,13.082822937873468,80.10890662541604,233,13.083102188902611,80.10805839495872,0.12615013704193592,0.12615013704193592,best,True
Unknown,N/A,N/A,13.088293311051064,80.10869195778486,234,13.088454532456007,80.10996134536907,0.18045427905669953,0.18045427905669953,best,True
Unknown,N/A,N/A,13.089302854780648,80.10889524001973,234,13.088454532456007,80.10996134536907,0.1935856838734599,0.1935856838734599,best,True
Unknown,N/A,N/A,13.087786,80.10883,234,13.088454532456007,80.10996134536907,0.18623638228715927,0.18623638228715927,best,True
Unknown,N/A,N/A,13.0889321,80.1104338,234,13.088454532456007,80.10996134536907,0.0956762352140837,0.0956762352140837,best,True
Unknown,N/A,N/A,13.087786,80.10883,234,13.088454532456007,80.10996134536907,0.18623638228715927,0.18623638228715927,best,True
Unknown,N/A,N/A,13.086333841932356,80.10870068542202,234,13.088454532456007,80.10996134536907,0.35300406106044785,0.35300406106044785,best,True
Unknown,N/A,N/A,13.08660060430384,80.10876544389225,234,13.088454532456007,80.10996134536907,0.31546597402822246,0.31546597402822246,best,True
Unknown,N/A,N/A,13.088952183368802,80.1153163276001,234,13.088454532456007,80.10996134536907,0.7583301275633071,0.7583301275633071,best,True
Unknown,N/A,N/A,13.089891971670978,80.10991920055883,234,13.088454532456007,80.10996134536907,0.2068187633769412,0.2068187633769412,best,True
Unknown,N/A,N/A,13.088847305607027,80.10924234647736,234,13.088454532456007,80.10996134536907,0.11604198141611209,0.11604198141611209,best,True
Unknown,N/A,N/A,13.08677506482296,80.10873043461514,234,13.088454532456007,80.10996134536907,0.29741683490058934,0.29741683490058934,best,True
Unknown,N/A,N/A,13.0879297,80.1095315,234,13.088454532456007,80.10996134536907,0.09679779724314422,0.09679779724314422,best,True
Unknown,N/A,N/A,13.092322383556557,80.11354498023212,234,13.088454532456007,80.10996134536907,0.751457414777064,0.751457414777064,best,True
Unknown,N/A,N/A,13.086558205329236,80.1087773708374,234,13.088454532456007,80.10996134536907,0.3197555063508983,0.3197555063508983,best,True
Unknown,N/A,N/A,13.0890365,80.10951469999999,234,13.088454532456007,80.10996134536907,0.10474007199372733,0.10474007199372733,best,True
Unknown,N/A,N/A,13.089436366370114,80.1088074955885,234,13.088454532456007,80.10996134536907,0.21540903953002194,0.21540903953002194,best,True
Unknown,N/A,N/A,13.089011,80.1098805,234,13.088454532456007,80.10996134536907,0.08083901557747782,0.08083901557747782,best,True
Unknown,N/A,N/A,13.086619261742923,80.10875881692755,234,13.088454532456007,80.10996134536907,0.31370521336012114,0.31370521336012114,best,True
Unknown,N/A,N/A,13.0890365,80.10951469999999,234,13.088454532456007,80.10996134536907,0.10474007199372733,0.10474007199372733,best,True
Unknown,N/A,N/A,13.08926784807529,80.10867378559742,234,13.088454532456007,80.10996134536907,0.21594407458344278,0.21594407458344278,best,True
Unknown,N/A,N/A,13.088680537983748,80.11694577453544,234,13.088454532456007,80.10996134536907,0.9852012029183618,0.9852012029183618,best,True
Unknown,N/A,N/A,13.088600173436625,80.10884453803052,234,13.088454532456007,80.10996134536907,0.15883471550102105,0.15883471550102105,best,True
Unknown,N/A,N/A,13.1359139,79.91772,235,13.134864691637482,79.91799001611827,0.15562405761042836,0.15562405761042836,best,True
Unknown,N/A,N/A,13.1331857,79.9161453,235,13.134864691637482,79.91799001611827,0.3548527732647333,0.3548527732647333,best,True
Unknown,N/A,N/A,13.1359139,79.91772,235,13.134864691637482,79.91799001611827,0.15562405761042836,0.15562405761042836,best,True
Unknown,N/A,N/A,13.129792239793735,79.9166103693422,235,13.134864691637482,79.91799001611827,0.7550003388851055,0.7550003388851055,best,True
Unknown,N/A,N/A,13.1369737728053,79.9177252143628,235,13.134864691637482,79.91799001611827,0.30561821840026493,0.30561821840026493,best,True
Unknown,N/A,N/A,13.1359139,79.91772,235,13.134864691637482,79.91799001611827,0.15562405761042836,0.15562405761042836,best,True
Unknown,N/A,N/A,13.13755334372284,79.91914948933609,235,13.134864691637482,79.91799001611827,0.4198035547038818,0.4198035547038818,best,True
Unknown,N/A,N/A,13.132543574617076,79.91998454906106,235,13.134864691637482,79.91799001611827,0.4364380093894339,0.4364380093894339,best,True
Unknown,N/A,N/A,13.131022593915109,79.9167706168795,235,13.134864691637482,79.91799001611827,0.5786895768029842,0.5786895768029842,best,True
Unknown,N/A,N/A,13.13677302466357,79.91780334755241,235,13.134864691637482,79.91799001611827,0.2757169499283621,0.2757169499283621,best,True
Unknown,N/A,N/A,13.129237245391952,79.91929256629841,235,13.134864691637482,79.91799001611827,0.8299093743592043,0.8299093743592043,best,True
Unknown,N/A,N/A,13.136959666729572,79.91747548068236,235,13.134864691637482,79.91799001611827,0.3099074770549908,0.3099074770549908,best,True
Unknown,N/A,N/A,13.1326198,79.9196587,235,13.134864691637482,79.91799001611827,0.39945371622140946,0.39945371622140946,best,True
Unknown,N/A,N/A,13.1359139,79.91772,235,13.134864691637482,79.91799001611827,0.15562405761042836,0.15562405761042836,best,True
Unknown,N/A,N/A,13.132720587835513,79.91568765661421,235,13.134864691637482,79.91799001611827,0.44767004328048104,0.44767004328048104,best,True
Unknown,N/A,N/A,13.1369692,79.9214132,235,13.134864691637482,79.91799001611827,0.569583150597424,0.569583150597424,best,True
Unknown,N/A,N/A,13.135502,79.9182222,235,13.134864691637482,79.91799001611827,0.09732588963202901,0.09732588963202901,best,True
Unknown,N/A,N/A,13.126725268054336,80.15379884711894,236,13.125902701472603,80.15349458052727,0.1258368621854,0.1258368621854,best,True
Unknown,N/A,N/A,13.127090872229328,80.15383934336313,236,13.125902701472603,80.15349458052727,0.1776598274836729,0.1776598274836729,best,True
Unknown,N/A,N/A,13.127110838989877,80.15378102038656,236,13.125902701472603,80.15349458052727,0.1783850752005795,0.1783850752005795,best,True
Unknown,N/A,N/A,13.12470599238782,80.15210921248445,236,13.125902701472603,80.15349458052727,0.2603015182502559,0.2603015182502559,best,True
Unknown,N/A,N/A,13.1254035,80.1566735,236,13.125902701472603,80.15349458052727,0.4538122047925563,0.4538122047925563,best,True
Unknown,N/A,N/A,13.123051363086272,80.15298086620001,236,13.125902701472603,80.15349458052727,0.41642669416752426,0.41642669416752426,best,True
Unknown,N/A,N/A,13.1223382,80.1516277,236,13.125902701472603,80.15349458052727,0.5762471760214417,0.5762471760214417,best,True
Unknown,N/A,N/A,13.1245553,80.15219189999999,236,13.125902701472603,80.15349458052727,0.2669654134627345,0.2669654134627345,best,True
Unknown,N/A,N/A,13.126961560586492,80.15380442328143,236,13.125902701472603,80.15349458052727,0.1584253539322448,0.1584253539322448,best,True
Unknown,N/A,N/A,13.1228139,80.1517239,236,13.125902701472603,80.15349458052727,0.5095505305231557,0.5095505305231557,best,True
Unknown,N/A,N/A,13.12730741469924,80.15380321612753,236,13.125902701472603,80.15349458052727,0.206658414245925,0.206658414245925,best,True
Unknown,N/A,N/A,13.12677638348421,80.15375500701282,236,13.125902701472603,80.15349458052727,0.13090632140649971,0.13090632140649971,best,True
Unknown,N/A,N/A,13.127308259000875,80.15399075782366,236,13.125902701472603,80.15349458052727,0.21390597066143813,0.21390597066143813,best,True
Unknown,N/A,N/A,13.127043684609111,80.15384107119002,236,13.125902701472603,80.15349458052727,0.17121147977739812,0.17121147977739812,best,True
Unknown,N/A,N/A,13.1269948,80.15383609999999,236,13.125902701472603,80.15349458052727,0.16427850118088333,0.16427850118088333,best,True
Unknown,N/A,N/A,13.127163787906676,80.15381490397493,236,13.125902701472603,80.15349458052727,0.18690660847442428,0.18690660847442428,best,True
Unknown,N/A,N/A,13.1269948,80.15383609999999,236,13.125902701472603,80.15349458052727,0.16427850118088333,0.16427850118088333,best,True
Unknown,N/A,N/A,13.119339417459944,80.15414241326374,237,13.120831801083753,80.15599947848602,0.3385190988647357,0.3385190988647357,best,True
Unknown,N/A,N/A,13.122280697103704,80.15705090427825,237,13.120831801083753,80.15599947848602,0.25571311247970197,0.25571311247970197,best,True
Unknown,N/A,N/A,13.1214361,80.1523065,237,13.120831801083753,80.15599947848602,0.5277728717101344,0.5277728717101344,best,True
Unknown,N/A,N/A,13.119891721064263,80.15816417050362,237,13.120831801083753,80.15599947848602,0.333751095947624,0.333751095947624,best,True
Unknown,N/A,N/A,13.1228082,80.15688759999999,237,13.120831801083753,80.15599947848602,0.31059523103227304,0.31059523103227304,best,True
Unknown,N/A,N/A,13.121768885468668,80.15481187984192,237,13.120831801083753,80.15599947848602,0.2149144300511559,0.2149144300511559,best,True
Unknown,N/A,N/A,13.118666,80.15580779999999,237,13.120831801083753,80.15599947848602,0.3126572735948038,0.3126572735948038,best,True
Unknown,N/A,N/A,13.118092422078789,80.15647495150239,237,13.120831801083753,80.15599947848602,0.3996404920634559,0.3996404920634559,best,True
Unknown,N/A,N/A,13.120454698445188,80.15478543624573,237,13.120831801083753,80.15599947848602,0.1795219915969781,0.1795219915969781,best,True
Unknown,N/A,N/A,13.123394888784222,80.15739445523114,237,13.120831801083753,80.15599947848602,0.4177932142122513,0.4177932142122513,best,True
Unknown,N/A,N/A,13.120389320348098,80.15456458242858,237,13.120831801083753,80.15599947848602,0.21204038053021065,0.21204038053021065,best,True
Unknown,N/A,N/A,13.122453,80.156193,237,13.120831801083753,80.15599947848602,0.23475276229049966,0.23475276229049966,best,True
Unknown,N/A,N/A,13.121839502991422,80.15404678294492,237,13.120831801083753,80.15599947848602,0.31107783774848696,0.31107783774848696,best,True
Unknown,N/A,N/A,13.1185879,80.1574261,237,13.120831801083753,80.15599947848602,0.38024905498068584,0.38024905498068584,best,True
Unknown,N/A,N/A,13.12182896359572,80.16021717953612,237,13.120831801083753,80.15599947848602,0.611585308102164,0.611585308102164,best,True
Unknown,N/A,N/A,13.1200771,80.1557179,237,13.120831801083753,80.15599947848602,0.11557150332666817,0.11557150332666817,best,True
Unknown,N/A,N/A,13.027100042190249,80.25616789462052,239,13.024596841540363,80.2590619847496,0.5442081438223167,0.5442081438223167,best,True
Unknown,N/A,N/A,13.0239371,80.2551752,239,13.024596841540363,80.2590619847496,0.5562529058724155,0.5562529058724155,best,True
Unknown,N/A,N/A,13.025676846608029,80.25876325991536,239,13.024596841540363,80.2590619847496,0.1609371046921918,0.1609371046921918,best,True
Unknown,N/A,N/A,13.02920853086366,80.26401981966352,239,13.024596841540363,80.2590619847496,0.9636833728357833,0.9636833728357833,best,True
Unknown,N/A,N/A,13.023740517273222,80.26464135933057,239,13.024596841540363,80.2590619847496,0.7963646067894216,0.7963646067894216,best,True
Unknown,N/A,N/A,13.0223022,80.25913709999999,239,13.024596841540363,80.2590619847496,0.3301850477614879,0.3301850477614879,best,True
Unknown,N/A,N/A,13.0274281,80.256635,239,13.024596841540363,80.2590619847496,0.5319160470260943,0.5319160470260943,best,True
Unknown,N/A,N/A,13.027066837596026,80.2559457105493,239,13.024596841540363,80.2590619847496,0.5650681255644597,0.5650681255644597,best,True
Unknown,N/A,N/A,13.0223503,80.26282979999999,239,13.024596841540363,80.2590619847496,0.6218511812354636,0.6218511812354636,best,True
Unknown,N/A,N/A,13.0223022,80.25913709999999,239,13.024596841540363,80.2590619847496,0.3301850477614879,0.3301850477614879,best,True
Unknown,N/A,N/A,13.023360382564364,80.2644968006904,239,13.024596841540363,80.2590619847496,0.7867596047462232,0.7867596047462232,best,True
Unknown,N/A,N/A,13.021697334839631,80.26314963409926,239,13.024596841540363,80.2590619847496,0.7114523057138425,0.7114523057138425,best,True
Unknown,N/A,N/A,13.0274281,80.256635,239,13.024596841540363,80.2590619847496,0.5319160470260943,0.5319160470260943,best,True
Unknown,N/A,N/A,13.02701060028691,80.25600881320891,239,13.024596841540363,80.2590619847496,0.553063816445189,0.553063816445189,best,True
Unknown,N/A,N/A,13.0223022,80.25913709999999,239,13.024596841540363,80.2590619847496,0.3301850477614879,0.3301850477614879,best,True
Unknown,N/A,N/A,13.033353831389926,79.85335933008716,240,13.030817516560232,79.85532981081812,0.45854791652700455,0.45854791652700455,best,True
Unknown,N/A,N/A,13.0334476,79.85356929999999,240,13.030817516560232,79.85532981081812,0.45244799231062915,0.45244799231062915,best,True
Unknown,N/A,N/A,13.0334476,79.85356929999999,240,13.030817516560232,79.85532981081812,0.45244799231062915,0.45244799231062915,best,True
Unknown,N/A,N/A,13.03335957285098,79.85334967427305,240,13.030817516560232,79.85532981081812,0.46003021981458486,0.46003021981458486,best,True
Unknown,N/A,N/A,13.033745266498718,79.85295658524021,240,13.030817516560232,79.85532981081812,0.537858519429332,0.537858519429332,best,True
Unknown,N/A,N/A,13.03342528013604,79.8533711215522,240,13.030817516560232,79.85532981081812,0.4657758447617877,0.4657758447617877,best,True
Unknown,N/A,N/A,12.888340640932148,80.14040794349354,241,12.889464104139144,80.14058647194103,0.16352635582747416,0.16352635582747416,best,True
Unknown,N/A,N/A,12.890996421936809,80.14096493257999,241,12.889464104139144,80.14058647194103,0.2267524907718619,0.2267524907718619,best,True
Unknown,N/A,N/A,12.886690313079509,80.13621085281854,241,12.889464104139144,80.14058647194103,0.7350403316926982,0.7350403316926982,best,True
Unknown,N/A,N/A,12.8935563,80.1390641,241,12.889464104139144,80.14058647194103,0.6265041844361291,0.6265041844361291,best,True
Unknown,N/A,N/A,12.889692094795036,80.14306959724418,241,12.889464104139144,80.14058647194103,0.35188082062509624,0.35188082062509624,best,True
Unknown,N/A,N/A,12.88833679292238,80.14588552327585,241,12.889464104139144,80.14058647194103,0.765033868168422,0.765033868168422,best,True
Unknown,N/A,N/A,12.8910528,80.1410439,241,12.889464104139144,80.14058647194103,0.2374239873873342,0.2374239873873342,best,True
Unknown,N/A,N/A,12.8940636,80.1405657,241,12.889464104139144,80.14058647194103,0.6614988127810626,0.6614988127810626,best,True
Unknown,N/A,N/A,12.891215397487056,80.14072486924233,241,12.889464104139144,80.14058647194103,0.2526240462227243,0.2526240462227243,best,True
Unknown,N/A,N/A,12.888592,80.13797360000001,241,12.889464104139144,80.14058647194103,0.3894087917451792,0.3894087917451792,best,True
Unknown,N/A,N/A,12.891108535580464,80.14077096245023,241,12.889464104139144,80.14058647194103,0.23792771664254853,0.23792771664254853,best,True
Unknown,N/A,N/A,12.883306135613926,80.1403854343311,241,12.889464104139144,80.14058647194103,0.8860831936923345,0.8860831936923345,best,True
Unknown,N/A,N/A,12.891112492982344,80.14072554644932,241,12.889464104139144,80.14058647194103,0.23787937216754548,0.23787937216754548,best,True
Unknown,N/A,N/A,12.891266203865625,80.14078431517488,241,12.889464104139144,80.14058647194103,0.2606740307852899,0.2606740307852899,best,True
Unknown,N/A,N/A,12.8910528,80.1410439,241,12.889464104139144,80.14058647194103,0.2374239873873342,0.2374239873873342,best,True
Unknown,N/A,N/A,13.1109113,80.110055,242,13.111531044214045,80.10933686953845,0.1348800058624588,0.1348800058624588,best,True
Unknown,N/A,N/A,13.109947023790008,80.1098538177291,242,13.111531044214045,80.10933686953845,0.2391865530363731,0.2391865530363731,best,True
Unknown,N/A,N/A,13.109227611702886,80.10947307436483,242,13.111531044214045,80.10933686953845,0.331837582493921,0.331837582493921,best,True
Unknown,N/A,N/A,13.11602361891599,80.10916024068351,242,13.111531044214045,80.10933686953845,0.6466056713764368,0.6466056713764368,best,True
Unknown,N/A,N/A,13.1109113,80.110055,242,13.111531044214045,80.10933686953845,0.1348800058624588,0.1348800058624588,best,True
Unknown,N/A,N/A,13.110948312976904,80.10855750450474,242,13.111531044214045,80.10933686953845,0.138181819616673,0.138181819616673,best,True
Unknown,N/A,N/A,13.111199847544285,80.10874966396385,242,13.111531044214045,80.10933686953845,0.09550325757972603,0.09550325757972603,best,True
Unknown,N/A,N/A,13.111507208828916,80.10871467367146,242,13.111531044214045,80.10933686953845,0.08777601690924318,0.08777601690924318,best,True
Unknown,N/A,N/A,13.111181794355783,80.10833875852366,242,13.111531044214045,80.10933686953845,0.14939778074509907,0.14939778074509907,best,True
Unknown,N/A,N/A,13.11155261512924,80.10874060832549,242,13.111531044214045,80.10933686953845,0.08411034854768032,0.08411034854768032,best,True
Unknown,N/A,N/A,13.11344133134988,80.11374733424006,242,13.111531044214045,80.10933686953845,0.6797252905399933,0.6797252905399933,best,True
Unknown,N/A,N/A,13.110911372588024,80.10998725891113,242,13.111531044214045,80.10933686953845,0.12786143300568253,0.12786143300568253,best,True
Unknown,N/A,N/A,13.111514918964769,80.10872274057496,242,13.111531044214045,80.10933686953845,0.08660294167077147,0.08660294167077147,best,True
Unknown,N/A,N/A,13.1114133,80.10850099999999,242,13.111531044214045,80.10933686953845,0.11904063028052221,0.11904063028052221,best,True
Unknown,N/A,N/A,13.1116575,80.1097207,242,13.111531044214045,80.10933686953845,0.057082187670343204,0.057082187670343204,best,True
Unknown,N/A,N/A,13.11152114344636,80.10873833726606,242,13.111531044214045,80.10933686953845,0.08438527960436634,0.08438527960436634,best,True
Unknown,N/A,N/A,13.1109113,80.110055,242,13.111531044214045,80.10933686953845,0.1348800058624588,0.1348800058624588,best,True
Unknown,N/A,N/A,13.1109113,80.110055,242,13.111531044214045,80.10933686953845,0.1348800058624588,0.1348800058624588,best,True
Unknown,N/A,N/A,13.111331133491424,80.10877148892145,242,13.111531044214045,80.10933686953845,0.08472738902121794,0.08472738902121794,best,True
Unknown,N/A,N/A,13.111497709696684,80.10867480437736,242,13.111531044214045,80.10933686953845,0.0934523609720646,0.0934523609720646,best,True
Unknown,N/A,N/A,13.11149915915457,80.10874048287384,242,13.111531044214045,80.10933686953845,0.08419578299400864,0.08419578299400864,best,True
Unknown,N/A,N/A,13.1115973,80.1086072,242,13.111531044214045,80.10933686953845,0.10329971100535705,0.10329971100535705,best,True
Unknown,N/A,N/A,13.11348700701088,80.10983812501334,242,13.111531044214045,80.10933686953845,0.2900469182991649,0.2900469182991649,best,True
Unknown,N/A,N/A,13.111515175378404,80.10870970963605,242,13.111531044214045,80.10933686953845,0.08843826882518074,0.08843826882518074,best,True
Unknown,N/A,N/A,13.111449,80.10850560000002,242,13.111531044214045,80.10933686953845,0.11777413214118922,0.11777413214118922,best,True
Unknown,N/A,N/A,13.11071238938124,80.10888730175793,242,13.111531044214045,80.10933686953845,0.1337121015714057,0.1337121015714057,best,True
Unknown,N/A,N/A,13.110153115820603,80.10931000616796,242,13.111531044214045,80.10933686953845,0.19821102685008155,0.19821102685008155,best,True
Unknown,N/A,N/A,13.111566864490165,80.10872594250888,242,13.111531044214045,80.10933686953845,0.08627445698548182,0.08627445698548182,best,True
Unknown,N/A,N/A,13.1114133,80.10850099999999,242,13.111531044214045,80.10933686953845,0.11904063028052221,0.11904063028052221,best,True
Unknown,N/A,N/A,13.1104605675309,80.11275185150159,242,13.111531044214045,80.10933686953845,0.505419883257873,0.505419883257873,best,True
Unknown,N/A,N/A,13.111479693301517,80.10872799971365,242,13.111531044214045,80.10933686953845,0.08614767665894778,0.08614767665894778,best,True
Unknown,N/A,N/A,13.1151382,80.10880259999999,242,13.111531044214045,80.10933686953845,0.5242226377654988,0.5242226377654988,best,True
Unknown,N/A,N/A,13.109839374110912,80.10616084074057,243,13.110985199631502,80.10584075401756,0.17085934199908098,0.17085934199908098,best,True
Unknown,N/A,N/A,13.10987598945018,80.10495324119928,243,13.110985199631502,80.10584075401756,0.20273550512441166,0.20273550512441166,best,True
Unknown,N/A,N/A,13.1120431,80.1070881,243,13.110985199631502,80.10584075401756,0.23252279848473478,0.23252279848473478,best,True
Unknown,N/A,N/A,13.1108322,80.1044982,243,13.110985199631502,80.10584075401756,0.19053113118746592,0.19053113118746592,best,True
Unknown,N/A,N/A,13.1133990864893,80.10584670437153,243,13.110985199631502,80.10584075401756,0.34716833816606923,0.34716833816606923,best,True
Unknown,N/A,N/A,13.109921447738634,80.106497437794,243,13.110985199631502,80.10584075401756,0.1788162767575251,0.1788162767575251,best,True
Unknown,N/A,N/A,13.10548664354795,80.10857825561173,244,13.10567402824156,80.1085840334069,0.026962122540057643,0.026962122540057643,best,True
Unknown,N/A,N/A,13.1048456,80.109706,244,13.10567402824156,80.1085840334069,0.19801893047845975,0.19801893047845975,best,True
Unknown,N/A,N/A,13.106121094645143,80.10659736190858,244,13.10567402824156,80.1085840334069,0.28734741249859086,0.28734741249859086,best,True
Unknown,N/A,N/A,13.105261357528416,80.10853925472993,244,13.10567402824156,80.1085840334069,0.05968538247070788,0.05968538247070788,best,True
Unknown,N/A,N/A,13.105378827978033,80.10849630471442,244,13.10567402824156,80.1085840334069,0.04422050459729389,0.04422050459729389,best,True
Unknown,N/A,N/A,13.106950645749825,80.10958702347673,244,13.10567402824156,80.1085840334069,0.23173697112162267,0.23173697112162267,best,True
Unknown,N/A,N/A,13.045899900762404,80.10132732445966,245,13.045985502750675,80.10184793086117,0.07443289842643377,0.07443289842643377,best,True
Unknown,N/A,N/A,13.045922086324246,80.10577756117756,245,13.045985502750675,80.10184793086117,0.554169396346644,0.554169396346644,best,True
Unknown,N/A,N/A,13.0459842,80.1002762,245,13.045985502750675,80.10184793086117,0.22162068775798488,0.22162068775798488,best,True
Unknown,N/A,N/A,13.043117795892249,80.09969211435566,245,13.045985502750675,80.10184793086117,0.5123535314042507,0.5123535314042507,best,True
Unknown,N/A,N/A,13.050490396462154,80.1022247972286,245,13.045985502750675,80.10184793086117,0.6500701059457943,0.6500701059457943,best,True
Unknown,N/A,N/A,13.0448756,80.0975536,245,13.045985502750675,80.10184793086117,0.6262067902988383,0.6262067902988383,best,True
Unknown,N/A,N/A,13.04665475,80.0994625,245,13.045985502750675,80.10184793086117,0.34985590567342295,0.34985590567342295,best,True
Unknown,N/A,N/A,13.041340825208689,80.10594277946842,245,13.045985502750675,80.10184793086117,0.8829539572986076,0.8829539572986076,best,True
Unknown,N/A,N/A,13.049583970106347,80.10437450106068,245,13.045985502750675,80.10184793086117,0.628296666558994,0.628296666558994,best,True
Unknown,N/A,N/A,13.16681627139504,80.24625343958249,246,13.166044771193947,80.24631030290655,0.11124733797313843,0.11124733797313843,best,True
Unknown,N/A,N/A,13.168336031778187,80.24961575754905,246,13.166044771193947,80.24631030290655,0.5706245840584584,0.5706245840584584,best,True
Unknown,N/A,N/A,13.166840547680149,80.25023005666543,246,13.166044771193947,80.24631030290655,0.5641638352211387,0.5641638352211387,best,True
Unknown,N/A,N/A,13.166700403404764,80.2463770793517,246,13.166044771193947,80.24631030290655,0.09476248222850575,0.09476248222850575,best,True
Unknown,N/A,N/A,13.1728625981922,80.24708367173395,246,13.166044771193947,80.24631030290655,0.9865892722711904,0.9865892722711904,best,True
Unknown,N/A,N/A,13.171708472887076,80.24482270562274,246,13.166044771193947,80.24631030290655,0.841109976107989,0.841109976107989,best,True
Unknown,N/A,N/A,13.1694074,80.2498412,246,13.166044771193947,80.24631030290655,0.6939155854771395,0.6939155854771395,best,True
Unknown,N/A,N/A,13.16159983461543,80.24393818070891,246,13.166044771193947,80.24631030290655,0.7214189321377794,0.7214189321377794,best,True
Unknown,N/A,N/A,13.166765292409234,80.25030125845426,246,13.166044771193947,80.24631030290655,0.5719339998098907,0.5719339998098907,best,True
Unknown,N/A,N/A,13.1708813,80.2451294,246,13.166044771193947,80.24631030290655,0.7152299595401618,0.7152299595401618,best,True
Unknown,N/A,N/A,13.1670287,80.2459015,246,13.166044771193947,80.24631030290655,0.1527893359697625,0.1527893359697625,best,True
Unknown,N/A,N/A,13.1668,80.24536700000002,246,13.166044771193947,80.24631030290655,0.17167488176827256,0.17167488176827256,best,True
Unknown,N/A,N/A,13.166745761958284,80.2459750140413,246,13.166044771193947,80.24631030290655,0.11134239581316983,0.11134239581316983,best,True
Unknown,N/A,N/A,13.1307263,79.7624177,247,13.1307263,79.7624177,0.0,0.0,best,True
Unknown,N/A,N/A,13.1307263,79.7624177,247,13.1307263,79.7624177,0.0,0.0,best,True
Unknown,N/A,N/A,12.920891443286154,80.16385757056567,248,12.924280965242168,80.16031991689044,0.697642264900475,0.697642264900475,best,True
Unknown,N/A,N/A,12.9234492,80.1587694,248,12.924280965242168,80.16031991689044,0.2493095995163884,0.2493095995163884,best,True
Unknown,N/A,N/A,12.9226165,80.1586748,248,12.924280965242168,80.16031991689044,0.33341492989948746,0.33341492989948746,best,True
Unknown,N/A,N/A,12.922632341688791,80.1587836208028,248,12.924280965242168,80.16031991689044,0.3212318263262933,0.3212318263262933,best,True
Unknown,N/A,N/A,12.920055091904771,80.1610731051115,248,12.924280965242168,80.16031991689044,0.6169783685705934,0.6169783685705934,best,True
Unknown,N/A,N/A,12.920622593493745,80.15922235161,248,12.924280965242168,80.16031991689044,0.5484530184339654,0.5484530184339654,best,True
Unknown,N/A,N/A,12.927298348786993,80.15919569708745,248,12.924280965242168,80.16031991689044,0.46202913643525745,0.46202913643525745,best,True
Unknown,N/A,N/A,12.9242966,80.1598222,248,12.924280965242168,80.16031991689044,0.0702503161716761,0.0702503161716761,best,True
Unknown,N/A,N/A,12.9233904,80.16020089999999,248,12.924280965242168,80.16031991689044,0.1291758399523569,0.1291758399523569,best,True
Unknown,N/A,N/A,12.923127927528007,80.1603337211105,248,12.924280965242168,80.16031991689044,0.16583992421157728,0.16583992421157728,best,True
Unknown,N/A,N/A,12.923004692129886,80.16074190184888,248,12.924280965242168,80.16031991689044,0.19296442152310755,0.19296442152310755,best,True
Unknown,N/A,N/A,12.923341616879066,80.16042815161448,248,12.924280965242168,80.16031991689044,0.13595608636088233,0.13595608636088233,best,True
Unknown,N/A,N/A,12.931008454378738,80.16086186653918,248,12.924280965242168,80.16031991689044,0.9705555511183788,0.9705555511183788,best,True
Unknown,N/A,N/A,12.923115906204428,80.16027184079336,248,12.924280965242168,80.16031991689044,0.1676945889266362,0.1676945889266362,best,True
Unknown,N/A,N/A,12.920520646401386,80.16833261361387,249,12.919874359585469,80.16936757295687,0.17308207687090077,0.17308207687090077,best,True
Unknown,N/A,N/A,12.919770749799524,80.17109047935357,249,12.919874359585469,80.16936757295687,0.24351590125089714,0.24351590125089714,best,True
Unknown,N/A,N/A,12.919677402967988,80.1712683194046,249,12.919874359585469,80.16936757295687,0.269640430125326,0.269640430125326,best,True
Unknown,N/A,N/A,12.91966549276752,80.17109390738798,249,12.919874359585469,80.16936757295687,0.2453887612426096,0.2453887612426096,best,True
Unknown,N/A,N/A,12.919737505990922,80.16505254502428,249,12.919874359585469,80.16936757295687,0.6090620790905131,0.6090620790905131,best,True
Unknown,N/A,N/A,13.056068926322087,80.11825983955517,250,13.057894239565703,80.11983497945654,0.34386016982765116,0.34386016982765116,best,True
Unknown,N/A,N/A,13.052341010310313,80.12305269930448,250,13.057894239565703,80.11983497945654,0.9185357996729461,0.9185357996729461,best,True
Unknown,N/A,N/A,13.060383261915756,80.12251162946603,250,13.057894239565703,80.11983497945654,0.520167074819751,0.520167074819751,best,True
Unknown,N/A,N/A,13.0616201,80.122551,250,13.057894239565703,80.11983497945654,0.658627231088703,0.658627231088703,best,True
Unknown,N/A,N/A,13.0532824,80.12492820000001,250,13.057894239565703,80.11983497945654,0.9775768878053298,0.9775768878053298,best,True
Unknown,N/A,N/A,13.052283391443622,80.12296090614232,250,13.057894239565703,80.11983497945654,0.9194763934827059,0.9194763934827059,best,True
Unknown,N/A,N/A,13.0523937,80.1228485,250,13.057894239565703,80.11983497945654,0.8979780274129068,0.8979780274129068,best,True
Unknown,N/A,N/A,13.0532824,80.12492820000001,250,13.057894239565703,80.11983497945654,0.9775768878053298,0.9775768878053298,best,True
Unknown,N/A,N/A,13.0532824,80.12492820000001,250,13.057894239565703,80.11983497945654,0.9775768878053298,0.9775768878053298,best,True
Unknown,N/A,N/A,13.053117580031206,80.12369224588653,250,13.057894239565703,80.11983497945654,0.876205689107002,0.876205689107002,best,True
Unknown,N/A,N/A,13.0689208,80.26711139999999,252,13.069684962029333,80.26493037246452,0.3265545588187881,0.3265545588187881,best,True
Unknown,N/A,N/A,13.070254,80.2703871,252,13.069684962029333,80.26493037246452,0.7736877028482259,0.7736877028482259,best,True
Unknown,N/A,N/A,13.067896107071595,80.26101953765719,252,13.069684962029333,80.26493037246452,0.6084608045914035,0.6084608045914035,best,True
Unknown,N/A,N/A,13.0681108,80.267693,252,13.069684962029333,80.26493037246452,0.45052239956589973,0.45052239956589973,best,True
Unknown,N/A,N/A,13.0679032,80.2657339,252,13.069684962029333,80.26493037246452,0.2801797084552064,0.2801797084552064,best,True
Unknown,N/A,N/A,13.0719524,80.26347299999999,252,13.069684962029333,80.26493037246452,0.3854396727452437,0.3854396727452437,best,True
Unknown,N/A,N/A,13.0689208,80.26711139999999,252,13.069684962029333,80.26493037246452,0.3265545588187881,0.3265545588187881,best,True
Unknown,N/A,N/A,13.0689208,80.26711139999999,252,13.069684962029333,80.26493037246452,0.3265545588187881,0.3265545588187881,best,True
Unknown,N/A,N/A,13.071397895630934,80.26008287948093,252,13.069684962029333,80.26493037246452,0.7264940029561417,0.7264940029561417,best,True
Unknown,N/A,N/A,13.072088905112585,80.26411150236818,252,13.069684962029333,80.26493037246452,0.364503411577715,0.364503411577715,best,True
Unknown,N/A,N/A,13.0675072,80.2617137,252,13.069684962029333,80.26493037246452,0.5511637413291397,0.5511637413291397,best,True
Unknown,N/A,N/A,13.072346636536867,80.26361565006792,252,13.069684962029333,80.26493037246452,0.42532054797955376,0.42532054797955376,best,True
Unknown,N/A,N/A,13.064467603605255,80.16127595641684,253,13.061801350835971,80.16398581607488,0.5413169549106708,0.5413169549106708,best,True
Unknown,N/A,N/A,13.06002299704644,80.16352521005602,253,13.061801350835971,80.16398581607488,0.2638798304255042,0.2638798304255042,best,True
Unknown,N/A,N/A,13.061227535032112,80.16352904582438,253,13.061801350835971,80.16398581607488,0.1046818138908283,0.1046818138908283,best,True
Unknown,N/A,N/A,13.0615449,80.1646353,253,13.061801350835971,80.16398581607488,0.09872270153613538,0.09872270153613538,best,True
Unknown,N/A,N/A,13.0615449,80.1646353,253,13.061801350835971,80.16398581607488,0.09872270153613538,0.09872270153613538,best,True
Unknown,N/A,N/A,13.06020482855954,80.16659948128209,253,13.061801350835971,80.16398581607488,0.4341951778359973,0.4341951778359973,best,True
Unknown,N/A,N/A,13.062954580545645,80.16665980559044,253,13.061801350835971,80.16398581607488,0.41188836666519835,0.41188836666519835,best,True
Unknown,N/A,N/A,13.064462353641677,80.16081342483857,253,13.061801350835971,80.16398581607488,0.5886697407498825,0.5886697407498825,best,True
Unknown,N/A,N/A,13.064726819576029,80.16117724211091,253,13.061801350835971,80.16398581607488,0.5777839519331502,0.5777839519331502,best,True
Unknown,N/A,N/A,13.061286837217075,80.1634238716402,253,13.061801350835971,80.16398581607488,0.10841250120509752,0.10841250120509752,best,True
Unknown,N/A,N/A,13.063659332674105,80.16784737222228,253,13.061801350835971,80.16398581607488,0.6064978215432947,0.6064978215432947,best,True
Unknown,N/A,N/A,13.0615449,80.1646353,253,13.061801350835971,80.16398581607488,0.09872270153613538,0.09872270153613538,best,True
Unknown,N/A,N/A,13.061128438121594,80.1632611601853,253,13.061801350835971,80.16398581607488,0.14073177562282027,0.14073177562282027,best,True
Unknown,N/A,N/A,13.061216096339717,80.16332498639386,253,13.061801350835971,80.16398581607488,0.12556360673790992,0.12556360673790992,best,True
Unknown,N/A,N/A,13.0611433,80.1629186,253,13.061801350835971,80.16398581607488,0.17776085395204422,0.17776085395204422,best,True
Unknown,N/A,N/A,13.061211489505109,80.16361864686664,253,13.061801350835971,80.16398581607488,0.09938239487028172,0.09938239487028172,best,True
Unknown,N/A,N/A,13.061178406586262,80.16362541719465,253,13.061801350835971,80.16398581607488,0.10299929315130534,0.10299929315130534,best,True
Unknown,N/A,N/A,13.06350870841542,80.16764301264621,253,13.061801350835971,80.16398581607488,0.5711272420480753,0.5711272420480753,best,True
Unknown,N/A,N/A,13.0615449,80.1646353,253,13.061801350835971,80.16398581607488,0.09872270153613538,0.09872270153613538,best,True
Unknown,N/A,N/A,13.061114,80.16303099999999,253,13.061801350835971,80.16398581607488,0.1670213048874845,0.1670213048874845,best,True
Unknown,N/A,N/A,13.063438316036333,80.1675962166001,253,13.061801350835971,80.16398581607488,0.5608530050777784,0.5608530050777784,best,True
Unknown,N/A,N/A,13.061138218298716,80.16346390508005,253,13.061801350835971,80.16398581607488,0.12046102327524548,0.12046102327524548,best,True
Unknown,N/A,N/A,13.061114,80.16303099999999,253,13.061801350835971,80.16398581607488,0.1670213048874845,0.1670213048874845,best,True
Unknown,N/A,N/A,13.061114,80.16303099999999,253,13.061801350835971,80.16398581607488,0.1670213048874845,0.1670213048874845,best,True
Unknown,N/A,N/A,13.06121004358303,80.16363516860898,253,13.061801350835971,80.16398581607488,0.09836880488492647,0.09836880488492647,best,True
Unknown,N/A,N/A,13.061180965843237,80.16331935496122,253,13.061801350835971,80.16398581607488,0.1295796634318486,0.1295796634318486,best,True
Unknown,N/A,N/A,13.061152525654512,80.1636831117258,253,13.061801350835971,80.16398581607488,0.10261151422247339,0.10261151422247339,best,True
Unknown,N/A,N/A,13.061128954626309,80.1637374830978,253,13.061801350835971,80.16398581607488,0.10284782618000445,0.10284782618000445,best,True
Unknown,N/A,N/A,13.06106922333512,80.16327599282933,253,13.061801350835971,80.16398581607488,0.14526997998726707,0.14526997998726707,best,True
Unknown,N/A,N/A,13.0570717,80.1617829,254,13.05715098,80.16381816,0.2871937441404453,0.2871937441404453,best,True
Unknown,N/A,N/A,13.0552053,80.1627007,254,13.05715098,80.16381816,0.32113702876914557,0.32113702876914557,best,True
Unknown,N/A,N/A,13.0587875,80.1658062,254,13.05715098,80.16381816,0.3660182816886203,0.3660182816886203,best,True
Unknown,N/A,N/A,13.0562852,80.16546199999999,254,13.05715098,80.16381816,0.2631075608195722,0.2631075608195722,best,True
Unknown,N/A,N/A,13.0584052,80.163339,254,13.05715098,80.16381816,0.1926192147490355,0.1926192147490355,best,True
Unknown,N/A,N/A,13.087485669102197,80.23421766872421,255,13.084240083623532,80.23445839082832,0.46801408053957766,0.46801408053957766,best,True
Unknown,N/A,N/A,13.083561631471994,80.23427612744348,255,13.084240083623532,80.23445839082832,0.10090211091278853,0.10090211091278853,best,True
Unknown,N/A,N/A,13.086597910509774,80.23300289877761,255,13.084240083623532,80.23445839082832,0.3963555375832347,0.3963555375832347,best,True
Unknown,N/A,N/A,13.082628571482546,80.23707991886579,255,13.084240083623532,80.23445839082832,0.4362498654998062,0.4362498654998062,best,True
Unknown,N/A,N/A,13.085449229107,80.23429771034782,255,13.084240083623532,80.23445839082832,0.17536923997846693,0.17536923997846693,best,True
Unknown,N/A,N/A,13.0833879,80.2342535,255,13.084240083623532,80.23445839082832,0.1259195479091084,0.1259195479091084,best,True
Unknown,N/A,N/A,13.082998343682924,80.22996095354532,255,13.084240083623532,80.23445839082832,0.658731667690044,0.658731667690044,best,True
Unknown,N/A,N/A,13.082209997255347,80.23672333975068,255,13.084240083623532,80.23445839082832,0.4326780213492396,0.4326780213492396,best,True
Unknown,N/A,N/A,13.0838415,80.2363134,255,13.084240083623532,80.23445839082832,0.2677328707863121,0.2677328707863121,best,True
Unknown,N/A,N/A,13.085616,80.2245464,256,13.088217179974627,80.22744641134335,0.5541737721241692,0.5541737721241692,best,True
Unknown,N/A,N/A,13.0855712,80.2253336,256,13.088217179974627,80.22744641134335,0.48325958386119766,0.48325958386119766,best,True
Unknown,N/A,N/A,13.089188417005916,80.22983793738425,256,13.088217179974627,80.22744641134335,0.36494732609736774,0.36494732609736774,best,True
Unknown,N/A,N/A,13.0846953,80.2251603,256,13.088217179974627,80.22744641134335,0.6003647439221377,0.6003647439221377,best,True
Unknown,N/A,N/A,13.0910292,80.22742439999999,256,13.088217179974627,80.22744641134335,0.4044383845830274,0.4044383845830274,best,True
Unknown,N/A,N/A,13.0910292,80.22742439999999,256,13.088217179974627,80.22744641134335,0.4044383845830274,0.4044383845830274,best,True
Unknown,N/A,N/A,13.089096190154285,80.22998586342919,256,13.088217179974627,80.22744641134335,0.37967675567651893,0.37967675567651893,best,True
Unknown,N/A,N/A,13.091122893505908,80.2275605566479,256,13.088217179974627,80.22744641134335,0.4182112548946888,0.4182112548946888,best,True
Unknown,N/A,N/A,13.0910292,80.22742439999999,256,13.088217179974627,80.22744641134335,0.4044383845830274,0.4044383845830274,best,True
Unknown,N/A,N/A,13.0856285,80.2301941,256,13.088217179974627,80.22744641134335,0.5372785486878907,0.5372785486878907,best,True
Unknown,N/A,N/A,13.0831594533771,80.22623906894715,256,13.088217179974627,80.22744641134335,0.7470547526932507,0.7470547526932507,best,True
Unknown,N/A,N/A,13.0910292,80.22742439999999,256,13.088217179974627,80.22744641134335,0.4044383845830274,0.4044383845830274,best,True
Unknown,N/A,N/A,13.0846953,80.2251603,256,13.088217179974627,80.22744641134335,0.6003647439221377,0.6003647439221377,best,True
Unknown,N/A,N/A,13.0910292,80.22742439999999,256,13.088217179974627,80.22744641134335,0.4044383845830274,0.4044383845830274,best,True
Unknown,N/A,N/A,13.092783059425088,80.23196160033754,256,13.088217179974627,80.22744641134335,0.9145511327816988,0.9145511327816988,best,True
Unknown,N/A,N/A,13.084797,80.22426899999999,256,13.088217179974627,80.22744641134335,0.6652983472027352,0.6652983472027352,best,True
Unknown,N/A,N/A,13.082841768294852,80.2276321970109,256,13.088217179974627,80.22744641134335,0.7735383971874913,0.7735383971874913,best,True
Unknown,N/A,N/A,13.0910292,80.22742439999999,256,13.088217179974627,80.22744641134335,0.4044383845830274,0.4044383845830274,best,True
Unknown,N/A,N/A,13.0872172862243,80.22899729976393,256,13.088217179974627,80.22744641134335,0.26169755466798733,0.26169755466798733,best,True
Unknown,N/A,N/A,13.0891682,80.229844,256,13.088217179974627,80.22744641134335,0.36463651779119094,0.36463651779119094,best,True
Unknown,N/A,N/A,13.0894134,80.224353,256,13.088217179974627,80.22744641134335,0.4688165402734293,0.4688165402734293,best,True
Unknown,N/A,N/A,13.090774440598706,80.22975928812268,256,13.088217179974627,80.22744641134335,0.49151560415057205,0.49151560415057205,best,True
Unknown,N/A,N/A,13.091006310804918,80.22743856059697,256,13.088217179974627,80.22744641134335,0.4011360678013806,0.4011360678013806,best,True
Unknown,N/A,N/A,13.0842624,80.2258944,256,13.088217179974627,80.22744641134335,0.6094134593265246,0.6094134593265246,best,True
Unknown,N/A,N/A,13.1122713,80.2378842,257,13.112277209562494,80.23808133407346,0.02780229781877077,0.02780229781877077,best,True
Unknown,N/A,N/A,13.1122713,80.2378842,257,13.112277209562494,80.23808133407346,0.02780229781877077,0.02780229781877077,best,True
Unknown,N/A,N/A,13.1119067,80.2380634,257,13.112277209562494,80.23808133407346,0.053346946788760556,0.053346946788760556,best,True
Unknown,N/A,N/A,13.1119067,80.2380634,257,13.112277209562494,80.23808133407346,0.053346946788760556,0.053346946788760556,best,True
Unknown,N/A,N/A,13.112210423410636,80.23776249911448,257,13.112277209562494,80.23808133407346,0.04595997217438637,0.04595997217438637,best,True
Unknown,N/A,N/A,13.112333321671086,80.23796114354961,257,13.112277209562494,80.23808133407346,0.018766622938705062,0.018766622938705062,best,True
Unknown,N/A,N/A,13.11332448091087,80.23611975339391,257,13.112277209562494,80.23808133407346,0.31487722316215305,0.31487722316215305,best,True
Unknown,N/A,N/A,13.1122713,80.2378842,257,13.112277209562494,80.23808133407346,0.02780229781877077,0.02780229781877077,best,True
Unknown,N/A,N/A,13.1122713,80.2378842,257,13.112277209562494,80.23808133407346,0.02780229781877077,0.02780229781877077,best,True
Unknown,N/A,N/A,13.111914288357813,80.23817477250687,257,13.112277209562494,80.23808133407346,0.053831952364605105,0.053831952364605105,best,True
Unknown,N/A,N/A,13.11189906557248,80.23825635650083,257,13.112277209562494,80.23808133407346,0.05971977569046425,0.05971977569046425,best,True
Unknown,N/A,N/A,13.1119067,80.2380634,257,13.112277209562494,80.23808133407346,0.053346946788760556,0.053346946788760556,best,True
Unknown,N/A,N/A,13.1119067,80.2380634,257,13.112277209562494,80.23808133407346,0.053346946788760556,0.053346946788760556,best,True
Unknown,N/A,N/A,13.1139064,80.2413492,257,13.112277209562494,80.23808133407346,0.5168247959483115,0.5168247959483115,best,True
Unknown,N/A,N/A,13.11226921068872,80.237882589103,257,13.112277209562494,80.23808133407346,0.028039995343717542,0.028039995343717542,best,True
Unknown,N/A,N/A,13.11187207195081,80.23820176507999,257,13.112277209562494,80.23808133407346,0.060690049568136555,0.060690049568136555,best,True
Unknown,N/A,N/A,13.1122713,80.2378842,257,13.112277209562494,80.23808133407346,0.02780229781877077,0.02780229781877077,best,True
Unknown,N/A,N/A,13.112380979396022,80.23152809179444,258,13.113438934975134,80.23354687019271,0.32270254480591926,0.32270254480591926,best,True
Unknown,N/A,N/A,13.11367555248923,80.23541879869227,258,13.113438934975134,80.23354687019271,0.26606316873805524,0.26606316873805524,best,True
Unknown,N/A,N/A,13.10932592705205,80.23323520466487,258,13.113438934975134,80.23354687019271,0.5931656785003244,0.5931656785003244,best,True
Unknown,N/A,N/A,13.112390237629098,80.23157726430918,258,13.113438934975134,80.23354687019271,0.31596888223658764,0.31596888223658764,best,True
Unknown,N/A,N/A,13.116039596362995,80.23179274310255,258,13.113438934975134,80.23354687019271,0.44837580151543055,0.44837580151543055,best,True
Unknown,N/A,N/A,13.115975013283432,80.23169136566239,258,13.113438934975134,80.23354687019271,0.44883230803102586,0.44883230803102586,best,True
Unknown,N/A,N/A,13.110970840961688,80.23132110382802,258,13.113438934975134,80.23354687019271,0.4737547041402036,0.4737547041402036,best,True
Unknown,N/A,N/A,13.112552374928317,80.23153532923753,258,13.113438934975134,80.23354687019271,0.3109075475903433,0.3109075475903433,best,True
Unknown,N/A,N/A,13.113549707533735,80.23558772287802,258,13.113438934975134,80.23354687019271,0.2881312554205313,0.2881312554205313,best,True
Unknown,N/A,N/A,13.114516610017416,80.23362379057667,258,13.113438934975134,80.23354687019271,0.15537101612022944,0.15537101612022944,best,True
Unknown,N/A,N/A,13.113621061697115,80.23545823963214,258,13.113438934975134,80.23354687019271,0.2707079502094986,0.2707079502094986,best,True
Unknown,N/A,N/A,13.11540648398657,80.2342667090732,258,13.113438934975134,80.23354687019271,0.30061818506033466,0.30061818506033466,best,True
Unknown,N/A,N/A,13.11372056622475,80.23534845248432,258,13.113438934975134,80.23354687019271,0.2571711976581353,0.2571711976581353,best,True
Unknown,N/A,N/A,13.113595863996348,80.23556590204252,258,13.113438934975134,80.23354687019271,0.28550793345627984,0.28550793345627984,best,True
Unknown,N/A,N/A,13.113863209068295,80.23525233491281,258,13.113438934975134,80.23354687019271,0.24803497170876007,0.24803497170876007,best,True
Unknown,N/A,N/A,12.930756,80.20338679999999,259,12.933670058973878,80.2074030829083,0.7047298232382379,0.7047298232382379,best,True
Unknown,N/A,N/A,12.933067563949024,80.20381804073732,259,12.933670058973878,80.2074030829083,0.513103129894678,0.513103129894678,best,True
Unknown,N/A,N/A,12.930756,80.20338679999999,259,12.933670058973878,80.2074030829083,0.7047298232382379,0.7047298232382379,best,True
Unknown,N/A,N/A,12.938194,80.20529200000001,259,12.933670058973878,80.2074030829083,0.7155442809420268,0.7155442809420268,best,True
Unknown,N/A,N/A,12.933071746269334,80.20383114198911,259,12.933670058973878,80.2074030829083,0.5111800058535027,0.5111800058535027,best,True
Unknown,N/A,N/A,12.9348912,80.21371239999999,259,12.933670058973878,80.2074030829083,0.9071993102943783,0.9071993102943783,best,True
Unknown,N/A,N/A,12.9331970102963,80.20391683602247,259,12.933670058973878,80.2074030829083,0.4964801827224136,0.4964801827224136,best,True
Unknown,N/A,N/A,12.932475,80.2130295,259,12.933670058973878,80.2074030829083,0.8121024329644407,0.8121024329644407,best,True
Unknown,N/A,N/A,12.9330275,80.2038593,259,12.933670058973878,80.2074030829083,0.5083831161194917,0.5083831161194917,best,True
Unknown,N/A,N/A,12.934060596446605,80.21001879271239,259,12.933670058973878,80.2074030829083,0.37324174089470835,0.37324174089470835,best,True
Unknown,N/A,N/A,12.938392450131383,80.2052359854366,259,12.933670058973878,80.2074030829083,0.7447992483306438,0.7447992483306438,best,True
Unknown,N/A,N/A,12.9361233,80.20986189999999,259,12.933670058973878,80.2074030829083,0.4947664860631684,0.4947664860631684,best,True
Unknown,N/A,N/A,13.0418126,80.2247068,260,13.041259622065889,80.22408889368525,0.11796764448334342,0.11796764448334342,best,True
Unknown,N/A,N/A,13.0418126,80.2247068,260,13.041259622065889,80.22408889368525,0.11796764448334342,0.11796764448334342,best,True
Unknown,N/A,N/A,13.039639796306137,80.22532713045904,260,13.041259622065889,80.22408889368525,0.2911310524371901,0.2911310524371901,best,True
Unknown,N/A,N/A,13.041119094078732,80.22471369760603,260,13.041259622065889,80.22408889368525,0.09039013363801322,0.09039013363801322,best,True
Unknown,N/A,N/A,13.0418126,80.2247068,260,13.041259622065889,80.22408889368525,0.11796764448334342,0.11796764448334342,best,True
Unknown,N/A,N/A,13.0430169,80.2243674,260,13.041259622065889,80.22408889368525,0.25576479397482776,0.25576479397482776,best,True
Unknown,N/A,N/A,13.040382346915528,80.22435356647648,260,13.041259622065889,80.22408889368525,0.13157375342891292,0.13157375342891292,best,True
Unknown,N/A,N/A,13.0416459,80.2227109,260,13.041259622065889,80.22408889368525,0.20209225930358457,0.20209225930358457,best,True
Unknown,N/A,N/A,13.041677916587252,80.22248773204376,260,13.041259622065889,80.22408889368525,0.23365204807256218,0.23365204807256218,best,True
Unknown,N/A,N/A,13.037716972802514,80.22573329109535,260,13.041259622065889,80.22408889368525,0.559785183957811,0.559785183957811,best,True
Unknown,N/A,N/A,13.0418126,80.2247068,260,13.041259622065889,80.22408889368525,0.11796764448334342,0.11796764448334342,best,True
Unknown,N/A,N/A,13.041792468386337,80.22255869351518,260,13.041259622065889,80.22408889368525,0.2289733717834725,0.2289733717834725,best,True
Unknown,N/A,N/A,13.0418126,80.2247068,260,13.041259622065889,80.22408889368525,0.11796764448334342,0.11796764448334342,best,True
Unknown,N/A,N/A,13.0418126,80.2247068,260,13.041259622065889,80.22408889368525,0.11796764448334342,0.11796764448334342,best,True
Unknown,N/A,N/A,13.0415575,80.2239993,260,13.041259622065889,80.22408889368525,0.044664723200313054,0.044664723200313054,best,True
Unknown,N/A,N/A,13.041700960269296,80.22239471296021,260,13.041259622065889,80.22408889368525,0.24717950847843836,0.24717950847843836,best,True
Unknown,N/A,N/A,13.0449051,80.2233904,260,13.041259622065889,80.22408889368525,0.533463957832336,0.533463957832336,best,True
Unknown,N/A,N/A,13.04120229959642,80.22460794633753,260,13.041259622065889,80.22408889368525,0.07365283294290545,0.07365283294290545,best,True
Unknown,N/A,N/A,13.040439286375577,80.22580280321134,260,13.041259622065889,80.22408889368525,0.26893396835311,0.26893396835311,best,True
Unknown,N/A,N/A,13.0375203,80.2210895,260,13.041259622065889,80.22408889368525,0.6841742092905694,0.6841742092905694,best,True
Unknown,N/A,N/A,13.0451072,80.2183151,261,13.045880395193958,80.21923576541361,0.17093379781223242,0.17093379781223242,best,True
Unknown,N/A,N/A,13.045475796361858,80.22098104713464,261,13.045880395193958,80.21923576541361,0.25287830448693155,0.25287830448693155,best,True
Unknown,N/A,N/A,13.0409135,80.2165755,261,13.045880395193958,80.21923576541361,0.8068396018236643,0.8068396018236643,best,True
Unknown,N/A,N/A,13.046784339336591,80.21888912603997,261,13.045880395193958,80.21923576541361,0.1388899243837554,0.1388899243837554,best,True
Unknown,N/A,N/A,13.0445377,80.22125810000001,261,13.045880395193958,80.21923576541361,0.3443915371200162,0.3443915371200162,best,True
Unknown,N/A,N/A,13.046615690308556,80.21884179788319,261,13.045880395193958,80.21923576541361,0.11945304329271933,0.11945304329271933,best,True
Unknown,N/A,N/A,13.047959132363616,80.21923480552672,261,13.045880395193958,80.21923576541361,0.2989643251217323,0.2989643251217323,best,True
Unknown,N/A,N/A,13.047494753767202,80.21907952648071,261,13.045880395193958,80.21923576541361,0.23322012631996733,0.23322012631996733,best,True
Unknown,N/A,N/A,13.0447975,80.22074130000001,261,13.045880395193958,80.21923576541361,0.26328970841674315,0.26328970841674315,best,True
Unknown,N/A,N/A,13.0466649,80.2188851,261,13.045880395193958,80.21923576541361,0.12318643077774277,0.12318643077774277,best,True
Unknown,N/A,N/A,13.0466649,80.2188851,261,13.045880395193958,80.21923576541361,0.12318643077774277,0.12318643077774277,best,True
Unknown,N/A,N/A,13.0466372,80.21943279999999,261,13.045880395193958,80.21923576541361,0.11233362931325379,0.11233362931325379,best,True
Unknown,N/A,N/A,13.046792525383603,80.21894564731171,261,13.045880395193958,80.21923576541361,0.13741305707336635,0.13741305707336635,best,True
Unknown,N/A,N/A,13.011629047012931,80.12479983744396,262,13.010511763736709,80.12023468436752,0.6635461591409031,0.6635461591409031,best,True
Unknown,N/A,N/A,13.0101843,80.1189182,262,13.010511763736709,80.12023468436752,0.19153664072398335,0.19153664072398335,best,True
Unknown,N/A,N/A,13.009695629674454,80.12125703046625,262,13.010511763736709,80.12023468436752,0.18591352312604797,0.18591352312604797,best,True
Unknown,N/A,N/A,13.0101843,80.1189182,262,13.010511763736709,80.12023468436752,0.19153664072398335,0.19153664072398335,best,True
Unknown,N/A,N/A,13.0101843,80.1189182,262,13.010511763736709,80.12023468436752,0.19153664072398335,0.19153664072398335,best,True
Unknown,N/A,N/A,13.014268070675016,80.12001969405372,262,13.010511763736709,80.12023468436752,0.5410812911863333,0.5410812911863333,best,True
Unknown,N/A,N/A,13.011685364137076,80.12488805619111,262,13.010511763736709,80.12023468436752,0.6775954816368679,0.6775954816368679,best,True
Unknown,N/A,N/A,13.0101843,80.1189182,262,13.010511763736709,80.12023468436752,0.19153664072398335,0.19153664072398335,best,True
Unknown,N/A,N/A,13.0101843,80.1189182,262,13.010511763736709,80.12023468436752,0.19153664072398335,0.19153664072398335,best,True
Unknown,N/A,N/A,13.0101843,80.1189182,262,13.010511763736709,80.12023468436752,0.19153664072398335,0.19153664072398335,best,True
Unknown,N/A,N/A,13.00979435443481,80.12121561532166,262,13.010511763736709,80.12023468436752,0.172575380587158,0.172575380587158,best,True
Unknown,N/A,N/A,13.012642553853032,80.12016661640365,262,13.010511763736709,80.12023468436752,0.3066000281020767,0.3066000281020767,best,True
Unknown,N/A,N/A,13.0068145,80.1211443,262,13.010511763736709,80.12023468436752,0.5469938847860211,0.5469938847860211,best,True
Unknown,N/A,N/A,13.0101843,80.1189182,262,13.010511763736709,80.12023468436752,0.19153664072398335,0.19153664072398335,best,True
Unknown,N/A,N/A,13.0101843,80.1189182,262,13.010511763736709,80.12023468436752,0.19153664072398335,0.19153664072398335,best,True
Unknown,N/A,N/A,13.0101843,80.1189182,262,13.010511763736709,80.12023468436752,0.19153664072398335,0.19153664072398335,best,True
Unknown,N/A,N/A,13.010578944648366,80.11435686111707,263,13.010741307562958,80.11439140159081,0.02385363605154094,0.02385363605154094,best,True
Unknown,N/A,N/A,13.0107204,80.114367,263,13.010741307562958,80.11439140159081,0.004569848686515471,0.004569848686515471,best,True
Unknown,N/A,N/A,13.0107204,80.114367,263,13.010741307562958,80.11439140159081,0.004569848686515471,0.004569848686515471,best,True
Unknown,N/A,N/A,13.0107204,80.114367,263,13.010741307562958,80.11439140159081,0.004569848686515471,0.004569848686515471,best,True
Unknown,N/A,N/A,13.010966393166424,80.11449914683692,263,13.010741307562958,80.11439140159081,0.035760433375865944,0.035760433375865944,best,True
Unknown,N/A,N/A,13.135558121138388,80.29736731167065,264,13.13519688532042,80.29369599581862,0.5200856816627103,0.5200856816627103,best,True
Unknown,N/A,N/A,13.1342324,80.2948919,264,13.13519688532042,80.29369599581862,0.21830319047734406,0.21830319047734406,best,True
Unknown,N/A,N/A,13.136373688403346,80.29059364876508,264,13.13519688532042,80.29369599581862,0.4688964444654068,0.4688964444654068,best,True
Unknown,N/A,N/A,13.1354163,80.2933872,264,13.13519688532042,80.29369599581862,0.053761579866965524,0.053761579866965524,best,True
Unknown,N/A,N/A,13.1347734,80.29295499999999,264,13.13519688532042,80.29369599581862,0.1209070978498151,0.1209070978498151,best,True
Unknown,N/A,N/A,13.1323571,80.2919683,264,13.13519688532042,80.29369599581862,0.4755131442376013,0.4755131442376013,best,True
Unknown,N/A,N/A,13.1366198,80.291591,264,13.13519688532042,80.29369599581862,0.3604356544552518,0.3604356544552518,best,True
Unknown,N/A,N/A,13.139798254805328,80.2981526783292,264,13.13519688532042,80.29369599581862,0.91244396674749,0.91244396674749,best,True
Unknown,N/A,N/A,13.131722384650647,80.29207438685114,264,13.13519688532042,80.29369599581862,0.5495018244083015,0.5495018244083015,best,True
Unknown,N/A,N/A,13.1354163,80.2933872,264,13.13519688532042,80.29369599581862,0.053761579866965524,0.053761579866965524,best,True
Unknown,N/A,N/A,13.13585154192955,80.29715908402889,264,13.13519688532042,80.29369599581862,0.4971310475518407,0.4971310475518407,best,True
Unknown,N/A,N/A,13.1354163,80.2933872,264,13.13519688532042,80.29369599581862,0.053761579866965524,0.053761579866965524,best,True
Unknown,N/A,N/A,13.1323571,80.2919683,264,13.13519688532042,80.29369599581862,0.4755131442376013,0.4755131442376013,best,True
Unknown,N/A,N/A,13.134641048936476,80.29321768274723,264,13.13519688532042,80.29369599581862,0.10457541056457528,0.10457541056457528,best,True
Unknown,N/A,N/A,13.1354163,80.2933872,264,13.13519688532042,80.29369599581862,0.053761579866965524,0.053761579866965524,best,True
Unknown,N/A,N/A,13.134386340431735,80.2930768610378,264,13.13519688532042,80.29369599581862,0.1456204384583983,0.1456204384583983,best,True
Unknown,N/A,N/A,13.13801067015168,80.29426697548664,264,13.13519688532042,80.29369599581862,0.41260700484061735,0.41260700484061735,best,True
Unknown,N/A,N/A,13.13443863475475,80.28639587983746,265,13.13621713223903,80.28511111321114,0.313401689599862,0.313401689599862,best,True
Unknown,N/A,N/A,13.1356978,80.279062,265,13.13621713223903,80.28511111321114,0.8559059629440583,0.8559059629440583,best,True
Unknown,N/A,N/A,13.139487597551945,80.28848562774182,265,13.13621713223903,80.28511111321114,0.6689380298447501,0.6689380298447501,best,True
Unknown,N/A,N/A,13.1351676,80.2882277,265,13.13621713223903,80.28511111321114,0.4645024461019587,0.4645024461019587,best,True
Unknown,N/A,N/A,13.137343561127476,80.2802677716876,265,13.13621713223903,80.28511111321114,0.7016403621420022,0.7016403621420022,best,True
Unknown,N/A,N/A,13.1351676,80.2882277,265,13.13621713223903,80.28511111321114,0.4645024461019587,0.4645024461019587,best,True
Unknown,N/A,N/A,12.9106171,80.187373,266,12.908746742291116,80.18391516202175,0.5570817715054754,0.5570817715054754,best,True
Unknown,N/A,N/A,12.9087666,80.1842016,266,12.908746742291116,80.18391516202175,0.04051189682608346,0.04051189682608346,best,True
Unknown,N/A,N/A,13.011439233688348,80.12643280469938,267,13.009056949839982,80.1303594640507,0.6511777177256387,0.6511777177256387,best,True
Unknown,N/A,N/A,13.0126105,80.13162070000001,267,13.009056949839982,80.1303594640507,0.5411368444633531,0.5411368444633531,best,True
Unknown,N/A,N/A,13.008772140054845,80.13176455093797,267,13.009056949839982,80.1303594640507,0.20234196901317061,0.20234196901317061,best,True
Unknown,N/A,N/A,13.002391110304366,80.13011424663624,267,13.009056949839982,80.1303594640507,0.9593025476051206,0.9593025476051206,best,True
Unknown,N/A,N/A,13.011896378959207,80.12925700169181,267,13.009056949839982,80.1303594640507,0.4369610056975897,0.4369610056975897,best,True
Unknown,N/A,N/A,13.0117712,80.1317763,267,13.009056949839982,80.1303594640507,0.43852759243465383,0.43852759243465383,best,True
Unknown,N/A,N/A,13.0129422,80.1290854,267,13.009056949839982,80.1303594640507,0.5869522104531717,0.5869522104531717,best,True
Unknown,N/A,N/A,13.006885133077848,80.13233518202347,267,13.009056949839982,80.1303594640507,0.4185636880059359,0.4185636880059359,best,True
Unknown,N/A,N/A,13.012796002315213,80.13034125451813,267,13.009056949839982,80.1303594640507,0.5377557340599461,0.5377557340599461,best,True
Unknown,N/A,N/A,13.0153287,80.1365452,268,13.013474794534291,80.13729512671249,0.2868362293774289,0.2868362293774289,best,True
Unknown,N/A,N/A,13.015510502334056,80.13628420905725,268,13.013474794534291,80.13729512671249,0.3256394631514559,0.3256394631514559,best,True
Unknown,N/A,N/A,13.0153287,80.1365452,268,13.013474794534291,80.13729512671249,0.2868362293774289,0.2868362293774289,best,True
Unknown,N/A,N/A,13.015383248766366,80.13662892376547,268,13.013474794534291,80.13729512671249,0.2901071631902862,0.2901071631902862,best,True
Unknown,N/A,N/A,13.0153287,80.1365452,268,13.013474794534291,80.13729512671249,0.2868362293774289,0.2868362293774289,best,True
Unknown,N/A,N/A,13.0135909,80.13532409999999,268,13.013474794534291,80.13729512671249,0.2784603065276469,0.2784603065276469,best,True
Unknown,N/A,N/A,13.01158462370995,80.14100545872151,268,13.013474794534291,80.13729512671249,0.5896455530500984,0.5896455530500984,best,True
Unknown,N/A,N/A,13.01557415979226,80.13662668392013,268,13.013474794534291,80.13729512671249,0.3163033434892913,0.3163033434892913,best,True
Unknown,N/A,N/A,13.015766367462795,80.13679244087524,268,13.013474794534291,80.13729512671249,0.33711136859520535,0.33711136859520535,best,True
Unknown,N/A,N/A,13.008516694682,80.13998862819261,268,13.013474794534291,80.13729512671249,0.8079340231839619,0.8079340231839619,best,True
Unknown,N/A,N/A,12.9562727,80.1791368,269,12.962462830578323,80.17656399836868,0.9613842152520434,0.9613842152520434,best,True
Unknown,N/A,N/A,12.9562727,80.1791368,269,12.962462830578323,80.17656399836868,0.9613842152520434,0.9613842152520434,best,True
Unknown,N/A,N/A,12.956182698822488,80.17403723432938,269,12.962462830578323,80.17656399836868,0.9709804502382274,0.9709804502382274,best,True
Unknown,N/A,N/A,12.9615838,80.1820336,269,12.962462830578323,80.17656399836868,0.7817854743764188,0.7817854743764188,best,True
Unknown,N/A,N/A,12.9667047,80.1775673,269,12.962462830578323,80.17656399836868,0.6262610613353479,0.6262610613353479,best,True
Unknown,N/A,N/A,12.9615838,80.1820336,269,12.962462830578323,80.17656399836868,0.7817854743764188,0.7817854743764188,best,True
Unknown,N/A,N/A,12.96553400696074,80.17490194935749,269,12.962462830578323,80.17656399836868,0.5000525411707805,0.5000525411707805,best,True
Unknown,N/A,N/A,12.961969,80.174191,269,12.962462830578323,80.17656399836868,0.34216701750865924,0.34216701750865924,best,True
Unknown,N/A,N/A,12.9652392,80.1762932,269,12.962462830578323,80.17656399836868,0.40111807170654296,0.40111807170654296,best,True
Unknown,N/A,N/A,13.0923122,80.2000361,270,13.094114468279038,80.1983573368261,0.3509956848068131,0.3509956848068131,best,True
Unknown,N/A,N/A,13.093100424019635,80.19877986669084,270,13.094114468279038,80.1983573368261,0.15753632069498116,0.15753632069498116,best,True
Unknown,N/A,N/A,13.095342814341322,80.19703526733466,270,13.094114468279038,80.1983573368261,0.2568016497821444,0.2568016497821444,best,True
Unknown,N/A,N/A,13.09752831502315,80.19716450909515,270,13.094114468279038,80.1983573368261,0.518980638697791,0.518980638697791,best,True
Unknown,N/A,N/A,13.0941243,80.1983688,270,13.094114468279038,80.1983573368261,0.0021473242886198246,0.0021473242886198246,best,True
Unknown,N/A,N/A,13.0941243,80.1983688,270,13.094114468279038,80.1983573368261,0.0021473242886198246,0.0021473242886198246,best,True
Unknown,N/A,N/A,13.092992925635697,80.19795199176406,270,13.094114468279038,80.1983573368261,0.17112422234887972,0.17112422234887972,best,True
Unknown,N/A,N/A,13.092315769367724,80.19747224457274,270,13.094114468279038,80.1983573368261,0.2872108928809846,0.2872108928809846,best,True
Unknown,N/A,N/A,13.0954766,80.1997109,270,13.094114468279038,80.1983573368261,0.2734782549794163,0.2734782549794163,best,True
Unknown,N/A,N/A,13.0941243,80.1983688,270,13.094114468279038,80.1983573368261,0.0021473242886198246,0.0021473242886198246,best,True
Unknown,N/A,N/A,13.0941243,80.1983688,270,13.094114468279038,80.1983573368261,0.0021473242886198246,0.0021473242886198246,best,True
Unknown,N/A,N/A,13.0971132,80.1974444,270,13.094114468279038,80.1983573368261,0.4500737796256988,0.4500737796256988,best,True
Unknown,N/A,N/A,13.093573345384582,80.19848184958141,270,13.094114468279038,80.1983573368261,0.07977970037447503,0.07977970037447503,best,True
Unknown,N/A,N/A,13.093222140038073,80.19877170810395,270,13.094114468279038,80.1983573368261,0.1410051959884016,0.1410051959884016,best,True
Unknown,N/A,N/A,13.093115026933448,80.19877068890095,270,13.094114468279038,80.1983573368261,0.15510333847606297,0.15510333847606297,best,True
Unknown,N/A,N/A,13.093678,80.19848999999999,270,13.094114468279038,80.1983573368261,0.06550001209332565,0.06550001209332565,best,True
Unknown,N/A,N/A,13.093678,80.19848999999999,270,13.094114468279038,80.1983573368261,0.06550001209332565,0.06550001209332565,best,True
Unknown,N/A,N/A,13.099099332217918,80.19463716033715,271,13.094036295268433,80.19409584081642,0.7321574336502761,0.7321574336502761,best,True
Unknown,N/A,N/A,13.098527034400808,80.1948565502025,271,13.094036295268433,80.19409584081642,0.6547041176423035,0.6547041176423035,best,True
Unknown,N/A,N/A,13.0911063,80.1941458,271,13.094036295268433,80.19409584081642,0.42145270395945905,0.42145270395945905,best,True
Unknown,N/A,N/A,13.0924877,80.1911913,271,13.094036295268433,80.19409584081642,0.4661260621513414,0.4661260621513414,best,True
Unknown,N/A,N/A,13.0930936,80.1951231,271,13.094036295268433,80.19409584081642,0.1983797875985132,0.1983797875985132,best,True
Unknown,N/A,N/A,13.0972396,80.1933651,271,13.094036295268433,80.19409584081642,0.4720787645323217,0.4720787645323217,best,True
Unknown,N/A,N/A,13.0920727,80.1944807,271,13.094036295268433,80.19409584081642,0.28757029257904837,0.28757029257904837,best,True
Unknown,N/A,N/A,13.0920727,80.1944807,271,13.094036295268433,80.19409584081642,0.28757029257904837,0.28757029257904837,best,True
Unknown,N/A,N/A,13.0920727,80.1944807,271,13.094036295268433,80.19409584081642,0.28757029257904837,0.28757029257904837,best,True
Unknown,N/A,N/A,13.0920727,80.1944807,271,13.094036295268433,80.19409584081642,0.28757029257904837,0.28757029257904837,best,True
Unknown,N/A,N/A,13.09730526869072,80.19341837858747,271,13.094036295268433,80.19409584081642,0.4797485366706629,0.4797485366706629,best,True
Unknown,N/A,N/A,13.0920727,80.1944807,271,13.094036295268433,80.19409584081642,0.28757029257904837,0.28757029257904837,best,True
Unknown,N/A,N/A,13.0920727,80.1944807,271,13.094036295268433,80.19409584081642,0.28757029257904837,0.28757029257904837,best,True
Unknown,N/A,N/A,13.0920727,80.1944807,271,13.094036295268433,80.19409584081642,0.28757029257904837,0.28757029257904837,best,True
Unknown,N/A,N/A,13.097176693717085,80.19333532311921,271,13.094036295268433,80.19409584081642,0.4642053309202636,0.4642053309202636,best,True
Unknown,N/A,N/A,13.0315973,80.1109086,272,13.031737031562137,80.11053571007203,0.05629147195842781,0.05629147195842781,best,True
Unknown,N/A,N/A,13.031588370399875,80.10426162757403,272,13.031737031562137,80.11053571007203,0.8849810003142136,0.8849810003142136,best,True
Unknown,N/A,N/A,13.033277910880782,80.10976520021721,272,13.031737031562137,80.11053571007203,0.24681105440828702,0.24681105440828702,best,True
Unknown,N/A,N/A,13.030893021725149,80.11488457408025,272,13.031737031562137,80.11053571007203,0.6251421889429333,0.6251421889429333,best,True
Unknown,N/A,N/A,13.032221140560267,80.11131401040456,272,13.031737031562137,80.11053571007203,0.12997149400295405,0.12997149400295405,best,True
Unknown,N/A,N/A,13.030752064876316,80.11120791358843,272,13.031737031562137,80.11053571007203,0.17044627459629755,0.17044627459629755,best,True
Unknown,N/A,N/A,13.0307383,80.1111241,272,13.031737031562137,80.11053571007203,0.16587894605578876,0.16587894605578876,best,True
Unknown,N/A,N/A,13.031102662446472,80.11113502851194,272,13.031737031562137,80.11053571007203,0.12436230904933186,0.12436230904933186,best,True
Unknown,N/A,N/A,13.03346251317036,80.1102203362718,272,13.031737031562137,80.11053571007203,0.2521120243633362,0.2521120243633362,best,True
Unknown,N/A,N/A,13.027920017078175,80.1108025092755,273,13.02610941031874,80.11035125269322,0.26806367061013064,0.26806367061013064,best,True
Unknown,N/A,N/A,13.0239864,80.11446590000001,273,13.02610941031874,80.11035125269322,0.6556640678581955,0.6556640678581955,best,True
Unknown,N/A,N/A,13.0269792,80.11083529999999,273,13.02610941031874,80.11035125269322,0.1425041664740158,0.1425041664740158,best,True
Unknown,N/A,N/A,13.0263881,80.1085795,273,13.02610941031874,80.11035125269322,0.2530388923264302,0.2530388923264302,best,True
Unknown,N/A,N/A,13.02700748154047,80.11077304064585,273,13.02610941031874,80.11035125269322,0.1421975252223024,0.1421975252223024,best,True
Unknown,N/A,N/A,13.027070461485213,80.11080347880548,273,13.02610941031874,80.11035125269322,0.1522202588019497,0.1522202588019497,best,True
Unknown,N/A,N/A,13.027029739605496,80.11079897545807,273,13.02610941031874,80.11035125269322,0.14664833270730734,0.14664833270730734,best,True
Unknown,N/A,N/A,13.026986744720933,80.11077394031547,273,13.02610941031874,80.11035125269322,0.13954830821804587,0.13954830821804587,best,True
Unknown,N/A,N/A,13.022537710350818,80.10683524589817,273,13.02610941031874,80.11035125269322,0.7139334579522458,0.7139334579522458,best,True
Unknown,N/A,N/A,13.026736,80.110957,273,13.02610941031874,80.11035125269322,0.1241668924358771,0.1241668924358771,best,True
Unknown,N/A,N/A,13.026736,80.110957,273,13.02610941031874,80.11035125269322,0.1241668924358771,0.1241668924358771,best,True
Unknown,N/A,N/A,13.0239864,80.11446590000001,273,13.02610941031874,80.11035125269322,0.6556640678581955,0.6556640678581955,best,True
Unknown,N/A,N/A,13.0269792,80.11083529999999,273,13.02610941031874,80.11035125269322,0.1425041664740158,0.1425041664740158,best,True
Unknown,N/A,N/A,13.0269792,80.11083529999999,273,13.02610941031874,80.11035125269322,0.1425041664740158,0.1425041664740158,best,True
Unknown,N/A,N/A,12.808645652832883,80.02887774467963,274,12.810008842401407,80.02897106212144,0.19649246518934924,0.19649246518934924,best,True
Unknown,N/A,N/A,12.8089266,80.0298717,274,12.810008842401407,80.02897106212144,0.20095596396620116,0.20095596396620116,best,True
Unknown,N/A,N/A,12.81437519892726,80.03065300620746,274,12.810008842401407,80.02897106212144,0.6713288613651041,0.6713288613651041,best,True
Unknown,N/A,N/A,12.809193201215356,80.0291797192938,274,12.810008842401407,80.02897106212144,0.12094366747720517,0.12094366747720517,best,True
Unknown,N/A,N/A,12.81008115721532,80.02634157793042,274,12.810008842401407,80.02897106212144,0.37126234212796433,0.37126234212796433,best,True
Unknown,N/A,N/A,12.808831244217608,80.02890262461739,274,12.810008842401407,80.02897106212144,0.16963449274542794,0.16963449274542794,best,True
Unknown,N/A,N/A,12.951620415166673,79.93931545994224,275,12.951372001930798,79.93979663717609,0.07670216645340533,0.07670216645340533,best,True
Unknown,N/A,N/A,12.9500163,79.9387302,275,12.951372001930798,79.93979663717609,0.2462612279599493,0.2462612279599493,best,True
Unknown,N/A,N/A,12.95165240875377,79.93943941090082,275,12.951372001930798,79.93979663717609,0.06454016255503411,0.06454016255503411,best,True
Unknown,N/A,N/A,12.95164411133685,79.93939091818541,275,12.951372001930798,79.93979663717609,0.06933073854801264,0.06933073854801264,best,True
Unknown,N/A,N/A,12.950515726813403,79.9418562850225,275,12.951372001930798,79.93979663717609,0.31555185064441016,0.31555185064441016,best,True
Unknown,N/A,N/A,12.951667069868718,79.93939779398902,275,12.951372001930798,79.93979663717609,0.07046996814396823,0.07046996814396823,best,True
Unknown,N/A,N/A,12.9525983,79.9423486,275,12.951372001930798,79.93979663717609,0.40085545257754324,0.40085545257754324,best,True
Unknown,N/A,N/A,12.951616340850949,79.93938063895563,275,12.951372001930798,79.93979663717609,0.06839712396276998,0.06839712396276998,best,True
Unknown,N/A,N/A,12.951629448448417,79.93940510194119,275,12.951372001930798,79.93979663717609,0.06649169508763776,0.06649169508763776,best,True
Unknown,N/A,N/A,12.9504537,79.940182,275,12.951372001930798,79.93979663717609,0.14281860503637614,0.14281860503637614,best,True
Unknown,N/A,N/A,12.9516782,79.9383166,275,12.951372001930798,79.93979663717609,0.2133643078434605,0.2133643078434605,best,True
Unknown,N/A,N/A,12.957399238209405,79.94718027456052,276,12.955832542763089,79.94324383753835,0.5992287002306113,0.5992287002306113,best,True
Unknown,N/A,N/A,12.955812666324336,79.94265542097997,276,12.955832542763089,79.94324383753835,0.08304836106029603,0.08304836106029603,best,True
Unknown,N/A,N/A,12.95558563933526,79.9425789717408,276,12.955832542763089,79.94324383753835,0.10028022485783439,0.10028022485783439,best,True
Unknown,N/A,N/A,12.95580395432261,79.94271634137188,276,12.955832542763089,79.94324383753835,0.07451953129597479,0.07451953129597479,best,True
Unknown,N/A,N/A,12.955499465625644,79.94211057722839,276,12.955832542763089,79.94324383753835,0.16687546358731078,0.16687546358731078,best,True
Unknown,N/A,N/A,12.9557240979235,79.94265432198321,276,12.955832542763089,79.94324383753835,0.08460417869769313,0.08460417869769313,best,True
Unknown,N/A,N/A,12.955850738559592,79.94276685186186,276,12.955832542763089,79.94324383753835,0.06733212350822756,0.06733212350822756,best,True
Unknown,N/A,N/A,12.955678881150911,79.94515049830797,276,12.955832542763089,79.94324383753835,0.26985071387594894,0.26985071387594894,best,True
Unknown,N/A,N/A,12.955774368342787,79.94264347667664,276,12.955832542763089,79.94324383753835,0.0850962567106936,0.0850962567106936,best,True
Unknown,N/A,N/A,12.955663712468736,79.94253990631519,276,12.955832542763089,79.94324383753835,0.10221883279629611,0.10221883279629611,best,True
Unknown,N/A,N/A,12.955365208131177,79.94268557189523,276,12.955832542763089,79.94324383753835,0.10352963057237917,0.10352963057237917,best,True
Unknown,N/A,N/A,13.121295,80.08542,277,13.120488045423588,80.08315164241753,0.34016193321188515,0.34016193321188515,best,True
Unknown,N/A,N/A,13.12009,80.0795764,277,13.120488045423588,80.08315164241753,0.5072141419976689,0.5072141419976689,best,True
Unknown,N/A,N/A,13.126739250776245,80.08232349349429,277,13.120488045423588,80.08315164241753,0.9066016247778462,0.9066016247778462,best,True
Unknown,N/A,N/A,13.124426592371,80.07978971883651,277,13.120488045423588,80.08315164241753,0.7385398911921908,0.7385398911921908,best,True
Unknown,N/A,N/A,13.11880324696578,80.08200066662849,277,13.120488045423588,80.08315164241753,0.2916110383908562,0.2916110383908562,best,True
Unknown,N/A,N/A,13.118830690628942,80.08209447094085,277,13.120488045423588,80.08315164241753,0.28111202690681125,0.28111202690681125,best,True
Unknown,N/A,N/A,13.119043178835954,80.08212911321414,277,13.120488045423588,80.08315164241753,0.2528981642339858,0.2528981642339858,best,True
Unknown,N/A,N/A,13.118743483624716,80.0859287159849,277,13.120488045423588,80.08315164241753,0.4649690300446297,0.4649690300446297,best,True
Unknown,N/A,N/A,13.119226478699629,80.0797296745536,277,13.120488045423588,80.08315164241753,0.515363341369465,0.515363341369465,best,True
Unknown,N/A,N/A,13.118721819212942,80.08721477191929,277,13.120488045423588,80.08315164241753,0.6265515888843785,0.6265515888843785,best,True
Unknown,N/A,N/A,13.12194442186661,80.08547405429961,277,13.120488045423588,80.08315164241753,0.3886436307072185,0.3886436307072185,best,True
Unknown,N/A,N/A,13.118727556848322,80.08590772388877,277,13.120488045423588,80.08315164241753,0.4637271899750839,0.4637271899750839,best,True
Unknown,N/A,N/A,13.119654076121645,80.08329972516746,277,13.120488045423588,80.08315164241753,0.12174511933462072,0.12174511933462072,best,True
Unknown,N/A,N/A,13.1191519980246,80.07975101105937,277,13.120488045423588,80.08315164241753,0.5164385493563253,0.5164385493563253,best,True
Unknown,N/A,N/A,13.121922887377494,80.08663509627557,277,13.120488045423588,80.08315164241753,0.53263275567148,0.53263275567148,best,True
Unknown,N/A,N/A,12.844369114506875,80.05998663378409,278,12.844796710423374,80.06351730871621,0.5020205188304402,0.5020205188304402,best,True
Unknown,N/A,N/A,12.8447677,80.0616833,278,12.844796710423374,80.06351730871621,0.2588440084891901,0.2588440084891901,best,True
Unknown,N/A,N/A,12.8447677,80.0616833,278,12.844796710423374,80.06351730871621,0.2588440084891901,0.2588440084891901,best,True
Unknown,N/A,N/A,12.84506459494783,80.06060937471388,278,12.844796710423374,80.06351730871621,0.41216415662079436,0.41216415662079436,best,True
Unknown,N/A,N/A,12.8447677,80.0616833,278,12.844796710423374,80.06351730871621,0.2588440084891901,0.2588440084891901,best,True
Unknown,N/A,N/A,12.844456398491047,80.05999857356198,278,12.844796710423374,80.06351730871621,0.4989609567706904,0.4989609567706904,best,True
Unknown,N/A,N/A,12.84449127436756,80.06003671248368,278,12.844796710423374,80.06351730871621,0.4931330181358125,0.4931330181358125,best,True
Unknown,N/A,N/A,12.8447677,80.0616833,278,12.844796710423374,80.06351730871621,0.2588440084891901,0.2588440084891901,best,True
Unknown,N/A,N/A,13.1235169,80.0264199,279,13.12499317725195,80.02696240936588,0.22567146320404713,0.22567146320404713,best,True
Unknown,N/A,N/A,13.120505753826276,80.03044146025786,279,13.12499317725195,80.02696240936588,0.8105699334903342,0.8105699334903342,best,True
Unknown,N/A,N/A,13.125528515056136,80.02012917518603,279,13.12499317725195,80.02696240936588,0.9662789325819592,0.9662789325819592,best,True
Unknown,N/A,N/A,13.12422951572174,80.03181913650562,279,13.12499317725195,80.02696240936588,0.6933558564919495,0.6933558564919495,best,True
Unknown,N/A,N/A,13.1244914,80.0300507,279,13.12499317725195,80.02696240936588,0.4412647930530711,0.4412647930530711,best,True
Unknown,N/A,N/A,13.121027596810528,80.02972237656991,279,13.12499317725195,80.02696240936588,0.6903893282160527,0.6903893282160527,best,True
Unknown,N/A,N/A,13.128247340965626,80.02859304399517,279,13.12499317725195,80.02696240936588,0.5214133098425048,0.5214133098425048,best,True
Unknown,N/A,N/A,13.126202443163915,80.02106707271308,279,13.12499317725195,80.02696240936588,0.8490046893596989,0.8490046893596989,best,True
Unknown,N/A,N/A,13.127393428746476,80.0305301252759,279,13.12499317725195,80.02696240936588,0.609980519889531,0.609980519889531,best,True
Unknown,N/A,N/A,13.1248843,80.0244385,279,13.12499317725195,80.02696240936588,0.35611294049328757,0.35611294049328757,best,True
Unknown,N/A,N/A,13.124804365171643,80.02459079941337,279,13.12499317725195,80.02696240936588,0.33540162667613815,0.33540162667613815,best,True
Unknown,N/A,N/A,13.12583336414118,80.03105538556721,279,13.12499317725195,80.02696240936588,0.5894603425509256,0.5894603425509256,best,True
Unknown,N/A,N/A,13.1285421,80.0265741,279,13.12499317725195,80.02696240936588,0.5133362319868349,0.5133362319868349,best,True
Unknown,N/A,N/A,13.124806335175728,80.02456586500381,279,13.12499317725195,80.02696240936588,0.3388823595138342,0.3388823595138342,best,True
Unknown,N/A,N/A,13.1248843,80.0244385,279,13.12499317725195,80.02696240936588,0.35611294049328757,0.35611294049328757,best,True
Unknown,N/A,N/A,12.784135,80.2181739,280,12.784923927516928,80.21870339189726,0.13586498165471655,0.13586498165471655,best,True
Unknown,N/A,N/A,12.7846311,80.2180772,280,12.784923927516928,80.21870339189726,0.09790760372591692,0.09790760372591692,best,True
Unknown,N/A,N/A,12.7866088,80.2236651,280,12.784923927516928,80.21870339189726,0.7410805676061817,0.7410805676061817,best,True
Unknown,N/A,N/A,12.790199664173612,80.22145485713628,280,12.784923927516928,80.21870339189726,0.8523606638343871,0.8523606638343871,best,True
Unknown,N/A,N/A,13.0924948,80.0842515,281,13.093098760705107,80.07822227743902,0.854412120976993,0.854412120976993,best,True
Unknown,N/A,N/A,13.093458190270589,80.07523367993164,281,13.093098760705107,80.07822227743902,0.42448384049270654,0.42448384049270654,best,True
Unknown,N/A,N/A,12.933942190488256,79.9087937731619,282,12.932703716619486,79.90932245444068,0.19309957864151506,0.19309957864151506,best,True
Unknown,N/A,N/A,12.928123018923404,79.91221426860491,282,12.932703716619486,79.90932245444068,0.7748712880448545,0.7748712880448545,best,True
Unknown,N/A,N/A,12.933743400743149,79.90841204853967,282,12.932703716619486,79.90932245444068,0.19710932683543836,0.19710932683543836,best,True
Unknown,N/A,N/A,12.933848586983068,79.90860376841474,282,12.932703716619486,79.90932245444068,0.19336374278719043,0.19336374278719043,best,True
Unknown,N/A,N/A,12.933861385959558,79.9085884134822,282,12.932703716619486,79.90932245444068,0.1960688547888697,0.1960688547888697,best,True
Unknown,N/A,N/A,13.1220279,80.2436334,283,13.124525996900994,80.24814392357041,0.7302935355307217,0.7302935355307217,best,True
Unknown,N/A,N/A,13.1261096,80.2491749,283,13.124525996900994,80.24814392357041,0.2701703722197931,0.2701703722197931,best,True
Unknown,N/A,N/A,13.1261096,80.2491749,283,13.124525996900994,80.24814392357041,0.2701703722197931,0.2701703722197931,best,True
Unknown,N/A,N/A,13.124394156506378,80.24259952997423,283,13.124525996900994,80.24814392357041,0.7817653482173206,0.7817653482173206,best,True
Unknown,N/A,N/A,13.1215447,80.2521136,283,13.124525996900994,80.24814392357041,0.7049551291799002,0.7049551291799002,best,True
Unknown,N/A,N/A,13.1246439,80.24864079999999,283,13.124525996900994,80.24814392357041,0.07206291114788631,0.07206291114788631,best,True
Unknown,N/A,N/A,13.1247427,80.246617,283,13.124525996900994,80.24814392357041,0.21747912929413804,0.21747912929413804,best,True
Unknown,N/A,N/A,13.124937583275605,80.24868770053482,283,13.124525996900994,80.24814392357041,0.09684687820017013,0.09684687820017013,best,True
Unknown,N/A,N/A,13.12680475722635,80.24926570783428,283,13.124525996900994,80.24814392357041,0.36388598152256174,0.36388598152256174,best,True
Unknown,N/A,N/A,13.124591659605551,80.24869059164244,283,13.124525996900994,80.24814392357041,0.07763458573987267,0.07763458573987267,best,True
Unknown,N/A,N/A,13.1251568,80.2490782,283,13.124525996900994,80.24814392357041,0.15991932537211154,0.15991932537211154,best,True
Unknown,N/A,N/A,13.1261096,80.2491749,283,13.124525996900994,80.24814392357041,0.2701703722197931,0.2701703722197931,best,True
Unknown,N/A,N/A,13.122231,80.251063,283,13.124525996900994,80.24814392357041,0.5274996510542248,0.5274996510542248,best,True
Unknown,N/A,N/A,13.12396,80.2461007,283,13.124525996900994,80.24814392357041,0.2992947387568367,0.2992947387568367,best,True
Unknown,N/A,N/A,13.0371115,80.15332490000002,285,13.03615743736779,80.15173106110413,0.26332191178491415,0.26332191178491415,best,True
Unknown,N/A,N/A,13.0360236,80.151941,285,13.03615743736779,80.15173106110413,0.03531101815418729,0.03531101815418729,best,True
Unknown,N/A,N/A,13.036096861485358,80.15170787478804,285,13.03615743736779,80.15173106110413,0.0093053207630831,0.0093053207630831,best,True
Unknown,N/A,N/A,13.0354764,80.1546755,285,13.03615743736779,80.15173106110413,0.4265918080711452,0.4265918080711452,best,True
Unknown,N/A,N/A,13.036001911730391,80.15330902739619,285,13.03615743736779,80.15173106110413,0.22363011479980605,0.22363011479980605,best,True
Unknown,N/A,N/A,13.0363785,80.15358979999999,285,13.03615743736779,80.15173106110413,0.26402141642457033,0.26402141642457033,best,True
Unknown,N/A,N/A,13.036148858512725,80.14622335525092,285,13.03615743736779,80.15173106110413,0.7766411542268254,0.7766411542268254,best,True
Unknown,N/A,N/A,13.0357263,80.1535789,285,13.03615743736779,80.15173106110413,0.26783970469535334,0.26783970469535334,best,True
Unknown,N/A,N/A,13.036083880068231,80.15314616401209,285,13.03615743736779,80.15173106110413,0.19982355249687986,0.19982355249687986,best,True
Unknown,N/A,N/A,13.03524737919764,80.15467360578407,285,13.03615743736779,80.15173106110413,0.43508182933990697,0.43508182933990697,best,True
Unknown,N/A,N/A,13.036461475954262,80.14867336702754,285,13.03615743736779,80.15173106110413,0.43337600024782275,0.43337600024782275,best,True
Unknown,N/A,N/A,13.037548020612428,80.14892740288197,285,13.03615743736779,80.15173106110413,0.4430494313590429,0.4430494313590429,best,True
Unknown,N/A,N/A,13.03597004582665,80.14704882569951,285,13.03615743736779,80.15173106110413,0.6607908634816158,0.6607908634816158,best,True
Unknown,N/A,N/A,13.03592938976134,80.15341513261748,285,13.03615743736779,80.15173106110413,0.23972479779045908,0.23972479779045908,best,True
Unknown,N/A,N/A,13.037605866382409,80.16050322329484,286,13.036959824452618,80.15780502066075,0.3916519494041012,0.3916519494041012,best,True
Unknown,N/A,N/A,13.0380627,80.1596041,286,13.036959824452618,80.15780502066075,0.2991916869866878,0.2991916869866878,best,True
Unknown,N/A,N/A,13.036713797724811,80.1576685669631,286,13.036959824452618,80.15780502066075,0.04027682837408273,0.04027682837408273,best,True
Unknown,N/A,N/A,13.038619879528836,80.15723742135944,286,13.036959824452618,80.15780502066075,0.25180751499439236,0.25180751499439236,best,True
Unknown,N/A,N/A,13.03848254655035,80.15719603507077,286,13.036959824452618,80.15780502066075,0.235232165790267,0.235232165790267,best,True
Unknown,N/A,N/A,13.037227502749902,80.15837778347453,286,13.036959824452618,80.15780502066075,0.08947075343673211,0.08947075343673211,best,True
Unknown,N/A,N/A,13.03848254655035,80.15719603507077,286,13.036959824452618,80.15780502066075,0.235232165790267,0.235232165790267,best,True
Unknown,N/A,N/A,13.037474326274522,80.15978827269943,286,13.036959824452618,80.15780502066075,0.2892805003387433,0.2892805003387433,best,True
Unknown,N/A,N/A,13.03848254655035,80.15719603507077,286,13.036959824452618,80.15780502066075,0.235232165790267,0.235232165790267,best,True
Unknown,N/A,N/A,13.038480346087791,80.15717156370846,286,13.036959824452618,80.15780502066075,0.23622066424980248,0.23622066424980248,best,True
Unknown,N/A,N/A,13.034217998602417,80.15595149008784,286,13.036959824452618,80.15780502066075,0.47308366249934125,0.47308366249934125,best,True
Unknown,N/A,N/A,13.0377692,80.1593461,286,13.036959824452618,80.15780502066075,0.2465196742132988,0.2465196742132988,best,True
Unknown,N/A,N/A,13.033564862531762,80.15834368659313,286,13.036959824452618,80.15780502066075,0.49413639122485825,0.49413639122485825,best,True
Unknown,N/A,N/A,13.034596900702434,80.15571102545904,286,13.036959824452618,80.15780502066075,0.4501945978276666,0.4501945978276666,best,True
Unknown,N/A,N/A,13.0346163465533,80.15578397105868,286,13.036959824452618,80.15780502066075,0.4413768707633251,0.4413768707633251,best,True
Unknown,N/A,N/A,13.020589767218825,79.6773558747664,287,13.016956599709093,79.6754404564449,0.5882082960393992,0.5882082960393992,best,True
Unknown,N/A,N/A,13.013741915348398,79.67568677643843,287,13.016956599709093,79.6754404564449,0.46363834830398803,0.46363834830398803,best,True
Unknown,N/A,N/A,13.019342532839811,79.72387687783409,288,13.017709576611054,79.73014586087444,0.914713058845333,0.914713058845333,best,True
Unknown,N/A,N/A,13.015646695317027,79.73240276163848,288,13.017709576611054,79.73014586087444,0.43510530900975747,0.43510530900975747,best,True
Unknown,N/A,N/A,13.0165029,79.7360938,288,13.017709576611054,79.73014586087444,0.8565464667998692,0.8565464667998692,best,True
Unknown,N/A,N/A,13.015440050187411,79.73448166558795,288,13.017709576611054,79.73014586087444,0.6931061608404463,0.6931061608404463,best,True
Unknown,N/A,N/A,12.904328065195978,80.09447152009889,289,12.904682353436012,80.0929655343877,0.21849458161806937,0.21849458161806937,best,True
Unknown,N/A,N/A,12.904239953434804,80.09461553335929,289,12.904682353436012,80.0929655343877,0.2413267453972249,0.2413267453972249,best,True
Unknown,N/A,N/A,12.905168423423302,80.09577081160883,289,12.904682353436012,80.0929655343877,0.4019050961998291,0.4019050961998291,best,True
Unknown,N/A,N/A,12.9057722,80.0953897,289,12.904682353436012,80.0929655343877,0.3762156009541422,0.3762156009541422,best,True
Unknown,N/A,N/A,12.9054176,80.0949806,289,12.904682353436012,80.0929655343877,0.3033211933322142,0.3033211933322142,best,True
Unknown,N/A,N/A,12.904753986950622,80.09468414540825,289,12.904682353436012,80.0929655343877,0.24268692357931831,0.24268692357931831,best,True
Unknown,N/A,N/A,12.9036431,80.0896446,289,12.904682353436012,80.0929655343877,0.4917934643239794,0.4917934643239794,best,True
Unknown,N/A,N/A,12.9054176,80.0949806,289,12.904682353436012,80.0929655343877,0.3033211933322142,0.3033211933322142,best,True
Unknown,N/A,N/A,12.904351016820083,80.09450611613381,289,12.904682353436012,80.0929655343877,0.22251366020907085,0.22251366020907085,best,True
Unknown,N/A,N/A,12.904292062162298,80.0945143794751,289,12.904682353436012,80.0929655343877,0.2256112655212284,0.2256112655212284,best,True
Unknown,N/A,N/A,12.90446509486631,80.09470279186571,289,12.904682353436012,80.0929655343877,0.24708262981313614,0.24708262981313614,best,True
Unknown,N/A,N/A,12.9135679,80.0942959,290,12.91040816626398,80.09614826718015,0.5242132591497352,0.5242132591497352,best,True
Unknown,N/A,N/A,12.91127508801941,80.0939971524726,290,12.91040816626398,80.09614826718015,0.3280931428499546,0.3280931428499546,best,True
Unknown,N/A,N/A,12.912372036613212,80.09598119789055,290,12.91040816626398,80.09614826718015,0.2834229691115932,0.2834229691115932,best,True
Unknown,N/A,N/A,12.9075909,80.0953942,290,12.91040816626398,80.09614826718015,0.4189090808164287,0.4189090808164287,best,True
Unknown,N/A,N/A,12.912487372416551,80.0908719825414,290,12.91040816626398,80.09614826718015,0.8021952472164953,0.8021952472164953,best,True
Unknown,N/A,N/A,12.90767006559063,80.09717073889693,290,12.91040816626398,80.09614826718015,0.419379339551037,0.419379339551037,best,True
Unknown,N/A,N/A,12.9096563,80.091708,290,12.91040816626398,80.09614826718015,0.6357006307635052,0.6357006307635052,best,True
Unknown,N/A,N/A,12.9133377,80.09814329999999,290,12.91040816626398,80.09614826718015,0.506686249884588,0.506686249884588,best,True
Unknown,N/A,N/A,12.9085064,80.1003411,290,12.91040816626398,80.09614826718015,0.6517013731043299,0.6517013731043299,best,True
Unknown,N/A,N/A,13.0294896,80.2084704,291,13.029589321720872,80.20854337201163,0.01765154628972912,0.01765154628972912,best,True
Unknown,N/A,N/A,13.0294896,80.2084704,291,13.029589321720872,80.20854337201163,0.01765154628972912,0.01765154628972912,best,True
Unknown,N/A,N/A,13.0289598,80.20884769999999,291,13.029589321720872,80.20854337201163,0.1001934931391528,0.1001934931391528,best,True
Unknown,N/A,N/A,13.02828360039072,80.2086351667109,291,13.029589321720872,80.20854337201163,0.18823437794938735,0.18823437794938735,best,True
Unknown,N/A,N/A,13.031752355210743,80.207749031419,291,13.029589321720872,80.20854337201163,0.3306389545189793,0.3306389545189793,best,True
Unknown,N/A,N/A,13.03525054700498,80.20860898615891,291,13.029589321720872,80.20854337201163,0.8142499369803081,0.8142499369803081,best,True
Unknown,N/A,N/A,13.027869249282194,80.20843250892915,291,13.029589321720872,80.20854337201163,0.24787421137745044,0.24787421137745044,best,True
Unknown,N/A,N/A,13.02889074119872,80.208858595603,291,13.029589321720872,80.20854337201163,0.1098638292199136,0.1098638292199136,best,True
Unknown,N/A,N/A,13.029446879650056,80.20902792438993,291,13.029589321720872,80.20854337201163,0.07133337504525994,0.07133337504525994,best,True
Unknown,N/A,N/A,13.03525054700498,80.20860898615891,291,13.029589321720872,80.20854337201163,0.8142499369803081,0.8142499369803081,best,True
Unknown,N/A,N/A,13.0263166,80.2063355,291,13.029589321720872,80.20854337201163,0.5643366120393702,0.5643366120393702,best,True
Unknown,N/A,N/A,13.0294896,80.2084704,291,13.029589321720872,80.20854337201163,0.01765154628972912,0.01765154628972912,best,True
Unknown,N/A,N/A,13.0294896,80.2084704,291,13.029589321720872,80.20854337201163,0.01765154628972912,0.01765154628972912,best,True
Unknown,N/A,N/A,13.02902483476024,80.20886364555831,291,13.029589321720872,80.20854337201163,0.09290108577138245,0.09290108577138245,best,True
Unknown,N/A,N/A,13.026567292973516,80.21048776696296,291,13.029589321720872,80.20854337201163,0.5138874317767603,0.5138874317767603,best,True
Unknown,N/A,N/A,13.028257186941245,80.2086484283417,291,13.029589321720872,80.20854337201163,0.19215946364863518,0.19215946364863518,best,True
Unknown,N/A,N/A,13.0294896,80.2084704,291,13.029589321720872,80.20854337201163,0.01765154628972912,0.01765154628972912,best,True
Unknown,N/A,N/A,13.0294896,80.2084704,291,13.029589321720872,80.20854337201163,0.01765154628972912,0.01765154628972912,best,True
Unknown,N/A,N/A,13.0294896,80.2084704,291,13.029589321720872,80.20854337201163,0.01765154628972912,0.01765154628972912,best,True
Unknown,N/A,N/A,13.0294896,80.2084704,291,13.029589321720872,80.20854337201163,0.01765154628972912,0.01765154628972912,best,True
Unknown,N/A,N/A,13.0297903,80.20358999999999,292,13.031018441485857,80.2034212288609,0.17822736654713922,0.17822736654713922,best,True
Unknown,N/A,N/A,13.031071287019516,80.20274272079435,292,13.031018441485857,80.2034212288609,0.09597959835610578,0.09597959835610578,best,True
Unknown,N/A,N/A,13.030092057562836,80.20134958360681,292,13.031018441485857,80.2034212288609,0.3210764598683972,0.3210764598683972,best,True
Unknown,N/A,N/A,13.030770951431773,80.20197049194624,292,13.031018441485857,80.2034212288609,0.20764580912537314,0.20764580912537314,best,True
Unknown,N/A,N/A,13.033676254783126,80.20484675363178,292,13.031018441485857,80.2034212288609,0.4318795405406843,0.4318795405406843,best,True
Unknown,N/A,N/A,13.0285306,80.2037206,292,13.031018441485857,80.2034212288609,0.3602830555803899,0.3602830555803899,best,True
Unknown,N/A,N/A,13.0250682,80.20244579999999,292,13.031018441485857,80.2034212288609,0.8667472668507961,0.8667472668507961,best,True
Unknown,N/A,N/A,13.032419822941744,80.20536687670815,292,13.031018441485857,80.2034212288609,0.3404329075790682,0.3404329075790682,best,True
Unknown,N/A,N/A,13.0315891,80.200667,292,13.031018441485857,80.2034212288609,0.39695763584362453,0.39695763584362453,best,True
Unknown,N/A,N/A,13.0330385,80.20528949999999,292,13.031018441485857,80.2034212288609,0.39218607580266635,0.39218607580266635,best,True
Unknown,N/A,N/A,13.031043,80.20275099999999,292,13.031018441485857,80.2034212288609,0.09457671645734778,0.09457671645734778,best,True
Unknown,N/A,N/A,13.035131224091286,80.20631441964339,292,13.031018441485857,80.2034212288609,0.7185504689102373,0.7185504689102373,best,True
Unknown,N/A,N/A,13.030786177980234,80.05786691484252,293,13.025121265478075,80.05431877932139,0.9560956854650652,0.9560956854650652,best,True
Unknown,N/A,N/A,13.02323296131069,80.053136067481,293,13.025121265478075,80.05431877932139,0.3186998170300271,0.3186998170300271,best,True
Unknown,N/A,N/A,13.02323296131069,80.053136067481,293,13.025121265478075,80.05431877932139,0.3186998170300271,0.3186998170300271,best,True
Unknown,N/A,N/A,13.02323296131069,80.053136067481,293,13.025121265478075,80.05431877932139,0.3186998170300271,0.3186998170300271,best,True
Unknown,N/A,N/A,13.15841732277,79.85436336838006,294,13.163661811385,79.85882338419003,0.9818588736130436,0.9818588736130436,best,True
Unknown,N/A,N/A,13.1689063,79.8632834,294,13.163661811385,79.85882338419003,0.9818505497330215,0.9818505497330215,best,True
Unknown,N/A,N/A,13.0410254,80.2000596,295,13.041231072739027,80.20020615493164,0.0360835385549565,0.0360835385549565,best,True
Unknown,N/A,N/A,13.0410254,80.2000596,295,13.041231072739027,80.20020615493164,0.0360835385549565,0.0360835385549565,best,True
Unknown,N/A,N/A,13.0410254,80.2000596,295,13.041231072739027,80.20020615493164,0.0360835385549565,0.0360835385549565,best,True
Unknown,N/A,N/A,13.0410254,80.2000596,295,13.041231072739027,80.20020615493164,0.0360835385549565,0.0360835385549565,best,True
Unknown,N/A,N/A,13.0410254,80.2000596,295,13.041231072739027,80.20020615493164,0.0360835385549565,0.0360835385549565,best,True
Unknown,N/A,N/A,13.0410254,80.2000596,295,13.041231072739027,80.20020615493164,0.0360835385549565,0.0360835385549565,best,True
Unknown,N/A,N/A,13.0410254,80.2000596,295,13.041231072739027,80.20020615493164,0.0360835385549565,0.0360835385549565,best,True
Unknown,N/A,N/A,13.0410254,80.2000596,295,13.041231072739027,80.20020615493164,0.0360835385549565,0.0360835385549565,best,True
Unknown,N/A,N/A,13.0410254,80.2000596,295,13.041231072739027,80.20020615493164,0.0360835385549565,0.0360835385549565,best,True
Unknown,N/A,N/A,13.0410254,80.2000596,295,13.041231072739027,80.20020615493164,0.0360835385549565,0.0360835385549565,best,True
Unknown,N/A,N/A,13.0410254,80.2000596,295,13.041231072739027,80.20020615493164,0.0360835385549565,0.0360835385549565,best,True
Unknown,N/A,N/A,13.042570136563464,80.20063093383789,295,13.041231072739027,80.20020615493164,0.2016836834409744,0.2016836834409744,best,True
Unknown,N/A,N/A,13.0410254,80.2000596,295,13.041231072739027,80.20020615493164,0.0360835385549565,0.0360835385549565,best,True
Unknown,N/A,N/A,13.0410254,80.2000596,295,13.041231072739027,80.20020615493164,0.0360835385549565,0.0360835385549565,best,True
Unknown,N/A,N/A,13.0444448,80.2000092,295,13.041231072739027,80.20020615493164,0.4630321974253443,0.4630321974253443,best,True
Unknown,N/A,N/A,13.0410254,80.2000596,295,13.041231072739027,80.20020615493164,0.0360835385549565,0.0360835385549565,best,True
Unknown,N/A,N/A,13.0395577,80.2020301,295,13.041231072739027,80.20020615493164,0.35222998261137617,0.35222998261137617,best,True
Unknown,N/A,N/A,13.0417753,80.2049487,296,13.042156457651723,80.20472707019282,0.063100450940293,0.063100450940293,best,True
Unknown,N/A,N/A,13.040205573506068,80.20443602530007,296,13.042156457651723,80.20472707019282,0.283561816100732,0.283561816100732,best,True
Unknown,N/A,N/A,13.0417753,80.2049487,296,13.042156457651723,80.20472707019282,0.063100450940293,0.063100450940293,best,True
Unknown,N/A,N/A,13.0417753,80.2049487,296,13.042156457651723,80.20472707019282,0.063100450940293,0.063100450940293,best,True
Unknown,N/A,N/A,13.04300528256123,80.20381046053656,296,13.042156457651723,80.20472707019282,0.1777863581482246,0.1777863581482246,best,True
Unknown,N/A,N/A,13.0411430828632,80.20495509877756,296,13.042156457651723,80.20472707019282,0.14924832864340296,0.14924832864340296,best,True
Unknown,N/A,N/A,13.0445392,80.2028227,296,13.042156457651723,80.20472707019282,0.4353626340920916,0.4353626340920916,best,True
Unknown,N/A,N/A,13.041382268806611,80.205016530743,296,13.042156457651723,80.20472707019282,0.11858920441865108,0.11858920441865108,best,True
Unknown,N/A,N/A,13.043301308154124,80.20565755217025,296,13.042156457651723,80.20472707019282,0.21053461841395696,0.21053461841395696,best,True
Unknown,N/A,N/A,13.0417753,80.2049487,296,13.042156457651723,80.20472707019282,0.063100450940293,0.063100450940293,best,True
Unknown,N/A,N/A,13.0417753,80.2049487,296,13.042156457651723,80.20472707019282,0.063100450940293,0.063100450940293,best,True
Unknown,N/A,N/A,13.0417753,80.2049487,296,13.042156457651723,80.20472707019282,0.063100450940293,0.063100450940293,best,True
Unknown,N/A,N/A,13.042005245965797,80.20488432698365,296,13.042156457651723,80.20472707019282,0.03105865119465499,0.03105865119465499,best,True
Unknown,N/A,N/A,13.041486178408304,80.20549821545335,296,13.042156457651723,80.20472707019282,0.1453152362768376,0.1453152362768376,best,True
Unknown,N/A,N/A,13.044626924510467,80.20413294292764,296,13.042156457651723,80.20472707019282,0.36504574348835894,0.36504574348835894,best,True
Unknown,N/A,N/A,13.035016,80.20105699999999,297,13.035804024358864,80.20150936404903,0.13005161742623655,0.13005161742623655,best,True
Unknown,N/A,N/A,13.0380244,80.20127459999999,297,13.035804024358864,80.20150936404903,0.32104579347018647,0.32104579347018647,best,True
Unknown,N/A,N/A,13.03637325925401,80.20161957077447,297,13.035804024358864,80.20150936404903,0.08332926617313215,0.08332926617313215,best,True
Unknown,N/A,N/A,13.033834469173732,80.19951039544848,297,13.035804024358864,80.20150936404903,0.3996134168093737,0.3996134168093737,best,True
Unknown,N/A,N/A,13.0362628,80.20167769999999,297,13.035804024358864,80.20150936404903,0.07012100414744563,0.07012100414744563,best,True
Unknown,N/A,N/A,13.036030316942012,80.20360020849371,297,13.035804024358864,80.20150936404903,0.2966205703017012,0.2966205703017012,best,True
Unknown,N/A,N/A,13.0364902,80.1990038,297,13.035804024358864,80.20150936404903,0.3668325211236069,0.3668325211236069,best,True
Unknown,N/A,N/A,13.0367328,80.2014156,297,13.035804024358864,80.20150936404903,0.13422929908089543,0.13422929908089543,best,True
Unknown,N/A,N/A,13.0354636,80.2024684,297,13.035804024358864,80.20150936404903,0.14382356418445338,0.14382356418445338,best,True
Unknown,N/A,N/A,13.035951839212911,80.20388754642352,297,13.035804024358864,80.20150936404903,0.33602040462537924,0.33602040462537924,best,True
Unknown,N/A,N/A,13.033032007758182,80.19896212958722,297,13.035804024358864,80.20150936404903,0.5366139250422091,0.5366139250422091,best,True
Unknown,N/A,N/A,13.0362732,80.2010833,297,13.035804024358864,80.20150936404903,0.09034731484449579,0.09034731484449579,best,True
Unknown,N/A,N/A,13.035967424324376,80.20406148191009,297,13.035804024358864,80.20150936404903,0.36064034298590597,0.36064034298590597,best,True
Unknown,N/A,N/A,13.1234583,80.1244542,298,13.128182015730673,80.12523096909807,0.6881364142961139,0.6881364142961139,best,True
Unknown,N/A,N/A,13.1275246,80.1255825,298,13.128182015730673,80.12523096909807,0.10674756533175243,0.10674756533175243,best,True
Unknown,N/A,N/A,13.1286067,80.122771,298,13.128182015730673,80.12523096909807,0.3520889415431654,0.3520889415431654,best,True
Unknown,N/A,N/A,13.129211291284175,80.12467116819603,298,13.128182015730673,80.12523096909807,0.16774918607845443,0.16774918607845443,best,True
Unknown,N/A,N/A,13.129458956261644,80.1248777807881,298,13.128182015730673,80.12523096909807,0.19027915080088306,0.19027915080088306,best,True
Unknown,N/A,N/A,13.129255513097212,80.12470881844007,298,13.128182015730673,80.12523096909807,0.1710375172833718,0.1710375172833718,best,True
Unknown,N/A,N/A,13.129392139679505,80.12485785754508,298,13.128182015730673,80.12523096909807,0.18181411626460015,0.18181411626460015,best,True
Unknown,N/A,N/A,13.12933477436864,80.12470107341865,298,13.128182015730673,80.12523096909807,0.18183956201882392,0.18183956201882392,best,True
Unknown,N/A,N/A,13.129356991505489,80.12483463706131,298,13.128182015730673,80.12523096909807,0.17798131164502667,0.17798131164502667,best,True
Unknown,N/A,N/A,13.129286133503973,80.12474997098947,298,13.128182015730673,80.12523096909807,0.17266392721366705,0.17266392721366705,best,True
Unknown,N/A,N/A,13.1290704,80.1258003,298,13.128182015730673,80.12523096909807,0.15088083120278087,0.15088083120278087,best,True
Unknown,N/A,N/A,13.1294145634792,80.1248978204239,298,13.128182015730673,80.12523096909807,0.18338091829418765,0.18338091829418765,best,True
Unknown,N/A,N/A,13.12945278287793,80.12491907697101,298,13.128182015730673,80.12523096909807,0.18797639467923866,0.18797639467923866,best,True
Unknown,N/A,N/A,13.12934188666702,80.12482451766499,298,13.128182015730673,80.12523096909807,0.17637819037723423,0.17637819037723423,best,True
Unknown,N/A,N/A,13.1275387,80.1257603,298,13.128182015730673,80.12523096909807,0.1188592395367858,0.1188592395367858,best,True
Unknown,N/A,N/A,13.1275387,80.1257603,298,13.128182015730673,80.12523096909807,0.1188592395367858,0.1188592395367858,best,True
Unknown,N/A,N/A,13.127878592409749,80.12593082221987,298,13.128182015730673,80.12523096909807,0.10787062278076791,0.10787062278076791,best,True
Unknown,N/A,N/A,13.126810217145874,80.12533681306645,298,13.128182015730673,80.12523096909807,0.1978568207477504,0.1978568207477504,best,True
Unknown,N/A,N/A,13.125275,80.1281218,298,13.128182015730673,80.12523096909807,0.5838189453503976,0.5838189453503976,best,True
Unknown,N/A,N/A,13.129362580238762,80.12489135865073,298,13.128182015730673,80.12523096909807,0.17640930738233265,0.17640930738233265,best,True
Unknown,N/A,N/A,13.125253507825011,80.1273982356237,298,13.128182015730673,80.12523096909807,0.5203077643080709,0.5203077643080709,best,True
Unknown,N/A,N/A,13.125093696164168,80.11755208484824,299,13.126431682546604,80.11825581682838,0.21649392402934828,0.21649392402934828,best,True
Unknown,N/A,N/A,13.125582507832966,80.11879064882682,299,13.126431682546604,80.11825581682838,0.14352376701754285,0.14352376701754285,best,True
Unknown,N/A,N/A,13.1255679924039,80.1186042081936,299,13.126431682546604,80.11825581682838,0.13357203528431116,0.13357203528431116,best,True
Unknown,N/A,N/A,13.13108629838415,80.11373446650391,299,13.126431682546604,80.11825581682838,0.9242896156602146,0.9242896156602146,best,True
Unknown,N/A,N/A,13.1269534,80.117655,299,13.126431682546604,80.11825581682838,0.11314817492586607,0.11314817492586607,best,True
Unknown,N/A,N/A,13.1259402,80.1173524,299,13.126431682546604,80.11825581682838,0.1456469383083396,0.1456469383083396,best,True
Unknown,N/A,N/A,13.122394024441482,80.11793838204535,299,13.126431682546604,80.11825581682838,0.5824214458382284,0.5824214458382284,best,True
Unknown,N/A,N/A,13.125720381444058,80.1191269958961,299,13.126431682546604,80.11825581682838,0.15982865220950285,0.15982865220950285,best,True
Unknown,N/A,N/A,13.130547374476,80.12060287114467,299,13.126431682546604,80.11825581682838,0.67810355503574,0.67810355503574,best,True
Unknown,N/A,N/A,13.125865020960488,80.11943621305365,299,13.126431682546604,80.11825581682838,0.1852742256779113,0.1852742256779113,best,True
Unknown,N/A,N/A,13.12599761190546,80.12002071459989,299,13.126431682546604,80.11825581682838,0.25649083374440756,0.25649083374440756,best,True
Unknown,N/A,N/A,13.054675403162266,80.05872636063366,300,13.055866034238969,80.06181222737608,0.46758679755522803,0.46758679755522803,best,True
Unknown,N/A,N/A,13.0525199,80.060391,300,13.055866034238969,80.06181222737608,0.5212972066672091,0.5212972066672091,best,True
Unknown,N/A,N/A,13.0578646,80.0637482,300,13.055866034238969,80.06181222737608,0.39639642841516587,0.39639642841516587,best,True
Unknown,N/A,N/A,13.054570388638396,80.06165279274545,300,13.055866034238969,80.06181222737608,0.18769117082090445,0.18769117082090445,best,True
Unknown,N/A,N/A,13.058605212302655,80.06112836010861,300,13.055866034238969,80.06181222737608,0.405578117359767,0.405578117359767,best,True
Unknown,N/A,N/A,13.0514865,80.0596042,300,13.055866034238969,80.06181222737608,0.7026079635287074,0.7026079635287074,best,True
Unknown,N/A,N/A,13.054569233825376,80.06164490049213,300,13.055866034238969,80.06181222737608,0.1879924732104765,0.1879924732104765,best,True
Unknown,N/A,N/A,13.055023897656946,80.06101864091929,300,13.055866034238969,80.06181222737608,0.16489266186191984,0.16489266186191984,best,True
Unknown,N/A,N/A,13.055951319270564,80.06695921159059,300,13.055866034238969,80.06181222737608,0.7258209416217403,0.7258209416217403,best,True
Unknown,N/A,N/A,13.054474900145404,80.06213302704015,300,13.055866034238969,80.06181222737608,0.20512258424818308,0.20512258424818308,best,True
Unknown,N/A,N/A,13.0586184,80.066225,300,13.055866034238969,80.06181222737608,0.7374387524150993,0.7374387524150993,best,True
Unknown,N/A,N/A,13.055306878467476,80.05675602167003,300,13.055866034238969,80.06181222737608,0.717439854340571,0.717439854340571,best,True
Unknown,N/A,N/A,13.055871654882049,80.0596424108706,300,13.055866034238969,80.06181222737608,0.3059420909801267,0.3059420909801267,best,True
Unknown,N/A,N/A,13.054615207172128,80.06149435917922,300,13.055866034238969,80.06181222737608,0.1853933437176332,0.1853933437176332,best,True
Unknown,N/A,N/A,13.059121839004144,80.06419861158031,300,13.055866034238969,80.06181222737608,0.5766054651716049,0.5766054651716049,best,True
Unknown,N/A,N/A,13.054582,80.06169009999999,300,13.055866034238969,80.06181222737608,0.18547122321392473,0.18547122321392473,best,True
Unknown,N/A,N/A,13.05460728177404,80.06154159593937,300,13.055866034238969,80.06181222737608,0.1850119725873886,0.1850119725873886,best,True
Unknown,N/A,N/A,13.0855381,80.176976,301,13.086475727091532,80.17929453249472,0.3535938400227945,0.3535938400227945,best,True
Unknown,N/A,N/A,13.088124127632312,80.17950654600487,301,13.086475727091532,80.17929453249472,0.23895075059739843,0.23895075059739843,best,True
Unknown,N/A,N/A,13.0852022,80.1797022,301,13.086475727091532,80.17929453249472,0.1919650591095017,0.1919650591095017,best,True
Unknown,N/A,N/A,13.084941629982197,80.17961842198487,301,13.086475727091532,80.17929453249472,0.22531033982819512,0.22531033982819512,best,True
Unknown,N/A,N/A,13.08484881643364,80.17973559639744,301,13.086475727091532,80.17929453249472,0.24210482519088683,0.24210482519088683,best,True
Unknown,N/A,N/A,13.0868645,80.1796196,301,13.086475727091532,80.17929453249472,0.07229498259750503,0.07229498259750503,best,True
Unknown,N/A,N/A,13.085128789438617,80.17955620996422,301,13.086475727091532,80.17929453249472,0.19719891683346555,0.19719891683346555,best,True
Unknown,N/A,N/A,13.088117743616722,80.17935027830397,301,13.086475727091532,80.17929453249472,0.2362865375978241,0.2362865375978241,best,True
Unknown,N/A,N/A,13.088125406246949,80.17883509814759,301,13.086475727091532,80.17929453249472,0.24594027324306653,0.24594027324306653,best,True
Unknown,N/A,N/A,13.0852022,80.1797022,301,13.086475727091532,80.17929453249472,0.1919650591095017,0.1919650591095017,best,True
Unknown,N/A,N/A,13.08812504578928,80.1794638843724,301,13.086475727091532,80.17929453249472,0.23840453213847612,0.23840453213847612,best,True
Unknown,N/A,N/A,13.0876656,80.17891019999999,301,13.086475727091532,80.17929453249472,0.17950132650360381,0.17950132650360381,best,True
Unknown,N/A,N/A,13.0868645,80.1796196,301,13.086475727091532,80.17929453249472,0.07229498259750503,0.07229498259750503,best,True
Unknown,N/A,N/A,13.085296318866332,80.17970674917619,301,13.086475727091532,80.17929453249472,0.17930245171395354,0.17930245171395354,best,True
Unknown,N/A,N/A,13.088066972440991,80.17928744702806,301,13.086475727091532,80.17929453249472,0.2288560402674955,0.2288560402674955,best,True
Unknown,N/A,N/A,13.088097110897843,80.17937744548675,301,13.086475727091532,80.17929453249472,0.23348118073750196,0.23348118073750196,best,True
Unknown,N/A,N/A,13.084444582573653,80.17839335846972,301,13.086475727091532,80.17929453249472,0.3185526544338716,0.3185526544338716,best,True
Unknown,N/A,N/A,13.0852608,80.1791694,301,13.086475727091532,80.17929453249472,0.175619826321446,0.175619826321446,best,True
Unknown,N/A,N/A,13.088088021487737,80.17928053372954,301,13.086475727091532,80.17929453249472,0.23188954531455763,0.23188954531455763,best,True
Unknown,N/A,N/A,13.0852022,80.1797022,301,13.086475727091532,80.17929453249472,0.1919650591095017,0.1919650591095017,best,True
Unknown,N/A,N/A,13.085460815206735,80.17970126508301,301,13.086475727091532,80.17929453249472,0.1568244992700735,0.1568244992700735,best,True
Unknown,N/A,N/A,13.0852022,80.1797022,301,13.086475727091532,80.17929453249472,0.1919650591095017,0.1919650591095017,best,True
Unknown,N/A,N/A,13.0851575,80.1801517,301,13.086475727091532,80.17929453249472,0.22482693769450748,0.22482693769450748,best,True
Unknown,N/A,N/A,13.0868645,80.1796196,301,13.086475727091532,80.17929453249472,0.07229498259750503,0.07229498259750503,best,True
Unknown,N/A,N/A,13.089301792371725,80.17720914506074,301,13.086475727091532,80.17929453249472,0.5016312896053492,0.5016312896053492,best,True
Unknown,N/A,N/A,13.085277758486608,80.17969449814855,301,13.086475727091532,80.17929453249472,0.18128513908547209,0.18128513908547209,best,True
Unknown,N/A,N/A,13.0883754,80.179361,301,13.086475727091532,80.17929453249472,0.2733727497452647,0.2733727497452647,best,True
Unknown,N/A,N/A,13.08992357148662,80.18214977406618,302,13.090848517533802,80.18191898493058,0.13694751549881662,0.13694751549881662,best,True
Unknown,N/A,N/A,13.091890435048487,80.17872833984967,302,13.090848517533802,80.18191898493058,0.4741157053638668,0.4741157053638668,best,True
Unknown,N/A,N/A,13.089423873109444,80.18165924975932,302,13.090848517533802,80.18191898493058,0.20813954479350136,0.20813954479350136,best,True
Unknown,N/A,N/A,13.0918668,80.18033559999999,302,13.090848517533802,80.18191898493058,0.2669759701378922,0.2669759701378922,best,True
Unknown,N/A,N/A,13.091141,80.18320120000001,302,13.090848517533802,80.18191898493058,0.18559477628591634,0.18559477628591634,best,True
Unknown,N/A,N/A,13.091141,80.18320120000001,302,13.090848517533802,80.18191898493058,0.18559477628591634,0.18559477628591634,best,True
Unknown,N/A,N/A,13.092212658323032,80.18258441929223,302,13.090848517533802,80.18191898493058,0.21746679168767344,0.21746679168767344,best,True
Unknown,N/A,N/A,13.091141,80.18320120000001,302,13.090848517533802,80.18191898493058,0.18559477628591634,0.18559477628591634,best,True
Unknown,N/A,N/A,13.0923814,80.1808301,302,13.090848517533802,80.18191898493058,0.2686405150372005,0.2686405150372005,best,True
Unknown,N/A,N/A,13.091141,80.18320120000001,302,13.090848517533802,80.18191898493058,0.18559477628591634,0.18559477628591634,best,True
Unknown,N/A,N/A,13.090675974367976,80.18078721188661,302,13.090848517533802,80.18191898493058,0.16147414978102945,0.16147414978102945,best,True
Unknown,N/A,N/A,13.0889225,80.181116,302,13.090848517533802,80.18191898493058,0.2992403348974264,0.2992403348974264,best,True
Unknown,N/A,N/A,13.089615386722633,80.18179190151906,302,13.090848517533802,80.18191898493058,0.17825231029711186,0.17825231029711186,best,True
Unknown,N/A,N/A,13.089453481482622,80.18161136251595,302,13.090848517533802,80.18191898493058,0.20526860902525149,0.20526860902525149,best,True
Unknown,N/A,N/A,13.091141,80.18320120000001,302,13.090848517533802,80.18191898493058,0.18559477628591634,0.18559477628591634,best,True
Unknown,N/A,N/A,13.0915052,80.1831038,302,13.090848517533802,80.18191898493058,0.19188523896956783,0.19188523896956783,best,True
Unknown,N/A,N/A,13.085516026649849,80.18341919492389,303,13.087389869878212,80.1826409361646,0.29097630421400444,0.29097630421400444,best,True
Unknown,N/A,N/A,13.0886729,80.1838204,303,13.087389869878212,80.1826409361646,0.2483935144184725,0.2483935144184725,best,True
Unknown,N/A,N/A,13.088334193619016,80.18255644965518,303,13.087389869878212,80.1826409361646,0.1363345125709534,0.1363345125709534,best,True
Unknown,N/A,N/A,13.0846196,80.1824195,303,13.087389869878212,80.1826409361646,0.39964302495499854,0.39964302495499854,best,True
Unknown,N/A,N/A,13.088169429154991,80.18261902766156,303,13.087389869878212,80.1826409361646,0.11215922337777622,0.11215922337777622,best,True
Unknown,N/A,N/A,13.0885034,80.1815751,303,13.087389869878212,80.1826409361646,0.2196047014162418,0.2196047014162418,best,True
Unknown,N/A,N/A,13.0879659257836,80.18266439960108,303,13.087389869878212,80.1826409361646,0.08291471875060212,0.08291471875060212,best,True
Unknown,N/A,N/A,13.088101183417129,80.18257741846942,303,13.087389869878212,80.1826409361646,0.10269271353351035,0.10269271353351035,best,True
Unknown,N/A,N/A,13.0869841,80.1822485,303,13.087389869878212,80.1826409361646,0.08041533344179044,0.08041533344179044,best,True
Unknown,N/A,N/A,13.0863966,80.1826713,303,13.087389869878212,80.1826409361646,0.14291678890814602,0.14291678890814602,best,True
Unknown,N/A,N/A,13.088025210035756,80.18247900749937,303,13.087389869878212,80.1826409361646,0.09418357057609589,0.09418357057609589,best,True
Unknown,N/A,N/A,12.9558248,80.14331399999999,304,12.956221286496934,80.14382704736904,0.09213391792434887,0.09213391792434887,best,True
Unknown,N/A,N/A,12.961252236720464,80.14559168135098,304,12.956221286496934,80.14382704736904,0.7651636931135563,0.7651636931135563,best,True
Unknown,N/A,N/A,12.9554324,80.1457636,304,12.956221286496934,80.14382704736904,0.29578572696621647,0.29578572696621647,best,True
Unknown,N/A,N/A,12.955843558908706,80.14309716265717,304,12.956221286496934,80.14382704736904,0.11640723831859633,0.11640723831859633,best,True
Unknown,N/A,N/A,12.9558248,80.14331399999999,304,12.956221286496934,80.14382704736904,0.09213391792434887,0.09213391792434887,best,True
Unknown,N/A,N/A,12.955728986301876,80.14307087552098,304,12.956221286496934,80.14382704736904,0.12802224223527306,0.12802224223527306,best,True
Unknown,N/A,N/A,12.9558248,80.14331399999999,304,12.956221286496934,80.14382704736904,0.09213391792434887,0.09213391792434887,best,True
Unknown,N/A,N/A,12.9558248,80.14331399999999,304,12.956221286496934,80.14382704736904,0.09213391792434887,0.09213391792434887,best,True
Unknown,N/A,N/A,12.954505650330022,80.14268039474499,304,12.956221286496934,80.14382704736904,0.2950281072935239,0.2950281072935239,best,True
Unknown,N/A,N/A,12.9558248,80.14331399999999,304,12.956221286496934,80.14382704736904,0.09213391792434887,0.09213391792434887,best,True
Unknown,N/A,N/A,12.9558248,80.14331399999999,304,12.956221286496934,80.14382704736904,0.09213391792434887,0.09213391792434887,best,True
Unknown,N/A,N/A,12.953536,80.1443901,304,12.956221286496934,80.14382704736904,0.3942776142373931,0.3942776142373931,best,True
Unknown,N/A,N/A,12.9558248,80.14331399999999,304,12.956221286496934,80.14382704736904,0.09213391792434887,0.09213391792434887,best,True
Unknown,N/A,N/A,12.9587561,80.14671799999999,304,12.956221286496934,80.14382704736904,0.5469784279881619,0.5469784279881619,best,True
Unknown,N/A,N/A,12.9560044028861,80.14322998107392,304,12.956221286496934,80.14382704736904,0.08980982920152668,0.08980982920152668,best,True
Unknown,N/A,N/A,12.9558248,80.14331399999999,304,12.956221286496934,80.14382704736904,0.09213391792434887,0.09213391792434887,best,True
Unknown,N/A,N/A,12.958104135300712,80.14400600992586,304,12.956221286496934,80.14382704736904,0.2719638033020771,0.2719638033020771,best,True
Unknown,N/A,N/A,12.9581009,80.13652789999999,305,12.959630005862802,80.1373137423292,0.24627072138666145,0.24627072138666145,best,True
Unknown,N/A,N/A,12.9610983,80.137236,305,12.959630005862802,80.1373137423292,0.21145340766466292,0.21145340766466292,best,True
Unknown,N/A,N/A,12.961017980308016,80.13721239602079,305,12.959630005862802,80.1373137423292,0.20012856938403695,0.20012856938403695,best,True
Unknown,N/A,N/A,12.956813638021014,80.13861390769065,305,12.959630005862802,80.1373137423292,0.44463095741844355,0.44463095741844355,best,True
Unknown,N/A,N/A,12.961119210984988,80.13697850793456,305,12.959630005862802,80.1373137423292,0.21933402115152925,0.21933402115152925,best,True
Unknown,N/A,N/A,13.094904,80.2150272,306,13.097690626252819,80.21441532704834,0.4099522821620855,0.4099522821620855,best,True
Unknown,N/A,N/A,13.1006285,80.2147232,306,13.097690626252819,80.21441532704834,0.4247504381380445,0.4247504381380445,best,True
Unknown,N/A,N/A,13.097705,80.21832619999999,306,13.097690626252819,80.21441532704834,0.5513384593112707,0.5513384593112707,best,True
Unknown,N/A,N/A,13.092361332996312,80.21383963183493,306,13.097690626252819,80.21441532704834,0.7707475478896056,0.7707475478896056,best,True
Unknown,N/A,N/A,13.097053295266948,80.21508426083496,306,13.097690626252819,80.21441532704834,0.13150990820558145,0.13150990820558145,best,True
Unknown,N/A,N/A,13.100458557027313,80.21444578140546,306,13.097690626252819,80.21441532704834,0.39810897743499063,0.39810897743499063,best,True
Unknown,N/A,N/A,13.1009015,80.2142874,306,13.097690626252819,80.21441532704834,0.4621422327367452,0.4621422327367452,best,True
Unknown,N/A,N/A,13.100728330155306,80.21436421293816,306,13.097690626252819,80.21441532704834,0.43694422011638673,0.43694422011638673,best,True
Unknown,N/A,N/A,13.092355017730409,80.21065600704385,306,13.097690626252819,80.21441532704834,0.9325940849915627,0.9325940849915627,best,True
Unknown,N/A,N/A,13.0999331,80.2139104,306,13.097690626252819,80.21441532704834,0.33027601278988433,0.33027601278988433,best,True
Unknown,N/A,N/A,13.0986177,80.2139972,306,13.097690626252819,80.21441532704834,0.14578092488589647,0.14578092488589647,best,True
Unknown,N/A,N/A,13.1006285,80.2147232,306,13.097690626252819,80.21441532704834,0.4247504381380445,0.4247504381380445,best,True
Unknown,N/A,N/A,13.0986274,80.2173956,306,13.097690626252819,80.21441532704834,0.4412157422310029,0.4412157422310029,best,True
Unknown,N/A,N/A,13.09241457862562,80.21392697147941,306,13.097690626252819,80.21441532704834,0.7619216227796312,0.7619216227796312,best,True
Unknown,N/A,N/A,13.101491641854372,80.21667140593446,306,13.097690626252819,80.21441532704834,0.632453097597586,0.632453097597586,best,True
Unknown,N/A,N/A,13.100706721015849,80.2142432368001,306,13.097690626252819,80.21441532704834,0.43445484027908926,0.43445484027908926,best,True
Unknown,N/A,N/A,13.093317168399912,80.2103362828278,306,13.097690626252819,80.21441532704834,0.8522398963962494,0.8522398963962494,best,True
Unknown,N/A,N/A,13.100904829585412,80.2140588979077,306,13.097690626252819,80.21441532704834,0.4649919189089429,0.4649919189089429,best,True
Unknown,N/A,N/A,13.092384726146104,80.2138741249118,306,13.097690626252819,80.21441532704834,0.7669028862693282,0.7669028862693282,best,True
Unknown,N/A,N/A,13.066433453633868,79.67326823849311,307,13.066094825890925,79.67255014304182,0.11235050016639196,0.11235050016639196,best,True
Unknown,N/A,N/A,13.064472890892144,79.67280737427839,307,13.066094825890925,79.67255014304182,0.23606985409639716,0.23606985409639716,best,True
Unknown,N/A,N/A,13.063000774553975,79.66945939930926,307,13.066094825890925,79.67255014304182,0.6228273904141938,0.6228273904141938,best,True
Unknown,N/A,N/A,13.06754586976423,79.67288500061319,307,13.066094825890925,79.67255014304182,0.21396351359010718,0.21396351359010718,best,True
Unknown,N/A,N/A,13.066017702431992,79.67364739271716,307,13.066094825890925,79.67255014304182,0.1551014159045999,0.1551014159045999,best,True
Unknown,N/A,N/A,13.067461389960268,79.67293269588168,307,13.066094825890925,79.67255014304182,0.20380647229129079,0.20380647229129079,best,True
Unknown,N/A,N/A,13.0677317,79.6728509,307,13.066094825890925,79.67255014304182,0.23920442055536098,0.23920442055536098,best,True
Unknown,N/A,N/A,13.13716309181689,80.20827533385668,308,13.13884079383286,80.20675789859938,0.3224396618653684,0.3224396618653684,best,True
Unknown,N/A,N/A,13.137188152604027,80.20826500550358,308,13.13884079383286,80.20675789859938,0.3187794691052672,0.3187794691052672,best,True
Unknown,N/A,N/A,13.1398108,80.2058313,308,13.13884079383286,80.20675789859938,0.19110210001856984,0.19110210001856984,best,True
Unknown,N/A,N/A,13.1404463,80.2085072,308,13.13884079383286,80.20675789859938,0.33780482353242614,0.33780482353242614,best,True
Unknown,N/A,N/A,13.136024353723457,80.20917998238276,308,13.13884079383286,80.20675789859938,0.5297444353079775,0.5297444353079775,best,True
Unknown,N/A,N/A,13.1403903,80.2081013,308,13.13884079383286,80.20675789859938,0.29243417182274983,0.29243417182274983,best,True
Unknown,N/A,N/A,13.1363862,80.2092078,308,13.13884079383286,80.20675789859938,0.49383185627591986,0.49383185627591986,best,True
Unknown,N/A,N/A,13.139483756913608,80.20613481480534,308,13.13884079383286,80.20675789859938,0.12753094664611533,0.12753094664611533,best,True
Unknown,N/A,N/A,13.1398108,80.2058313,308,13.13884079383286,80.20675789859938,0.19110210001856984,0.19110210001856984,best,True
Unknown,N/A,N/A,13.138109454153923,80.20366351677377,308,13.13884079383286,80.20675789859938,0.44866144685189985,0.44866144685189985,best,True
Unknown,N/A,N/A,13.1375952,80.2080489,308,13.13884079383286,80.20675789859938,0.25535230805781606,0.25535230805781606,best,True
Unknown,N/A,N/A,13.138674991700531,80.20684358939984,308,13.13884079383286,80.20675789859938,0.026730297218166534,0.026730297218166534,best,True
Unknown,N/A,N/A,13.140159554851722,80.20829445863396,308,13.13884079383286,80.20675789859938,0.2878886186796305,0.2878886186796305,best,True
Unknown,N/A,N/A,13.1399016,80.2063715,308,13.13884079383286,80.20675789859938,0.16199615886904073,0.16199615886904073,best,True
Unknown,N/A,N/A,13.13961722706024,80.20605477203209,308,13.13884079383286,80.20675789859938,0.1493041800921777,0.1493041800921777,best,True
Unknown,N/A,N/A,13.1398108,80.2058313,308,13.13884079383286,80.20675789859938,0.19110210001856984,0.19110210001856984,best,True
Unknown,N/A,N/A,13.1398108,80.2058313,308,13.13884079383286,80.20675789859938,0.19110210001856984,0.19110210001856984,best,True
Unknown,N/A,N/A,13.1398108,80.2058313,308,13.13884079383286,80.20675789859938,0.19110210001856984,0.19110210001856984,best,True
Unknown,N/A,N/A,13.1377809,80.2022954,308,13.13884079383286,80.20675789859938,0.6472041991377804,0.6472041991377804,best,True
Unknown,N/A,N/A,13.1305051,80.204136,309,13.1332334372813,80.20545899676588,0.43445129486149203,0.43445129486149203,best,True
Unknown,N/A,N/A,13.1300695044681,80.20661334297407,309,13.1332334372813,80.20545899676588,0.483256309245669,0.483256309245669,best,True
Unknown,N/A,N/A,13.133078157292582,80.20181944841795,309,13.1332334372813,80.20545899676588,0.5134970056943311,0.5134970056943311,best,True
Unknown,N/A,N/A,13.1342176,80.20583810000001,309,13.1332334372813,80.20545899676588,0.15129428055745217,0.15129428055745217,best,True
Unknown,N/A,N/A,13.131007431764774,80.20389854716643,309,13.1332334372813,80.20545899676588,0.3884242020232098,0.3884242020232098,best,True
Unknown,N/A,N/A,13.1342176,80.20583810000001,309,13.1332334372813,80.20545899676588,0.15129428055745217,0.15129428055745217,best,True
Unknown,N/A,N/A,13.1342176,80.20583810000001,309,13.1332334372813,80.20545899676588,0.15129428055745217,0.15129428055745217,best,True
Unknown,N/A,N/A,13.131013150716482,80.20418583579064,309,13.1332334372813,80.20545899676588,0.36629668967127643,0.36629668967127643,best,True
Unknown,N/A,N/A,13.133190197437983,80.20632090155172,309,13.1332334372813,80.20545899676588,0.12164849119112524,0.12164849119112524,best,True
Unknown,N/A,N/A,13.1342176,80.20583810000001,309,13.1332334372813,80.20545899676588,0.15129428055745217,0.15129428055745217,best,True
Unknown,N/A,N/A,13.1342176,80.20583810000001,309,13.1332334372813,80.20545899676588,0.15129428055745217,0.15129428055745217,best,True
Unknown,N/A,N/A,13.131318722398538,80.20400534324109,309,13.1332334372813,80.20545899676588,0.3432435491084131,0.3432435491084131,best,True
Unknown,N/A,N/A,13.132798291718036,80.20781246289575,309,13.1332334372813,80.20545899676588,0.33758382013465416,0.33758382013465416,best,True
Unknown,N/A,N/A,13.134632989829488,80.21010105328,309,13.1332334372813,80.20545899676588,0.6845778161073892,0.6845778161073892,best,True
Unknown,N/A,N/A,13.1342176,80.20583810000001,309,13.1332334372813,80.20545899676588,0.15129428055745217,0.15129428055745217,best,True
Unknown,N/A,N/A,13.1342176,80.20583810000001,309,13.1332334372813,80.20545899676588,0.15129428055745217,0.15129428055745217,best,True
Unknown,N/A,N/A,13.1342176,80.20583810000001,309,13.1332334372813,80.20545899676588,0.15129428055745217,0.15129428055745217,best,True
Unknown,N/A,N/A,13.1334144,80.2029568,309,13.1332334372813,80.20545899676588,0.353654911950013,0.353654911950013,best,True
Unknown,N/A,N/A,13.1356824,80.2047873,309,13.1332334372813,80.20545899676588,0.3647158762950136,0.3647158762950136,best,True
Unknown,N/A,N/A,13.1342176,80.20583810000001,309,13.1332334372813,80.20545899676588,0.15129428055745217,0.15129428055745217,best,True
Unknown,N/A,N/A,12.924894826820506,80.10009526129134,310,12.925254748758217,80.10119995061419,0.16421304911780443,0.16421304911780443,best,True
Unknown,N/A,N/A,12.92465710874112,80.09956731287025,310,12.925254748758217,80.10119995061419,0.24583553802457841,0.24583553802457841,best,True
Unknown,N/A,N/A,12.924867657992218,80.10001759248108,310,12.925254748758217,80.10119995061419,0.17584325316182128,0.17584325316182128,best,True
Unknown,N/A,N/A,12.925916826362462,80.09660164263525,310,12.925254748758217,80.10119995061419,0.6556440774120237,0.6556440774120237,best,True
Unknown,N/A,N/A,12.924631195502618,80.09835964838223,310,12.925254748758217,80.10119995061419,0.41060131699853303,0.41060131699853303,best,True
Unknown,N/A,N/A,12.925933453138418,80.10628711847113,310,12.925254748758217,80.10119995061419,0.72426504872511,0.72426504872511,best,True
Unknown,N/A,N/A,12.92327699121334,80.09739145736111,310,12.925254748758217,80.10119995061419,0.6079224424860685,0.6079224424860685,best,True
Unknown,N/A,N/A,12.9253958,80.1042154,310,12.925254748758217,80.10119995061419,0.4258795756468341,0.4258795756468341,best,True
Unknown,N/A,N/A,12.925557116111046,80.10465770284067,310,12.925254748758217,80.10119995061419,0.48972718801057874,0.48972718801057874,best,True
Unknown,N/A,N/A,12.92521350337475,80.10072137009794,310,12.925254748758217,80.10119995061419,0.06777453229305383,0.06777453229305383,best,True
Unknown,N/A,N/A,12.9233476,80.0971611,310,12.925254748758217,80.10119995061419,0.632354122229647,0.632354122229647,best,True
Unknown,N/A,N/A,12.9233996,80.0972239,310,12.925254748758217,80.10119995061419,0.6211343967177213,0.6211343967177213,best,True
Unknown,N/A,N/A,12.9263626,80.1045279,310,12.925254748758217,80.10119995061419,0.4957799777545059,0.4957799777545059,best,True
Unknown,N/A,N/A,12.9242547,80.10499709999999,310,12.925254748758217,80.10119995061419,0.5546458428325255,0.5546458428325255,best,True
Unknown,N/A,N/A,12.924736042347924,80.10000443036421,310,12.925254748758217,80.10119995061419,0.18441693347940516,0.18441693347940516,best,True
Unknown,N/A,N/A,12.924631,80.1017956,310,12.925254748758217,80.10119995061419,0.12291583711270582,0.12291583711270582,best,True
Unknown,N/A,N/A,12.9257075,80.10142669999999,310,12.925254748758217,80.10119995061419,0.07254712536552542,0.07254712536552542,best,True
Unknown,N/A,N/A,12.924423607301872,80.10774246314678,310,12.925254748758217,80.10119995061419,0.9306768402226809,0.9306768402226809,best,True
Unknown,N/A,N/A,12.915716139173735,80.07476690299431,311,12.915813859194428,80.07388174481683,0.12566433878288832,0.12566433878288832,best,True
Unknown,N/A,N/A,12.91574443644065,80.0747043410566,311,12.915813859194428,80.07388174481683,0.11647859719946775,0.11647859719946775,best,True
Unknown,N/A,N/A,12.916674983588798,80.07275268210854,311,12.915813859194428,80.07388174481683,0.20176605286152835,0.20176605286152835,best,True
Unknown,N/A,N/A,12.9149904,80.0720171,311,12.915813859194428,80.07388174481683,0.2884890707471172,0.2884890707471172,best,True
Unknown,N/A,N/A,12.915701131074458,80.07584887147144,311,12.915813859194428,80.07388174481683,0.27799066196515004,0.27799066196515004,best,True
Unknown,N/A,N/A,12.91578674425514,80.07470116581868,311,12.915813859194428,80.07388174481683,0.11566768297147485,0.11566768297147485,best,True
Unknown,N/A,N/A,12.915618539111358,80.07477055814381,311,12.915813859194428,80.07388174481683,0.128499639918136,0.128499639918136,best,True
Unknown,N/A,N/A,12.9156413,80.0741573,311,12.915813859194428,80.07388174481683,0.04612087611449364,0.04612087611449364,best,True
Unknown,N/A,N/A,12.9167773784559,80.06926248739087,311,12.915813859194428,80.07388174481683,0.6662425090293714,0.6662425090293714,best,True
Unknown,N/A,N/A,12.915539067192276,80.07502168958813,311,12.915813859194428,80.07388174481683,0.1656054151721219,0.1656054151721219,best,True
Unknown,N/A,N/A,12.915762331846365,80.07469609441267,311,12.915813859194428,80.07388174481683,0.11512522894244538,0.11512522894244538,best,True
Unknown,N/A,N/A,12.926794979708792,80.07850290905894,312,12.921057315898018,80.07877027669277,0.8260454710645678,0.8260454710645678,best,True
Unknown,N/A,N/A,12.918152466351202,80.08141186956063,312,12.921057315898018,80.07877027669277,0.5598318116657077,0.5598318116657077,best,True
Unknown,N/A,N/A,12.9201503,80.076847,312,12.921057315898018,80.07877027669277,0.30105472231619224,0.30105472231619224,best,True
Unknown,N/A,N/A,12.9184867,80.0793584,312,12.921057315898018,80.07877027669277,0.37889853683983343,0.37889853683983343,best,True
Unknown,N/A,N/A,12.91827676283856,80.08159876441118,312,12.921057315898018,80.07877027669277,0.5649261165337303,0.5649261165337303,best,True
Unknown,N/A,N/A,12.918054905293262,80.08109541072612,312,12.921057315898018,80.07877027669277,0.5422642110719993,0.5422642110719993,best,True
Unknown,N/A,N/A,12.9228987,80.0808931,312,12.921057315898018,80.07877027669277,0.3997725811707438,0.3997725811707438,best,True
Unknown,N/A,N/A,12.918032935307052,80.08114763638385,312,12.921057315898018,80.07877027669277,0.5492513258031673,0.5492513258031673,best,True
Unknown,N/A,N/A,12.917984810868564,80.08100244793886,312,12.921057315898018,80.07877027669277,0.5426105822209653,0.5426105822209653,best,True
Unknown,N/A,N/A,12.9201503,80.076847,312,12.921057315898018,80.07877027669277,0.30105472231619224,0.30105472231619224,best,True
Unknown,N/A,N/A,12.91806979762445,80.08111028283807,312,12.921057315898018,80.07877027669277,0.5418359697940482,0.5418359697940482,best,True
Unknown,N/A,N/A,12.918597047101086,80.0778912924634,312,12.921057315898018,80.07877027669277,0.37493249233658427,0.37493249233658427,best,True
Unknown,N/A,N/A,12.9201503,80.076847,312,12.921057315898018,80.07877027669277,0.30105472231619224,0.30105472231619224,best,True
Unknown,N/A,N/A,12.9201503,80.076847,312,12.921057315898018,80.07877027669277,0.30105472231619224,0.30105472231619224,best,True
Unknown,N/A,N/A,12.917776960194685,80.0775008040231,312,12.921057315898018,80.07877027669277,0.5046255817817937,0.5046255817817937,best,True
Unknown,N/A,N/A,12.922910020876694,80.07715566306578,312,12.921057315898018,80.07877027669277,0.350544448571763,0.350544448571763,best,True
Unknown,N/A,N/A,12.9191546,80.08361630000002,312,12.921057315898018,80.07877027669277,0.736386023409709,0.736386023409709,best,True
Unknown,N/A,N/A,13.0346651,80.2571682,314,13.033995385055128,80.2574879981771,0.10635221815689033,0.10635221815689033,best,True
Unknown,N/A,N/A,13.0340498,80.2582647,314,13.033995385055128,80.2574879981771,0.10980270398118334,0.10980270398118334,best,True
Unknown,N/A,N/A,13.031702063192586,80.26031581007727,314,13.033995385055128,80.2574879981771,0.5174841917474513,0.5174841917474513,best,True
Unknown,N/A,N/A,13.033036686139493,80.25253130786317,314,13.033995385055128,80.2574879981771,0.7124188682335394,0.7124188682335394,best,True
Unknown,N/A,N/A,13.033366,80.2570913,314,13.033995385055128,80.2574879981771,0.10640814769464817,0.10640814769464817,best,True
Unknown,N/A,N/A,13.029938623829784,80.2598339266503,314,13.033995385055128,80.2574879981771,0.6706993618386645,0.6706993618386645,best,True
Unknown,N/A,N/A,13.038288731564958,80.25747046835131,314,13.033995385055128,80.2574879981771,0.6174741798630665,0.6174741798630665,best,True
Unknown,N/A,N/A,13.032828,80.2561772,314,13.033995385055128,80.2574879981771,0.2497058497141776,0.2497058497141776,best,True
Unknown,N/A,N/A,13.034931061410084,80.25618920213594,314,13.033995385055128,80.2574879981771,0.22726765358642315,0.22726765358642315,best,True
Unknown,N/A,N/A,13.0380715,80.254239,314,13.033995385055128,80.2574879981771,0.7440126928769368,0.7440126928769368,best,True
Unknown,N/A,N/A,13.03307166946952,80.26308686487013,314,13.033995385055128,80.2574879981771,0.8006021824901197,0.8006021824901197,best,True
Unknown,N/A,N/A,13.0937398198841,80.00762491737025,315,13.095326922872495,80.0059879970149,0.32458504824718115,0.32458504824718115,best,True
Unknown,N/A,N/A,13.094156991150069,80.006793405773,315,13.095326922872495,80.0059879970149,0.20298701360549806,0.20298701360549806,best,True
Unknown,N/A,N/A,13.094463029249296,80.00684975594528,315,13.095326922872495,80.0059879970149,0.17377073343279975,0.17377073343279975,best,True
Unknown,N/A,N/A,13.094353008158478,80.00680601470853,315,13.095326922872495,80.0059879970149,0.18143409618252973,0.18143409618252973,best,True
Unknown,N/A,N/A,13.094330326885729,80.00682518696547,315,13.095326922872495,80.0059879970149,0.18567037545334447,0.18567037545334447,best,True
Unknown,N/A,N/A,13.094175209022524,80.00661417349421,315,13.095326922872495,80.0059879970149,0.18769491340243236,0.18769491340243236,best,True
Unknown,N/A,N/A,13.094000835761378,80.00658827075283,315,13.095326922872495,80.0059879970149,0.2086503076727685,0.2086503076727685,best,True
Unknown,N/A,N/A,12.869830645399087,79.69265100534548,316,12.872347224952522,79.69465252945697,0.4590800896793364,0.4590800896793364,best,True
Unknown,N/A,N/A,12.873607433740869,79.6956690826631,316,12.872347224952522,79.69465252945697,0.231133174631817,0.231133174631817,best,True
Unknown,N/A,N/A,12.873603595717611,79.69563750036237,316,12.872347224952522,79.69465252945697,0.22795662718432225,0.22795662718432225,best,True
Unknown,N/A,N/A,12.8365284,80.1718222,317,12.833696066666668,80.1691956,0.5507488355853273,0.5507488355853273,best,True
Unknown,N/A,N/A,12.8379375,80.1694219,317,12.833696066666668,80.1691956,0.610829154765312,0.610829154765312,best,True
Unknown,N/A,N/A,13.0858964,80.2543513,319,13.085029331645945,80.25543337036679,0.19703509625156462,0.19703509625156462,best,True
Unknown,N/A,N/A,13.08616732667842,80.25603293149612,319,13.085029331645945,80.25543337036679,0.18420575368573028,0.18420575368573028,best,True
Unknown,N/A,N/A,13.0837135,80.2545877,319,13.085029331645945,80.25543337036679,0.22366866733077254,0.22366866733077254,best,True
Unknown,N/A,N/A,13.0863651,80.2569535,319,13.085029331645945,80.25543337036679,0.2878116767241796,0.2878116767241796,best,True
Unknown,N/A,N/A,13.08617916139724,80.25583032933584,319,13.085029331645945,80.25543337036679,0.1745821580540126,0.1745821580540126,best,True
Unknown,N/A,N/A,13.087806034766643,80.25470666983819,319,13.085029331645945,80.25543337036679,0.41227942684425095,0.41227942684425095,best,True
Unknown,N/A,N/A,13.0836671,80.2546488,319,13.085029331645945,80.25543337036679,0.2249847792339127,0.2249847792339127,best,True
Unknown,N/A,N/A,13.08617907709875,80.25869788658996,319,13.085029331645945,80.25543337036679,0.4890409634799714,0.4890409634799714,best,True
Unknown,N/A,N/A,13.0837135,80.2545877,319,13.085029331645945,80.25543337036679,0.22366866733077254,0.22366866733077254,best,True
Unknown,N/A,N/A,13.0835547,80.2515415,319,13.085029331645945,80.25543337036679,0.5882470161519365,0.5882470161519365,best,True
Unknown,N/A,N/A,13.0836671,80.2546488,319,13.085029331645945,80.25543337036679,0.2249847792339127,0.2249847792339127,best,True
Unknown,N/A,N/A,13.0836671,80.2546488,319,13.085029331645945,80.25543337036679,0.2249847792339127,0.2249847792339127,best,True
Unknown,N/A,N/A,13.081333953732036,80.25264897075766,319,13.085029331645945,80.25543337036679,0.6607266844619921,0.6607266844619921,best,True
Unknown,N/A,N/A,13.0836671,80.2546488,319,13.085029331645945,80.25543337036679,0.2249847792339127,0.2249847792339127,best,True
Unknown,N/A,N/A,13.084320335510526,80.25184706299011,319,13.085029331645945,80.25543337036679,0.5157853316527253,0.5157853316527253,best,True
Unknown,N/A,N/A,13.08395,80.25468400000001,319,13.085029331645945,80.25543337036679,0.18777080645212665,0.18777080645212665,best,True
Unknown,N/A,N/A,13.084749657837689,80.25473403821587,319,13.085029331645945,80.25543337036679,0.1064824803870365,0.1064824803870365,best,True
Unknown,N/A,N/A,13.0878912,80.2574072,319,13.085029331645945,80.25543337036679,0.4968367222577789,0.4968367222577789,best,True
Unknown,N/A,N/A,13.0860564,80.2563514,319,13.085029331645945,80.25543337036679,0.19639305508802987,0.19639305508802987,best,True
Unknown,N/A,N/A,13.086273,80.256937,319,13.085029331645945,80.25543337036679,0.27736263182713167,0.27736263182713167,best,True
Unknown,N/A,N/A,13.086544306140066,80.25726660166534,319,13.085029331645945,80.25543337036679,0.3380399728728081,0.3380399728728081,best,True
Unknown,N/A,N/A,13.083792503823023,80.25458442698363,319,13.085029331645945,80.25543337036679,0.21439799379123847,0.21439799379123847,best,True
Unknown,N/A,N/A,13.0871714,80.2558708,319,13.085029331645945,80.25543337036679,0.3141853252132957,0.3141853252132957,best,True
Unknown,N/A,N/A,13.083221,80.2614037,319,13.085029331645945,80.25543337036679,0.8809758999138065,0.8809758999138065,best,True
Unknown,N/A,N/A,13.086186334164209,80.25621434129698,319,13.085029331645945,80.25543337036679,0.19952894561285184,0.19952894561285184,best,True
Unknown,N/A,N/A,13.09044571412921,80.25231969774572,320,13.091714922763812,80.25471608072732,0.38399899588265635,0.38399899588265635,best,True
Unknown,N/A,N/A,13.0898472,80.2591516,320,13.091714922763812,80.25471608072732,0.6805679018825403,0.6805679018825403,best,True
Unknown,N/A,N/A,13.093299456328054,80.25391836846451,320,13.091714922763812,80.25471608072732,0.2541267862412702,0.2541267862412702,best,True
Unknown,N/A,N/A,13.0925934,80.2542208,320,13.091714922763812,80.25471608072732,0.1443535297872604,0.1443535297872604,best,True
Unknown,N/A,N/A,13.0936672,80.2513742,320,13.091714922763812,80.25471608072732,0.5484525017363214,0.5484525017363214,best,True
Unknown,N/A,N/A,13.0931969,80.2525199,320,13.091714922763812,80.25471608072732,0.3758832811284979,0.3758832811284979,best,True
Unknown,N/A,N/A,13.09299090041642,80.25229596905527,320,13.091714922763812,80.25471608072732,0.38740404093581204,0.38740404093581204,best,True
Unknown,N/A,N/A,13.0896776,80.2581711,320,13.091714922763812,80.25471608072732,0.5684237619460857,0.5684237619460857,best,True
Unknown,N/A,N/A,13.089715934000616,80.2584730912804,320,13.091714922763812,80.25471608072732,0.6026543616136926,0.6026543616136926,best,True
Unknown,N/A,N/A,13.06504341297638,80.2190964023126,321,13.063775181769941,80.22250810718069,0.5144489357484094,0.5144489357484094,best,True
Unknown,N/A,N/A,13.064059016978309,80.22109526305476,321,13.063775181769941,80.22250810718069,0.2033421569822333,0.2033421569822333,best,True
Unknown,N/A,N/A,13.064788800981564,80.22242227722701,321,13.063775181769941,80.22250810718069,0.1462804892129647,0.1462804892129647,best,True
Unknown,N/A,N/A,13.06237106033445,80.22475657109383,321,13.063775181769941,80.22250810718069,0.3758757387488807,0.3758757387488807,best,True
Unknown,N/A,N/A,13.0635202,80.2234146,321,13.063775181769941,80.22250810718069,0.13296709569404228,0.13296709569404228,best,True
Unknown,N/A,N/A,13.0635202,80.2234146,321,13.063775181769941,80.22250810718069,0.13296709569404228,0.13296709569404228,best,True
Unknown,N/A,N/A,13.0652823,80.2235281,321,13.063775181769941,80.22250810718069,0.26012391736171636,0.26012391736171636,best,True
Unknown,N/A,N/A,13.0605816,80.2261151,321,13.063775181769941,80.22250810718069,0.685273386036937,0.685273386036937,best,True
Unknown,N/A,N/A,13.0635202,80.2234146,321,13.063775181769941,80.22250810718069,0.13296709569404228,0.13296709569404228,best,True
Unknown,N/A,N/A,13.064349345201803,80.22263474543841,321,13.063775181769941,80.22250810718069,0.08448471893575014,0.08448471893575014,best,True
Unknown,N/A,N/A,13.064299313488426,80.22025038344276,321,13.063775181769941,80.22250810718069,0.3271288705791678,0.3271288705791678,best,True
Unknown,N/A,N/A,13.06396673127837,80.219954643599,321,13.063775181769941,80.22250810718069,0.36107558778188714,0.36107558778188714,best,True
Unknown,N/A,N/A,13.05999862624144,80.21785554953487,322,13.059210336578806,80.22101053829297,0.45906189105811707,0.45906189105811707,best,True
Unknown,N/A,N/A,13.0589549404266,80.22364711403065,322,13.059210336578806,80.22101053829297,0.37355883077168867,0.37355883077168867,best,True
Unknown,N/A,N/A,13.0603396,80.2232674,322,13.059210336578806,80.22101053829297,0.3572596717673005,0.3572596717673005,best,True
Unknown,N/A,N/A,13.0585591,80.221294,322,13.059210336578806,80.22101053829297,0.10183205001465227,0.10183205001465227,best,True
Unknown,N/A,N/A,13.0588903,80.2186767,322,13.059210336578806,80.22101053829297,0.33226712066236047,0.33226712066236047,best,True
Unknown,N/A,N/A,13.057821777440294,80.22072377006327,322,13.059210336578806,80.22101053829297,0.2037550985442524,0.2037550985442524,best,True
Unknown,N/A,N/A,13.057955394168337,80.22079500076015,322,13.059210336578806,80.22101053829297,0.1830268255137012,0.1830268255137012,best,True
Unknown,N/A,N/A,13.0580952,80.2194678,322,13.059210336578806,80.22101053829297,0.27025375126695766,0.27025375126695766,best,True
Unknown,N/A,N/A,13.061405358863,80.22112481827304,322,13.059210336578806,80.22101053829297,0.31609970721458736,0.31609970721458736,best,True
Unknown,N/A,N/A,13.061255608672829,80.2213680982614,322,13.059210336578806,80.22101053829297,0.29844064341749926,0.29844064341749926,best,True
Unknown,N/A,N/A,13.05802303313317,80.22105050859255,322,13.059210336578806,80.22101053829297,0.1708512900554884,0.1708512900554884,best,True
Unknown,N/A,N/A,13.0592251,80.2228557,322,13.059210336578806,80.22101053829297,0.26017032091664094,0.26017032091664094,best,True
Unknown,N/A,N/A,13.1380541,79.6614376,323,13.1380541,79.6614376,0.0,0.0,best,True
Unknown,N/A,N/A,13.1380541,79.6614376,323,13.1380541,79.6614376,0.0,0.0,best,True
Unknown,N/A,N/A,13.1380541,79.6614376,323,13.1380541,79.6614376,0.0,0.0,best,True
Unknown,N/A,N/A,13.041011377122636,80.12735243347515,324,13.041014815795965,80.12712061007186,0.03269246079123974,0.03269246079123974,best,True
Unknown,N/A,N/A,13.040556014431564,80.12663512660933,324,13.041014815795965,80.12712061007186,0.09508054381117108,0.09508054381117108,best,True
Unknown,N/A,N/A,13.040989863461318,80.1271737948495,324,13.041014815795965,80.12712061007186,0.008313830149935822,0.008313830149935822,best,True
Unknown,N/A,N/A,13.040987150211732,80.1274893205708,324,13.041014815795965,80.12712061007186,0.052142789195307536,0.052142789195307536,best,True
Unknown,N/A,N/A,13.0409665,80.12731629999999,324,13.041014815795965,80.12712061007186,0.02845514165536712,0.02845514165536712,best,True
Unknown,N/A,N/A,13.040935574215595,80.12703430476553,324,13.041014815795965,80.12712061007186,0.01667277344856005,0.01667277344856005,best,True
Unknown,N/A,N/A,13.041022,80.1272919,324,13.041014815795965,80.12712061007186,0.02417516639516097,0.02417516639516097,best,True
Unknown,N/A,N/A,13.041397203296444,80.12598258556393,324,13.041014815795965,80.12712061007186,0.1696314878772075,0.1696314878772075,best,True
Unknown,N/A,N/A,13.041252312944296,80.12688213595003,324,13.041014815795965,80.12712061007186,0.04793154209304943,0.04793154209304943,best,True
Unknown,N/A,N/A,13.041078321423209,80.12724612399904,324,13.041014815795965,80.12712061007186,0.01991607148969226,0.01991607148969226,best,True
Unknown,N/A,N/A,13.041010893776694,80.12742561004806,324,13.041014815795965,80.12712061007186,0.043010827048784714,0.043010827048784714,best,True
Unknown,N/A,N/A,13.0409665,80.12731629999999,324,13.041014815795965,80.12712061007186,0.02845514165536712,0.02845514165536712,best,True
Unknown,N/A,N/A,13.041018894464068,80.1274219951027,324,13.041014815795965,80.12712061007186,0.042501443140321185,0.042501443140321185,best,True
Unknown,N/A,N/A,13.044446,80.1260435,325,13.044064228883451,80.12353780777383,0.35755637472682383,0.35755637472682383,best,True
Unknown,N/A,N/A,13.047014793026545,80.12461782089102,325,13.044064228883451,80.12353780777383,0.4508487495212285,0.4508487495212285,best,True
Unknown,N/A,N/A,13.0429504,80.1226077,325,13.044064228883451,80.12353780777383,0.2070303795826358,0.2070303795826358,best,True
Unknown,N/A,N/A,13.043769605228611,80.12077742014525,325,13.044064228883451,80.12353780777383,0.3915290351544512,0.3915290351544512,best,True
Unknown,N/A,N/A,13.0424059,80.1239659,325,13.044064228883451,80.12353780777383,0.24602132955190814,0.24602132955190814,best,True
Unknown,N/A,N/A,13.0424059,80.1239659,325,13.044064228883451,80.12353780777383,0.24602132955190814,0.24602132955190814,best,True
Unknown,N/A,N/A,13.0433057,80.1217639,325,13.044064228883451,80.12353780777383,0.27288527394334716,0.27288527394334716,best,True
Unknown,N/A,N/A,13.043958140634006,80.12293915344145,325,13.044064228883451,80.12353780777383,0.08578124451386927,0.08578124451386927,best,True
Unknown,N/A,N/A,13.04472297991116,80.12403290563475,325,13.044064228883451,80.12353780777383,0.11768432377170254,0.11768432377170254,best,True
Unknown,N/A,N/A,13.043264178145764,80.12176489417038,325,13.044064228883451,80.12353780777383,0.27519966651193634,0.27519966651193634,best,True
Unknown,N/A,N/A,13.043296,80.121761,325,13.044064228883451,80.12353780777383,0.2738200710344984,0.2738200710344984,best,True
Unknown,N/A,N/A,13.0432999,80.1217639,325,13.044064228883451,80.12353780777383,0.2732198183932723,0.2732198183932723,best,True
Unknown,N/A,N/A,13.0433023,80.1217641,325,13.044064228883451,80.12353780777383,0.2730552961109784,0.2730552961109784,best,True
Unknown,N/A,N/A,13.046205691548687,80.12495752885769,325,13.044064228883451,80.12353780777383,0.36732816331102575,0.36732816331102575,best,True
Unknown,N/A,N/A,13.0433052,80.121771,325,13.044064228883451,80.12353780777383,0.2719967623743711,0.2719967623743711,best,True
Unknown,N/A,N/A,13.044511140793633,80.12197677687396,325,13.044064228883451,80.12353780777383,0.2293058261376191,0.2293058261376191,best,True
Unknown,N/A,N/A,13.04246392387846,80.12405097572537,325,13.044064228883451,80.12353780777383,0.24126275687033752,0.24126275687033752,best,True
Unknown,N/A,N/A,13.042456968956143,80.12378944634438,325,13.044064228883451,80.12353780777383,0.23386372439782518,0.23386372439782518,best,True
Unknown,N/A,N/A,13.0424059,80.1239659,325,13.044064228883451,80.12353780777383,0.24602132955190814,0.24602132955190814,best,True
Unknown,N/A,N/A,13.04806711927857,80.12780081183271,325,13.044064228883451,80.12353780777383,0.832315322493996,0.832315322493996,best,True
Unknown,N/A,N/A,13.0424059,80.1239659,325,13.044064228883451,80.12353780777383,0.24602132955190814,0.24602132955190814,best,True
Unknown,N/A,N/A,13.04255873837263,80.12365409656887,325,13.044064228883451,80.12353780777383,0.21713982483151872,0.21713982483151872,best,True
Unknown,N/A,N/A,13.1063216859832,80.28013021049041,326,13.10592292923788,80.28081167839927,0.11188274290615935,0.11188274290615935,best,True
Unknown,N/A,N/A,13.1057965,80.280307,326,13.10592292923788,80.28081167839927,0.07343147231845334,0.07343147231845334,best,True
Unknown,N/A,N/A,13.1057965,80.280307,326,13.10592292923788,80.28081167839927,0.07343147231845334,0.07343147231845334,best,True
Unknown,N/A,N/A,13.1072783,80.2807387,326,13.10592292923788,80.28081167839927,0.19520181396238975,0.19520181396238975,best,True
Unknown,N/A,N/A,13.101856323440552,80.2844866402021,326,13.10592292923788,80.28081167839927,0.7813158695579691,0.7813158695579691,best,True
Unknown,N/A,N/A,13.1084914,80.2796438,326,13.10592292923788,80.28081167839927,0.4044264686425196,0.4044264686425196,best,True
Unknown,N/A,N/A,13.1062861,80.2801478,326,13.10592292923788,80.28081167839927,0.10717578822357322,0.10717578822357322,best,True
Unknown,N/A,N/A,13.106353050123449,80.280199616653,326,13.10592292923788,80.28081167839927,0.1061665907564503,0.1061665907564503,best,True
Unknown,N/A,N/A,13.1075288,80.2801779,326,13.10592292923788,80.28081167839927,0.24763622608775052,0.24763622608775052,best,True
Unknown,N/A,N/A,13.106199384838854,80.28011847245536,326,13.10592292923788,80.28081167839927,0.1055002914841682,0.1055002914841682,best,True
Unknown,N/A,N/A,13.1061299,80.2801429,326,13.10592292923788,80.28081167839927,0.0988653069891923,0.0988653069891923,best,True
Unknown,N/A,N/A,13.106733194182109,80.2807421361885,326,13.10592292923788,80.28081167839927,0.11694458970133005,0.11694458970133005,best,True
Unknown,N/A,N/A,13.1021165,80.2850228,326,13.10592292923788,80.28081167839927,0.8075340401366922,0.8075340401366922,best,True
Unknown,N/A,N/A,13.1056702,80.2798624,326,13.10592292923788,80.28081167839927,0.13866845874677877,0.13866845874677877,best,True
Unknown,N/A,N/A,13.1062861,80.2801478,326,13.10592292923788,80.28081167839927,0.10717578822357322,0.10717578822357322,best,True
Unknown,N/A,N/A,13.101658392736269,80.27744562351079,327,13.101613305923484,80.2758271786752,0.22824846045863637,0.22824846045863637,best,True
Unknown,N/A,N/A,13.101376669521413,80.27850202915266,327,13.101613305923484,80.2758271786752,0.3786134785132991,0.3786134785132991,best,True
Unknown,N/A,N/A,13.103920583110508,80.27630820916495,327,13.101613305923484,80.2758271786752,0.3386923376885077,0.3386923376885077,best,True
Unknown,N/A,N/A,13.102733,80.2768866,327,13.101613305923484,80.2758271786752,0.21963033992167963,0.21963033992167963,best,True
Unknown,N/A,N/A,13.101126,80.274931,327,13.101613305923484,80.2758271786752,0.14447435863334906,0.14447435863334906,best,True
Unknown,N/A,N/A,13.101462235346805,80.27463754065789,327,13.101613305923484,80.2758271786752,0.16910796040254156,0.16910796040254156,best,True
Unknown,N/A,N/A,13.0986663,80.2767338,327,13.101613305923484,80.2758271786752,0.4426918899418666,0.4426918899418666,best,True
Unknown,N/A,N/A,13.1036719,80.27368059999999,327,13.101613305923484,80.2758271786752,0.4233531624869159,0.4233531624869159,best,True
Unknown,N/A,N/A,13.1002489,80.2754375,327,13.101613305923484,80.2758271786752,0.2037742133482127,0.2037742133482127,best,True
Unknown,N/A,N/A,13.101845044725843,80.27456500417895,327,13.101613305923484,80.2758271786752,0.18102646242275658,0.18102646242275658,best,True
Unknown,N/A,N/A,13.101037339717504,80.27497105876206,327,13.101613305923484,80.2758271786752,0.14638223857478624,0.14638223857478624,best,True
Unknown,N/A,N/A,12.871585046938522,80.11211162527007,328,12.877404992285785,80.11110154125966,0.8490618403929964,0.8490618403929964,best,True
Unknown,N/A,N/A,12.870689759277232,80.110202191419,328,12.877404992285785,80.11110154125966,0.9740744018606721,0.9740744018606721,best,True
Unknown,N/A,N/A,12.8794080567492,80.20642192189497,329,12.875979412483638,80.20224806089092,0.7681046073513953,0.7681046073513953,best,True
Unknown,N/A,N/A,12.872550768218076,80.19807419988688,329,12.875979412483638,80.20224806089092,0.7681106621616564,0.7681106621616564,best,True
Unknown,N/A,N/A,13.0895146,80.0491263,330,13.086694149213558,80.05472802462049,0.8878178862424753,0.8878178862424753,best,True
Unknown,N/A,N/A,13.0891517,80.0568316,330,13.086694149213558,80.05472802462049,0.4613826034496162,0.4613826034496162,best,True
Unknown,N/A,N/A,13.08953141266803,80.05738225214354,330,13.086694149213558,80.05472802462049,0.5536527814963316,0.5536527814963316,best,True
Unknown,N/A,N/A,13.12330862025297,79.93820095076158,332,13.121481463377684,79.93214686478281,0.892931757325286,0.892931757325286,best,True
Unknown,N/A,N/A,13.125449307296828,79.9300363208178,332,13.121481463377684,79.93214686478281,0.643552491265959,0.643552491265959,best,True
Unknown,N/A,N/A,13.12299316846556,79.93148663828589,332,13.121481463377684,79.93214686478281,0.23649639213536544,0.23649639213536544,best,True
Unknown,N/A,N/A,13.125640931315438,79.92970768948307,332,13.121481463377684,79.93214686478281,0.6899872205258121,0.6899872205258121,best,True
Unknown,N/A,N/A,12.74263289197666,79.9925739442129,333,12.739240898219789,79.99342576047026,0.5024292935363643,0.5024292935363643,best,True
Unknown,N/A,N/A,12.7436006,79.99258189999999,333,12.739240898219789,79.99342576047026,0.6382157394143398,0.6382157394143398,best,True
Unknown,N/A,N/A,12.7436006,79.99258189999999,333,12.739240898219789,79.99342576047026,0.6382157394143398,0.6382157394143398,best,True
Unknown,N/A,N/A,13.0739183,80.1907184,334,13.074060054258721,80.19034014659188,0.05709335000799874,0.05709335000799874,best,True
Unknown,N/A,N/A,13.0739183,80.1907184,334,13.074060054258721,80.19034014659188,0.05709335000799874,0.05709335000799874,best,True
Unknown,N/A,N/A,13.0739183,80.1907184,334,13.074060054258721,80.19034014659188,0.05709335000799874,0.05709335000799874,best,True
Unknown,N/A,N/A,13.0739183,80.1907184,334,13.074060054258721,80.19034014659188,0.05709335000799874,0.05709335000799874,best,True
Unknown,N/A,N/A,13.0739183,80.1907184,334,13.074060054258721,80.19034014659188,0.05709335000799874,0.05709335000799874,best,True
Unknown,N/A,N/A,13.0769662,80.187415,334,13.074060054258721,80.19034014659188,0.5871748923649025,0.5871748923649025,best,True
Unknown,N/A,N/A,13.0739183,80.1907184,334,13.074060054258721,80.19034014659188,0.05709335000799874,0.05709335000799874,best,True
Unknown,N/A,N/A,13.0739183,80.1907184,334,13.074060054258721,80.19034014659188,0.05709335000799874,0.05709335000799874,best,True
Unknown,N/A,N/A,13.0739183,80.1907184,334,13.074060054258721,80.19034014659188,0.05709335000799874,0.05709335000799874,best,True
Unknown,N/A,N/A,13.073894061954576,80.19102740058413,334,13.074060054258721,80.19034014659188,0.0997923865732864,0.0997923865732864,best,True
Unknown,N/A,N/A,13.073817071088442,80.19078861366889,334,13.074060054258721,80.19034014659188,0.07224318308255633,0.07224318308255633,best,True
Unknown,N/A,N/A,13.0732558,80.19116799999999,334,13.074060054258721,80.19034014659188,0.1643233909529778,0.1643233909529778,best,True
Unknown,N/A,N/A,13.0732558,80.19116799999999,334,13.074060054258721,80.19034014659188,0.1643233909529778,0.1643233909529778,best,True
Unknown,N/A,N/A,13.0732558,80.19116799999999,334,13.074060054258721,80.19034014659188,0.1643233909529778,0.1643233909529778,best,True
Unknown,N/A,N/A,13.075109680837778,80.18661998462525,334,13.074060054258721,80.19034014659188,0.5457897107557643,0.5457897107557643,best,True
Unknown,N/A,N/A,13.07606069123675,80.19374393176881,335,13.07529459756048,80.19691191321157,0.46003433884792805,0.46003433884792805,best,True
Unknown,N/A,N/A,13.075223291454408,80.19616397382632,335,13.07529459756048,80.19691191321157,0.10594765512015893,0.10594765512015893,best,True
Unknown,N/A,N/A,13.074978,80.19551,335,13.07529459756048,80.19691191321157,0.20282937645234325,0.20282937645234325,best,True
Unknown,N/A,N/A,13.07394325289428,80.19998630061451,335,13.07529459756048,80.19691191321157,0.47502897925369464,0.47502897925369464,best,True
Unknown,N/A,N/A,13.072194147337925,80.19798158627131,335,13.07529459756048,80.19691191321157,0.47072092326419174,0.47072092326419174,best,True
Unknown,N/A,N/A,13.0757486,80.1958707,335,13.07529459756048,80.19691191321157,0.16066442697607153,0.16066442697607153,best,True
Unknown,N/A,N/A,13.0789142,80.1991269,335,13.07529459756048,80.19691191321157,0.6070560728292025,0.6070560728292025,best,True
Unknown,N/A,N/A,12.859599824667049,80.04596416537143,336,12.860781734653202,80.04350859791009,0.385949244174514,0.385949244174514,best,True
Unknown,N/A,N/A,12.857288161625576,80.03810312670981,336,12.860781734653202,80.04350859791009,0.9133737636404815,0.9133737636404815,best,True
Unknown,N/A,N/A,13.036672440722873,79.81897179569347,337,13.03657886167858,79.8195372863741,0.0808673423174682,0.0808673423174682,best,True
Unknown,N/A,N/A,13.036509643761525,79.81909347149187,337,13.03657886167858,79.8195372863741,0.06336894066228604,0.06336894066228604,best,True
Unknown,N/A,N/A,13.037480954328537,79.81347725270385,337,13.03657886167858,79.8195372863741,0.8643135725694382,0.8643135725694382,best,True
Unknown,N/A,N/A,13.037265697900096,79.81351738062395,337,13.03657886167858,79.8195372863741,0.8545908837936483,0.8545908837936483,best,True
Unknown,N/A,N/A,13.0402544,79.8171222,337,13.03657886167858,79.8195372863741,0.6288145097108818,0.6288145097108818,best,True
Unknown,N/A,N/A,13.111046153944203,80.29208144198603,338,13.109508700144488,80.29258622435842,0.23228558734700416,0.23228558734700416,best,True
Unknown,N/A,N/A,13.111063411420298,80.29215867024317,338,13.109508700144488,80.29258622435842,0.2315805420424364,0.2315805420424364,best,True
Unknown,N/A,N/A,13.107324724527254,80.29412574166412,338,13.109508700144488,80.29258622435842,0.3817838135205444,0.3817838135205444,best,True
Unknown,N/A,N/A,13.110457425305656,80.29208105645912,338,13.109508700144488,80.29258622435842,0.1539118102896779,0.1539118102896779,best,True
Unknown,N/A,N/A,13.106171929049752,80.29262085088892,338,13.109508700144488,80.29258622435842,0.47992200763362286,0.47992200763362286,best,True
Unknown,N/A,N/A,13.110619408920623,80.29203076706469,338,13.109508700144488,80.29258622435842,0.177901630575866,0.177901630575866,best,True
Unknown,N/A,N/A,13.106190040642764,80.29293984445725,338,13.109508700144488,80.29258622435842,0.47988849482849144,0.47988849482849144,best,True
Unknown,N/A,N/A,13.111342,80.2949533,338,13.109508700144488,80.29258622435842,0.42528002821781646,0.42528002821781646,best,True
Unknown,N/A,N/A,13.1101517,80.2908471,338,13.109508700144488,80.29258622435842,0.26202239701369373,0.26202239701369373,best,True
Unknown,N/A,N/A,13.110720207634314,80.2920234708208,338,13.109508700144488,80.29258622435842,0.19144935778793512,0.19144935778793512,best,True
Unknown,N/A,N/A,13.1138424,80.2944637,339,13.114071901846266,80.29264443735295,0.25856876556969693,0.25856876556969693,best,True
Unknown,N/A,N/A,13.114086142023684,80.29254235918927,339,13.114071901846266,80.29264443735295,0.014534514404755536,0.014534514404755536,best,True
Unknown,N/A,N/A,13.112607,80.2898355,339,13.114071901846266,80.29264443735295,0.44852574832919445,0.44852574832919445,best,True
Unknown,N/A,N/A,13.113925992311277,80.29266125554199,339,13.114071901846266,80.29264443735295,0.021118336598173956,0.021118336598173956,best,True
Unknown,N/A,N/A,13.1124758,80.29227379999999,339,13.114071901846266,80.29264443735295,0.23542356826844826,0.23542356826844826,best,True
Unknown,N/A,N/A,13.11402185935862,80.29256004322886,339,13.114071901846266,80.29264443735295,0.013904300748559277,0.013904300748559277,best,True
Unknown,N/A,N/A,13.1138424,80.2944637,339,13.114071901846266,80.29264443735295,0.25856876556969693,0.25856876556969693,best,True
Unknown,N/A,N/A,13.1137273,80.2879603,339,13.114071901846266,80.29264443735295,0.6621595526130013,0.6621595526130013,best,True
Unknown,N/A,N/A,13.1158257,80.29484529999999,339,13.114071901846266,80.29264443735295,0.3998413588459181,0.3998413588459181,best,True
Unknown,N/A,N/A,13.113968540775542,80.29251279718478,339,13.114071901846266,80.29264443735295,0.023776765990270458,0.023776765990270458,best,True
Unknown,N/A,N/A,13.1138424,80.2944637,339,13.114071901846266,80.29264443735295,0.25856876556969693,0.25856876556969693,best,True
Unknown,N/A,N/A,13.113995756895854,80.29254530354231,339,13.114071901846266,80.29264443735295,0.01775428867226438,0.01775428867226438,best,True
Unknown,N/A,N/A,13.111930956149337,80.29152238191838,339,13.114071901846266,80.29264443735295,0.3461626030707737,0.3461626030707737,best,True
Unknown,N/A,N/A,13.1158257,80.29484529999999,339,13.114071901846266,80.29264443735295,0.3998413588459181,0.3998413588459181,best,True
Unknown,N/A,N/A,13.1138424,80.2944637,339,13.114071901846266,80.29264443735295,0.25856876556969693,0.25856876556969693,best,True
Unknown,N/A,N/A,13.1138424,80.2944637,339,13.114071901846266,80.29264443735295,0.25856876556969693,0.25856876556969693,best,True
Unknown,N/A,N/A,13.1138067,80.29247459999999,339,13.114071901846266,80.29264443735295,0.0450328893709802,0.0450328893709802,best,True
Unknown,N/A,N/A,13.1143331,80.2926014,339,13.114071901846266,80.29264443735295,0.03805248518793478,0.03805248518793478,best,True
Unknown,N/A,N/A,13.11612790570376,80.28928992232431,339,13.114071901846266,80.29264443735295,0.5577107912139967,0.5577107912139967,best,True
Unknown,N/A,N/A,13.113642449713916,80.29249135335316,339,13.114071901846266,80.29264443735295,0.06542548039181399,0.06542548039181399,best,True
Unknown,N/A,N/A,13.1143331,80.2926014,339,13.114071901846266,80.29264443735295,0.03805248518793478,0.03805248518793478,best,True
Unknown,N/A,N/A,13.113842400000005,80.29320485077545,339,13.114071901846266,80.29264443735295,0.08561724892662592,0.08561724892662592,best,True
Unknown,N/A,N/A,13.113931653624274,80.29245973778762,339,13.114071901846266,80.29264443735295,0.03293541581833884,0.03293541581833884,best,True
Unknown,N/A,N/A,13.1166945,80.2903832,339,13.114071901846266,80.29264443735295,0.49383469651105666,0.49383469651105666,best,True
Unknown,N/A,N/A,13.11380148807641,80.29248075820803,339,13.114071901846266,80.29264443735295,0.04522046728912333,0.04522046728912333,best,True
Unknown,N/A,N/A,13.1138424,80.2944637,339,13.114071901846266,80.29264443735295,0.25856876556969693,0.25856876556969693,best,True
Unknown,N/A,N/A,13.11398290521653,80.29252604547544,339,13.114071901846266,80.29264443735295,0.02103229898286074,0.02103229898286074,best,True
Unknown,N/A,N/A,13.1171745,80.1627626,340,13.116547029682335,80.16464655143457,0.28048322343200255,0.28048322343200255,best,True
Unknown,N/A,N/A,13.11596996538506,80.16762592946603,340,13.116547029682335,80.16464655143457,0.4281075204781797,0.4281075204781797,best,True
Unknown,N/A,N/A,13.121598324401305,80.16366563724354,340,13.116547029682335,80.16464655143457,0.7395237307523287,0.7395237307523287,best,True
Unknown,N/A,N/A,13.11468547666113,80.16137628231496,340,13.116547029682335,80.16464655143457,0.5330978537590136,0.5330978537590136,best,True
Unknown,N/A,N/A,13.11542309596146,80.16271989971534,340,13.116547029682335,80.16464655143457,0.3160536635365779,0.3160536635365779,best,True
Unknown,N/A,N/A,13.1151096,80.1663268,340,13.116547029682335,80.16464655143457,0.31438635892896355,0.31438635892896355,best,True
Unknown,N/A,N/A,13.1147824,80.159362,340,13.116547029682335,80.16464655143457,0.7869798376314617,0.7869798376314617,best,True
Unknown,N/A,N/A,13.116964376843942,80.17118627953815,340,13.116547029682335,80.16464655143457,0.9238180104667153,0.9238180104667153,best,True
Unknown,N/A,N/A,13.121214388533076,80.16331482591104,340,13.116547029682335,80.16464655143457,0.6970190329453105,0.6970190329453105,best,True
Unknown,N/A,N/A,13.120725,80.1636985,340,13.116547029682335,80.16464655143457,0.6155615559879475,0.6155615559879475,best,True
Unknown,N/A,N/A,13.1154296,80.168127,340,13.116547029682335,80.16464655143457,0.5162702539491756,0.5162702539491756,best,True
Unknown,N/A,N/A,13.1973305629947,80.15688238842179,341,13.19752515843909,80.15280305314066,0.5755321273491256,0.5755321273491256,best,True
Unknown,N/A,N/A,13.193647835068704,80.15379029665836,341,13.19752515843909,80.15280305314066,0.5747357547106625,0.5747357547106625,best,True
Unknown,N/A,N/A,13.2030762,80.15402259999999,341,13.19752515843909,80.15280305314066,0.8166481945021645,0.8166481945021645,best,True
Unknown,N/A,N/A,13.197251529045426,80.15678174783864,341,13.19752515843909,80.15280305314066,0.5620487230204475,0.5620487230204475,best,True
Unknown,N/A,N/A,13.1933803,80.1538985,341,13.19752515843909,80.15280305314066,0.6157841825540604,0.6157841825540604,best,True
Unknown,N/A,N/A,13.15102,80.2995,342,13.15157482470269,80.29955180235476,0.08012895063252622,0.08012895063252622,best,True
Unknown,N/A,N/A,13.1540755,80.3032592,342,13.15157482470269,80.29955180235476,0.6343416922910803,0.6343416922910803,best,True
Unknown,N/A,N/A,13.1519522,80.29867639999999,342,13.15157482470269,80.29955180235476,0.13479252896341737,0.13479252896341737,best,True
Unknown,N/A,N/A,13.15264727378149,80.30054704596304,342,13.15157482470269,80.29955180235476,0.20848724326110543,0.20848724326110543,best,True
Unknown,N/A,N/A,13.153895586743667,80.30058728186405,342,13.15157482470269,80.29955180235476,0.3642876195728872,0.3642876195728872,best,True
Unknown,N/A,N/A,13.152493478729324,80.30002706949836,342,13.15157482470269,80.29955180235476,0.1481328916114757,0.1481328916114757,best,True
Unknown,N/A,N/A,13.1519522,80.29867639999999,342,13.15157482470269,80.29955180235476,0.13479252896341737,0.13479252896341737,best,True
Unknown,N/A,N/A,13.150167507590073,80.2994014761426,342,13.15157482470269,80.29955180235476,0.203508139025008,0.203508139025008,best,True
Unknown,N/A,N/A,13.15102,80.2995,342,13.15157482470269,80.29955180235476,0.08012895063252622,0.08012895063252622,best,True
Unknown,N/A,N/A,13.149958298141158,80.29923593543386,342,13.15157482470269,80.29955180235476,0.23671513282961545,0.23671513282961545,best,True
Unknown,N/A,N/A,13.15491750369452,80.3008624637897,342,13.15157482470269,80.29955180235476,0.5150183344937913,0.5150183344937913,best,True
Unknown,N/A,N/A,13.15102,80.2995,342,13.15157482470269,80.29955180235476,0.08012895063252622,0.08012895063252622,best,True
Unknown,N/A,N/A,13.1501255,80.29936359999999,342,13.15157482470269,80.29955180235476,0.2101248218513308,0.2101248218513308,best,True
Unknown,N/A,N/A,13.15010567928486,80.29931792184904,342,13.15157482470269,80.29955180235476,0.21385033816720048,0.21385033816720048,best,True
Unknown,N/A,N/A,13.150127044587425,80.29936945684655,342,13.15157482470269,80.29955180235476,0.20980173536847008,0.20980173536847008,best,True
Unknown,N/A,N/A,13.150134410133244,80.29919190661914,342,13.15157482470269,80.29955180235476,0.21328216276983694,0.21328216276983694,best,True
Unknown,N/A,N/A,13.1541424,80.2960286,342,13.15157482470269,80.29955180235476,0.618826024787037,0.618826024787037,best,True
Unknown,N/A,N/A,13.15014492708722,80.29917244580791,342,13.15157482470269,80.29955180235476,0.21248686771159794,0.21248686771159794,best,True
Unknown,N/A,N/A,13.15002215957813,80.29926704092597,342,13.15157482470269,80.29955180235476,0.2268845091048713,0.2268845091048713,best,True
Unknown,N/A,N/A,13.1453549,80.30017,343,13.14589330730882,80.29725208398335,0.41849916078251687,0.41849916078251687,best,True
Unknown,N/A,N/A,13.148742018088711,80.29360723066031,343,13.14589330730882,80.29725208398335,0.6570968692114544,0.6570968692114544,best,True
Unknown,N/A,N/A,13.144027570072206,80.29681567345199,343,13.14589330730882,80.29725208398335,0.2752926262426127,0.2752926262426127,best,True
Unknown,N/A,N/A,13.146158252986837,80.29772601325921,343,13.14589330730882,80.29725208398335,0.07690311372221734,0.07690311372221734,best,True
Unknown,N/A,N/A,13.146157913658037,80.29770502956323,343,13.14589330730882,80.29725208398335,0.07432355244271648,0.07432355244271648,best,True
Unknown,N/A,N/A,13.14623468502478,80.29775184718305,343,13.14589330730882,80.29725208398335,0.08586256806708954,0.08586256806708954,best,True
Unknown,N/A,N/A,13.144577811331157,80.29698879376568,343,13.14589330730882,80.29725208398335,0.19280143246183862,0.19280143246183862,best,True
Unknown,N/A,N/A,12.9675201,79.95284509999999,344,12.968123179208966,79.95266685229981,0.09030479449248446,0.09030479449248446,best,True
Unknown,N/A,N/A,12.97280112684317,79.95512293762194,344,12.968123179208966,79.95266685229981,0.7567303199859364,0.7567303199859364,best,True
Unknown,N/A,N/A,12.9675201,79.95284509999999,344,12.968123179208966,79.95266685229981,0.09030479449248446,0.09030479449248446,best,True
Unknown,N/A,N/A,12.9675201,79.95284509999999,344,12.968123179208966,79.95266685229981,0.09030479449248446,0.09030479449248446,best,True
Unknown,N/A,N/A,12.9675201,79.95284509999999,344,12.968123179208966,79.95266685229981,0.09030479449248446,0.09030479449248446,best,True
Unknown,N/A,N/A,12.9675201,79.95284509999999,344,12.968123179208966,79.95266685229981,0.09030479449248446,0.09030479449248446,best,True
Unknown,N/A,N/A,12.9675201,79.95284509999999,344,12.968123179208966,79.95266685229981,0.09030479449248446,0.09030479449248446,best,True
Unknown,N/A,N/A,12.968361744040363,79.95077443464048,344,12.968123179208966,79.95266685229981,0.26911799152817567,0.26911799152817567,best,True
Unknown,N/A,N/A,12.9675201,79.95284509999999,344,12.968123179208966,79.95266685229981,0.09030479449248446,0.09030479449248446,best,True
Unknown,N/A,N/A,12.9675201,79.95284509999999,344,12.968123179208966,79.95266685229981,0.09030479449248446,0.09030479449248446,best,True
Unknown,N/A,N/A,12.9675201,79.95284509999999,344,12.968123179208966,79.95266685229981,0.09030479449248446,0.09030479449248446,best,True
Unknown,N/A,N/A,12.967091496459936,79.95044906453467,344,12.968123179208966,79.95266685229981,0.3462209586241879,0.3462209586241879,best,True
Unknown,N/A,N/A,12.9675201,79.95284509999999,344,12.968123179208966,79.95266685229981,0.09030479449248446,0.09030479449248446,best,True
Unknown,N/A,N/A,12.9675201,79.95284509999999,344,12.968123179208966,79.95266685229981,0.09030479449248446,0.09030479449248446,best,True
Unknown,N/A,N/A,12.9714753,79.952182,344,12.968123179208966,79.95266685229981,0.4869259427049906,0.4869259427049906,best,True
Unknown,N/A,N/A,12.9675201,79.95284509999999,344,12.968123179208966,79.95266685229981,0.09030479449248446,0.09030479449248446,best,True
Unknown,N/A,N/A,13.0588438,80.1967318,345,13.058680240218576,80.19502678460194,0.24155006035277463,0.24155006035277463,best,True
Unknown,N/A,N/A,13.05976425546524,80.19541555673781,345,13.058680240218576,80.19502678460194,0.1652592289248059,0.1652592289248059,best,True
Unknown,N/A,N/A,13.056846434431096,80.19710785148702,345,13.058680240218576,80.19502678460194,0.3945330488699002,0.3945330488699002,best,True
Unknown,N/A,N/A,13.0599811,80.1963964,345,13.058680240218576,80.19502678460194,0.268876523737865,0.268876523737865,best,True
Unknown,N/A,N/A,13.05993,80.1964694,345,13.058680240218576,80.19502678460194,0.27144042559030146,0.27144042559030146,best,True
Unknown,N/A,N/A,13.058190749723806,80.19318586128605,345,13.058680240218576,80.19502678460194,0.2689421782588458,0.2689421782588458,best,True
Unknown,N/A,N/A,13.057139135879288,80.19397703180991,345,13.058680240218576,80.19502678460194,0.26651993484536396,0.26651993484536396,best,True
Unknown,N/A,N/A,13.0592988,80.1958306,345,13.058680240218576,80.19502678460194,0.14408001644302407,0.14408001644302407,best,True
Unknown,N/A,N/A,13.055934674868672,80.19342629135319,345,13.058680240218576,80.19502678460194,0.4548030483739491,0.4548030483739491,best,True
Unknown,N/A,N/A,13.058092297774309,80.19443196029032,345,13.058680240218576,80.19502678460194,0.1190965705650748,0.1190965705650748,best,True
Unknown,N/A,N/A,13.059246225654652,80.19494597238548,345,13.058680240218576,80.19502678460194,0.08219379343106659,0.08219379343106659,best,True
Unknown,N/A,N/A,13.060144532464584,80.19554490025243,345,13.058680240218576,80.19502678460194,0.22290558126460217,0.22290558126460217,best,True
Unknown,N/A,N/A,13.060123955786482,80.19553701501657,345,13.058680240218576,80.19502678460194,0.21974532618147163,0.21974532618147163,best,True
Unknown,N/A,N/A,13.059683576668476,80.19521874412877,345,13.058680240218576,80.19502678460194,0.1468164816303001,0.1468164816303001,best,True
Unknown,N/A,N/A,13.059677333238849,80.19529204030185,345,13.058680240218576,80.19502678460194,0.1481990739462196,0.1481990739462196,best,True
Unknown,N/A,N/A,13.059668340069358,80.1953228990877,345,13.058680240218576,80.19502678460194,0.14811506335339308,0.14811506335339308,best,True
Unknown,N/A,N/A,13.056945163500176,80.19272658825896,345,13.058680240218576,80.19502678460194,0.40921202687448144,0.40921202687448144,best,True
Unknown,N/A,N/A,13.057089124250322,80.19403204453941,345,13.058680240218576,80.19502678460194,0.26839713348733424,0.26839713348733424,best,True
Unknown,N/A,N/A,13.059726339520116,80.19530416915178,345,13.058680240218576,80.19502678460194,0.15545066453135933,0.15545066453135933,best,True
Unknown,N/A,N/A,13.0583197,80.1962241,345,13.058680240218576,80.19502678460194,0.1766019271318463,0.1766019271318463,best,True
Unknown,N/A,N/A,13.059277220566075,80.19509412638635,345,13.058680240218576,80.19502678460194,0.08638131045617237,0.08638131045617237,best,True
Unknown,N/A,N/A,13.058128,80.1944426,345,13.058680240218576,80.19502678460194,0.11442295617001333,0.11442295617001333,best,True
Unknown,N/A,N/A,13.059733,80.195531,345,13.058680240218576,80.19502678460194,0.1672681045649822,0.1672681045649822,best,True
Unknown,N/A,N/A,13.05823442795884,80.19356691703894,345,13.058680240218576,80.19502678460194,0.21559192766520285,0.21559192766520285,best,True
Unknown,N/A,N/A,13.058123076070048,80.19450574726001,345,13.058680240218576,80.19502678460194,0.10871122499049161,0.10871122499049161,best,True
Unknown,N/A,N/A,13.057544981792596,80.19443478287761,345,13.058680240218576,80.19502678460194,0.18337251548635475,0.18337251548635475,best,True
Unknown,N/A,N/A,13.0620719,80.1923735,346,13.062389765670655,80.19135423780665,0.1508068779413301,0.1508068779413301,best,True
Unknown,N/A,N/A,13.06218815380477,80.18715624493846,346,13.062389765670655,80.19135423780665,0.5926055041378847,0.5926055041378847,best,True
Unknown,N/A,N/A,13.060807297217696,80.1908124543533,346,13.062389765670655,80.19135423780665,0.24006870324557947,0.24006870324557947,best,True
Unknown,N/A,N/A,13.06378403392717,80.19232257965092,346,13.062389765670655,80.19135423780665,0.24259141891142014,0.24259141891142014,best,True
Unknown,N/A,N/A,13.0620719,80.1923735,346,13.062389765670655,80.19135423780665,0.1508068779413301,0.1508068779413301,best,True
Unknown,N/A,N/A,13.06392807175695,80.18870689912377,346,13.062389765670655,80.19135423780665,0.43390096090152447,0.43390096090152447,best,True
Unknown,N/A,N/A,13.0620719,80.1923735,346,13.062389765670655,80.19135423780665,0.1508068779413301,0.1508068779413301,best,True
Unknown,N/A,N/A,13.0620719,80.1923735,346,13.062389765670655,80.19135423780665,0.1508068779413301,0.1508068779413301,best,True
Unknown,N/A,N/A,13.0628306,80.19267669999999,346,13.062389765670655,80.19135423780665,0.19694438985642493,0.19694438985642493,best,True
Unknown,N/A,N/A,13.0620719,80.1923735,346,13.062389765670655,80.19135423780665,0.1508068779413301,0.1508068779413301,best,True
Unknown,N/A,N/A,13.0606546,80.1981552,347,13.062261760034534,80.19767753509166,0.24075417251317557,0.24075417251317557,best,True
Unknown,N/A,N/A,13.061860059757343,80.19785807619498,347,13.062261760034534,80.19767753509166,0.0631320683036288,0.0631320683036288,best,True
Unknown,N/A,N/A,13.062020729344278,80.19850140960692,347,13.062261760034534,80.19767753509166,0.12122427949223048,0.12122427949223048,best,True
Unknown,N/A,N/A,13.0619853,80.1990136,347,13.062261760034534,80.19767753509166,0.19252886173011272,0.19252886173011272,best,True
Unknown,N/A,N/A,13.062923951650545,80.19707223068336,347,13.062261760034534,80.19767753509166,0.12788173613647374,0.12788173613647374,best,True
Unknown,N/A,N/A,13.062957577433904,80.19710170047313,347,13.062261760034534,80.19767753509166,0.12886544326892332,0.12886544326892332,best,True
Unknown,N/A,N/A,13.065302062090192,80.19668296377478,347,13.062261760034534,80.19767753509166,0.4591927705040564,0.4591927705040564,best,True
Unknown,N/A,N/A,13.0603898,80.1970351,347,13.062261760034534,80.19767753509166,0.28405525498671025,0.28405525498671025,best,True
Unknown,N/A,N/A,13.0605182,80.1329398,348,13.060677910651656,80.13560361664973,0.3762889087303784,0.3762889087303784,best,True
Unknown,N/A,N/A,13.06143378796346,80.1384653379786,348,13.060677910651656,80.13560361664973,0.4178783455427181,0.4178783455427181,best,True
Unknown,N/A,N/A,13.060802672500865,80.13673851994325,348,13.060677910651656,80.13560361664973,0.1610194879438706,0.1610194879438706,best,True
Unknown,N/A,N/A,13.0608821434212,80.13677062437044,348,13.060677910651656,80.13560361664973,0.16714429937705838,0.16714429937705838,best,True
Unknown,N/A,N/A,13.061027182306828,80.13732199591107,348,13.060677910651656,80.13560361664973,0.24743666671323652,0.24743666671323652,best,True
Unknown,N/A,N/A,13.06105389851356,80.13755567913432,348,13.060677910651656,80.13560361664973,0.2804941942640615,0.2804941942640615,best,True
Unknown,N/A,N/A,13.0610927,80.1301731,348,13.060677910651656,80.13560361664973,0.7680000180506843,0.7680000180506843,best,True
Unknown,N/A,N/A,13.060691435706769,80.13648264846483,348,13.060677910651656,80.13560361664973,0.12395509085967057,0.12395509085967057,best,True
Unknown,N/A,N/A,13.060462988945524,80.13164516664152,348,13.060677910651656,80.13560361664973,0.5589805096629948,0.5589805096629948,best,True
Unknown,N/A,N/A,13.063102971719966,80.13280131060101,348,13.060677910651656,80.13560361664973,0.5270254240591674,0.5270254240591674,best,True
Unknown,N/A,N/A,13.0587069,80.13640339999999,348,13.060677910651656,80.13560361664973,0.3050775228367297,0.3050775228367297,best,True
Unknown,N/A,N/A,13.0620216,80.13692689999999,348,13.060677910651656,80.13560361664973,0.2686195262351838,0.2686195262351838,best,True
Unknown,N/A,N/A,13.0619388,80.13704609999999,348,13.060677910651656,80.13560361664973,0.2724878775957305,0.2724878775957305,best,True
Unknown,N/A,N/A,13.0619388,80.13704609999999,348,13.060677910651656,80.13560361664973,0.2724878775957305,0.2724878775957305,best,True
Unknown,N/A,N/A,13.0605182,80.1329398,348,13.060677910651656,80.13560361664973,0.3762889087303784,0.3762889087303784,best,True
Unknown,N/A,N/A,13.0620167,80.1370062,348,13.060677910651656,80.13560361664973,0.2760105036500519,0.2760105036500519,best,True
Unknown,N/A,N/A,13.066791737476215,80.1359783484232,349,13.0669452608909,80.13845517553851,0.3499109501819691,0.3499109501819691,best,True
Unknown,N/A,N/A,13.065778632201118,80.13771568010723,349,13.0669452608909,80.13845517553851,0.19754151654289204,0.19754151654289204,best,True
Unknown,N/A,N/A,13.067914670115172,80.14046858014125,349,13.0669452608909,80.13845517553851,0.31626347760391493,0.31626347760391493,best,True
Unknown,N/A,N/A,13.065850095444404,80.13772212902698,349,13.0669452608909,80.13845517553851,0.18838938944602787,0.18838938944602787,best,True
Unknown,N/A,N/A,13.065685153814693,80.13769041753707,349,13.0669452608909,80.13845517553851,0.21087972363638846,0.21087972363638846,best,True
Unknown,N/A,N/A,13.065553980106817,80.13779659039754,349,13.0669452608909,80.13845517553851,0.2205900987587727,0.2205900987587727,best,True
Unknown,N/A,N/A,13.0701717,80.1381572,349,13.0669452608909,80.13845517553851,0.4659256874916805,0.4659256874916805,best,True
Unknown,N/A,N/A,13.065793291963097,80.13776022042538,349,13.0669452608909,80.13845517553851,0.19248248608419494,0.19248248608419494,best,True
Unknown,N/A,N/A,13.0679495,80.1407649,349,13.0669452608909,80.13845517553851,0.3562438813114148,0.3562438813114148,best,True
Unknown,N/A,N/A,13.067963847787482,80.14049768932644,349,13.0669452608909,80.13845517553851,0.323097115499762,0.323097115499762,best,True
Unknown,N/A,N/A,13.164027223736404,80.20259642234242,350,13.162450375821873,80.20192366762049,0.2458075822292177,0.2458075822292177,best,True
Unknown,N/A,N/A,13.1615575,80.2004457,350,13.162450375821873,80.20192366762049,0.24470402501062952,0.24470402501062952,best,True
Unknown,N/A,N/A,13.158322930867351,80.20489791237074,350,13.162450375821873,80.20192366762049,0.7267026349722303,0.7267026349722303,best,True
Unknown,N/A,N/A,13.163459307512513,80.2017274370589,350,13.162450375821873,80.20192366762049,0.14771805500152024,0.14771805500152024,best,True
Unknown,N/A,N/A,13.164293309858948,80.2025851167817,350,13.162450375821873,80.20192366762049,0.2809694583743739,0.2809694583743739,best,True
Unknown,N/A,N/A,13.15810390663836,80.2032441139754,350,13.162450375821873,80.20192366762049,0.6522295267842141,0.6522295267842141,best,True
Unknown,N/A,N/A,13.1615575,80.2004457,350,13.162450375821873,80.20192366762049,0.24470402501062952,0.24470402501062952,best,True
Unknown,N/A,N/A,13.159645710139914,80.20305953887848,350,13.162450375821873,80.20192366762049,0.4339774238365199,0.4339774238365199,best,True
Unknown,N/A,N/A,13.1615575,80.2004457,350,13.162450375821873,80.20192366762049,0.24470402501062952,0.24470402501062952,best,True
Unknown,N/A,N/A,13.1615575,80.2004457,350,13.162450375821873,80.20192366762049,0.24470402501062952,0.24470402501062952,best,True
Unknown,N/A,N/A,13.1615575,80.2004457,350,13.162450375821873,80.20192366762049,0.24470402501062952,0.24470402501062952,best,True
Unknown,N/A,N/A,13.16488672345836,80.20427760457333,350,13.162450375821873,80.20192366762049,0.4825374415846826,0.4825374415846826,best,True
Unknown,N/A,N/A,13.164264164764395,80.20261138157964,350,13.162450375821873,80.20192366762049,0.2782862402700062,0.2782862402700062,best,True
Unknown,N/A,N/A,13.131472882261154,80.16269663124893,351,13.133702154326205,80.16193363688976,0.3381736116063848,0.3381736116063848,best,True
Unknown,N/A,N/A,13.131523006489122,80.16271819812722,351,13.133702154326205,80.16193363688976,0.33234603117951617,0.33234603117951617,best,True
Unknown,N/A,N/A,13.134671416534989,80.15990521402506,351,13.133702154326205,80.16193363688976,0.3180872447355006,0.3180872447355006,best,True
Unknown,N/A,N/A,13.1348413,80.162981,351,13.133702154326205,80.16193363688976,0.22053556959657447,0.22053556959657447,best,True
Unknown,N/A,N/A,13.1332869,80.1593171,351,13.133702154326205,80.16193363688976,0.37361662236806814,0.37361662236806814,best,True
Unknown,N/A,N/A,13.137167930556071,80.16279815900354,351,13.133702154326205,80.16193363688976,0.5131310392512465,0.5131310392512465,best,True
Unknown,N/A,N/A,13.131637206136173,80.16345170160662,351,13.133702154326205,80.16193363688976,0.36604076736472774,0.36604076736472774,best,True
Unknown,N/A,N/A,13.135016592632129,80.16160109110666,351,13.133702154326205,80.16193363688976,0.1947685027016201,0.1947685027016201,best,True
Unknown,N/A,N/A,13.1309783,80.15486609999999,352,13.134302530310467,80.15441322787854,0.48233720378236183,0.48233720378236183,best,True
Unknown,N/A,N/A,13.1379051,80.1513155,352,13.134302530310467,80.15441322787854,0.677571650126828,0.677571650126828,best,True
Unknown,N/A,N/A,13.133480050611029,80.15620806715611,352,13.134302530310467,80.15441322787854,0.27927856725248446,0.27927856725248446,best,True
Unknown,N/A,N/A,13.1339586,80.1558358,352,13.134302530310467,80.15441322787854,0.2065282684482994,0.2065282684482994,best,True
Unknown,N/A,N/A,13.1377971,80.1513534,352,13.134302530310467,80.15441322787854,0.6622781594428325,0.6622781594428325,best,True
Unknown,N/A,N/A,13.130896122781463,80.15402821249067,352,13.134302530310467,80.15441322787854,0.4929099797842361,0.4929099797842361,best,True
Unknown,N/A,N/A,13.130688369564163,80.15389162308864,352,13.134302530310467,80.15441322787854,0.5249666035524468,0.5249666035524468,best,True
Unknown,N/A,N/A,13.138716599527074,80.15780712029286,352,13.134302530310467,80.15441322787854,0.794898229085043,0.794898229085043,best,True
Unknown,N/A,N/A,13.127841,80.15727799999999,353,13.130126969038985,80.15903980082379,0.41202169722659143,0.41202169722659143,best,True
Unknown,N/A,N/A,13.1299346,80.1603018,353,13.130126969038985,80.15903980082379,0.1800255043841801,0.1800255043841801,best,True
Unknown,N/A,N/A,13.130246633867731,80.15640803220344,353,13.130126969038985,80.15903980082379,0.3713634020940901,0.3713634020940901,best,True
Unknown,N/A,N/A,13.131056054168065,80.16030895244823,353,13.130126969038985,80.15903980082379,0.22328935853894516,0.22328935853894516,best,True
Unknown,N/A,N/A,13.1289162,80.1598796,353,13.130126969038985,80.15903980082379,0.21055972737206244,0.21055972737206244,best,True
Unknown,N/A,N/A,13.130505019104648,80.15898878783948,353,13.130126969038985,80.15903980082379,0.0548449829213007,0.0548449829213007,best,True
Unknown,N/A,N/A,13.1299346,80.1603018,353,13.130126969038985,80.15903980082379,0.1800255043841801,0.1800255043841801,best,True
Unknown,N/A,N/A,13.130450952771549,80.15887257003689,353,13.130126969038985,80.15903980082379,0.052218848177327054,0.052218848177327054,best,True
Unknown,N/A,N/A,13.131000330060264,80.16004430793457,353,13.130126969038985,80.15903980082379,0.189276056467618,0.189276056467618,best,True
Unknown,N/A,N/A,13.130780273395596,80.15942373593121,353,13.130126969038985,80.15903980082379,0.10842989419811169,0.10842989419811169,best,True
Unknown,N/A,N/A,13.13050552012581,80.15891307205595,353,13.130126969038985,80.15903980082379,0.057299237906401124,0.057299237906401124,best,True
Unknown,N/A,N/A,13.129359080780452,80.15873644851384,353,13.130126969038985,80.15903980082379,0.11842736133721124,0.11842736133721124,best,True
Unknown,N/A,N/A,13.1306438,80.1587069,353,13.130126969038985,80.15903980082379,0.08790351445168824,0.08790351445168824,best,True
Unknown,N/A,N/A,13.13042879454524,80.15878276609996,353,13.130126969038985,80.15903980082379,0.056541933015318076,0.056541933015318076,best,True
Unknown,N/A,N/A,13.130434599093029,80.15878959206484,353,13.130126969038985,80.15903980082379,0.05658065175876365,0.05658065175876365,best,True
Unknown,N/A,N/A,13.130420448100988,80.15879171632461,353,13.130126969038985,80.15903980082379,0.05481232313731943,0.05481232313731943,best,True
Unknown,N/A,N/A,13.130468004613244,80.15889882795373,353,13.130126969038985,80.15903980082379,0.052920444377973434,0.052920444377973434,best,True
Unknown,N/A,N/A,13.125992478693467,80.16062192306214,353,13.130126969038985,80.15903980082379,0.635071136466349,0.635071136466349,best,True
Unknown,N/A,N/A,13.130685764043475,80.15945778079595,353,13.130126969038985,80.15903980082379,0.09964924056172433,0.09964924056172433,best,True
Unknown,N/A,N/A,13.1299346,80.1603018,353,13.130126969038985,80.15903980082379,0.1800255043841801,0.1800255043841801,best,True
Unknown,N/A,N/A,13.130418434142962,80.15868539987927,353,13.130126969038985,80.15903980082379,0.06521267641875986,0.06521267641875986,best,True
Unknown,N/A,N/A,13.130473450695815,80.15896611197837,353,13.130126969038985,80.15903980082379,0.05090238462501244,0.05090238462501244,best,True
Unknown,N/A,N/A,13.12816467388472,80.1578780935013,353,13.130126969038985,80.15903980082379,0.3262852431234944,0.3262852431234944,best,True
Unknown,N/A,N/A,13.12839592338356,80.15560588911492,353,13.130126969038985,80.15903980082379,0.5443066838663931,0.5443066838663931,best,True
Unknown,N/A,N/A,13.1299346,80.1603018,353,13.130126969038985,80.15903980082379,0.1800255043841801,0.1800255043841801,best,True
Unknown,N/A,N/A,13.130469482168534,80.15887706700997,353,13.130126969038985,80.15903980082379,0.054339444891217246,0.054339444891217246,best,True
Unknown,N/A,N/A,13.130723446966956,80.15876727012994,353,13.130126969038985,80.15903980082379,0.09399445862231791,0.09399445862231791,best,True
Unknown,N/A,N/A,13.130636738849894,80.15940394965308,353,13.130126969038985,80.15903980082379,0.08949778521503209,0.08949778521503209,best,True
Unknown,N/A,N/A,13.130512758468225,80.15917232709722,353,13.130126969038985,80.15903980082379,0.058544889774971395,0.058544889774971395,best,True
Unknown,N/A,N/A,13.130544146178408,80.1589886702095,353,13.130126969038985,80.15903980082379,0.06043018611836311,0.06043018611836311,best,True
Unknown,N/A,N/A,13.1321763,80.1594465,353,13.130126969038985,80.15903980082379,0.3002602915903083,0.3002602915903083,best,True
Unknown,N/A,N/A,13.1305806781281,80.15915818298218,353,13.130126969038985,80.15903980082379,0.06735273556207294,0.06735273556207294,best,True
Unknown,N/A,N/A,13.130521302995984,80.15901165721827,353,13.130126969038985,80.15903980082379,0.05685210901861,0.05685210901861,best,True
Unknown,N/A,N/A,13.130453269413586,80.15926630619302,353,13.130126969038985,80.15903980082379,0.056759796914996094,0.056759796914996094,best,True
Unknown,N/A,N/A,13.130392753601967,80.15892608354028,353,13.130126969038985,80.15903980082379,0.041450175146553296,0.041450175146553296,best,True
Unknown,N/A,N/A,13.130634173161177,80.1591691078843,353,13.130126969038985,80.15903980082379,0.07518924826030296,0.07518924826030296,best,True
Unknown,N/A,N/A,12.988436,80.2603366,354,12.98884047158966,80.25647470647912,0.5477658500194514,0.5477658500194514,best,True
Unknown,N/A,N/A,12.991468799532743,80.25614870661366,354,12.98884047158966,80.25647470647912,0.38079078966895286,0.38079078966895286,best,True
Unknown,N/A,N/A,12.986369787398994,80.26080392192833,354,12.98884047158966,80.25647470647912,0.7064485568037647,0.7064485568037647,best,True
Unknown,N/A,N/A,12.987339093589013,80.2564648240683,354,12.98884047158966,80.25647470647912,0.21593193217839682,0.21593193217839682,best,True
Unknown,N/A,N/A,12.9903533,80.2604673,354,12.98884047158966,80.25647470647912,0.6036718949003438,0.6036718949003438,best,True
Unknown,N/A,N/A,12.985080392196531,80.25616889922271,354,12.98884047158966,80.25647470647912,0.5424899337563737,0.5424899337563737,best,True
Unknown,N/A,N/A,12.9954229,80.2556779,354,12.98884047158966,80.25647470647912,0.9533284848254135,0.9533284848254135,best,True
Unknown,N/A,N/A,12.8242347,79.70975039999999,356,12.824130793466585,79.70985917231681,0.021423386038989065,0.021423386038989065,best,True
Unknown,N/A,N/A,12.8242347,79.70975039999999,356,12.824130793466585,79.70985917231681,0.021423386038989065,0.021423386038989065,best,True
Unknown,N/A,N/A,12.8234959,79.7099242,356,12.824130793466585,79.70985917231681,0.09176895362410965,0.09176895362410965,best,True
Unknown,N/A,N/A,12.8242347,79.70975039999999,356,12.824130793466585,79.70985917231681,0.021423386038989065,0.021423386038989065,best,True
Unknown,N/A,N/A,12.823927258324852,79.71013676679266,356,12.824130793466585,79.70985917231681,0.04890453220754098,0.04890453220754098,best,True
Unknown,N/A,N/A,12.8242347,79.70975039999999,356,12.824130793466585,79.70985917231681,0.021423386038989065,0.021423386038989065,best,True
Unknown,N/A,N/A,12.824021578959078,79.71024989978888,356,12.824130793466585,79.70985917231681,0.05733629758241496,0.05733629758241496,best,True
Unknown,N/A,N/A,12.8242347,79.70975039999999,356,12.824130793466585,79.70985917231681,0.021423386038989065,0.021423386038989065,best,True
Unknown,N/A,N/A,12.8242347,79.70975039999999,356,12.824130793466585,79.70985917231681,0.021423386038989065,0.021423386038989065,best,True
Unknown,N/A,N/A,12.8242347,79.70975039999999,356,12.824130793466585,79.70985917231681,0.021423386038989065,0.021423386038989065,best,True
Unknown,N/A,N/A,12.8242347,79.70975039999999,356,12.824130793466585,79.70985917231681,0.021423386038989065,0.021423386038989065,best,True
Unknown,N/A,N/A,12.8242347,79.70975039999999,356,12.824130793466585,79.70985917231681,0.021423386038989065,0.021423386038989065,best,True
Unknown,N/A,N/A,12.8242347,79.70975039999999,356,12.824130793466585,79.70985917231681,0.021423386038989065,0.021423386038989065,best,True
Unknown,N/A,N/A,12.824039371248256,79.71021354585393,356,12.824130793466585,79.70985917231681,0.051711764906882486,0.051711764906882486,best,True
Unknown,N/A,N/A,12.821417056807617,79.70562263557224,357,12.82162907521572,79.70688354304217,0.18054571663989863,0.18054571663989863,best,True
Unknown,N/A,N/A,12.82096658883565,79.70809576892903,357,12.82162907521572,79.70688354304217,0.19582334104705756,0.19582334104705756,best,True
Unknown,N/A,N/A,12.82286444565069,79.70661565711072,357,12.82162907521572,79.70688354304217,0.18164609646950744,0.18164609646950744,best,True
Unknown,N/A,N/A,12.8207457,79.7075451,357,12.82162907521572,79.70688354304217,0.15766294208437998,0.15766294208437998,best,True
Unknown,N/A,N/A,12.81747187489775,79.70979429886916,357,12.82162907521572,79.70688354304217,0.7254066732935528,0.7254066732935528,best,True
Unknown,N/A,N/A,12.823246679034304,79.70611274117414,357,12.82162907521572,79.70688354304217,0.2568173377313454,0.2568173377313454,best,True
Unknown,N/A,N/A,12.824691181284026,79.70439859963983,357,12.82162907521572,79.70688354304217,0.5629639405321532,0.5629639405321532,best,True
Unknown,N/A,N/A,12.9536285,80.19912599999999,358,12.948715592038502,80.19774917268822,0.7327751758344724,0.7327751758344724,best,True
Unknown,N/A,N/A,12.9446933,80.19386779999999,358,12.948715592038502,80.19774917268822,0.7964959882615261,0.7964959882615261,best,True
Unknown,N/A,N/A,12.9505744,80.19638890000002,358,12.948715592038502,80.19774917268822,0.32906478165513625,0.32906478165513625,best,True
Unknown,N/A,N/A,12.948758109280623,80.19937366089393,358,12.948715592038502,80.19774917268822,0.2292303711487668,0.2292303711487668,best,True
Unknown,N/A,N/A,12.948666441384807,80.19929213866703,358,12.948715592038502,80.19774917268822,0.2177641495006789,0.2177641495006789,best,True
Unknown,N/A,N/A,12.948654344850551,80.19922244313561,358,12.948715592038502,80.19774917268822,0.2080047995300582,0.2080047995300582,best,True
Unknown,N/A,N/A,12.9474776,80.1961988,358,12.948715592038502,80.19774917268822,0.2820071792922459,0.2820071792922459,best,True
Unknown,N/A,N/A,12.947272040792026,80.19852363880916,358,12.948715592038502,80.19774917268822,0.2345988728826349,0.2345988728826349,best,True
Unknown,N/A,N/A,13.1915505,80.1860726,359,13.192134182875856,80.18755093176661,0.22460538212880427,0.22460538212880427,best,True
Unknown,N/A,N/A,13.1915505,80.1860726,359,13.192134182875856,80.18755093176661,0.22460538212880427,0.22460538212880427,best,True
Unknown,N/A,N/A,13.189894,80.18730099999999,359,13.192134182875856,80.18755093176661,0.3241064495383415,0.3241064495383415,best,True
Unknown,N/A,N/A,13.1929122,80.1839626,359,13.192134182875856,80.18755093176661,0.5179024813992705,0.5179024813992705,best,True
Unknown,N/A,N/A,13.191875676307616,80.18721029402558,359,13.192134182875856,80.18755093176661,0.06071702306327879,0.06071702306327879,best,True
Unknown,N/A,N/A,13.1943272,80.1884186,359,13.192134182875856,80.18755093176661,0.3382748949324894,0.3382748949324894,best,True
Unknown,N/A,N/A,13.196892541491234,80.18749656850585,359,13.192134182875856,80.18755093176661,0.6843985636655809,0.6843985636655809,best,True
Unknown,N/A,N/A,13.1885327,80.1838361,359,13.192134182875856,80.18755093176661,0.7364428981796004,0.7364428981796004,best,True
Unknown,N/A,N/A,13.1936557,80.1927808,359,13.192134182875856,80.18755093176661,0.7687962854678148,0.7687962854678148,best,True
Unknown,N/A,N/A,13.189996019949296,80.1870225881285,359,13.192134182875856,80.18755093176661,0.3163994650356185,0.3163994650356185,best,True
Unknown,N/A,N/A,13.1899945,80.1869593,359,13.192134182875856,80.18755093176661,0.3188271246808433,0.3188271246808433,best,True
Unknown,N/A,N/A,13.1890625,80.1846251,359,13.192134182875856,80.18755093176661,0.604290786898229,0.604290786898229,best,True
Unknown,N/A,N/A,13.1915505,80.1860726,359,13.192134182875856,80.18755093176661,0.22460538212880427,0.22460538212880427,best,True
Unknown,N/A,N/A,13.1952804,80.1857599,359,13.192134182875856,80.18755093176661,0.5181246581243086,0.5181246581243086,best,True
Unknown,N/A,N/A,13.1929122,80.1839626,359,13.192134182875856,80.18755093176661,0.5179024813992705,0.5179024813992705,best,True
Unknown,N/A,N/A,13.1915505,80.1860726,359,13.192134182875856,80.18755093176661,0.22460538212880427,0.22460538212880427,best,True
Unknown,N/A,N/A,13.191715154017247,80.18926772113898,359,13.192134182875856,80.18755093176661,0.24932485410274693,0.24932485410274693,best,True
Unknown,N/A,N/A,13.124904006542144,80.04637181606451,360,13.128273566611627,80.04158876189722,0.8303080644250539,0.8303080644250539,best,True
Unknown,N/A,N/A,13.124914508846285,80.04594547376996,360,13.128273566611627,80.04158876189722,0.781361536962787,0.781361536962787,best,True
Unknown,N/A,N/A,13.127070441126133,80.04065375154096,360,13.128273566611627,80.04158876189722,0.21751199449156366,0.21751199449156366,best,True
Unknown,N/A,N/A,13.12604694083581,80.04416441561304,360,13.128273566611627,80.04158876189722,0.4841102856200638,0.4841102856200638,best,True
Unknown,N/A,N/A,13.126675376831171,80.04324734837381,360,13.128273566611627,80.04158876189722,0.32785772521728335,0.32785772521728335,best,True
Unknown,N/A,N/A,13.1256677,80.0445816,360,13.128273566611627,80.04158876189722,0.5642950324285508,0.5642950324285508,best,True
Unknown,N/A,N/A,13.125455015952088,80.03932947378826,360,13.128273566611627,80.04158876189722,0.5155020802116614,0.5155020802116614,best,True
Unknown,N/A,N/A,13.12413551081866,80.04170606601056,360,13.128273566611627,80.04158876189722,0.5953691151292347,0.5953691151292347,best,True
Unknown,N/A,N/A,13.125430993376924,80.03955667183939,360,13.128273566611627,80.04158876189722,0.4991823756015479,0.4991823756015479,best,True
Unknown,N/A,N/A,13.125041312546475,80.0445177806077,360,13.128273566611627,80.04158876189722,0.6217409428499762,0.6217409428499762,best,True
Unknown,N/A,N/A,13.12503115880314,80.04429194082184,360,13.128273566611627,80.04158876189722,0.6022030164586564,0.6022030164586564,best,True
Unknown,N/A,N/A,12.9819641,79.9690258,361,12.98209371846997,79.96813863583486,0.12650694571906865,0.12650694571906865,best,True
Unknown,N/A,N/A,12.9835937,79.9677099,361,12.98209371846997,79.96813863583486,0.22404108330300238,0.22404108330300238,best,True
Unknown,N/A,N/A,12.981746073879885,79.96811404333944,361,12.98209371846997,79.96813863583486,0.050118215199979436,0.050118215199979436,best,True
Unknown,N/A,N/A,12.981071,79.9677048,361,12.98209371846997,79.96813863583486,0.15930646464060852,0.15930646464060852,best,True
Unknown,N/A,N/A,13.0319222,80.22004969999999,363,13.030378842741381,80.21977060914489,0.22542752917659198,0.22542752917659198,best,True
Unknown,N/A,N/A,13.0350433,80.22172669999999,363,13.030378842741381,80.21977060914489,0.7253360533195407,0.7253360533195407,best,True
Unknown,N/A,N/A,13.029524140368164,80.2199769352347,363,13.030378842741381,80.21977060914489,0.12631955960212884,0.12631955960212884,best,True
Unknown,N/A,N/A,13.032242143684105,80.21979547792847,363,13.030378842741381,80.21977060914489,0.26800284555243226,0.26800284555243226,best,True
Unknown,N/A,N/A,13.0284952,80.2199076,363,13.030378842741381,80.21977060914489,0.27159328883837314,0.27159328883837314,best,True
Unknown,N/A,N/A,13.032202237363531,80.22030844007384,363,13.030378842741381,80.21977060914489,0.27298710258644265,0.27298710258644265,best,True
Unknown,N/A,N/A,13.0302992,80.21766219999999,363,13.030378842741381,80.21977060914489,0.29753372548217827,0.29753372548217827,best,True
Unknown,N/A,N/A,13.02713210737345,80.21965228809752,363,13.030378842741381,80.21977060914489,0.4672433166553232,0.4672433166553232,best,True
Unknown,N/A,N/A,13.02713097768928,80.21973022334886,363,13.030378842741381,80.21977060914489,0.4671425047584229,0.4671425047584229,best,True
Unknown,N/A,N/A,13.03218402155887,80.22038255771542,363,13.030378842741381,80.21977060914489,0.27358604882058324,0.27358604882058324,best,True
Unknown,N/A,N/A,13.032193519099994,80.22016263328383,363,13.030378842741381,80.21977060914489,0.2667770170189922,0.2667770170189922,best,True
Unknown,N/A,N/A,13.032138908500556,80.22013316320106,363,13.030378842741381,80.21977060914489,0.2582437863251917,0.2582437863251917,best,True
Unknown,N/A,N/A,13.024417,80.21753,363,13.030378842741381,80.21977060914489,0.9137939197669983,0.9137939197669983,best,True
Unknown,N/A,N/A,13.028022,80.2244478,364,13.030337188806888,80.22461115579793,0.3337662108269292,0.3337662108269292,best,True
Unknown,N/A,N/A,13.0325820648618,80.22835318390632,364,13.030337188806888,80.22461115579793,0.6186076480445617,0.6186076480445617,best,True
Unknown,N/A,N/A,13.0312395,80.223916,364,13.030337188806888,80.22461115579793,0.1626327656697876,0.1626327656697876,best,True
Unknown,N/A,N/A,13.0312395,80.223916,364,13.030337188806888,80.22461115579793,0.1626327656697876,0.1626327656697876,best,True
Unknown,N/A,N/A,13.027233841851544,80.2239927370736,364,13.030337188806888,80.22461115579793,0.45476282580965083,0.45476282580965083,best,True
Unknown,N/A,N/A,13.02857818742476,80.22404252024099,364,13.030337188806888,80.22461115579793,0.26538333281342835,0.26538333281342835,best,True
Unknown,N/A,N/A,13.031161454276337,80.2240743098401,364,13.030337188806888,80.22461115579793,0.14065536317185373,0.14065536317185373,best,True
Unknown,N/A,N/A,13.031147016609149,80.22428541708075,364,13.030337188806888,80.22461115579793,0.1251998190997617,0.1251998190997617,best,True
Unknown,N/A,N/A,13.033570690178951,80.2226449243283,364,13.030337188806888,80.22461115579793,0.5414227993819037,0.5414227993819037,best,True
Unknown,N/A,N/A,13.0311989,80.2277232,364,13.030337188806888,80.22461115579793,0.4560019530632514,0.4560019530632514,best,True
Unknown,N/A,N/A,13.028774394577022,80.22411143656504,364,13.030337188806888,80.22461115579793,0.2355485653445969,0.2355485653445969,best,True
Unknown,N/A,N/A,13.028448820624886,80.22413511058957,364,13.030337188806888,80.22461115579793,0.27975830515483674,0.27975830515483674,best,True
Unknown,N/A,N/A,13.031187084085117,80.2243023857485,364,13.030337188806888,80.22461115579793,0.12975522580162144,0.12975522580162144,best,True
Unknown,N/A,N/A,12.970708997628222,80.14512218966837,366,12.970981252776069,80.14532976814765,0.04889143577733317,0.04889143577733317,best,True
Unknown,N/A,N/A,12.970666244770788,80.1450159958222,366,12.970981252776069,80.14532976814765,0.06333335793167387,0.06333335793167387,best,True
Unknown,N/A,N/A,12.970760968705264,80.14536998710003,366,12.970981252776069,80.14532976814765,0.032184970935113674,0.032184970935113674,best,True
Unknown,N/A,N/A,12.9717888,80.1458109,366,12.970981252776069,80.14532976814765,0.13451371952984584,0.13451371952984584,best,True
Unknown,N/A,N/A,12.9692343,80.1502144,367,12.966736522865382,80.14886827365532,0.4063191613374593,0.4063191613374593,best,True
Unknown,N/A,N/A,12.9692343,80.1502144,367,12.966736522865382,80.14886827365532,0.4063191613374593,0.4063191613374593,best,True
Unknown,N/A,N/A,12.966416094127558,80.14884468611378,367,12.966736522865382,80.14886827365532,0.04620376440749348,0.04620376440749348,best,True
Unknown,N/A,N/A,12.9692343,80.1502144,367,12.966736522865382,80.14886827365532,0.4063191613374593,0.4063191613374593,best,True
Unknown,N/A,N/A,12.96781814236751,80.14960898246635,367,12.966736522865382,80.14886827365532,0.1873857908939853,0.1873857908939853,best,True
Unknown,N/A,N/A,12.9664563,80.1502298,367,12.966736522865382,80.14886827365532,0.19622517639214862,0.19622517639214862,best,True
Unknown,N/A,N/A,12.96669865344649,80.14889490292117,367,12.966736522865382,80.14886827365532,0.006615928618415824,0.006615928618415824,best,True
Unknown,N/A,N/A,12.9664071,80.14876629999999,367,12.966736522865382,80.14886827365532,0.04951254937932075,0.04951254937932075,best,True
Unknown,N/A,N/A,12.96666530595566,80.14884367962593,367,12.966736522865382,80.14886827365532,0.010813866599462638,0.010813866599462638,best,True
Unknown,N/A,N/A,12.961712649986945,80.1472758158225,367,12.966736522865382,80.14886827365532,0.7566383898338511,0.7566383898338511,best,True
Unknown,N/A,N/A,12.9664071,80.14876629999999,367,12.966736522865382,80.14886827365532,0.04951254937932075,0.04951254937932075,best,True
Unknown,N/A,N/A,12.96687350169264,80.14907636914677,367,12.966736522865382,80.14886827365532,0.035349914734285434,0.035349914734285434,best,True
Unknown,N/A,N/A,12.964270417682066,80.14379024744417,367,12.966736522865382,80.14886827365532,0.7992575635835417,0.7992575635835417,best,True
Unknown,N/A,N/A,12.96690687120432,80.14919057819468,367,12.966736522865382,80.14886827365532,0.05164198290932258,0.05164198290932258,best,True
Unknown,N/A,N/A,12.966617839136507,80.14885282448986,367,12.966736522865382,80.14886827365532,0.017207539421687564,0.017207539421687564,best,True
Unknown,N/A,N/A,12.966701845830176,80.14891598406956,367,12.966736522865382,80.14886827365532,0.008376075619651658,0.008376075619651658,best,True
Unknown,N/A,N/A,12.967002617969875,80.14912384907673,367,12.966736522865382,80.14886827365532,0.05257438296261465,0.05257438296261465,best,True
Unknown,N/A,N/A,12.966600072177116,80.14880540642427,367,12.966736522865382,80.14886827365532,0.02153464073756714,0.02153464073756714,best,True
Unknown,N/A,N/A,13.018967412021627,80.20502767641386,368,13.018754446553348,80.20627442585375,0.17846396156824307,0.17846396156824307,best,True
Unknown,N/A,N/A,13.0177153,80.2056743,368,13.018754446553348,80.20627442585375,0.17174821659226755,0.17174821659226755,best,True
Unknown,N/A,N/A,13.023596647739971,80.2067708270467,368,13.018754446553348,80.20627442585375,0.6999141152504026,0.6999141152504026,best,True
Unknown,N/A,N/A,13.019653,80.20344109999999,368,13.018754446553348,80.20627442585375,0.41993275483595366,0.41993275483595366,best,True
Unknown,N/A,N/A,13.0193381,80.2028251,368,13.018754446553348,80.20627442585375,0.49361156692149444,0.49361156692149444,best,True
Unknown,N/A,N/A,13.0199653,80.2104585,368,13.018754446553348,80.20627442585375,0.6151972534287152,0.6151972534287152,best,True
Unknown,N/A,N/A,13.0177153,80.2056743,368,13.018754446553348,80.20627442585375,0.17174821659226755,0.17174821659226755,best,True
Unknown,N/A,N/A,13.0177153,80.2056743,368,13.018754446553348,80.20627442585375,0.17174821659226755,0.17174821659226755,best,True
Unknown,N/A,N/A,13.0177153,80.2056743,368,13.018754446553348,80.20627442585375,0.17174821659226755,0.17174821659226755,best,True
Unknown,N/A,N/A,13.0177153,80.2056743,368,13.018754446553348,80.20627442585375,0.17174821659226755,0.17174821659226755,best,True
Unknown,N/A,N/A,13.0182093,80.20638199999999,368,13.018754446553348,80.20627442585375,0.07985702304339226,0.07985702304339226,best,True
Unknown,N/A,N/A,13.0182093,80.20638199999999,368,13.018754446553348,80.20627442585375,0.07985702304339226,0.07985702304339226,best,True
Unknown,N/A,N/A,13.0177107,80.2058256,368,13.018754446553348,80.20627442585375,0.16290948274785397,0.16290948274785397,best,True
Unknown,N/A,N/A,13.018183225799865,80.20606965431625,368,13.018754446553348,80.20627442585375,0.08708022873699585,0.08708022873699585,best,True
Unknown,N/A,N/A,13.0175653,80.2054638,368,13.018754446553348,80.20627442585375,0.20570998727218048,0.20570998727218048,best,True
Unknown,N/A,N/A,13.0182093,80.20638199999999,368,13.018754446553348,80.20627442585375,0.07985702304339226,0.07985702304339226,best,True
Unknown,N/A,N/A,12.9905382,80.1987521,369,12.9915167548015,80.19942339104777,0.16961695390960926,0.16961695390960926,best,True
Unknown,N/A,N/A,12.9953284,80.2029163,369,12.9915167548015,80.19942339104777,0.7370104256731043,0.7370104256731043,best,True
Unknown,N/A,N/A,12.9905957,80.1986398,369,12.9915167548015,80.19942339104777,0.17251227801800129,0.17251227801800129,best,True
Unknown,N/A,N/A,12.991323850173943,80.19645784478796,369,12.9915167548015,80.19942339104777,0.4191650345930064,0.4191650345930064,best,True
Unknown,N/A,N/A,12.991746061178302,80.19874909072858,369,12.9915167548015,80.19942339104777,0.10065577371595076,0.10065577371595076,best,True
Unknown,N/A,N/A,12.99504616224532,80.20093923182374,369,12.9915167548015,80.19942339104777,0.5507808930736916,0.5507808930736916,best,True
Unknown,N/A,N/A,12.99175222592504,80.19874092493558,369,12.9915167548015,80.19942339104777,0.10203539286838363,0.10203539286838363,best,True
Unknown,N/A,N/A,12.99012724136157,80.19994456875611,369,12.9915167548015,80.19942339104777,0.2129286353922475,0.2129286353922475,best,True
Unknown,N/A,N/A,12.9906945,80.2006912,369,12.9915167548015,80.19942339104777,0.21437357330215326,0.21437357330215326,best,True
Unknown,N/A,N/A,12.9906462,80.2006519,369,12.9915167548015,80.19942339104777,0.21376579196848433,0.21376579196848433,best,True
Unknown,N/A,N/A,12.9886996,80.1979372,369,12.9915167548015,80.19942339104777,0.45616975564380274,0.45616975564380274,best,True
Unknown,N/A,N/A,12.990346234492094,80.20021471603773,369,12.9915167548015,80.19942339104777,0.20197826037020614,0.20197826037020614,best,True
Unknown,N/A,N/A,12.991844473310575,80.19898431524656,369,12.9915167548015,80.19942339104777,0.07782134671521339,0.07782134671521339,best,True
Unknown,N/A,N/A,12.992043015877972,80.1988599882501,369,12.9915167548015,80.19942339104777,0.10973724920337119,0.10973724920337119,best,True
Unknown,N/A,N/A,12.99201945745769,80.19887168515015,369,12.9915167548015,80.19942339104777,0.10621405195475572,0.10621405195475572,best,True
Unknown,N/A,N/A,12.9926777,80.1934002,370,12.9931784166084,80.19335709097048,0.07226903583533856,0.07226903583533856,best,True
Unknown,N/A,N/A,12.990830988349728,80.19350439937209,370,12.9931784166084,80.19335709097048,0.338244700812553,0.338244700812553,best,True
Unknown,N/A,N/A,12.991466163226717,80.19248310003987,370,12.9931784166084,80.19335709097048,0.27538248644879476,0.27538248644879476,best,True
Unknown,N/A,N/A,12.992082,80.19346259999999,370,12.9931784166084,80.19335709097048,0.15838669811991152,0.15838669811991152,best,True
Unknown,N/A,N/A,12.9926777,80.1934002,370,12.9931784166084,80.19335709097048,0.07226903583533856,0.07226903583533856,best,True
Unknown,N/A,N/A,12.997232,80.19328999999999,370,12.9931784166084,80.19335709097048,0.5830614374842761,0.5830614374842761,best,True
Unknown,N/A,N/A,12.997232,80.19328999999999,370,12.9931784166084,80.19335709097048,0.5830614374842761,0.5830614374842761,best,True
Unknown,N/A,N/A,12.995431,80.1925425,370,12.9931784166084,80.19335709097048,0.3437326693161182,0.3437326693161182,best,True
Unknown,N/A,N/A,12.991169031115936,80.19462980126329,370,12.9931784166084,80.19335709097048,0.3401962234470318,0.3401962234470318,best,True
Unknown,N/A,N/A,12.992082,80.19346259999999,370,12.9931784166084,80.19335709097048,0.15838669811991152,0.15838669811991152,best,True
Unknown,N/A,N/A,12.992082,80.19346259999999,370,12.9931784166084,80.19335709097048,0.15838669811991152,0.15838669811991152,best,True
Unknown,N/A,N/A,12.9377414,80.1390205,371,12.936718144726148,80.13988800654255,0.19139697402943096,0.19139697402943096,best,True
Unknown,N/A,N/A,12.9377414,80.1390205,371,12.936718144726148,80.13988800654255,0.19139697402943096,0.19139697402943096,best,True
Unknown,N/A,N/A,12.9377414,80.1390205,371,12.936718144726148,80.13988800654255,0.19139697402943096,0.19139697402943096,best,True
Unknown,N/A,N/A,12.939507795332869,80.14385601302355,371,12.936718144726148,80.13988800654255,0.6886812529007735,0.6886812529007735,best,True
Unknown,N/A,N/A,12.9377414,80.1390205,371,12.936718144726148,80.13988800654255,0.19139697402943096,0.19139697402943096,best,True
Unknown,N/A,N/A,12.9320536,80.1399464,371,12.936718144726148,80.13988800654255,0.6709003024685224,0.6709003024685224,best,True
Unknown,N/A,N/A,12.9377414,80.1390205,371,12.936718144726148,80.13988800654255,0.19139697402943096,0.19139697402943096,best,True
Unknown,N/A,N/A,12.93825811288939,80.1420774329023,371,12.936718144726148,80.13988800654255,0.3800547635985324,0.3800547635985324,best,True
Unknown,N/A,N/A,12.93544546783326,80.14056961410256,371,12.936718144726148,80.13988800654255,0.20675344055543055,0.20675344055543055,best,True
Unknown,N/A,N/A,12.9377414,80.1390205,371,12.936718144726148,80.13988800654255,0.19139697402943096,0.19139697402943096,best,True
Unknown,N/A,N/A,12.938484083331367,80.13842075051528,371,12.936718144726148,80.13988800654255,0.3276336469656165,0.3276336469656165,best,True
Unknown,N/A,N/A,12.938027789940609,80.13865684023393,371,12.936718144726148,80.13988800654255,0.25620190647090296,0.25620190647090296,best,True
Unknown,N/A,N/A,12.9375822,80.1388525,371,12.936718144726148,80.13988800654255,0.191781456126411,0.191781456126411,best,True
Unknown,N/A,N/A,12.931909574574991,80.14353965593232,371,12.936718144726148,80.13988800654255,0.8623320375554905,0.8623320375554905,best,True
Unknown,N/A,N/A,12.933055146989734,80.13827789142829,371,12.936718144726148,80.13988800654255,0.5736870610895658,0.5736870610895658,best,True
Unknown,N/A,N/A,12.942597351656184,80.14045516388154,372,12.942517153222033,80.13918951764212,0.1789074669277238,0.1789074669277238,best,True
Unknown,N/A,N/A,12.943049384968186,80.13353772931765,372,12.942517153222033,80.13918951764212,0.8009210847310152,0.8009210847310152,best,True
Unknown,N/A,N/A,12.9418884080488,80.1430683934032,372,12.942517153222033,80.13918951764212,0.5545864812567282,0.5545864812567282,best,True
Unknown,N/A,N/A,12.94259530502488,80.13312219539795,372,12.942517153222033,80.13918951764212,0.8559457355085617,0.8559457355085617,best,True
Unknown,N/A,N/A,12.943848172284142,80.13874738378324,372,12.942517153222033,80.13918951764212,0.2013297424198502,0.2013297424198502,best,True
Unknown,N/A,N/A,12.942654075809584,80.14033789706392,372,12.942517153222033,80.13918951764212,0.163185813088247,0.163185813088247,best,True
Unknown,N/A,N/A,12.943606898824736,80.13436363811306,372,12.942517153222033,80.13918951764212,0.6985577631194717,0.6985577631194717,best,True
Unknown,N/A,N/A,12.9426891,80.1379797,372,12.942517153222033,80.13918951764212,0.1724422942420433,0.1724422942420433,best,True
Unknown,N/A,N/A,12.940491564725844,80.14271297290767,372,12.942517153222033,80.13918951764212,0.5761117175399086,0.5761117175399086,best,True
Unknown,N/A,N/A,12.9438238,80.1430373,372,12.942517153222033,80.13918951764212,0.5743872076088831,0.5743872076088831,best,True
Unknown,N/A,N/A,12.94162792837935,80.13849809949151,372,12.942517153222033,80.13918951764212,0.16083518125764984,0.16083518125764984,best,True
Unknown,N/A,N/A,12.942504499631566,80.14154804523763,372,12.942517153222033,80.13918951764212,0.33270494973439646,0.33270494973439646,best,True
Unknown,N/A,N/A,12.9428614,80.1425876,372,12.942517153222033,80.13918951764212,0.48189192002136866,0.48189192002136866,best,True
Unknown,N/A,N/A,12.942589023991909,80.14273872953622,372,12.942517153222033,80.13918951764212,0.5007675682979884,0.5007675682979884,best,True
Unknown,N/A,N/A,12.941961779017154,80.13280860618566,372,12.942517153222033,80.13918951764212,0.9036456959443289,0.9036456959443289,best,True
Unknown,N/A,N/A,12.941485759190188,80.14148882795492,372,12.942517153222033,80.13918951764212,0.3566569138485238,0.3566569138485238,best,True
Unknown,N/A,N/A,13.12991394141814,79.90991353674684,373,13.132657207957346,79.91062820507237,0.40719692766150445,0.40719692766150445,best,True
Unknown,N/A,N/A,13.1310308,79.9136731,373,13.132657207957346,79.91062820507237,0.4887969361681622,0.4887969361681622,best,True
Unknown,N/A,N/A,13.1310308,79.9136731,373,13.132657207957346,79.91062820507237,0.4887969361681622,0.4887969361681622,best,True
Unknown,N/A,N/A,13.13339687471754,79.91402727828662,373,13.132657207957346,79.91062820507237,0.49078317150949935,0.49078317150949935,best,True
Unknown,N/A,N/A,13.130865102560632,79.90968264804157,373,13.132657207957346,79.91062820507237,0.2901640125610334,0.2901640125610334,best,True
Unknown,N/A,N/A,13.134359374062614,79.90935486102912,373,13.132657207957346,79.91062820507237,0.30355393354199434,0.30355393354199434,best,True
Unknown,N/A,N/A,13.133304212811266,79.91165183994339,373,13.132657207957346,79.91062820507237,0.17168968930245904,0.17168968930245904,best,True
Unknown,N/A,N/A,13.13318096665542,79.91075743978685,373,13.132657207957346,79.91062820507237,0.0774988541953625,0.0774988541953625,best,True
Unknown,N/A,N/A,13.134466509812992,79.90888953102478,373,13.132657207957346,79.91062820507237,0.3574540557705473,0.3574540557705473,best,True
Unknown,N/A,N/A,13.13318096665542,79.91075743978685,373,13.132657207957346,79.91062820507237,0.0774988541953625,0.0774988541953625,best,True
Unknown,N/A,N/A,13.13551302831956,79.91159462942387,373,13.132657207957346,79.91062820507237,0.4327276167335488,0.4327276167335488,best,True
Unknown,N/A,N/A,13.13318096665542,79.91075743978685,373,13.132657207957346,79.91062820507237,0.0774988541953625,0.0774988541953625,best,True
Unknown,N/A,N/A,13.13318096665542,79.91075743978685,373,13.132657207957346,79.91062820507237,0.0774988541953625,0.0774988541953625,best,True
Unknown,N/A,N/A,13.13318096665542,79.91075743978685,373,13.132657207957346,79.91062820507237,0.0774988541953625,0.0774988541953625,best,True
Unknown,N/A,N/A,13.131271888054629,79.90965312639621,373,13.132657207957346,79.91062820507237,0.24204609804605393,0.24204609804605393,best,True
Unknown,N/A,N/A,13.134397058955503,79.90887266308643,373,13.132657207957346,79.91062820507237,0.35191744817253084,0.35191744817253084,best,True
Unknown,N/A,N/A,13.129696584331892,79.90964608404218,373,13.132657207957346,79.91062820507237,0.44773893288307814,0.44773893288307814,best,True
Unknown,N/A,N/A,13.134455086144015,79.90884411639654,373,13.132657207957346,79.91062820507237,0.3606933000604637,0.3606933000604637,best,True
Unknown,N/A,N/A,13.131610506798491,79.90952179249133,373,13.132657207957346,79.91062820507237,0.21675664174093823,0.21675664174093823,best,True
Unknown,N/A,N/A,13.131487700701715,79.90957862601742,373,13.132657207957346,79.91062820507237,0.22400559372437356,0.22400559372437356,best,True
Unknown,N/A,N/A,13.134207908511328,79.91196629784247,373,13.132657207957346,79.91062820507237,0.29208433516212085,0.29208433516212085,best,True
Unknown,N/A,N/A,13.13154636458414,79.90949008188899,373,13.132657207957346,79.91062820507237,0.22640696446259279,0.22640696446259279,best,True
Unknown,N/A,N/A,13.0085334,80.0034695,375,13.008232171266013,80.00380429277354,0.06407839558157795,0.06407839558157795,best,True
Unknown,N/A,N/A,13.0071874,80.0053755,375,13.008232171266013,80.00380429277354,0.26772323455354663,0.26772323455354663,best,True
Unknown,N/A,N/A,13.008305212336673,80.00226174289416,375,13.008232171266013,80.00380429277354,0.21779237138416158,0.21779237138416158,best,True
Unknown,N/A,N/A,13.007197,80.004119,375,13.008232171266013,80.00380429277354,0.15535256260834604,0.15535256260834604,best,True
Unknown,N/A,N/A,13.0073751,80.0038412,375,13.008232171266013,80.00380429277354,0.12337358807828308,0.12337358807828308,best,True
Unknown,N/A,N/A,13.0080073,80.0052372,375,13.008232171266013,80.00380429277354,0.20464820068462283,0.20464820068462283,best,True
Unknown,N/A,N/A,13.0066833,80.0047558,375,13.008232171266013,80.00380429277354,0.2600527612822434,0.2600527612822434,best,True
Unknown,N/A,N/A,13.0072065,80.0054439,375,13.008232171266013,80.00380429277354,0.27427289860321935,0.27427289860321935,best,True
Unknown,N/A,N/A,13.0085334,80.0034695,375,13.008232171266013,80.00380429277354,0.06407839558157795,0.06407839558157795,best,True
Unknown,N/A,N/A,13.0079644,80.002416,375,13.008232171266013,80.00380429277354,0.199536417193294,0.199536417193294,best,True
Unknown,N/A,N/A,13.007969,80.0024265,375,13.008232171266013,80.00380429277354,0.19795613666353032,0.19795613666353032,best,True
Unknown,N/A,N/A,13.0090805,80.003739,375,13.008232171266013,80.00380429277354,0.12235337954067921,0.12235337954067921,best,True
Unknown,N/A,N/A,13.009407939486634,80.00345831630644,375,13.008232171266013,80.00380429277354,0.17599704569993083,0.17599704569993083,best,True
Unknown,N/A,N/A,13.00939806024229,80.00470714355583,375,13.008232171266013,80.00380429277354,0.2105408278177369,0.2105408278177369,best,True
Unknown,N/A,N/A,13.0098434,80.0037074,375,13.008232171266013,80.00380429277354,0.232129009395032,0.232129009395032,best,True
Unknown,N/A,N/A,13.0083969,80.0037518,375,13.008232171266013,80.00380429277354,0.024820890991823868,0.024820890991823868,best,True
Unknown,N/A,N/A,13.008396013254655,80.00201115271452,375,13.008232171266013,80.00380429277354,0.25397393287481423,0.25397393287481423,best,True
Unknown,N/A,N/A,13.0083052,80.0056423,375,13.008232171266013,80.00380429277354,0.2594186125897661,0.2594186125897661,best,True
Unknown,N/A,N/A,13.008419,80.002196,375,13.008232171266013,80.00380429277354,0.22839630637504885,0.22839630637504885,best,True
Unknown,N/A,N/A,13.0084344,80.0040569,375,13.008232171266013,80.00380429277354,0.04598891456888198,0.04598891456888198,best,True
Unknown,N/A,N/A,12.969842458997888,80.20846731041172,377,12.966564564848337,80.20764075820199,0.48562607894058707,0.48562607894058707,best,True
Unknown,N/A,N/A,12.9640567,80.203685,377,12.966564564848337,80.20764075820199,0.6643849834474338,0.6643849834474338,best,True
Unknown,N/A,N/A,12.966491123405598,80.20478340340104,377,12.966564564848337,80.20764075820199,0.4031655872468692,0.4031655872468692,best,True
Unknown,N/A,N/A,12.964727583302007,80.21097293927652,377,12.966564564848337,80.20764075820199,0.5391665854852463,0.5391665854852463,best,True
Unknown,N/A,N/A,12.96949826089218,80.20706361575749,377,12.966564564848337,80.20764075820199,0.42970335749203703,0.42970335749203703,best,True
Unknown,N/A,N/A,12.965680662678643,80.20473333582076,377,12.966564564848337,80.20764075820199,0.4293410426008421,0.4293410426008421,best,True
Unknown,N/A,N/A,12.964780858815654,80.21091546300062,377,12.966564564848337,80.20764075820199,0.5283520078837516,0.5283520078837516,best,True
Unknown,N/A,N/A,12.9698259,80.21083589999999,377,12.966564564848337,80.20764075820199,0.6504640923573285,0.6504640923573285,best,True
Unknown,N/A,N/A,12.965600859847896,80.20464486384034,377,12.966564564848337,80.20764075820199,0.44471810605463824,0.44471810605463824,best,True
Unknown,N/A,N/A,12.9640567,80.203685,377,12.966564564848337,80.20764075820199,0.6643849834474338,0.6643849834474338,best,True
Unknown,N/A,N/A,12.96551259976574,80.20465864219983,377,12.966564564848337,80.20764075820199,0.4470070635377068,0.4470070635377068,best,True
Unknown,N/A,N/A,12.96564522476419,80.20453574330121,377,12.966564564848337,80.20764075820199,0.4574832493602999,0.4574832493602999,best,True
Unknown,N/A,N/A,12.966030367302563,80.20479703136616,377,12.966564564848337,80.20764075820199,0.408396912264438,0.408396912264438,best,True
Unknown,N/A,N/A,12.9732831,80.2065137,377,12.966564564848337,80.20764075820199,0.9792444539697305,0.9792444539697305,best,True
Unknown,N/A,N/A,12.965312975135427,80.20705920596284,377,12.966564564848337,80.20764075820199,0.19781177367410943,0.19781177367410943,best,True
Unknown,N/A,N/A,13.071403764976887,80.2534835221152,378,13.072440114101225,80.25387499559426,0.15893928392371365,0.15893928392371365,best,True
Unknown,N/A,N/A,13.0710177,80.25377929999999,378,13.072440114101225,80.25387499559426,0.20501663964645825,0.20501663964645825,best,True
Unknown,N/A,N/A,13.0683019,80.2541707,378,13.072440114101225,80.25387499559426,0.5966181309204277,0.5966181309204277,best,True
Unknown,N/A,N/A,13.0743539,80.2565183,378,13.072440114101225,80.25387499559426,0.46329817022474473,0.46329817022474473,best,True
Unknown,N/A,N/A,13.067852129151696,80.25489439573668,378,13.072440114101225,80.25387499559426,0.6753174468898382,0.6753174468898382,best,True
Unknown,N/A,N/A,13.07181321221869,80.2541642067094,378,13.072440114101225,80.25387499559426,0.09895310197670051,0.09895310197670051,best,True
Unknown,N/A,N/A,13.075949401974643,80.25458634380081,378,13.072440114101225,80.25387499559426,0.5145755112511087,0.5145755112511087,best,True
Unknown,N/A,N/A,13.071604,80.2493904,378,13.072440114101225,80.25387499559426,0.6436137922291404,0.6436137922291404,best,True
Unknown,N/A,N/A,13.0783952,80.2539484,378,13.072440114101225,80.25387499559426,0.8565257642358853,0.8565257642358853,best,True
Unknown,N/A,N/A,13.0658848,80.25326989999999,378,13.072440114101225,80.25387499559426,0.946640012044215,0.946640012044215,best,True
Unknown,N/A,N/A,13.0739472,80.25524829999999,378,13.072440114101225,80.25387499559426,0.2906360961196062,0.2906360961196062,best,True
Unknown,N/A,N/A,13.078758160892749,80.25304617876905,378,13.072440114101225,80.25387499559426,0.9161471781100551,0.9161471781100551,best,True
Unknown,N/A,N/A,13.078320722575816,80.2482172985313,379,13.075654932189588,80.24443791435448,0.6564396580832745,0.6564396580832745,best,True
Unknown,N/A,N/A,13.07242273346966,80.24636002265466,379,13.075654932189588,80.24443791435448,0.5380794479877589,0.5380794479877589,best,True
Unknown,N/A,N/A,13.0731661,80.24080099999999,379,13.075654932189588,80.24443791435448,0.6253390446081895,0.6253390446081895,best,True
Unknown,N/A,N/A,13.078151027058574,80.24717432906432,379,13.075654932189588,80.24443791435448,0.5269853219893122,0.5269853219893122,best,True
Unknown,N/A,N/A,13.07816587405641,80.24717102662619,379,13.075654932189588,80.24443791435448,0.5281024001574769,0.5281024001574769,best,True
Unknown,N/A,N/A,13.0714401,80.2439841,379,13.075654932189588,80.24443791435448,0.6095464019097986,0.6095464019097986,best,True
Unknown,N/A,N/A,13.075637143137904,80.23771180174205,379,13.075654932189588,80.24443791435448,0.9483002206442339,0.9483002206442339,best,True
Unknown,N/A,N/A,13.073114859491737,80.23972568880117,379,13.075654932189588,80.24443791435448,0.7581812875763222,0.7581812875763222,best,True
Unknown,N/A,N/A,13.078314,80.2488511,379,13.075654932189588,80.24443791435448,0.7303316455707349,0.7303316455707349,best,True
Unknown,N/A,N/A,13.077816762105764,80.24438277612511,379,13.075654932189588,80.24443791435448,0.3110125891946075,0.3110125891946075,best,True
Unknown,N/A,N/A,12.971443143368363,80.09640728854951,381,12.967990714456121,80.0970218295165,0.5040349939620429,0.5040349939620429,best,True
Unknown,N/A,N/A,12.9688554,80.0902038,381,12.967990714456121,80.0970218295165,0.9696767507550851,0.9696767507550851,best,True
Unknown,N/A,N/A,13.1182996,80.2594762,382,13.116572423809185,80.26007176099232,0.2622071726919548,0.2622071726919548,best,True
Unknown,N/A,N/A,13.11157856846329,80.2621527727371,382,13.116572423809185,80.26007176099232,0.775819423241494,0.775819423241494,best,True
Unknown,N/A,N/A,13.118321448021293,80.25703511198479,382,13.116572423809185,80.26007176099232,0.49649596124206646,0.49649596124206646,best,True
Unknown,N/A,N/A,13.1182996,80.2594762,382,13.116572423809185,80.26007176099232,0.2622071726919548,0.2622071726919548,best,True
Unknown,N/A,N/A,13.1182996,80.2594762,382,13.116572423809185,80.26007176099232,0.2622071726919548,0.2622071726919548,best,True
Unknown,N/A,N/A,13.1182996,80.2594762,382,13.116572423809185,80.26007176099232,0.2622071726919548,0.2622071726919548,best,True
Unknown,N/A,N/A,13.113293755871853,80.25938465366876,382,13.116572423809185,80.26007176099232,0.4813859177610722,0.4813859177610722,best,True
Unknown,N/A,N/A,13.1182996,80.2594762,382,13.116572423809185,80.26007176099232,0.2622071726919548,0.2622071726919548,best,True
Unknown,N/A,N/A,13.1182996,80.2594762,382,13.116572423809185,80.26007176099232,0.2622071726919548,0.2622071726919548,best,True
Unknown,N/A,N/A,13.117411937162943,80.26218565450952,382,13.116572423809185,80.26007176099232,0.32151459542748356,0.32151459542748356,best,True
Unknown,N/A,N/A,13.1182996,80.2594762,382,13.116572423809185,80.26007176099232,0.2622071726919548,0.2622071726919548,best,True
Unknown,N/A,N/A,13.1182996,80.2594762,382,13.116572423809185,80.26007176099232,0.2622071726919548,0.2622071726919548,best,True
Unknown,N/A,N/A,13.12229198154458,80.26327966848265,383,13.123804229251133,80.25980097255916,0.53642749158932,0.53642749158932,best,True
Unknown,N/A,N/A,13.1231079,80.2614037,383,13.123804229251133,80.25980097255916,0.2471225130192621,0.2471225130192621,best,True
Unknown,N/A,N/A,13.121929265120954,80.2546852896711,383,13.123804229251133,80.25980097255916,0.7698795138903166,0.7698795138903166,best,True
Unknown,N/A,N/A,13.12465340678853,80.25905301025803,383,13.123804229251133,80.25980097255916,0.16134328071304777,0.16134328071304777,best,True
Unknown,N/A,N/A,13.12442589660904,80.25663529452494,383,13.123804229251133,80.25980097255916,0.45510224512213804,0.45510224512213804,best,True
Unknown,N/A,N/A,13.123626,80.2591218,383,13.123804229251133,80.25980097255916,0.09910837164634785,0.09910837164634785,best,True
Unknown,N/A,N/A,13.12396616279699,80.2591704729192,383,13.123804229251133,80.25980097255916,0.09187596919087831,0.09187596919087831,best,True
Unknown,N/A,N/A,13.12396344727121,80.25927574293597,383,13.123804229251133,80.25980097255916,0.07749668152788483,0.07749668152788483,best,True
Unknown,N/A,N/A,13.1231079,80.2614037,383,13.123804229251133,80.25980097255916,0.2471225130192621,0.2471225130192621,best,True
Unknown,N/A,N/A,13.1219282,80.2613779,383,13.123804229251133,80.25980097255916,0.34958419177129796,0.34958419177129796,best,True
Unknown,N/A,N/A,13.125114556349384,80.25918095928877,383,13.123804229251133,80.25980097255916,0.20773197548747294,0.20773197548747294,best,True
Unknown,N/A,N/A,13.1256354,80.2622967,383,13.123804229251133,80.25980097255916,0.43945372286265727,0.43945372286265727,best,True
Unknown,N/A,N/A,13.125704863784009,80.26052840518842,383,13.123804229251133,80.25980097255916,0.2919503590163191,0.2919503590163191,best,True
Unknown,N/A,N/A,13.12470700049657,80.20891280320554,384,13.122284717355678,80.2088958725262,0.34838336529770647,0.34838336529770647,best,True
Unknown,N/A,N/A,13.12130715015419,80.20850049651247,384,13.122284717355678,80.2088958725262,0.15123818888309135,0.15123818888309135,best,True
Unknown,N/A,N/A,13.1207462,80.2084203,384,13.122284717355678,80.2088958725262,0.231203131918097,0.231203131918097,best,True
Unknown,N/A,N/A,13.12413736115993,80.209221,384,13.122284717355678,80.2088958725262,0.27036181138233867,0.27036181138233867,best,True
Unknown,N/A,N/A,13.121607703273911,80.21124486050964,384,13.122284717355678,80.2088958725262,0.34513519766546213,0.34513519766546213,best,True
Unknown,N/A,N/A,13.1236853,80.2095183,384,13.122284717355678,80.2088958725262,0.21971168326343596,0.21971168326343596,best,True
Unknown,N/A,N/A,13.123961908684944,80.20803502796093,384,13.122284717355678,80.2088958725262,0.2700174640230398,0.2700174640230398,best,True
Unknown,N/A,N/A,13.121569649787226,80.20846903707346,384,13.122284717355678,80.2088958725262,0.11914909572723577,0.11914909572723577,best,True
Unknown,N/A,N/A,13.1198409,80.20922519999999,384,13.122284717355678,80.2088958725262,0.3545246867932913,0.3545246867932913,best,True
Unknown,N/A,N/A,13.121284,80.2074117,384,13.122284717355678,80.2088958725262,0.25393549151015854,0.25393549151015854,best,True
Unknown,N/A,N/A,13.1187562,80.2077881,385,13.118741121954308,80.20699483516094,0.11184188139107415,0.11184188139107415,best,True
Unknown,N/A,N/A,13.1189858,80.2072457,385,13.118741121954308,80.20699483516094,0.04988825154997769,0.04988825154997769,best,True
Unknown,N/A,N/A,13.1196426,80.20739309999999,385,13.118741121954308,80.20699483516094,0.14128426299875577,0.14128426299875577,best,True
Unknown,N/A,N/A,13.1189858,80.2072457,385,13.118741121954308,80.20699483516094,0.04988825154997769,0.04988825154997769,best,True
Unknown,N/A,N/A,13.118785897876212,80.20744014505148,385,13.118741121954308,80.20699483516094,0.06310159499459955,0.06310159499459955,best,True
Unknown,N/A,N/A,13.1165537,80.2041156,385,13.118741121954308,80.20699483516094,0.5135165962315457,0.5135165962315457,best,True
Unknown,N/A,N/A,13.118802912235417,80.20782608472894,385,13.118741121954308,80.20699483516094,0.11751178803811838,0.11751178803811838,best,True
Unknown,N/A,N/A,13.118839907813802,80.20707393948517,385,13.118741121954308,80.20699483516094,0.01806078612652687,0.01806078612652687,best,True
Unknown,N/A,N/A,13.1200108,80.2057618,385,13.118741121954308,80.20699483516094,0.25210229406001194,0.25210229406001194,best,True
Unknown,N/A,N/A,13.1189858,80.2072457,385,13.118741121954308,80.20699483516094,0.04988825154997769,0.04988825154997769,best,True
Unknown,N/A,N/A,13.1189858,80.2072457,385,13.118741121954308,80.20699483516094,0.04988825154997769,0.04988825154997769,best,True
Unknown,N/A,N/A,13.118708530552771,80.20480523237163,385,13.118741121954308,80.20699483516094,0.308688223911907,0.308688223911907,best,True
Unknown,N/A,N/A,13.118598741855704,80.20761418364286,385,13.118741121954308,80.20699483516094,0.0896744403046415,0.0896744403046415,best,True
Unknown,N/A,N/A,13.118931101909242,80.20800405803439,385,13.118741121954308,80.20699483516094,0.1448629470077467,0.1448629470077467,best,True
Unknown,N/A,N/A,13.1195813,80.207244,385,13.118741121954308,80.20699483516094,0.12583627179632226,0.12583627179632226,best,True
Unknown,N/A,N/A,13.1191632,80.2092952,385,13.118741121954308,80.20699483516094,0.3298987111371064,0.3298987111371064,best,True
Unknown,N/A,N/A,13.11694214902744,80.20517305571501,385,13.118741121954308,80.20699483516094,0.36454020432837714,0.36454020432837714,best,True
Unknown,N/A,N/A,13.118767742356903,80.20746518393048,385,13.118741121954308,80.20699483516094,0.06641213967429087,0.06641213967429087,best,True
Unknown,N/A,N/A,13.1189858,80.2072457,385,13.118741121954308,80.20699483516094,0.04988825154997769,0.04988825154997769,best,True
Unknown,N/A,N/A,13.1196347,80.2058005,385,13.118741121954308,80.20699483516094,0.211802034414863,0.211802034414863,best,True
Unknown,N/A,N/A,13.11891265823426,80.2070096656067,385,13.118741121954308,80.20699483516094,0.0247589270674423,0.0247589270674423,best,True
Unknown,N/A,N/A,13.118804696800678,80.20774753392635,385,13.118741121954308,80.20699483516094,0.10649577493272586,0.10649577493272586,best,True
Unknown,N/A,N/A,13.117810310195308,80.20520729653069,385,13.118741121954308,80.20699483516094,0.28533075251142,0.28533075251142,best,True
Unknown,N/A,N/A,13.1187562,80.2077881,385,13.118741121954308,80.20699483516094,0.11184188139107415,0.11184188139107415,best,True
Unknown,N/A,N/A,13.1175957,80.2080896,385,13.118741121954308,80.20699483516094,0.22572764238766468,0.22572764238766468,best,True
Unknown,N/A,N/A,13.0823253,80.1116375,386,13.077648138362605,80.11151493748156,0.6728937112401826,0.6728937112401826,best,True
Unknown,N/A,N/A,13.0794818,80.1130084,386,13.077648138362605,80.11151493748156,0.3374632427390898,0.3374632427390898,best,True
Unknown,N/A,N/A,13.073938859224048,80.11208998108356,386,13.077648138362605,80.11151493748156,0.5395956825066622,0.5395956825066622,best,True
Unknown,N/A,N/A,13.0807594,80.11233109999999,386,13.077648138362605,80.11151493748156,0.46202137076142913,0.46202137076142913,best,True
Unknown,N/A,N/A,13.082076746011484,80.10918772015809,386,13.077648138362605,80.11151493748156,0.7164665593160686,0.7164665593160686,best,True
Unknown,N/A,N/A,13.0823253,80.1116375,386,13.077648138362605,80.11151493748156,0.6728937112401826,0.6728937112401826,best,True
Unknown,N/A,N/A,13.07804895300855,80.11576466524284,386,13.077648138362605,80.11151493748156,0.6019192098654166,0.6019192098654166,best,True
Unknown,N/A,N/A,13.07372234581783,80.1121370486539,386,13.077648138362605,80.11151493748156,0.5713814004984108,0.5713814004984108,best,True
Unknown,N/A,N/A,13.08036543762461,80.11573838657263,386,13.077648138362605,80.11151493748156,0.712237178099526,0.712237178099526,best,True
Unknown,N/A,N/A,13.07724620354643,80.11104387905995,386,13.077648138362605,80.11151493748156,0.08804684228380256,0.08804684228380256,best,True
Unknown,N/A,N/A,13.074477615782198,80.10745841840733,386,13.077648138362605,80.11151493748156,0.7314453024045431,0.7314453024045431,best,True
Unknown,N/A,N/A,13.073723794749435,80.11214380973868,386,13.077648138362605,80.11151493748156,0.5713226393434909,0.5713226393434909,best,True
Unknown,N/A,N/A,13.079854128584849,80.1127146558891,386,13.077648138362605,80.11151493748156,0.35953785197135496,0.35953785197135496,best,True
Unknown,N/A,N/A,13.0773771,80.1117548,386,13.077648138362605,80.11151493748156,0.051605423910492075,0.051605423910492075,best,True
Unknown,N/A,N/A,13.077015387305051,80.11388413242321,386,13.077648138362605,80.11151493748156,0.3461988734925414,0.3461988734925414,best,True
Unknown,N/A,N/A,13.1143212,80.15447429999999,388,13.114630973468305,80.15449504693397,0.04464778874930853,0.04464778874930853,best,True
Unknown,N/A,N/A,13.1143212,80.15447429999999,388,13.114630973468305,80.15449504693397,0.04464778874930853,0.04464778874930853,best,True
Unknown,N/A,N/A,13.1163242,80.1510921,388,13.114630973468305,80.15449504693397,0.5379686913548529,0.5379686913548529,best,True
Unknown,N/A,N/A,13.1143212,80.15447429999999,388,13.114630973468305,80.15449504693397,0.04464778874930853,0.04464778874930853,best,True
Unknown,N/A,N/A,13.1173768,80.1567109,388,13.114630973468305,80.15449504693397,0.5035059904575114,0.5035059904575114,best,True
Unknown,N/A,N/A,13.1143212,80.15447429999999,388,13.114630973468305,80.15449504693397,0.04464778874930853,0.04464778874930853,best,True
Unknown,N/A,N/A,13.1143212,80.15447429999999,388,13.114630973468305,80.15449504693397,0.04464778874930853,0.04464778874930853,best,True
Unknown,N/A,N/A,13.1143212,80.15447429999999,388,13.114630973468305,80.15449504693397,0.04464778874930853,0.04464778874930853,best,True
Unknown,N/A,N/A,13.1143212,80.15447429999999,388,13.114630973468305,80.15449504693397,0.04464778874930853,0.04464778874930853,best,True
Unknown,N/A,N/A,13.1143212,80.15447429999999,388,13.114630973468305,80.15449504693397,0.04464778874930853,0.04464778874930853,best,True
Unknown,N/A,N/A,13.1143212,80.15447429999999,388,13.114630973468305,80.15449504693397,0.04464778874930853,0.04464778874930853,best,True
Unknown,N/A,N/A,13.1143212,80.15447429999999,388,13.114630973468305,80.15449504693397,0.04464778874930853,0.04464778874930853,best,True
Unknown,N/A,N/A,13.1143212,80.15447429999999,388,13.114630973468305,80.15449504693397,0.04464778874930853,0.04464778874930853,best,True
Unknown,N/A,N/A,13.1143212,80.15447429999999,388,13.114630973468305,80.15449504693397,0.04464778874930853,0.04464778874930853,best,True
Unknown,N/A,N/A,13.11355263424424,80.15272825739117,388,13.114630973468305,80.15449504693397,0.2933960801706054,0.2933960801706054,best,True
Unknown,N/A,N/A,13.1143212,80.15447429999999,388,13.114630973468305,80.15449504693397,0.04464778874930853,0.04464778874930853,best,True
Unknown,N/A,N/A,13.11529731471698,80.15771864048662,388,13.114630973468305,80.15449504693397,0.46440934033814923,0.46440934033814923,best,True
Unknown,N/A,N/A,13.110457625641452,80.14928078504774,389,13.110200229332335,80.15234792469849,0.4339492649093375,0.4339492649093375,best,True
Unknown,N/A,N/A,13.1106306753853,80.15553783620174,389,13.110200229332335,80.15234792469849,0.4539154982383107,0.4539154982383107,best,True
Unknown,N/A,N/A,13.111482462750828,80.1514308019961,389,13.110200229332335,80.15234792469849,0.22521588644056972,0.22521588644056972,best,True
Unknown,N/A,N/A,13.112097962212706,80.15065291658374,389,13.110200229332335,80.15234792469849,0.36274687200237576,0.36274687200237576,best,True
Unknown,N/A,N/A,13.105431313503546,80.15257309719262,389,13.110200229332335,80.15234792469849,0.6866035567894323,0.6866035567894323,best,True
Unknown,N/A,N/A,13.110312775829318,80.15222215093964,389,13.110200229332335,80.15234792469849,0.024007456017200644,0.024007456017200644,best,True
Unknown,N/A,N/A,13.11105234103164,80.15171539995526,389,13.110200229332335,80.15234792469849,0.15155633908148855,0.15155633908148855,best,True
Unknown,N/A,N/A,13.110471459378497,80.1516242794695,389,13.110200229332335,80.15234792469849,0.109214548267483,0.109214548267483,best,True
Unknown,N/A,N/A,13.1109389,80.15304139999999,389,13.110200229332335,80.15234792469849,0.1443698858703381,0.1443698858703381,best,True
Unknown,N/A,N/A,13.1106165,80.15215839999999,389,13.110200229332335,80.15234792469849,0.06555924997407239,0.06555924997407239,best,True
Unknown,N/A,N/A,13.1103367,80.1525261,389,13.110200229332335,80.15234792469849,0.03187622075472567,0.03187622075472567,best,True
Unknown,N/A,N/A,13.110342513130302,80.15212051384154,389,13.110200229332335,80.15234792469849,0.038032065265946095,0.038032065265946095,best,True
Unknown,N/A,N/A,13.110864343950112,80.15429518028405,389,13.110200229332335,80.15234792469849,0.29064232080541746,0.29064232080541746,best,True
Unknown,N/A,N/A,13.110263759048236,80.15225059035745,389,13.110200229332335,80.15234792469849,0.016484800398505264,0.016484800398505264,best,True
Unknown,N/A,N/A,13.110664015690698,80.15192083701783,389,13.110200229332335,80.15234792469849,0.08985477492742301,0.08985477492742301,best,True
Unknown,N/A,N/A,13.112114037252637,80.15155179379032,389,13.110200229332335,80.15234792469849,0.2972461683747832,0.2972461683747832,best,True
Unknown,N/A,N/A,13.10682724330752,80.15079934161827,389,13.110200229332335,80.15234792469849,0.5319615907772017,0.5319615907772017,best,True
Unknown,N/A,N/A,13.109084398549866,80.15875858033469,389,13.110200229332335,80.15234792469849,0.9178359019729626,0.9178359019729626,best,True
Unknown,N/A,N/A,13.109815330651742,80.15015056464053,389,13.110200229332335,80.15234792469849,0.3146645117114737,0.3146645117114737,best,True
Unknown,N/A,N/A,13.0616045,80.2779186,390,13.063557557594487,80.27934602664595,0.34554927569238747,0.34554927569238747,best,True
Unknown,N/A,N/A,13.0639677,80.2805753,390,13.063557557594487,80.27934602664595,0.18308294412722792,0.18308294412722792,best,True
Unknown,N/A,N/A,13.0639677,80.2805753,390,13.063557557594487,80.27934602664595,0.18308294412722792,0.18308294412722792,best,True
Unknown,N/A,N/A,13.064690330377951,80.27831490658386,390,13.063557557594487,80.27934602664595,0.2183514711707019,0.2183514711707019,best,True
Unknown,N/A,N/A,13.0587341,80.2740342,391,13.058482943272658,80.27427493908039,0.04956731209637027,0.04956731209637027,best,True
Unknown,N/A,N/A,13.0587341,80.2740342,391,13.058482943272658,80.27427493908039,0.04956731209637027,0.04956731209637027,best,True
Unknown,N/A,N/A,13.055803757020076,80.2777600688523,391,13.058482943272658,80.27427493908039,0.6244536103017386,0.6244536103017386,best,True
Unknown,N/A,N/A,13.0587341,80.2740342,391,13.058482943272658,80.27427493908039,0.04956731209637027,0.04956731209637027,best,True
Unknown,N/A,N/A,13.0587341,80.2740342,391,13.058482943272658,80.27427493908039,0.04956731209637027,0.04956731209637027,best,True
Unknown,N/A,N/A,13.057614427414888,80.27318050093339,391,13.058482943272658,80.27427493908039,0.19853214903697636,0.19853214903697636,best,True
Unknown,N/A,N/A,13.057484871753603,80.27480363804455,391,13.058482943272658,80.27427493908039,0.16174532800558633,0.16174532800558633,best,True
Unknown,N/A,N/A,13.0587341,80.2740342,391,13.058482943272658,80.27427493908039,0.04956731209637027,0.04956731209637027,best,True
Unknown,N/A,N/A,13.0587341,80.2740342,391,13.058482943272658,80.27427493908039,0.04956731209637027,0.04956731209637027,best,True
Unknown,N/A,N/A,13.0587341,80.2740342,391,13.058482943272658,80.27427493908039,0.04956731209637027,0.04956731209637027,best,True
Unknown,N/A,N/A,13.0587341,80.2740342,391,13.058482943272658,80.27427493908039,0.04956731209637027,0.04956731209637027,best,True
Unknown,N/A,N/A,13.058716760305744,80.27417901617476,391,13.058482943272658,80.27427493908039,0.036245537603887885,0.036245537603887885,best,True
Unknown,N/A,N/A,13.0587341,80.2740342,391,13.058482943272658,80.27427493908039,0.04956731209637027,0.04956731209637027,best,True
Unknown,N/A,N/A,13.058731249696883,80.27412441974849,391,13.058482943272658,80.27427493908039,0.041541755674132014,0.041541755674132014,best,True
Unknown,N/A,N/A,13.0587341,80.2740342,391,13.058482943272658,80.27427493908039,0.04956731209637027,0.04956731209637027,best,True
Unknown,N/A,N/A,13.0587341,80.2740342,391,13.058482943272658,80.27427493908039,0.04956731209637027,0.04956731209637027,best,True
Unknown,N/A,N/A,13.0587341,80.2740342,391,13.058482943272658,80.27427493908039,0.04956731209637027,0.04956731209637027,best,True
Unknown,N/A,N/A,13.0580336,80.2782031,391,13.058482943272658,80.27427493908039,0.5576172235140598,0.5576172235140598,best,True
Unknown,N/A,N/A,13.058787379736234,80.27417472909147,391,13.058482943272658,80.27427493908039,0.04600747839966503,0.04600747839966503,best,True
Unknown,N/A,N/A,13.0569349,80.2739821,391,13.058482943272658,80.27427493908039,0.2264363065134253,0.2264363065134253,best,True
Unknown,N/A,N/A,13.058896155657084,80.27421121793449,391,13.058482943272658,80.27427493908039,0.06010363090280589,0.06010363090280589,best,True
Unknown,N/A,N/A,13.058828322421974,80.27421459213816,391,13.058482943272658,80.27427493908039,0.05039601669526658,0.05039601669526658,best,True
Unknown,N/A,N/A,13.058807095597338,80.27421580550993,391,13.058482943272658,80.27427493908039,0.04735938064022174,0.04735938064022174,best,True
Unknown,N/A,N/A,13.058806741577548,80.27419946150857,391,13.058482943272658,80.27427493908039,0.04776928137945201,0.04776928137945201,best,True
Unknown,N/A,N/A,13.0593115,80.2715742,391,13.058482943272658,80.27427493908039,0.39900533196181087,0.39900533196181087,best,True
Unknown,N/A,N/A,13.0587341,80.2740342,391,13.058482943272658,80.27427493908039,0.04956731209637027,0.04956731209637027,best,True
Unknown,N/A,N/A,13.058739407180427,80.27415590523407,391,13.058482943272658,80.27427493908039,0.040523635228854764,0.040523635228854764,best,True
Unknown,N/A,N/A,13.0647967943069,80.27395924359625,392,13.063223327081,80.2725372133727,0.3023399739833198,0.3023399739833198,best,True
Unknown,N/A,N/A,13.0625442,80.2742479,392,13.063223327081,80.2725372133727,0.2602232454909738,0.2602232454909738,best,True
Unknown,N/A,N/A,13.063021949854516,80.27416902418156,392,13.063223327081,80.2725372133727,0.23189199675775707,0.23189199675775707,best,True
Unknown,N/A,N/A,13.065564827691984,80.27239410104058,392,13.063223327081,80.2725372133727,0.3373594027050055,0.3373594027050055,best,True
Unknown,N/A,N/A,13.066361893643528,80.2738068613492,392,13.063223327081,80.2725372133727,0.48559040114913626,0.48559040114913626,best,True
Unknown,N/A,N/A,13.0606746,80.26859259999999,392,13.063223327081,80.2725372133727,0.6661019119274104,0.6661019119274104,best,True
Unknown,N/A,N/A,13.06462630744347,80.27397549197262,392,13.063223327081,80.2725372133727,0.28607209053340216,0.28607209053340216,best,True
Unknown,N/A,N/A,13.062756407181556,80.27086649294823,392,13.063223327081,80.2725372133727,0.24494720262531022,0.24494720262531022,best,True
Unknown,N/A,N/A,13.0608629,80.27251199999999,392,13.063223327081,80.2725372133727,0.33949598932223357,0.33949598932223357,best,True
Unknown,N/A,N/A,13.062464051654764,80.2743278637937,392,13.063223327081,80.2725372133727,0.2750756571168028,0.2750756571168028,best,True
Unknown,N/A,N/A,13.0636015,80.27159209999999,392,13.063223327081,80.2725372133727,0.14392779663404484,0.14392779663404484,best,True
Unknown,N/A,N/A,13.06140449319524,80.27000288159037,392,13.063223327081,80.2725372133727,0.4428431757076029,0.4428431757076029,best,True
Unknown,N/A,N/A,13.1070729,79.9579151,393,13.110203848412624,79.95717846881752,0.4621139242531411,0.4621139242531411,best,True
Unknown,N/A,N/A,13.1065377,79.95874719999999,393,13.110203848412624,79.95717846881752,0.5717656039299696,0.5717656039299696,best,True
Unknown,N/A,N/A,13.106737855472607,79.95873607682357,393,13.110203848412624,79.95717846881752,0.5446990213486007,0.5446990213486007,best,True
Unknown,N/A,N/A,13.106689592829666,79.95874857126053,393,13.110203848412624,79.95717846881752,0.5517625365270601,0.5517625365270601,best,True
Unknown,N/A,N/A,13.0497054,80.09124059999999,394,13.049709818911316,80.0926718460856,0.20180965032139525,0.20180965032139525,best,True
Unknown,N/A,N/A,13.050794551569195,80.09354914676894,394,13.049709818911316,80.0926718460856,0.19909780340671956,0.19909780340671956,best,True
Unknown,N/A,N/A,13.0497054,80.09124059999999,394,13.049709818911316,80.0926718460856,0.20180965032139525,0.20180965032139525,best,True
Unknown,N/A,N/A,13.05040496559757,80.09254065393618,394,13.049709818911316,80.0926718460856,0.10167307527877108,0.10167307527877108,best,True
Unknown,N/A,N/A,13.047496167181214,80.0937133918516,394,13.049709818911316,80.0926718460856,0.3506082096394014,0.3506082096394014,best,True
Unknown,N/A,N/A,13.050471649184066,80.09336116477657,394,13.049709818911316,80.0926718460856,0.14646413216498702,0.14646413216498702,best,True
Unknown,N/A,N/A,13.050465069794432,80.09329962383703,394,13.049709818911316,80.0926718460856,0.1401205888979992,0.1401205888979992,best,True
Unknown,N/A,N/A,13.049711021843253,80.09225682435938,394,13.049709818911316,80.0926718460856,0.05851917434358029,0.05851917434358029,best,True
Unknown,N/A,N/A,13.04725551527781,80.09413603684004,394,13.049709818911316,80.0926718460856,0.4089221975472731,0.4089221975472731,best,True
Unknown,N/A,N/A,13.0497054,80.09124059999999,394,13.049709818911316,80.0926718460856,0.20180965032139525,0.20180965032139525,best,True
Unknown,N/A,N/A,13.0498229,80.09327979999999,394,13.049709818911316,80.0926718460856,0.08725184061432413,0.08725184061432413,best,True
Unknown,N/A,N/A,13.050420977166125,80.09330519197385,394,13.049709818911316,80.0926718460856,0.1357792049188943,0.1357792049188943,best,True
Unknown,N/A,N/A,13.050273047144778,80.09300161085466,394,13.049709818911316,80.0926718460856,0.09340018825475264,0.09340018825475264,best,True
Unknown,N/A,N/A,13.0497054,80.09124059999999,394,13.049709818911316,80.0926718460856,0.20180965032139525,0.20180965032139525,best,True
Unknown,N/A,N/A,13.048753857311322,80.08833914573627,395,13.04906523905702,80.08799600046129,0.06592844605522702,0.06592844605522702,best,True
Unknown,N/A,N/A,13.04948891069592,80.08863971296269,395,13.04906523905702,80.08799600046129,0.10932085301196522,0.10932085301196522,best,True
Unknown,N/A,N/A,13.048732698916472,80.08722798349208,395,13.04906523905702,80.08799600046129,0.1183830766315069,0.1183830766315069,best,True
Unknown,N/A,N/A,13.048931841897655,80.08756321616032,395,13.04906523905702,80.08799600046129,0.06396841574308734,0.06396841574308734,best,True
Unknown,N/A,N/A,13.04917400841732,80.08844569635028,395,13.04906523905702,80.08799600046129,0.06530934175049659,0.06530934175049659,best,True
Unknown,N/A,N/A,13.049211833396658,80.088554133274,395,13.04906523905702,80.08799600046129,0.08147322624173924,0.08147322624173924,best,True
Unknown,N/A,N/A,13.0495193,80.08848669999999,395,13.04906523905702,80.08799600046129,0.09514053512539038,0.09514053512539038,best,True
Unknown,N/A,N/A,13.049005063077724,80.08787717889453,395,13.04906523905702,80.08799600046129,0.018857402461449072,0.018857402461449072,best,True
Unknown,N/A,N/A,13.04891626720582,80.08743064865654,395,13.04906523905702,80.08799600046129,0.08254500616669044,0.08254500616669044,best,True
Unknown,N/A,N/A,13.04873105869959,80.08581299934899,395,13.04906523905702,80.08799600046129,0.3115383047078327,0.3115383047078327,best,True
Unknown,N/A,N/A,13.049145937555403,80.08788027672664,395,13.04906523905702,80.08799600046129,0.02002388569311237,0.02002388569311237,best,True
Unknown,N/A,N/A,13.049088010218496,80.08805433716138,395,13.04906523905702,80.08799600046129,0.008853590800551165,0.008853590800551165,best,True
Unknown,N/A,N/A,13.0489683,80.08913299999999,395,13.04906523905702,80.08799600046129,0.16092478913618216,0.16092478913618216,best,True
Unknown,N/A,N/A,13.048892570745029,80.08742606891727,395,13.04906523905702,80.08799600046129,0.08411123218165852,0.08411123218165852,best,True
Unknown,N/A,N/A,13.048938702505705,80.08737733265497,395,13.04906523905702,80.08799600046129,0.08911173515118057,0.08911173515118057,best,True
Unknown,N/A,N/A,13.04901746674581,80.08755735475144,395,13.04906523905702,80.08799600046129,0.06223055691002369,0.06223055691002369,best,True
Unknown,N/A,N/A,13.04885890706509,80.08760379690952,395,13.04906523905702,80.08799600046129,0.0627603640281815,0.0627603640281815,best,True
Unknown,N/A,N/A,13.048922228377542,80.0874397005399,395,13.04906523905702,80.08799600046129,0.08109140340753188,0.08109140340753188,best,True
Unknown,N/A,N/A,13.048865763682558,80.08719581045685,395,13.04906523905702,80.08799600046129,0.11641893231161364,0.11641893231161364,best,True
Unknown,N/A,N/A,13.048919817618335,80.08829601388157,395,13.04906523905702,80.08799600046129,0.04719036516816224,0.04719036516816224,best,True
Unknown,N/A,N/A,13.0489683,80.08913299999999,395,13.04906523905702,80.08799600046129,0.16092478913618216,0.16092478913618216,best,True
Unknown,N/A,N/A,13.050048404506256,80.0884214146549,395,13.04906523905702,80.08799600046129,0.15359623836843808,0.15359623836843808,best,True
Unknown,N/A,N/A,13.0489683,80.08913299999999,395,13.04906523905702,80.08799600046129,0.16092478913618216,0.16092478913618216,best,True
Unknown,N/A,N/A,13.049035026184342,80.08762702381239,395,13.04906523905702,80.08799600046129,0.05220774525151184,0.05220774525151184,best,True
Unknown,N/A,N/A,13.048750333279278,80.08740502832464,395,13.04906523905702,80.08799600046129,0.09484099781711526,0.09484099781711526,best,True
Unknown,N/A,N/A,13.049389246437284,80.08934473878757,395,13.04906523905702,80.08799600046129,0.19580111020431054,0.19580111020431054,best,True
Unknown,N/A,N/A,13.0495193,80.08848669999999,395,13.04906523905702,80.08799600046129,0.09514053512539038,0.09514053512539038,best,True
Unknown,N/A,N/A,13.0527883,80.0902264,396,13.053367049999999,80.0887254,0.22742082825935483,0.22742082825935483,best,True
Unknown,N/A,N/A,13.0527883,80.0902264,396,13.053367049999999,80.0887254,0.22742082825935483,0.22742082825935483,best,True
Unknown,N/A,N/A,13.0527883,80.0902264,396,13.053367049999999,80.0887254,0.22742082825935483,0.22742082825935483,best,True
Unknown,N/A,N/A,13.0551033,80.0842224,396,13.053367049999999,80.0887254,0.6822597428869404,0.6822597428869404,best,True
Unknown,N/A,N/A,13.035715234285387,80.13759833592742,397,13.037072883738276,80.1390576163032,0.28366831416661425,0.28366831416661425,best,True
Unknown,N/A,N/A,13.03684042297716,80.14247810628665,397,13.037072883738276,80.1390576163032,0.4834781638707865,0.4834781638707865,best,True
Unknown,N/A,N/A,13.0360662,80.1388067,397,13.037072883738276,80.1390576163032,0.14904187002714134,0.14904187002714134,best,True
Unknown,N/A,N/A,13.037387620189476,80.1372351460502,397,13.037072883738276,80.1390576163032,0.260941027813382,0.260941027813382,best,True
Unknown,N/A,N/A,13.03750756917444,80.1388182275307,397,13.037072883738276,80.1390576163032,0.0710477114225557,0.0710477114225557,best,True
Unknown,N/A,N/A,13.038920255803191,80.13940918202428,397,13.037072883738276,80.1390576163032,0.2702744661521492,0.2702744661521492,best,True
Unknown,N/A,N/A,13.037900466713914,80.13478022818602,398,13.037434389336163,80.13478845863403,0.06704131738458248,0.06704131738458248,best,True
Unknown,N/A,N/A,13.03793306048074,80.1353534190683,398,13.037434389336163,80.13478845863403,0.10719152945692835,0.10719152945692835,best,True
Unknown,N/A,N/A,13.03829692824642,80.13434279319766,398,13.037434389336163,80.13478845863403,0.13906009018359008,0.13906009018359008,best,True
Unknown,N/A,N/A,13.0378524,80.1350401,398,13.037434389336163,80.13478845863403,0.06980904391780228,0.06980904391780228,best,True
Unknown,N/A,N/A,13.0372987,80.1346324,398,13.037434389336163,80.13478845863403,0.029412228737526393,0.029412228737526393,best,True
Unknown,N/A,N/A,13.0378524,80.1350401,398,13.037434389336163,80.13478845863403,0.06980904391780228,0.06980904391780228,best,True
Unknown,N/A,N/A,13.038257876652564,80.13457912532525,398,13.037434389336163,80.13478845863403,0.12205700315167656,0.12205700315167656,best,True
Unknown,N/A,N/A,13.0372987,80.1346324,398,13.037434389336163,80.13478845863403,0.029412228737526393,0.029412228737526393,best,True
Unknown,N/A,N/A,13.0369339,80.1366171,398,13.037434389336163,80.13478845863403,0.2677134105403541,0.2677134105403541,best,True
Unknown,N/A,N/A,13.0378524,80.1350401,398,13.037434389336163,80.13478845863403,0.06980904391780228,0.06980904391780228,best,True
Unknown,N/A,N/A,13.038226829197358,80.13457429336813,398,13.037434389336163,80.13478845863403,0.11790192832974457,0.11790192832974457,best,True
Unknown,N/A,N/A,13.038141155557348,80.13478902966104,398,13.037434389336163,80.13478845863403,0.10164718527963111,0.10164718527963111,best,True
Unknown,N/A,N/A,13.0379422,80.1348731,398,13.037434389336163,80.13478845863403,0.07400215866785745,0.07400215866785745,best,True
Unknown,N/A,N/A,13.0380617,80.1353549,398,13.037434389336163,80.13478845863403,0.1204962892923213,0.1204962892923213,best,True
Unknown,N/A,N/A,13.0378524,80.1350401,398,13.037434389336163,80.13478845863403,0.06980904391780228,0.06980904391780228,best,True
Unknown,N/A,N/A,13.0379422,80.1348731,398,13.037434389336163,80.13478845863403,0.07400215866785745,0.07400215866785745,best,True
Unknown,N/A,N/A,13.035086,80.1339699,398,13.037434389336163,80.13478845863403,0.35692413257357286,0.35692413257357286,best,True
Unknown,N/A,N/A,13.0380617,80.1353549,398,13.037434389336163,80.13478845863403,0.1204962892923213,0.1204962892923213,best,True
Unknown,N/A,N/A,13.036116736034984,80.13459901739124,398,13.037434389336163,80.13478845863403,0.19137844645636262,0.19137844645636262,best,True
Unknown,N/A,N/A,13.0380617,80.1353549,398,13.037434389336163,80.13478845863403,0.1204962892923213,0.1204962892923213,best,True
Unknown,N/A,N/A,13.0369169,80.1356108,398,13.037434389336163,80.13478845863403,0.1377871964761753,0.1377871964761753,best,True
Unknown,N/A,N/A,13.0362072,80.1345897,398,13.037434389336163,80.13478845863403,0.17870585595204228,0.17870585595204228,best,True
Unknown,N/A,N/A,13.0378524,80.1350401,398,13.037434389336163,80.13478845863403,0.06980904391780228,0.06980904391780228,best,True
Unknown,N/A,N/A,13.0381912269876,80.13475513801679,398,13.037434389336163,80.13478845863403,0.10894978864663382,0.10894978864663382,best,True
Unknown,N/A,N/A,13.038339034237234,80.13436506758215,398,13.037434389336163,80.13478845863403,0.14314992678989566,0.14314992678989566,best,True
Unknown,N/A,N/A,13.0378524,80.1350401,398,13.037434389336163,80.13478845863403,0.06980904391780228,0.06980904391780228,best,True
Unknown,N/A,N/A,13.0378524,80.1350401,398,13.037434389336163,80.13478845863403,0.06980904391780228,0.06980904391780228,best,True
Unknown,N/A,N/A,13.038237619425496,80.13439434124378,398,13.037434389336163,80.13478845863403,0.12819312933814794,0.12819312933814794,best,True
Unknown,N/A,N/A,13.034301740870724,80.13420962016882,398,13.037434389336163,80.13478845863403,0.4578714515274798,0.4578714515274798,best,True
Unknown,N/A,N/A,13.038198641689034,80.1347259972725,398,13.037434389336163,80.13478845863403,0.1102671289942183,0.1102671289942183,best,True
Unknown,N/A,N/A,13.0346208,80.1327951,398,13.037434389336163,80.13478845863403,0.49269641206449205,0.49269641206449205,best,True
Unknown,N/A,N/A,13.0372987,80.1346324,398,13.037434389336163,80.13478845863403,0.029412228737526393,0.029412228737526393,best,True
Unknown,N/A,N/A,13.038229861095637,80.13475335217416,398,13.037434389336163,80.13478845863403,0.11451183934549704,0.11451183934549704,best,True
Unknown,N/A,N/A,13.0350903,80.1339712,398,13.037434389336163,80.13478845863403,0.3562796562661695,0.3562796562661695,best,True
Unknown,N/A,N/A,13.03800520012492,80.13501594769548,398,13.037434389336163,80.13478845863403,0.08813868046290084,0.08813868046290084,best,True
Unknown,N/A,N/A,13.0372987,80.1346324,398,13.037434389336163,80.13478845863403,0.029412228737526393,0.029412228737526393,best,True
Unknown,N/A,N/A,13.0372987,80.1346324,398,13.037434389336163,80.13478845863403,0.029412228737526393,0.029412228737526393,best,True
Unknown,N/A,N/A,13.0372987,80.1346324,398,13.037434389336163,80.13478845863403,0.029412228737526393,0.029412228737526393,best,True
Unknown,N/A,N/A,13.0372987,80.1346324,398,13.037434389336163,80.13478845863403,0.029412228737526393,0.029412228737526393,best,True
Unknown,N/A,N/A,13.0380617,80.1353549,398,13.037434389336163,80.13478845863403,0.1204962892923213,0.1204962892923213,best,True
Unknown,N/A,N/A,13.036192446808426,80.13451520802795,398,13.037434389336163,80.13478845863403,0.18272488902122996,0.18272488902122996,best,True
Unknown,N/A,N/A,13.03821351733266,80.13468394288444,398,13.037434389336163,80.13478845863403,0.11301923734132614,0.11301923734132614,best,True
Unknown,N/A,N/A,13.0378524,80.1350401,398,13.037434389336163,80.13478845863403,0.06980904391780228,0.06980904391780228,best,True
Unknown,N/A,N/A,13.0307317,80.1400436,399,13.031552488379585,80.13747887199708,0.3804365480449123,0.3804365480449123,best,True
Unknown,N/A,N/A,13.030347973982636,80.13921219188465,399,13.031552488379585,80.13747887199708,0.29958460203494774,0.29958460203494774,best,True
Unknown,N/A,N/A,13.033178029530648,80.13513665625835,399,13.031552488379585,80.13747887199708,0.40464876140994654,0.40464876140994654,best,True
Unknown,N/A,N/A,13.033236853401496,80.13513325687757,399,13.031552488379585,80.13747887199708,0.4099813515746253,0.4099813515746253,best,True
Unknown,N/A,N/A,13.028588,80.1386971,399,13.031552488379585,80.13747887199708,0.45965971461891564,0.45965971461891564,best,True
Unknown,N/A,N/A,13.033213358964856,80.13504997747516,399,13.031552488379585,80.13747887199708,0.4175708778721116,0.4175708778721116,best,True
Unknown,N/A,N/A,13.028585461169406,80.13857544345365,399,13.031552488379585,80.13747887199708,0.45387089942206227,0.45387089942206227,best,True
Unknown,N/A,N/A,13.034023212343126,80.13790237293442,399,13.031552488379585,80.13747887199708,0.3603227338082822,0.3603227338082822,best,True
Unknown,N/A,N/A,13.032067806024106,80.13755924908993,399,13.031552488379585,80.13747887199708,0.07497463628816906,0.07497463628816906,best,True
Unknown,N/A,N/A,13.033663916491344,80.25030100898437,400,13.039391820508486,80.24814839611653,0.8779302357881182,0.8779302357881182,best,True
Unknown,N/A,N/A,13.039157,80.2470897,400,13.039391820508486,80.24814839611653,0.15305695414661719,0.15305695414661719,best,True
Unknown,N/A,N/A,13.0350484,80.246234,400,13.039391820508486,80.24814839611653,0.6805037373893519,0.6805037373893519,best,True
Unknown,N/A,N/A,13.039157,80.2470897,400,13.039391820508486,80.24814839611653,0.15305695414661719,0.15305695414661719,best,True
Unknown,N/A,N/A,13.042273075364296,80.24404960106149,400,13.039391820508486,80.24814839611653,0.7111606718553571,0.7111606718553571,best,True
Unknown,N/A,N/A,13.040367103080191,80.24741989377796,400,13.039391820508486,80.24814839611653,0.1738580726741665,0.1738580726741665,best,True
Unknown,N/A,N/A,13.040389390842757,80.25043210989006,400,13.039391820508486,80.24814839611653,0.35253564811437876,0.35253564811437876,best,True
Unknown,N/A,N/A,13.0446825,80.24803290000001,400,13.039391820508486,80.24814839611653,0.7610803007089091,0.7610803007089091,best,True
Unknown,N/A,N/A,13.038867616840108,80.24825374027981,400,13.039391820508486,80.24814839611653,0.07684045947079524,0.07684045947079524,best,True
Unknown,N/A,N/A,13.0373532,80.2466509,400,13.039391820508486,80.24814839611653,0.36131900810538964,0.36131900810538964,best,True
Unknown,N/A,N/A,13.0385808,80.2470786,400,13.039391820508486,80.24814839611653,0.19068517828161488,0.19068517828161488,best,True
Unknown,N/A,N/A,13.0422234,80.2515572,400,13.039391820508486,80.24814839611653,0.629985853038152,0.629985853038152,best,True
Unknown,N/A,N/A,13.033580884578877,80.2493945291361,400,13.039391820508486,80.24814839611653,0.8540019481993981,0.8540019481993981,best,True
Unknown,N/A,N/A,12.9383783,80.23961779999999,401,12.9438974410852,80.23695264371378,0.878290038539645,0.878290038539645,best,True
Unknown,N/A,N/A,12.948736264340797,80.23539727485515,401,12.9438974410852,80.23695264371378,0.7296810047098524,0.7296810047098524,best,True
Unknown,N/A,N/A,12.9442825,80.2352555,401,12.9438974410852,80.23695264371378,0.2457236375942682,0.2457236375942682,best,True
Unknown,N/A,N/A,12.9441927,80.23754,401,12.9438974410852,80.23695264371378,0.09310143841925105,0.09310143841925105,best,True
Unknown,N/A,N/A,12.8278661,79.72316119999999,402,12.828232664441611,79.72316599236994,0.05272280886248646,0.05272280886248646,best,True
Unknown,N/A,N/A,12.8278661,79.72316119999999,402,12.828232664441611,79.72316599236994,0.05272280886248646,0.05272280886248646,best,True
Unknown,N/A,N/A,12.8278661,79.72316119999999,402,12.828232664441611,79.72316599236994,0.05272280886248646,0.05272280886248646,best,True
Unknown,N/A,N/A,12.8278661,79.72316119999999,402,12.828232664441611,79.72316599236994,0.05272280886248646,0.05272280886248646,best,True
Unknown,N/A,N/A,12.8278661,79.72316119999999,402,12.828232664441611,79.72316599236994,0.05272280886248646,0.05272280886248646,best,True
Unknown,N/A,N/A,12.8278661,79.72316119999999,402,12.828232664441611,79.72316599236994,0.05272280886248646,0.05272280886248646,best,True
Unknown,N/A,N/A,12.8278661,79.72316119999999,402,12.828232664441611,79.72316599236994,0.05272280886248646,0.05272280886248646,best,True
Unknown,N/A,N/A,12.8278661,79.72316119999999,402,12.828232664441611,79.72316599236994,0.05272280886248646,0.05272280886248646,best,True
Unknown,N/A,N/A,12.831314077994396,79.72418795269616,402,12.828232664441611,79.72316599236994,0.4660400903314685,0.4660400903314685,best,True
Unknown,N/A,N/A,12.828083766421727,79.72218237100334,402,12.828232664441611,79.72316599236994,0.14045712948980163,0.14045712948980163,best,True
Unknown,N/A,N/A,12.851436700387026,79.94289565148871,403,12.85161671870311,79.94281762894866,0.028133725414012805,0.028133725414012805,best,True
Unknown,N/A,N/A,12.851796737019193,79.94273960640861,403,12.85161671870311,79.94281762894866,0.028133722670929066,0.028133722670929066,best,True
Unknown,N/A,N/A,12.99605135635913,80.10990283177436,404,12.992272053444431,80.11127553662594,0.5769862846523228,0.5769862846523228,best,True
Unknown,N/A,N/A,12.9866795,80.1140268,404,12.992272053444431,80.11127553662594,0.8930248192180472,0.8930248192180472,best,True
Unknown,N/A,N/A,12.9917825,80.1089089,404,12.992272053444431,80.11127553662594,0.3411229196886994,0.3411229196886994,best,True
Unknown,N/A,N/A,12.9917825,80.1089089,404,12.992272053444431,80.11127553662594,0.3411229196886994,0.3411229196886994,best,True
Unknown,N/A,N/A,12.99610140801239,80.1093590999096,404,12.992272053444431,80.11127553662594,0.6134838829840856,0.6134838829840856,best,True
Unknown,N/A,N/A,12.995965874106655,80.10984033941959,404,12.992272053444431,80.11127553662594,0.568498042244293,0.568498042244293,best,True
Unknown,N/A,N/A,12.993793802855004,80.11137056840768,404,12.992272053444431,80.11127553662594,0.21926732726051004,0.21926732726051004,best,True
Unknown,N/A,N/A,12.9870043,80.1149166,404,12.992272053444431,80.11127553662594,0.9152433739994903,0.9152433739994903,best,True
Unknown,N/A,N/A,12.9957888,80.1079296,404,12.992272053444431,80.11127553662594,0.6917296261195865,0.6917296261195865,best,True
Unknown,N/A,N/A,12.9880971,80.11270189999999,404,12.992272053444431,80.11127553662594,0.6332429327239779,0.6332429327239779,best,True
Unknown,N/A,N/A,12.9958332,80.1102457,404,12.992272053444431,80.11127553662594,0.532358502620803,0.532358502620803,best,True
Unknown,N/A,N/A,12.872691,80.0820504,405,12.8758978903958,80.08089272714713,0.4892819615050319,0.4892819615050319,best,True
Unknown,N/A,N/A,12.87493210914231,80.07907809691497,405,12.8758978903958,80.08089272714713,0.2912923831746112,0.2912923831746112,best,True
Unknown,N/A,N/A,12.872691,80.0820504,405,12.8758978903958,80.08089272714713,0.4892819615050319,0.4892819615050319,best,True
Unknown,N/A,N/A,12.872691,80.0820504,405,12.8758978903958,80.08089272714713,0.4892819615050319,0.4892819615050319,best,True
Unknown,N/A,N/A,12.872691,80.0820504,405,12.8758978903958,80.08089272714713,0.4892819615050319,0.4892819615050319,best,True
Unknown,N/A,N/A,12.872691,80.0820504,405,12.8758978903958,80.08089272714713,0.4892819615050319,0.4892819615050319,best,True
Unknown,N/A,N/A,12.872691,80.0820504,405,12.8758978903958,80.08089272714713,0.4892819615050319,0.4892819615050319,best,True
Unknown,N/A,N/A,12.872691,80.0820504,405,12.8758978903958,80.08089272714713,0.4892819615050319,0.4892819615050319,best,True
Unknown,N/A,N/A,12.872691,80.0820504,405,12.8758978903958,80.08089272714713,0.4892819615050319,0.4892819615050319,best,True
Unknown,N/A,N/A,12.872691,80.0820504,405,12.8758978903958,80.08089272714713,0.4892819615050319,0.4892819615050319,best,True
Unknown,N/A,N/A,12.872691,80.0820504,405,12.8758978903958,80.08089272714713,0.4892819615050319,0.4892819615050319,best,True
Unknown,N/A,N/A,12.872691,80.0820504,405,12.8758978903958,80.08089272714713,0.4892819615050319,0.4892819615050319,best,True
Unknown,N/A,N/A,12.880885663496544,80.0805019572552,405,12.8758978903958,80.08089272714713,0.7194489221998831,0.7194489221998831,best,True
Unknown,N/A,N/A,12.87578503755417,80.08647644001779,405,12.8758978903958,80.08089272714713,0.788028821163066,0.788028821163066,best,True
Unknown,N/A,N/A,12.88081104274752,80.0804844836165,405,12.8758978903958,80.08089272714713,0.7089451966018511,0.7089451966018511,best,True
Unknown,N/A,N/A,12.880861432891248,80.08050984085193,405,12.8758978903958,80.08089272714713,0.7158896122215626,0.7158896122215626,best,True
Unknown,N/A,N/A,12.880874760531318,80.08050847752573,405,12.8758978903958,80.08089272714713,0.7178154234514792,0.7178154234514792,best,True
Unknown,N/A,N/A,12.880856761552868,80.08053944676098,405,12.8758978903958,80.08089272714713,0.7149163010873901,0.7149163010873901,best,True
Unknown,N/A,N/A,13.023983163426443,80.24306723006222,406,13.019144967325873,80.24194505430737,0.713596339740657,0.713596339740657,best,True
Unknown,N/A,N/A,13.0187228616772,80.24141099597618,406,13.019144967325873,80.24194505430737,0.09673340916911558,0.09673340916911558,best,True
Unknown,N/A,N/A,13.0174689,80.2449719,406,13.019144967325873,80.24194505430737,0.49020693208741645,0.49020693208741645,best,True
Unknown,N/A,N/A,13.0191703,80.2417265,406,13.019144967325873,80.24194505430737,0.031034984300216024,0.031034984300216024,best,True
Unknown,N/A,N/A,13.019163874800844,80.24156414120057,406,13.019144967325873,80.24194505430737,0.05378490696844771,0.05378490696844771,best,True
Unknown,N/A,N/A,13.01822793021107,80.24128169889066,406,13.019144967325873,80.24194505430737,0.1616952611605407,0.1616952611605407,best,True
Unknown,N/A,N/A,13.018524686279234,80.24137930831073,406,13.019144967325873,80.24194505430737,0.11967974845873941,0.11967974845873941,best,True
Unknown,N/A,N/A,13.016989540484998,80.24099001368667,406,13.019144967325873,80.24194505430737,0.33798577985783673,0.33798577985783673,best,True
Unknown,N/A,N/A,13.019705306478182,80.24178361619998,406,13.019144967325873,80.24194505430737,0.08374182460622308,0.08374182460622308,best,True
Unknown,N/A,N/A,13.0191703,80.2417265,406,13.019144967325873,80.24194505430737,0.031034984300216024,0.031034984300216024,best,True
Unknown,N/A,N/A,13.019442444552476,80.24171224736126,406,13.019144967325873,80.24194505430737,0.05392793896923321,0.05392793896923321,best,True
Unknown,N/A,N/A,13.0191703,80.2417265,406,13.019144967325873,80.24194505430737,0.031034984300216024,0.031034984300216024,best,True
Unknown,N/A,N/A,12.8180093,79.6930026,407,12.817913632623615,79.6929360872276,0.01665587631664038,0.01665587631664038,best,True
Unknown,N/A,N/A,12.817960968699824,79.69287495093823,407,12.817913632623615,79.6929360872276,0.01099059845590751,0.01099059845590751,best,True
Unknown,N/A,N/A,12.8181381,79.6923047,407,12.817913632623615,79.6929360872276,0.09477647608612197,0.09477647608612197,best,True
Unknown,N/A,N/A,12.818115676080566,79.69439995367001,407,12.817913632623615,79.6929360872276,0.20863214774446004,0.20863214774446004,best,True
Unknown,N/A,N/A,12.818000721456231,79.69273231019585,407,12.817913632623615,79.6929360872276,0.03136850369510136,0.03136850369510136,best,True
Unknown,N/A,N/A,12.8180093,79.6930026,407,12.817913632623615,79.6929360872276,0.01665587631664038,0.01665587631664038,best,True
Unknown,N/A,N/A,12.8180093,79.6930026,407,12.817913632623615,79.6929360872276,0.01665587631664038,0.01665587631664038,best,True
Unknown,N/A,N/A,12.819196029646552,79.6943239369403,407,12.817913632623615,79.6929360872276,0.26903518703539464,0.26903518703539464,best,True
Unknown,N/A,N/A,12.8197991,79.69102529999999,407,12.817913632623615,79.6929360872276,0.38243043108792424,0.38243043108792424,best,True
Unknown,N/A,N/A,12.817999938362563,79.69284463171506,407,12.817913632623615,79.6929360872276,0.017907090125345904,0.017907090125345904,best,True
Unknown,N/A,N/A,12.81789445416836,79.692829782055,407,12.817913632623615,79.6929360872276,0.015254522874514054,0.015254522874514054,best,True
Unknown,N/A,N/A,12.817945833035688,79.6928496570909,407,12.817913632623615,79.6929360872276,0.013047576563400517,0.013047576563400517,best,True
Unknown,N/A,N/A,12.817914421618616,79.69280081373238,407,12.817913632623615,79.6929360872276,0.01909179536718831,0.01909179536718831,best,True
Unknown,N/A,N/A,12.81789865735661,79.692688931774,407,12.817913632623615,79.6929360872276,0.034948041537741,0.034948041537741,best,True
Unknown,N/A,N/A,12.817036852429252,79.69213685607521,407,12.817913632623615,79.6929360872276,0.16918508848053604,0.16918508848053604,best,True
Unknown,N/A,N/A,12.8190871,79.6938828,407,12.817913632623615,79.6929360872276,0.21525274408482703,0.21525274408482703,best,True
Unknown,N/A,N/A,12.817933442165137,79.69279387684159,407,12.817913632623615,79.6929360872276,0.02027167026283171,0.02027167026283171,best,True
Unknown,N/A,N/A,12.8175186,79.6931881,407,12.817913632623615,79.6929360872276,0.0670276156659257,0.0670276156659257,best,True
Unknown,N/A,N/A,12.817076117948208,79.69457816835913,407,12.817913632623615,79.6929360872276,0.26118308252180583,0.26118308252180583,best,True
Unknown,N/A,N/A,12.817905945858673,79.69281560205802,407,12.817913632623615,79.6929360872276,0.01704024560701622,0.01704024560701622,best,True
Unknown,N/A,N/A,12.817797128389534,79.69262289573497,407,12.817913632623615,79.6929360872276,0.04727060117710266,0.04727060117710266,best,True
Unknown,N/A,N/A,12.8175186,79.6931881,407,12.817913632623615,79.6929360872276,0.0670276156659257,0.0670276156659257,best,True
Unknown,N/A,N/A,12.8175186,79.6931881,407,12.817913632623615,79.6929360872276,0.0670276156659257,0.0670276156659257,best,True
Unknown,N/A,N/A,12.817883139560468,79.69271852805379,407,12.817913632623615,79.6929360872276,0.031016224171820095,0.031016224171820095,best,True
Unknown,N/A,N/A,12.8175186,79.6931881,407,12.817913632623615,79.6929360872276,0.0670276156659257,0.0670276156659257,best,True
Unknown,N/A,N/A,12.81749256256314,79.69324484362228,407,12.817913632623615,79.6929360872276,0.07460572009624761,0.07460572009624761,best,True
Unknown,N/A,N/A,12.817916654174892,79.69270629813187,407,12.817913632623615,79.6929360872276,0.032433572402254154,0.032433572402254154,best,True
Unknown,N/A,N/A,12.817593502570505,79.69073019261215,407,12.817913632623615,79.6929360872276,0.3147091049104406,0.3147091049104406,best,True
Unknown,N/A,N/A,12.8168067,79.69348130000002,407,12.817913632623615,79.6929360872276,0.1768173837447946,0.1768173837447946,best,True
Unknown,N/A,N/A,12.8237801,79.6925801,408,12.823176613337619,79.69073598260717,0.2743492338690051,0.2743492338690051,best,True
Unknown,N/A,N/A,12.8233461,79.6907262,408,12.823176613337619,79.69073598260717,0.024414248113649457,0.024414248113649457,best,True
Unknown,N/A,N/A,12.8246847,79.688434,408,12.823176613337619,79.69073598260717,0.39062223274287217,0.39062223274287217,best,True
Unknown,N/A,N/A,12.821978259031004,79.69309800250257,408,12.823176613337619,79.69073598260717,0.37526740368787037,0.37526740368787037,best,True
Unknown,N/A,N/A,12.8255532,79.6890112,408,12.823176613337619,79.69073598260717,0.4196134981983722,0.4196134981983722,best,True
Unknown,N/A,N/A,12.8211606,79.69248,408,12.823176613337619,79.69073598260717,0.38032318255427355,0.38032318255427355,best,True
Unknown,N/A,N/A,12.821733334332324,79.6888223757476,408,12.823176613337619,79.69073598260717,0.3406185925806231,0.3406185925806231,best,True
Unknown,N/A,N/A,12.9251895,80.14357389999999,409,12.92282710966967,80.14389782244173,0.3428154249046337,0.3428154249046337,best,True
Unknown,N/A,N/A,12.922588,80.14311699999999,409,12.92282710966967,80.14389782244173,0.11539654231891762,0.11539654231891762,best,True
Unknown,N/A,N/A,12.928832478765282,80.14325565242149,409,12.92282710966967,80.14389782244173,0.8684231857903781,0.8684231857903781,best,True
Unknown,N/A,N/A,12.917770154449949,80.14567139314994,409,12.92282710966967,80.14389782244173,0.7691207949075504,0.7691207949075504,best,True
Unknown,N/A,N/A,12.92252308166428,80.14687375057281,409,12.92282710966967,80.14389782244173,0.4220960843262902,0.4220960843262902,best,True
Unknown,N/A,N/A,12.922373758623388,80.14241813821877,409,12.92282710966967,80.14389782244173,0.2186902048733741,0.2186902048733741,best,True
Unknown,N/A,N/A,12.9223725,80.1430328,409,12.92282710966967,80.14389782244173,0.13844323588751903,0.13844323588751903,best,True
Unknown,N/A,N/A,12.92250326081721,80.14723796391321,409,12.92282710966967,80.14389782244173,0.47350243487309696,0.47350243487309696,best,True
Unknown,N/A,N/A,12.9240317,80.1446029,409,12.92282710966967,80.14389782244173,0.1997669806236343,0.1997669806236343,best,True
Unknown,N/A,N/A,12.922439876171532,80.14203034041822,409,12.92282710966967,80.14389782244173,0.26927467175503345,0.26927467175503345,best,True
Unknown,N/A,N/A,12.923494934732908,80.14064079435485,409,12.92282710966967,80.14389782244173,0.4694111417196562,0.4694111417196562,best,True
Unknown,N/A,N/A,12.922517384472792,80.14742834961214,409,12.92282710966967,80.14389782244173,0.5000525337579084,0.5000525337579084,best,True
Unknown,N/A,N/A,12.9267747,80.1433691,409,12.92282710966967,80.14389782244173,0.5726163768762389,0.5726163768762389,best,True
Unknown,N/A,N/A,12.922386583434289,80.14229871419778,409,12.92282710966967,80.14389782244173,0.23431990678347278,0.23431990678347278,best,True
Unknown,N/A,N/A,12.92000563215007,80.14457076189952,409,12.92282710966967,80.14389782244173,0.4167386764039681,0.4167386764039681,best,True
Unknown,N/A,N/A,12.9199237,80.1440795,409,12.92282710966967,80.14389782244173,0.4183506390091138,0.4183506390091138,best,True
Unknown,N/A,N/A,12.92233361910269,80.14206192275068,409,12.92282710966967,80.14389782244173,0.2685457005513893,0.2685457005513893,best,True
Unknown,N/A,N/A,13.1389433,80.1353638,410,13.140422702198396,80.13615808701071,0.2404263563642827,0.2404263563642827,best,True
Unknown,N/A,N/A,13.141275569684096,80.13447341926582,410,13.140422702198396,80.13615808701071,0.2672641480666467,0.2672641480666467,best,True
Unknown,N/A,N/A,13.13750233292837,80.131552508549,410,13.140422702198396,80.13615808701071,0.7731887679117293,0.7731887679117293,best,True
Unknown,N/A,N/A,13.1410038,80.1376562,410,13.140422702198396,80.13615808701071,0.2270968315767436,0.2270968315767436,best,True
Unknown,N/A,N/A,13.1389433,80.1353638,410,13.140422702198396,80.13615808701071,0.2404263563642827,0.2404263563642827,best,True
Unknown,N/A,N/A,13.1389433,80.1353638,410,13.140422702198396,80.13615808701071,0.2404263563642827,0.2404263563642827,best,True
Unknown,N/A,N/A,13.1389433,80.1353638,410,13.140422702198396,80.13615808701071,0.2404263563642827,0.2404263563642827,best,True
Unknown,N/A,N/A,13.1389433,80.1353638,410,13.140422702198396,80.13615808701071,0.2404263563642827,0.2404263563642827,best,True
Unknown,N/A,N/A,13.1417175,80.1416732,410,13.140422702198396,80.13615808701071,0.7993494823640201,0.7993494823640201,best,True
Unknown,N/A,N/A,13.141426986045472,80.13539587293623,410,13.140422702198396,80.13615808701071,0.18001179304733633,0.18001179304733633,best,True
Unknown,N/A,N/A,13.1389433,80.1353638,410,13.140422702198396,80.13615808701071,0.2404263563642827,0.2404263563642827,best,True
Unknown,N/A,N/A,13.138058138893085,80.13550776320744,410,13.140422702198396,80.13615808701071,0.3522112786601254,0.3522112786601254,best,True
Unknown,N/A,N/A,13.1389433,80.1353638,410,13.140422702198396,80.13615808701071,0.2404263563642827,0.2404263563642827,best,True
Unknown,N/A,N/A,13.13908931395401,80.13739538011119,410,13.140422702198396,80.13615808701071,0.2592103889557698,0.2592103889557698,best,True
Unknown,N/A,N/A,12.831444082007764,79.69627668294284,411,12.833288841813925,79.69351648535871,0.47129952391072527,0.47129952391072527,best,True
Unknown,N/A,N/A,12.8314653,79.6978562,411,12.833288841813925,79.69351648535871,0.6662285853500299,0.6662285853500299,best,True
Unknown,N/A,N/A,12.8288174,79.6951278,411,12.833288841813925,79.69351648535871,0.6820937765337561,0.6820937765337561,best,True
Unknown,N/A,N/A,12.8342943,79.6923583,411,12.833288841813925,79.69351648535871,0.2182313523106219,0.2182313523106219,best,True
Unknown,N/A,N/A,12.8352078,79.6868726,411,12.833288841813925,79.69351648535871,0.9773795093345085,0.9773795093345085,best,True
Unknown,N/A,N/A,12.83393190757768,79.6892181229385,411,12.833288841813925,79.69351648535871,0.6136098709967701,0.6136098709967701,best,True
Unknown,N/A,N/A,12.8320059,79.6952388,411,12.833288841813925,79.69351648535871,0.3051591167632635,0.3051591167632635,best,True
Unknown,N/A,N/A,12.832842911510555,79.69456491774788,411,12.833288841813925,79.69351648535871,0.16126008571938055,0.16126008571938055,best,True
Unknown,N/A,N/A,12.831537519995894,79.69836708263982,411,12.833288841813925,79.69351648535871,0.7294036153666816,0.7294036153666816,best,True
Unknown,N/A,N/A,12.832109118247818,79.69450439358401,411,12.833288841813925,79.69351648535871,0.2195986437508507,0.2195986437508507,best,True
Unknown,N/A,N/A,12.832150304241331,79.6937585098103,411,12.833288841813925,79.69351648535871,0.16726633311092443,0.16726633311092443,best,True
Unknown,N/A,N/A,12.8386228,79.6947023,411,12.833288841813925,79.69351648535871,0.7851590635510819,0.7851590635510819,best,True
Unknown,N/A,N/A,12.9295337,80.1133583,412,12.930717461544603,80.11250839039246,0.20822885748474745,0.20822885748474745,best,True
Unknown,N/A,N/A,12.9371762,80.1112313,412,12.930717461544603,80.11250839039246,0.9461978119253194,0.9461978119253194,best,True
Unknown,N/A,N/A,12.9304331578812,80.11521186006728,412,12.930717461544603,80.11250839039246,0.38356211927846096,0.38356211927846096,best,True
Unknown,N/A,N/A,12.9307388,80.11716229999999,412,12.930717461544603,80.11250839039246,0.656530454066674,0.656530454066674,best,True
Unknown,N/A,N/A,12.931176093222223,80.11552166393207,412,12.930717461544603,80.11250839039246,0.4301667819399077,0.4301667819399077,best,True
Unknown,N/A,N/A,12.9307167,80.1118791,412,12.930717461544603,80.11250839039246,0.08877356049629255,0.08877356049629255,best,True
Unknown,N/A,N/A,12.9307167,80.1118791,412,12.930717461544603,80.11250839039246,0.08877356049629255,0.08877356049629255,best,True
Unknown,N/A,N/A,12.9307167,80.1118791,412,12.930717461544603,80.11250839039246,0.08877356049629255,0.08877356049629255,best,True
Unknown,N/A,N/A,12.9307167,80.1118791,412,12.930717461544603,80.11250839039246,0.08877356049629255,0.08877356049629255,best,True
Unknown,N/A,N/A,12.92981918300682,80.11148509472615,412,12.930717461544603,80.11250839039246,0.19372270397971686,0.19372270397971686,best,True
Unknown,N/A,N/A,12.9307167,80.1118791,412,12.930717461544603,80.11250839039246,0.08877356049629255,0.08877356049629255,best,True
Unknown,N/A,N/A,12.9307167,80.1118791,412,12.930717461544603,80.11250839039246,0.08877356049629255,0.08877356049629255,best,True
Unknown,N/A,N/A,12.9307167,80.1118791,412,12.930717461544603,80.11250839039246,0.08877356049629255,0.08877356049629255,best,True
Unknown,N/A,N/A,12.9307167,80.1118791,412,12.930717461544603,80.11250839039246,0.08877356049629255,0.08877356049629255,best,True
Unknown,N/A,N/A,12.9307167,80.1118791,412,12.930717461544603,80.11250839039246,0.08877356049629255,0.08877356049629255,best,True
Unknown,N/A,N/A,12.929111816847184,80.11274505301357,412,12.930717461544603,80.11250839039246,0.23332291803412852,0.23332291803412852,best,True
Unknown,N/A,N/A,12.927757595300854,80.10901516493297,412,12.930717461544603,80.11250839039246,0.6511902706322302,0.6511902706322302,best,True
Unknown,N/A,N/A,13.1288146,80.23196109999999,413,13.127852449375345,80.23191141660561,0.13855462228000204,0.13855462228000204,best,True
Unknown,N/A,N/A,13.124545143714371,80.2318989933089,413,13.127852449375345,80.23191141660561,0.4756633405414757,0.4756633405414757,best,True
Unknown,N/A,N/A,13.1308227,80.2316959,413,13.127852449375345,80.23191141660561,0.4282634148351507,0.4282634148351507,best,True
Unknown,N/A,N/A,13.1288146,80.23196109999999,413,13.127852449375345,80.23191141660561,0.13855462228000204,0.13855462228000204,best,True
Unknown,N/A,N/A,13.126265203162358,80.23203998971915,413,13.127852449375345,80.23191141660561,0.22899769719241816,0.22899769719241816,best,True
Unknown,N/A,N/A,13.122595442684004,80.23289067164787,414,13.120506796707176,80.23459927461748,0.38502206827651747,0.38502206827651747,best,True
Unknown,N/A,N/A,13.119938,80.2342226,414,13.120506796707176,80.23459927461748,0.09752595002785201,0.09752595002785201,best,True
Unknown,N/A,N/A,13.1224236,80.2309987,414,13.120506796707176,80.23459927461748,0.577577732162156,0.577577732162156,best,True
Unknown,N/A,N/A,13.119837264358814,80.23247004930676,414,13.120506796707176,80.23459927461748,0.3152082791625159,0.3152082791625159,best,True
Unknown,N/A,N/A,13.1175047,80.2332976,414,13.120506796707176,80.23459927461748,0.4691355717787096,0.4691355717787096,best,True
Unknown,N/A,N/A,13.122129477933296,80.2384732896043,414,13.120506796707176,80.23459927461748,0.5938641036427483,0.5938641036427483,best,True
Unknown,N/A,N/A,13.118550248803066,80.23897847494415,414,13.120506796707176,80.23459927461748,0.678412998999174,0.678412998999174,best,True
Unknown,N/A,N/A,13.119938,80.2342226,414,13.120506796707176,80.23459927461748,0.09752595002785201,0.09752595002785201,best,True
Unknown,N/A,N/A,13.1228364,80.231862,414,13.120506796707176,80.23459927461748,0.5110141712404025,0.5110141712404025,best,True
Unknown,N/A,N/A,13.117236992170424,80.23237943901948,414,13.120506796707176,80.23459927461748,0.5648590551724749,0.5648590551724749,best,True
Unknown,N/A,N/A,13.12173672376713,80.23651680360788,414,13.120506796707176,80.23459927461748,0.32303356673623507,0.32303356673623507,best,True
Unknown,N/A,N/A,13.121638330423185,80.23227759110941,414,13.120506796707176,80.23459927461748,0.3654970506583913,0.3654970506583913,best,True
Unknown,N/A,N/A,13.122178379987393,80.23870357340397,414,13.120506796707176,80.23459927461748,0.6265090405225878,0.6265090405225878,best,True
Unknown,N/A,N/A,13.1197169,80.2386166,414,13.120506796707176,80.23459927461748,0.5775730740428022,0.5775730740428022,best,True
Unknown,N/A,N/A,13.118579101476335,80.23542475649263,414,13.120506796707176,80.23459927461748,0.3006721750524044,0.3006721750524044,best,True
Unknown,N/A,N/A,13.1210051,80.23853609999999,414,13.120506796707176,80.23459927461748,0.5595499953406545,0.5595499953406545,best,True
Unknown,N/A,N/A,13.1220019,80.2325347,414,13.120506796707176,80.23459927461748,0.3618458901497017,0.3618458901497017,best,True
Unknown,N/A,N/A,13.119925875832696,80.2324033685956,414,13.120506796707176,80.23459927461748,0.3206165008975452,0.3206165008975452,best,True
Unknown,N/A,N/A,13.1198567,80.2325773,414,13.120506796707176,80.23459927461748,0.2999651790605544,0.2999651790605544,best,True
Unknown,N/A,N/A,13.082752986552368,80.1751600718061,415,13.082984054829652,80.17628853313259,0.16252795163140676,0.16252795163140676,best,True
Unknown,N/A,N/A,13.083058427265138,80.17626121342239,415,13.082984054829652,80.17628853313259,0.011368618046128948,0.011368618046128948,best,True
Unknown,N/A,N/A,13.084659556300972,80.1757615697966,415,13.082984054829652,80.17628853313259,0.252164036205457,0.252164036205457,best,True
Unknown,N/A,N/A,13.08430661448154,80.17723223605374,415,13.082984054829652,80.17628853313259,0.23212396173402822,0.23212396173402822,best,True
Unknown,N/A,N/A,13.0827447,80.17625559999999,415,13.082984054829652,80.17628853313259,0.03473585009169964,0.03473585009169964,best,True
Unknown,N/A,N/A,13.0827447,80.17625559999999,415,13.082984054829652,80.17628853313259,0.03473585009169964,0.03473585009169964,best,True
Unknown,N/A,N/A,13.08178838942916,80.17674933201458,415,13.082984054829652,80.17628853313259,0.18382363511513633,0.18382363511513633,best,True
Unknown,N/A,N/A,13.0827447,80.17625559999999,415,13.082984054829652,80.17628853313259,0.03473585009169964,0.03473585009169964,best,True
Unknown,N/A,N/A,13.082000874267331,80.17691450823244,415,13.082984054829652,80.17628853313259,0.16668185839823116,0.16668185839823116,best,True
Unknown,N/A,N/A,13.0830396,80.1760396,415,13.082984054829652,80.17628853313259,0.035993088781058294,0.035993088781058294,best,True
Unknown,N/A,N/A,13.08227431330424,80.1696561351159,416,13.082033435685664,80.16960372296548,0.03542243551039916,0.03542243551039916,best,True
Unknown,N/A,N/A,13.081641830196627,80.16937002139558,416,13.082033435685664,80.16960372296548,0.06525048101703518,0.06525048101703518,best,True
Unknown,N/A,N/A,13.0789263,80.1702376,416,13.082033435685664,80.16960372296548,0.45571826266611065,0.45571826266611065,best,True
Unknown,N/A,N/A,13.082261420026123,80.16927098894186,416,13.082033435685664,80.16960372296548,0.05723339099140262,0.05723339099140262,best,True
Unknown,N/A,N/A,13.08236222848544,80.16920692599184,416,13.082033435685664,80.16960372296548,0.07325004345778555,0.07325004345778555,best,True
Unknown,N/A,N/A,13.082329081109984,80.16964777511105,416,13.082033435685664,80.16960372296548,0.04297106704956251,0.04297106704956251,best,True
Unknown,N/A,N/A,13.0823724,80.1696177,416,13.082033435685664,80.16960372296548,0.04878984117720554,0.04878984117720554,best,True
Unknown,N/A,N/A,13.0822908,80.16955209999999,416,13.082033435685664,80.16960372296548,0.037723013875987414,0.037723013875987414,best,True
Unknown,N/A,N/A,13.0822908,80.16955209999999,416,13.082033435685664,80.16960372296548,0.037723013875987414,0.037723013875987414,best,True
Unknown,N/A,N/A,13.082301329327532,80.1694503910245,416,13.082033435685664,80.16960372296548,0.044178741216891644,0.044178741216891644,best,True
Unknown,N/A,N/A,13.082481174203906,80.17010866712037,416,13.082033435685664,80.16960372296548,0.09599186346247791,0.09599186346247791,best,True
Unknown,N/A,N/A,13.0822908,80.16955209999999,416,13.082033435685664,80.16960372296548,0.037723013875987414,0.037723013875987414,best,True
Unknown,N/A,N/A,13.082354822945442,80.16967751681567,416,13.082033435685664,80.16960372296548,0.04737846677195938,0.04737846677195938,best,True
Unknown,N/A,N/A,13.0822908,80.16955209999999,416,13.082033435685664,80.16960372296548,0.037723013875987414,0.037723013875987414,best,True
Unknown,N/A,N/A,13.0778939,80.1725743,417,13.07826907627973,80.17378120600974,0.17850716723952456,0.17850716723952456,best,True
Unknown,N/A,N/A,13.0788972,80.1728754,417,13.07826907627973,80.17378120600974,0.1564273808101828,0.1564273808101828,best,True
Unknown,N/A,N/A,13.0775927,80.1748343,417,13.07826907627973,80.17378120600974,0.1775009146209321,0.1775009146209321,best,True
Unknown,N/A,N/A,13.0771068,80.1742976,417,13.07826907627973,80.17378120600974,0.18232570890784125,0.18232570890784125,best,True
Unknown,N/A,N/A,13.0790083,80.1751505,417,13.07826907627973,80.17378120600974,0.220389660344647,0.220389660344647,best,True
Unknown,N/A,N/A,13.078237433704723,80.17121710468642,417,13.07826907627973,80.17378120600974,0.3615306885005923,0.3615306885005923,best,True
Unknown,N/A,N/A,13.0790083,80.1751505,417,13.07826907627973,80.17378120600974,0.220389660344647,0.220389660344647,best,True
Unknown,N/A,N/A,13.07840797653312,80.17414994339151,417,13.07826907627973,80.17378120600974,0.055692817798159176,0.055692817798159176,best,True
Unknown,N/A,N/A,13.0848241,80.1712824,418,13.083989785747326,80.1727017937352,0.23332762552570885,0.23332762552570885,best,True
Unknown,N/A,N/A,13.083543871057126,80.17168374790185,418,13.083989785747326,80.1727017937352,0.15720318557659324,0.15720318557659324,best,True
Unknown,N/A,N/A,13.0835569,80.1730553,418,13.083989785747326,80.1727017937352,0.07974895898034885,0.07974895898034885,best,True
Unknown,N/A,N/A,13.085312551053388,80.17181790844757,418,13.083989785747326,80.1727017937352,0.22741980017337618,0.22741980017337618,best,True
Unknown,N/A,N/A,13.0835569,80.1730553,418,13.083989785747326,80.1727017937352,0.07974895898034885,0.07974895898034885,best,True
Unknown,N/A,N/A,13.0815707,80.1729108,418,13.083989785747326,80.1727017937352,0.3491598314015886,0.3491598314015886,best,True
Unknown,N/A,N/A,13.086881715761727,80.17347317866718,418,13.083989785747326,80.1727017937352,0.42990171507858504,0.42990171507858504,best,True
Unknown,N/A,N/A,13.0843473,80.17181409999999,418,13.083989785747326,80.1727017937352,0.13530020161912287,0.13530020161912287,best,True
Unknown,N/A,N/A,13.0835569,80.1730553,418,13.083989785747326,80.1727017937352,0.07974895898034885,0.07974895898034885,best,True
Unknown,N/A,N/A,13.0835569,80.1730553,418,13.083989785747326,80.1727017937352,0.07974895898034885,0.07974895898034885,best,True
Unknown,N/A,N/A,13.081422546244465,80.17294008328825,418,13.083989785747326,80.1727017937352,0.3707470130357191,0.3707470130357191,best,True
Unknown,N/A,N/A,13.0848241,80.1712824,418,13.083989785747326,80.1727017937352,0.23332762552570885,0.23332762552570885,best,True
Unknown,N/A,N/A,13.0835569,80.1730553,418,13.083989785747326,80.1727017937352,0.07974895898034885,0.07974895898034885,best,True
Unknown,N/A,N/A,13.0835569,80.1730553,418,13.083989785747326,80.1727017937352,0.07974895898034885,0.07974895898034885,best,True
Unknown,N/A,N/A,13.0835569,80.1730553,418,13.083989785747326,80.1727017937352,0.07974895898034885,0.07974895898034885,best,True
Unknown,N/A,N/A,13.0835569,80.1730553,418,13.083989785747326,80.1727017937352,0.07974895898034885,0.07974895898034885,best,True
Unknown,N/A,N/A,13.0835569,80.1730553,418,13.083989785747326,80.1727017937352,0.07974895898034885,0.07974895898034885,best,True
Unknown,N/A,N/A,13.0835569,80.1730553,418,13.083989785747326,80.1727017937352,0.07974895898034885,0.07974895898034885,best,True
Unknown,N/A,N/A,13.0835569,80.1730553,418,13.083989785747326,80.1727017937352,0.07974895898034885,0.07974895898034885,best,True
Unknown,N/A,N/A,13.0848241,80.1712824,418,13.083989785747326,80.1727017937352,0.23332762552570885,0.23332762552570885,best,True
Unknown,N/A,N/A,13.0835569,80.1730553,418,13.083989785747326,80.1727017937352,0.07974895898034885,0.07974895898034885,best,True
Unknown,N/A,N/A,13.083185332399207,80.17255366732411,418,13.083989785747326,80.1727017937352,0.11756653873277512,0.11756653873277512,best,True
Unknown,N/A,N/A,13.0835569,80.1730553,418,13.083989785747326,80.1727017937352,0.07974895898034885,0.07974895898034885,best,True
Unknown,N/A,N/A,13.08319331546285,80.17258786917762,418,13.083989785747326,80.1727017937352,0.11566934192052444,0.11566934192052444,best,True
Unknown,N/A,N/A,13.0835569,80.1730553,418,13.083989785747326,80.1727017937352,0.07974895898034885,0.07974895898034885,best,True
Unknown,N/A,N/A,13.0851829,80.17468939999999,418,13.083989785747326,80.1727017937352,0.32858230186588583,0.32858230186588583,best,True
Unknown,N/A,N/A,13.0835569,80.1730553,418,13.083989785747326,80.1727017937352,0.07974895898034885,0.07974895898034885,best,True
Unknown,N/A,N/A,13.0835569,80.1730553,418,13.083989785747326,80.1727017937352,0.07974895898034885,0.07974895898034885,best,True
Unknown,N/A,N/A,13.0835569,80.1730553,418,13.083989785747326,80.1727017937352,0.07974895898034885,0.07974895898034885,best,True
Unknown,N/A,N/A,13.0835569,80.1730553,418,13.083989785747326,80.1727017937352,0.07974895898034885,0.07974895898034885,best,True
Unknown,N/A,N/A,13.0835569,80.1730553,418,13.083989785747326,80.1727017937352,0.07974895898034885,0.07974895898034885,best,True
Unknown,N/A,N/A,13.083198346420954,80.17259852025956,418,13.083989785747326,80.1727017937352,0.11475266464063454,0.11475266464063454,best,True
Unknown,N/A,N/A,13.0835569,80.1730553,418,13.083989785747326,80.1727017937352,0.07974895898034885,0.07974895898034885,best,True
Unknown,N/A,N/A,13.082926332053006,80.17336889781826,418,13.083989785747326,80.1727017937352,0.1795496777842816,0.1795496777842816,best,True
Unknown,N/A,N/A,13.0835569,80.1730553,418,13.083989785747326,80.1727017937352,0.07974895898034885,0.07974895898034885,best,True
Unknown,N/A,N/A,13.0835569,80.1730553,418,13.083989785747326,80.1727017937352,0.07974895898034885,0.07974895898034885,best,True
Unknown,N/A,N/A,13.0848241,80.1712824,418,13.083989785747326,80.1727017937352,0.23332762552570885,0.23332762552570885,best,True
Unknown,N/A,N/A,13.073323,80.123188,419,13.073467879591906,80.12293936115509,0.04078034256483502,0.04078034256483502,best,True
Unknown,N/A,N/A,13.073323,80.123188,419,13.073467879591906,80.12293936115509,0.04078034256483502,0.04078034256483502,best,True
Unknown,N/A,N/A,13.073323,80.123188,419,13.073467879591906,80.12293936115509,0.04078034256483502,0.04078034256483502,best,True
Unknown,N/A,N/A,13.073323,80.123188,419,13.073467879591906,80.12293936115509,0.04078034256483502,0.04078034256483502,best,True
Unknown,N/A,N/A,13.074619581174852,80.12330090341058,419,13.073467879591906,80.12293936115509,0.173304056063461,0.173304056063461,best,True
Unknown,N/A,N/A,13.073323,80.123188,419,13.073467879591906,80.12293936115509,0.04078034256483502,0.04078034256483502,best,True
Unknown,N/A,N/A,13.073323,80.123188,419,13.073467879591906,80.12293936115509,0.04078034256483502,0.04078034256483502,best,True
Unknown,N/A,N/A,13.0718515,80.11721,419,13.073467879591906,80.12293936115509,0.8405625953674859,0.8405625953674859,best,True
Unknown,N/A,N/A,13.073323,80.123188,419,13.073467879591906,80.12293936115509,0.04078034256483502,0.04078034256483502,best,True
Unknown,N/A,N/A,13.073323,80.123188,419,13.073467879591906,80.12293936115509,0.04078034256483502,0.04078034256483502,best,True
Unknown,N/A,N/A,13.073323,80.123188,419,13.073467879591906,80.12293936115509,0.04078034256483502,0.04078034256483502,best,True
Unknown,N/A,N/A,13.074542116203062,80.12496011593244,419,13.073467879591906,80.12293936115509,0.3240971349154221,0.3240971349154221,best,True
Unknown,N/A,N/A,13.074596876092572,80.12330275913848,419,13.073467879591906,80.12293936115509,0.17026430044480553,0.17026430044480553,best,True
Unknown,N/A,N/A,13.073323,80.123188,419,13.073467879591906,80.12293936115509,0.04078034256483502,0.04078034256483502,best,True
Unknown,N/A,N/A,13.073323,80.123188,419,13.073467879591906,80.12293936115509,0.04078034256483502,0.04078034256483502,best,True
Unknown,N/A,N/A,13.073323,80.123188,419,13.073467879591906,80.12293936115509,0.04078034256483502,0.04078034256483502,best,True
Unknown,N/A,N/A,13.070581185258552,80.12579952543842,420,13.069224983681089,80.12512233569764,0.21716405138829462,0.21716405138829462,best,True
Unknown,N/A,N/A,13.069287086784012,80.12402725064847,420,13.069224983681089,80.12512233569764,0.1546552364121392,0.1546552364121392,best,True
Unknown,N/A,N/A,13.070032415202752,80.12699051495412,420,13.069224983681089,80.12512233569764,0.2878584856826607,0.2878584856826607,best,True
Unknown,N/A,N/A,13.069169,80.1226631,420,13.069224983681089,80.12512233569764,0.34682359225305687,0.34682359225305687,best,True
Unknown,N/A,N/A,13.0695939,80.1240011,420,13.069224983681089,80.12512233569764,0.16675033695386363,0.16675033695386363,best,True
Unknown,N/A,N/A,13.068167338786086,80.12790234279579,420,13.069224983681089,80.12512233569764,0.42043769450313323,0.42043769450313323,best,True
Unknown,N/A,N/A,13.069187496046602,80.12399675009797,420,13.069224983681089,80.12512233569764,0.158788999377487,0.158788999377487,best,True
Unknown,N/A,N/A,13.06951908651298,80.12402781383888,420,13.069224983681089,80.12512233569764,0.16000953425413705,0.16000953425413705,best,True
Unknown,N/A,N/A,13.068114150314374,80.12784633546234,420,13.069224983681089,80.12512233569764,0.41596360332060334,0.41596360332060334,best,True
Unknown,N/A,N/A,13.068436,80.1240708,420,13.069224983681089,80.12512233569764,0.18669790615010454,0.18669790615010454,best,True
Unknown,N/A,N/A,13.068436,80.1240708,420,13.069224983681089,80.12512233569764,0.18669790615010454,0.18669790615010454,best,True
Unknown,N/A,N/A,13.0695939,80.1240011,420,13.069224983681089,80.12512233569764,0.16675033695386363,0.16675033695386363,best,True
Unknown,N/A,N/A,13.06805648551624,80.12788962825282,420,13.069224983681089,80.12512233569764,0.4248178855347227,0.4248178855347227,best,True
Unknown,N/A,N/A,13.070411263610412,80.12796435429452,420,13.069224983681089,80.12512233569764,0.4355079116971624,0.4355079116971624,best,True
Unknown,N/A,N/A,13.0695939,80.1240011,420,13.069224983681089,80.12512233569764,0.16675033695386363,0.16675033695386363,best,True
Unknown,N/A,N/A,13.069344156382304,80.12386801351659,420,13.069224983681089,80.12512233569764,0.1776766920082502,0.1776766920082502,best,True
Unknown,N/A,N/A,13.069301358164209,80.12395917756001,420,13.069224983681089,80.12512233569764,0.16436223857906337,0.16436223857906337,best,True
Unknown,N/A,N/A,13.07054814339913,80.18322433272675,421,13.071327634315452,80.18550441510438,0.3404557854540699,0.3404557854540699,best,True
Unknown,N/A,N/A,13.071366127412649,80.18617678216248,421,13.071327634315452,80.18550441510438,0.09495840369657574,0.09495840369657574,best,True
Unknown,N/A,N/A,13.0737863,80.18485609999999,421,13.071327634315452,80.18550441510438,0.3652292511250156,0.3652292511250156,best,True
Unknown,N/A,N/A,13.0729976,80.1857793,421,13.071327634315452,80.18550441510438,0.24328200621766713,0.24328200621766713,best,True
Unknown,N/A,N/A,13.071371271342192,80.18632497761578,421,13.071327634315452,80.18550441510438,0.11586103241409905,0.11586103241409905,best,True
Unknown,N/A,N/A,13.071384898054196,80.18625111322575,421,13.071327634315452,80.18550441510438,0.1055984490996525,0.1055984490996525,best,True
Unknown,N/A,N/A,13.0678391,80.1859183,421,13.071327634315452,80.18550441510438,0.505104506104078,0.505104506104078,best,True
Unknown,N/A,N/A,13.068692877504422,80.17977498721925,422,13.068636377948573,80.18081353973798,0.14665217247317067,0.14665217247317067,best,True
Unknown,N/A,N/A,13.0731328,80.1764997,422,13.068636377948573,80.18081353973798,0.887755079290651,0.887755079290651,best,True
Unknown,N/A,N/A,13.066206,80.1787555,422,13.068636377948573,80.18081353973798,0.4542837385869083,0.4542837385869083,best,True
Unknown,N/A,N/A,13.069762,80.181714,422,13.068636377948573,80.18081353973798,0.20573177440972357,0.20573177440972357,best,True
Unknown,N/A,N/A,13.069989384699635,80.1828229086899,422,13.068636377948573,80.18081353973798,0.34369426239001744,0.34369426239001744,best,True
Unknown,N/A,N/A,13.069762,80.181714,422,13.068636377948573,80.18081353973798,0.20573177440972357,0.20573177440972357,best,True
Unknown,N/A,N/A,13.06941949628405,80.18125127725474,422,13.068636377948573,80.18081353973798,0.1284295685516368,0.1284295685516368,best,True
Unknown,N/A,N/A,13.066953948244771,80.17832282890653,422,13.068636377948573,80.18081353973798,0.4264605461906223,0.4264605461906223,best,True
Unknown,N/A,N/A,13.0627489,80.18225369999999,422,13.068636377948573,80.18081353973798,0.8707454216273397,0.8707454216273397,best,True
Unknown,N/A,N/A,13.069762,80.181714,422,13.068636377948573,80.18081353973798,0.20573177440972357,0.20573177440972357,best,True
Unknown,N/A,N/A,13.069329391925944,80.18114488243332,422,13.068636377948573,80.18081353973798,0.11007469469847946,0.11007469469847946,best,True
Unknown,N/A,N/A,13.069762,80.181714,422,13.068636377948573,80.18081353973798,0.20573177440972357,0.20573177440972357,best,True
Unknown,N/A,N/A,13.069421475003365,80.18118850478348,422,13.068636377948573,80.18081353973798,0.12467650340952706,0.12467650340952706,best,True
Unknown,N/A,N/A,13.067298830877307,80.17773252256795,422,13.068636377948573,80.18081353973798,0.4750856657608701,0.4750856657608701,best,True
Unknown,N/A,N/A,13.069414781565678,80.18116833390484,422,13.068636377948573,80.18081353973798,0.12261792765031335,0.12261792765031335,best,True
Unknown,N/A,N/A,13.063063063063064,80.18309584928826,422,13.068636377948573,80.18081353973798,0.8637364970698815,0.8637364970698815,best,True
Unknown,N/A,N/A,13.069762,80.181714,422,13.068636377948573,80.18081353973798,0.20573177440972357,0.20573177440972357,best,True
Unknown,N/A,N/A,13.069762,80.181714,422,13.068636377948573,80.18081353973798,0.20573177440972357,0.20573177440972357,best,True
Unknown,N/A,N/A,13.069512402430782,80.18134385318567,422,13.068636377948573,80.18081353973798,0.1465059744656426,0.1465059744656426,best,True
Unknown,N/A,N/A,13.0687895,80.178404,422,13.068636377948573,80.18081353973798,0.34043712301237156,0.34043712301237156,best,True
Unknown,N/A,N/A,13.069424881301158,80.18120878842556,422,13.068636377948573,80.18081353973798,0.1263552847166144,0.1263552847166144,best,True
Unknown,N/A,N/A,13.06928199354014,80.1809106140943,422,13.068636377948573,80.18081353973798,0.09385598404077382,0.09385598404077382,best,True
Unknown,N/A,N/A,13.06950474432552,80.18125960295771,422,13.068636377948573,80.18081353973798,0.1398301877019163,0.1398301877019163,best,True
Unknown,N/A,N/A,13.0665166,80.18210309999999,422,13.068636377948573,80.18081353973798,0.35496716503399967,0.35496716503399967,best,True
Unknown,N/A,N/A,12.980745294561348,80.1890828129076,423,12.979470964784678,80.18848283422395,0.20186624192857924,0.20186624192857924,best,True
Unknown,N/A,N/A,12.9805798,80.19058129999999,423,12.979470964784678,80.18848283422395,0.33619928681299954,0.33619928681299954,best,True
Unknown,N/A,N/A,12.979549381273692,80.18818884721209,423,12.979470964784678,80.18848283422395,0.04297079129605209,0.04297079129605209,best,True
Unknown,N/A,N/A,12.9777778,80.1877741,423,12.979470964784678,80.18848283422395,0.26322876648096005,0.26322876648096005,best,True
Unknown,N/A,N/A,12.9781943,80.18651090000002,423,12.979470964784678,80.18848283422395,0.33326608185559026,0.33326608185559026,best,True
Unknown,N/A,N/A,12.97861983141729,80.1861734688073,423,12.979470964784678,80.18848283422395,0.3479597570530037,0.3479597570530037,best,True
Unknown,N/A,N/A,12.978919868451518,80.18995513374485,423,12.979470964784678,80.18848283422395,0.22226758624428836,0.22226758624428836,best,True
Unknown,N/A,N/A,12.979405411198275,80.1874437698353,423,12.979470964784678,80.18848283422395,0.1468544367267637,0.1468544367267637,best,True
Unknown,N/A,N/A,12.98224564903262,80.18989802614827,423,12.979470964784678,80.18848283422395,0.4461881492882708,0.4461881492882708,best,True
Unknown,N/A,N/A,12.97867231191206,80.18921998358414,423,12.979470964784678,80.18848283422395,0.15492831776446772,0.15492831776446772,best,True
Unknown,N/A,N/A,12.9759952,80.1828635,424,12.976898434079551,80.18246741299036,0.14140589493116495,0.14140589493116495,best,True
Unknown,N/A,N/A,12.9761394,80.18305529999999,424,12.976898434079551,80.18246741299036,0.13708415206752744,0.13708415206752744,best,True
Unknown,N/A,N/A,12.979000818432338,80.18122771071559,424,12.976898434079551,80.18246741299036,0.34928010155387057,0.34928010155387057,best,True
Unknown,N/A,N/A,12.9776691,80.1820987,424,12.976898434079551,80.18246741299036,0.12243050781997342,0.12243050781997342,best,True
Unknown,N/A,N/A,12.9792449,80.1798959,424,12.976898434079551,80.18246741299036,0.49540913904873074,0.49540913904873074,best,True
Unknown,N/A,N/A,12.9761394,80.18305529999999,424,12.976898434079551,80.18246741299036,0.13708415206752744,0.13708415206752744,best,True
Unknown,N/A,N/A,12.9761394,80.18305529999999,424,12.976898434079551,80.18246741299036,0.13708415206752744,0.13708415206752744,best,True
Unknown,N/A,N/A,12.976003096256283,80.18324750710084,424,12.976898434079551,80.18246741299036,0.16937207741991636,0.16937207741991636,best,True
Unknown,N/A,N/A,12.97681426594267,80.18550238941044,424,12.976898434079551,80.18246741299036,0.4282340279095787,0.4282340279095787,best,True
Unknown,N/A,N/A,12.976098887410872,80.18325512457159,424,12.976898434079551,80.18246741299036,0.15989472775349842,0.15989472775349842,best,True
Unknown,N/A,N/A,12.976052339131458,80.18324900381776,424,12.976898434079551,80.18246741299036,0.1641940239143095,0.1641940239143095,best,True
Unknown,N/A,N/A,12.9761394,80.18305529999999,424,12.976898434079551,80.18246741299036,0.13708415206752744,0.13708415206752744,best,True
Unknown,N/A,N/A,12.978243435860549,80.1785153332587,424,12.976898434079551,80.18246741299036,0.5900226564169168,0.5900226564169168,best,True
Unknown,N/A,N/A,12.9817639,80.1816097,425,12.981302701541342,80.18527532759462,0.5212398490510567,0.5212398490510567,best,True
Unknown,N/A,N/A,12.9812002,80.1858056,425,12.981302701541342,80.18527532759462,0.07622903498446801,0.07622903498446801,best,True
Unknown,N/A,N/A,12.980580768206975,80.18282840513804,425,12.981302701541342,80.18527532759462,0.360396276222115,0.360396276222115,best,True
Unknown,N/A,N/A,12.98125221678519,80.18536241513235,425,12.981302701541342,80.18527532759462,0.014268392325567095,0.014268392325567095,best,True
Unknown,N/A,N/A,12.981801741173516,80.185571562906,425,12.981302701541342,80.18527532759462,0.08304715988070949,0.08304715988070949,best,True
Unknown,N/A,N/A,12.9812002,80.1858056,425,12.981302701541342,80.18527532759462,0.07622903498446801,0.07622903498446801,best,True
Unknown,N/A,N/A,12.981560248623405,80.18565376934075,425,12.981302701541342,80.18527532759462,0.06496879574443297,0.06496879574443297,best,True
Unknown,N/A,N/A,12.980815820710609,80.18652028805901,425,12.981302701541342,80.18527532759462,0.18903747049953634,0.18903747049953634,best,True
Unknown,N/A,N/A,12.9812002,80.1858056,425,12.981302701541342,80.18527532759462,0.07622903498446801,0.07622903498446801,best,True
Unknown,N/A,N/A,12.98177770250159,80.1856891244055,425,12.981302701541342,80.18527532759462,0.08984983701560631,0.08984983701560631,best,True
Unknown,N/A,N/A,12.98164675993315,80.18559371897419,425,12.981302701541342,80.18527532759462,0.06682107426863644,0.06682107426863644,best,True
Unknown,N/A,N/A,12.981354785753572,80.18552159417693,425,12.981302701541342,80.18527532759462,0.03553216798417949,0.03553216798417949,best,True
Unknown,N/A,N/A,12.981521525661078,80.18563908554688,425,12.981302701541342,80.18527532759462,0.06018806025741347,0.06018806025741347,best,True
Unknown,N/A,N/A,12.9812002,80.1858056,425,12.981302701541342,80.18527532759462,0.07622903498446801,0.07622903498446801,best,True
Unknown,N/A,N/A,12.9812002,80.1858056,425,12.981302701541342,80.18527532759462,0.07622903498446801,0.07622903498446801,best,True
Unknown,N/A,N/A,12.980328779480056,80.18280952005837,425,12.981302701541342,80.18527532759462,0.37492694231712465,0.37492694231712465,best,True
Unknown,N/A,N/A,12.9812002,80.1858056,425,12.981302701541342,80.18527532759462,0.07622903498446801,0.07622903498446801,best,True
Unknown,N/A,N/A,12.9813324,80.1865331,425,12.981302701541342,80.18527532759462,0.17744854303817234,0.17744854303817234,best,True
Unknown,N/A,N/A,12.98163174666378,80.18564410229519,425,12.981302701541342,80.18527532759462,0.07031888086019542,0.07031888086019542,best,True
Unknown,N/A,N/A,12.981484435333927,80.18569656585932,425,12.981302701541342,80.18527532759462,0.0649067701366874,0.0649067701366874,best,True
Unknown,N/A,N/A,13.032237926713709,80.03704817929511,426,13.031219415693567,80.03782578740649,0.18297722630192825,0.18297722630192825,best,True
Unknown,N/A,N/A,13.0318628,80.03823059999999,426,13.031219415693567,80.03782578740649,0.10872265897035566,0.10872265897035566,best,True
Unknown,N/A,N/A,13.0318628,80.03823059999999,426,13.031219415693567,80.03782578740649,0.10872265897035566,0.10872265897035566,best,True
Unknown,N/A,N/A,13.0312957,80.0388219,426,13.031219415693567,80.03782578740649,0.1408921500707355,0.1408921500707355,best,True
Unknown,N/A,N/A,13.031399583141257,80.03909903255033,426,13.031219415693567,80.03782578740649,0.181403607104212,0.181403607104212,best,True
Unknown,N/A,N/A,13.0285814,80.03452829999999,426,13.031219415693567,80.03782578740649,0.6001325625354614,0.6001325625354614,best,True
Unknown,N/A,N/A,13.0312957,80.0388219,426,13.031219415693567,80.03782578740649,0.1408921500707355,0.1408921500707355,best,True
Unknown,N/A,N/A,13.138553326975243,80.19613064878523,427,13.138247802958128,80.19687601035946,0.11387881114153738,0.11387881114153738,best,True
Unknown,N/A,N/A,13.1410631,80.1995544,427,13.138247802958128,80.19687601035946,0.5535936536778551,0.5535936536778551,best,True
Unknown,N/A,N/A,13.13993427415999,80.19946438813436,427,13.138247802958128,80.19687601035946,0.43810413902486695,0.43810413902486695,best,True
Unknown,N/A,N/A,13.13722012575315,80.19278915314257,427,13.138247802958128,80.19687601035946,0.59470983089316,0.59470983089316,best,True
Unknown,N/A,N/A,13.14147326908343,80.1950186910471,427,13.138247802958128,80.19687601035946,0.5326618072135924,0.5326618072135924,best,True
Unknown,N/A,N/A,13.1347657,80.1998737,427,13.138247802958128,80.19687601035946,0.6552361170212969,0.6552361170212969,best,True
Unknown,N/A,N/A,13.134724824735068,80.195301091407,427,13.138247802958128,80.19687601035946,0.5531749641851537,0.5531749641851537,best,True
Unknown,N/A,N/A,13.0420081541658,80.18026410511423,428,13.041859316112884,80.17993668556397,0.050889313336223395,0.050889313336223395,best,True
Unknown,N/A,N/A,13.0421578,80.1805052,428,13.041859316112884,80.17993668556397,0.09093463936447296,0.09093463936447296,best,True
Unknown,N/A,N/A,13.0420346,80.18017859999999,428,13.041859316112884,80.17993668556397,0.04241586267239983,0.04241586267239983,best,True
Unknown,N/A,N/A,13.041874394851954,80.17956366593869,428,13.041859316112884,80.17993668556397,0.05264288089965566,0.05264288089965566,best,True
Unknown,N/A,N/A,13.0421578,80.1805052,428,13.041859316112884,80.17993668556397,0.09093463936447296,0.09093463936447296,best,True
Unknown,N/A,N/A,13.041847921114618,80.17749504364727,428,13.041859316112884,80.17993668556397,0.34429131163277615,0.34429131163277615,best,True
Unknown,N/A,N/A,13.0417701,80.17882879999999,428,13.041859316112884,80.17993668556397,0.15674515872702816,0.15674515872702816,best,True
Unknown,N/A,N/A,13.04177842001326,80.17885319138254,428,13.041859316112884,80.17993668556397,0.153222111326263,0.153222111326263,best,True
Unknown,N/A,N/A,13.042654871845352,80.1817083626826,428,13.041859316112884,80.17993668556397,0.2747727510103036,0.2747727510103036,best,True
Unknown,N/A,N/A,13.040859238009268,80.184255594003,428,13.041859316112884,80.17993668556397,0.6257498524590341,0.6257498524590341,best,True
Unknown,N/A,N/A,13.04183493631421,80.17874466581497,428,13.041859316112884,80.17993668556397,0.168119119751862,0.168119119751862,best,True
Unknown,N/A,N/A,13.042166188501952,80.18036171778694,428,13.041859316112884,80.17993668556397,0.0744293228654293,0.0744293228654293,best,True
Unknown,N/A,N/A,13.0417701,80.17882879999999,428,13.041859316112884,80.17993668556397,0.15674515872702816,0.15674515872702816,best,True
Unknown,N/A,N/A,13.0419,80.17795199999999,428,13.041859316112884,80.17993668556397,0.27991472146631474,0.27991472146631474,best,True
Unknown,N/A,N/A,13.0417701,80.17882879999999,428,13.041859316112884,80.17993668556397,0.15674515872702816,0.15674515872702816,best,True
Unknown,N/A,N/A,13.041164432989722,80.18211322265324,428,13.041859316112884,80.17993668556397,0.3227679154520848,0.3227679154520848,best,True
Unknown,N/A,N/A,13.0471081,80.181694,429,13.046296998229943,80.18045385228453,0.21020421651536142,0.21020421651536142,best,True
Unknown,N/A,N/A,13.045558465950416,80.18202500744019,429,13.046296998229943,80.18045385228453,0.2456858602295635,0.2456858602295635,best,True
Unknown,N/A,N/A,13.0476386,80.1821011,429,13.046296998229943,80.18045385228453,0.3019566671251758,0.3019566671251758,best,True
Unknown,N/A,N/A,13.0466012,80.1805655,429,13.046296998229943,80.18045385228453,0.04649652829983593,0.04649652829983593,best,True
Unknown,N/A,N/A,13.0463947,80.1763031,429,13.046296998229943,80.18045385228453,0.5854411924871578,0.5854411924871578,best,True
Unknown,N/A,N/A,13.044480923429251,80.18003440626701,429,13.046296998229943,80.18045385228453,0.267800712795844,0.267800712795844,best,True
Unknown,N/A,N/A,13.1005792,80.19018969999999,430,13.099244767023842,80.18772442207003,0.39700920079522317,0.39700920079522317,best,True
Unknown,N/A,N/A,13.1005792,80.19018969999999,430,13.099244767023842,80.18772442207003,0.39700920079522317,0.39700920079522317,best,True
Unknown,N/A,N/A,13.1007463936056,80.19012532698363,430,13.099244767023842,80.18772442207003,0.4014956661324279,0.4014956661324279,best,True
Unknown,N/A,N/A,13.099556939831404,80.1877847780321,430,13.099244767023842,80.18772442207003,0.045696062486925766,0.045696062486925766,best,True
Unknown,N/A,N/A,13.092930230075469,80.18643418963586,430,13.099244767023842,80.18772442207003,0.9261971188291963,0.9261971188291963,best,True
Unknown,N/A,N/A,13.0974505,80.186438,430,13.099244767023842,80.18772442207003,0.31540452723987666,0.31540452723987666,best,True
Unknown,N/A,N/A,13.0931467,80.1855878,430,13.099244767023842,80.18772442207003,0.9273117450291162,0.9273117450291162,best,True
Unknown,N/A,N/A,13.099627563585027,80.18650836371538,430,13.099244767023842,80.18772442207003,0.18005559893340498,0.18005559893340498,best,True
Unknown,N/A,N/A,13.0964535,80.1845234,430,13.099244767023842,80.18772442207003,0.6039819425706362,0.6039819425706362,best,True
Unknown,N/A,N/A,13.0997528,80.1890724,430,13.099244767023842,80.18772442207003,0.20359230130224062,0.20359230130224062,best,True
Unknown,N/A,N/A,13.103259073997815,80.18581920866279,430,13.099244767023842,80.18772442207003,0.6367567834628995,0.6367567834628995,best,True
Unknown,N/A,N/A,13.098319036132494,80.19083133431987,430,13.099244767023842,80.18772442207003,0.45778293533544034,0.45778293533544034,best,True
Unknown,N/A,N/A,13.0936967,80.1876723,430,13.099244767023842,80.18772442207003,0.7979607257238043,0.7979607257238043,best,True
Unknown,N/A,N/A,13.100489239959174,80.18903462630502,430,13.099244767023842,80.18772442207003,0.2571961102528992,0.2571961102528992,best,True
Unknown,N/A,N/A,13.103440836734537,80.18527046865604,430,13.099244767023842,80.18772442207003,0.6956042554113226,0.6956042554113226,best,True
Unknown,N/A,N/A,13.10128229963926,80.19077319143655,430,13.099244767023842,80.18772442207003,0.5201884978280727,0.5201884978280727,best,True
Unknown,N/A,N/A,13.103354,80.1852232,430,13.099244767023842,80.18772442207003,0.6881877872872845,0.6881877872872845,best,True
Unknown,N/A,N/A,13.100796614764048,80.18732107304689,430,13.099244767023842,80.18772442207003,0.23031731996507473,0.23031731996507473,best,True
Unknown,N/A,N/A,13.0997787883518,80.18906502658606,430,13.099244767023842,80.18772442207003,0.20400001562788522,0.20400001562788522,best,True
Unknown,N/A,N/A,13.099655723800236,80.18662435402082,430,13.099244767023842,80.18772442207003,0.16596188437455459,0.16596188437455459,best,True
Unknown,N/A,N/A,13.0557401,80.21116549999999,431,13.057006882748754,80.2113700514952,0.18445776148014234,0.18445776148014234,best,True
Unknown,N/A,N/A,13.0557401,80.21116549999999,431,13.057006882748754,80.2113700514952,0.18445776148014234,0.18445776148014234,best,True
Unknown,N/A,N/A,13.05759135816175,80.21174271496207,431,13.057006882748754,80.2113700514952,0.09913087948596896,0.09913087948596896,best,True
Unknown,N/A,N/A,13.053527041541733,80.20757690957267,431,13.057006882748754,80.2113700514952,0.7324709985007304,0.7324709985007304,best,True
Unknown,N/A,N/A,13.059141968805,80.21200290813208,431,13.057006882748754,80.2113700514952,0.31977077993787467,0.31977077993787467,best,True
Unknown,N/A,N/A,13.0588035,80.2117466,431,13.057006882748754,80.2113700514952,0.2637881406705719,0.2637881406705719,best,True
Unknown,N/A,N/A,13.0557209,80.2111536,431,13.057006882748754,80.2113700514952,0.18745150265668786,0.18745150265668786,best,True
Unknown,N/A,N/A,13.059088124577388,80.21212231640666,431,13.057006882748754,80.2113700514952,0.31756196422976746,0.31756196422976746,best,True
Unknown,N/A,N/A,13.05405609911664,80.21143937913764,431,13.057006882748754,80.2113700514952,0.4244949943883931,0.4244949943883931,best,True
Unknown,N/A,N/A,13.0557209,80.2111536,431,13.057006882748754,80.2113700514952,0.18745150265668786,0.18745150265668786,best,True
Unknown,N/A,N/A,13.058670057101704,80.21144138843798,431,13.057006882748754,80.2113700514952,0.23940957257894335,0.23940957257894335,best,True
Unknown,N/A,N/A,13.0557209,80.2111536,431,13.057006882748754,80.2113700514952,0.18745150265668786,0.18745150265668786,best,True
Unknown,N/A,N/A,13.058779624972797,80.21147631288495,431,13.057006882748754,80.2113700514952,0.25539611945712315,0.25539611945712315,best,True
Unknown,N/A,N/A,13.058637071749043,80.21145770905052,431,13.057006882748754,80.2113700514952,0.23477977163016514,0.23477977163016514,best,True
Unknown,N/A,N/A,13.0578511,80.2139133,431,13.057006882748754,80.2113700514952,0.378589575399797,0.378589575399797,best,True
Unknown,N/A,N/A,13.058619590102852,80.21143539302393,431,13.057006882748754,80.2113700514952,0.23212291523217723,0.23212291523217723,best,True
Unknown,N/A,N/A,13.0557401,80.21116549999999,431,13.057006882748754,80.2113700514952,0.18445776148014234,0.18445776148014234,best,True
Unknown,N/A,N/A,13.058942490732177,80.21144604546478,431,13.057006882748754,80.2113700514952,0.27858580579720627,0.27858580579720627,best,True
Unknown,N/A,N/A,13.05467854117998,80.21139800298363,431,13.057006882748754,80.2113700514952,0.33488585887520167,0.33488585887520167,best,True
Unknown,N/A,N/A,13.058654069682795,80.21146120134217,431,13.057006882748754,80.2113700514952,0.23724722882077892,0.23724722882077892,best,True
Unknown,N/A,N/A,13.0557209,80.2111536,431,13.057006882748754,80.2113700514952,0.18745150265668786,0.18745150265668786,best,True
Unknown,N/A,N/A,13.059636969686707,80.21565255100232,432,13.056782898671063,80.217131321996,0.4603929445528238,0.4603929445528238,best,True
Unknown,N/A,N/A,13.05883374364682,80.21629028153554,432,13.056782898671063,80.217131321996,0.3178987618906188,0.3178987618906188,best,True
Unknown,N/A,N/A,13.056847280021774,80.21725257744218,432,13.056782898671063,80.217131321996,0.019443129680722645,0.019443129680722645,best,True
Unknown,N/A,N/A,13.0527579,80.2180858,432,13.056782898671063,80.217131321996,0.594314462157445,0.594314462157445,best,True
Unknown,N/A,N/A,13.0558386,80.2183754,432,13.056782898671063,80.217131321996,0.2218419424924164,0.2218419424924164,best,True
Unknown,N/A,N/A,13.0211274,80.16469049999999,434,13.016507492559494,80.16941309271984,0.9407441554907311,0.9407441554907311,best,True
Unknown,N/A,N/A,13.0136428,80.1682532,434,13.016507492559494,80.16941309271984,0.4432817837398242,0.4432817837398242,best,True
Unknown,N/A,N/A,13.0129745,80.17355649999999,434,13.016507492559494,80.16941309271984,0.7743380567855661,0.7743380567855661,best,True
Unknown,N/A,N/A,13.0129745,80.17355649999999,434,13.016507492559494,80.16941309271984,0.7743380567855661,0.7743380567855661,best,True
Unknown,N/A,N/A,13.0129745,80.17355649999999,434,13.016507492559494,80.16941309271984,0.7743380567855661,0.7743380567855661,best,True
Unknown,N/A,N/A,13.0129745,80.17355649999999,434,13.016507492559494,80.16941309271984,0.7743380567855661,0.7743380567855661,best,True
Unknown,N/A,N/A,13.0129745,80.17355649999999,434,13.016507492559494,80.16941309271984,0.7743380567855661,0.7743380567855661,best,True
Unknown,N/A,N/A,13.011638297866954,80.17137363243008,434,13.016507492559494,80.16941309271984,0.7528892771472813,0.7528892771472813,best,True
Unknown,N/A,N/A,13.0206539,80.1641618,434,13.016507492559494,80.16941309271984,0.9507940004003823,0.9507940004003823,best,True
Unknown,N/A,N/A,13.021922138768666,80.17070638711803,434,13.016507492559494,80.16941309271984,0.7998051418367829,0.7998051418367829,best,True
Unknown,N/A,N/A,13.022548210386269,80.17030883640216,434,13.016507492559494,80.16941309271984,0.87791012921461,0.87791012921461,best,True
Unknown,N/A,N/A,13.0940883,80.1264583,435,13.091136524915425,80.12570123878724,0.4377368538720212,0.4377368538720212,best,True
Unknown,N/A,N/A,13.094752884367006,80.12574992194607,435,13.091136524915425,80.12570123878724,0.5201524937609436,0.5201524937609436,best,True
Unknown,N/A,N/A,13.094654309179932,80.12541099200352,435,13.091136524915425,80.12570123878724,0.5075820459239301,0.5075820459239301,best,True
Unknown,N/A,N/A,13.086915747731108,80.12613791459928,435,13.091136524915425,80.12570123878724,0.6101484802874371,0.6101484802874371,best,True
Unknown,N/A,N/A,13.092554549349906,80.12996456474237,435,13.091136524915425,80.12570123878724,0.6346936328823107,0.6346936328823107,best,True
Unknown,N/A,N/A,13.090906362669982,80.12456289163075,435,13.091136524915425,80.12570123878724,0.16386095520656802,0.16386095520656802,best,True
Unknown,N/A,N/A,13.091218385132166,80.12406088244373,435,13.091136524915425,80.12570123878724,0.23155450412704875,0.23155450412704875,best,True
Unknown,N/A,N/A,13.093735689162196,80.12583009678619,435,13.091136524915425,80.12570123878724,0.37425465642995925,0.37425465642995925,best,True
Unknown,N/A,N/A,13.087023012939092,80.1254201960877,435,13.091136524915425,80.12570123878724,0.5929331219319397,0.5929331219319397,best,True
Unknown,N/A,N/A,13.092373452285326,80.12418788654361,435,13.091136524915425,80.12570123878724,0.27778581422480236,0.27778581422480236,best,True
Unknown,N/A,N/A,13.087610645910138,80.12528472886218,435,13.091136524915425,80.12570123878724,0.5104825237953293,0.5104825237953293,best,True
Unknown,N/A,N/A,13.087804960258229,80.1253464898015,435,13.091136524915425,80.12570123878724,0.4817507232982929,0.4817507232982929,best,True
Unknown,N/A,N/A,13.1216538,80.1314143,436,13.121183105889402,80.13393859873112,0.3622107024710093,0.3622107024710093,best,True
Unknown,N/A,N/A,13.123533070139946,80.13495339244638,436,13.121183105889402,80.13393859873112,0.3669996439959588,0.3669996439959588,best,True
Unknown,N/A,N/A,13.1244923,80.132802,436,13.121183105889402,80.13393859873112,0.5021751630719381,0.5021751630719381,best,True
Unknown,N/A,N/A,13.121601334856232,80.1331134427423,436,13.121183105889402,80.13393859873112,0.1309474410502911,0.1309474410502911,best,True
Unknown,N/A,N/A,13.119365094696445,80.13699270644513,436,13.121183105889402,80.13393859873112,0.5036933926538769,0.5036933926538769,best,True
Unknown,N/A,N/A,13.12218,80.1391947,436,13.121183105889402,80.13393859873112,0.7546509589513763,0.7546509589513763,best,True
Unknown,N/A,N/A,13.1199157,80.1402856,436,13.121183105889402,80.13393859873112,0.9130644144912218,0.9130644144912218,best,True
Unknown,N/A,N/A,13.1158792,80.1384696,436,13.121183105889402,80.13393859873112,0.9948996204820526,0.9948996204820526,best,True
Unknown,N/A,N/A,13.11634762435957,80.1385047829343,436,13.121183105889402,80.13393859873112,0.9475984161251689,0.9475984161251689,best,True
Unknown,N/A,N/A,13.1202521,80.1353565,436,13.121183105889402,80.13393859873112,0.24057566584875442,0.24057566584875442,best,True
Unknown,N/A,N/A,13.118083016010784,80.13050934822787,436,13.121183105889402,80.13393859873112,0.657616998222581,0.657616998222581,best,True
Unknown,N/A,N/A,13.124932023525195,80.13543816222402,436,13.121183105889402,80.13393859873112,0.5791275341025813,0.5791275341025813,best,True
Unknown,N/A,N/A,13.1216072,80.134563,436,13.121183105889402,80.13393859873112,0.10708461394733709,0.10708461394733709,best,True
Unknown,N/A,N/A,13.1264514,80.134017,436,13.121183105889402,80.13393859873112,0.757771953939982,0.757771953939982,best,True
Unknown,N/A,N/A,13.044757167761698,80.14977004866748,437,13.045249342356326,80.14642059314318,0.4775640511592601,0.4775640511592601,best,True
Unknown,N/A,N/A,13.049405246184,80.1433499342214,437,13.045249342356326,80.14642059314318,0.7380477703161441,0.7380477703161441,best,True
Unknown,N/A,N/A,13.038580809326197,80.14748447160919,437,13.045249342356326,80.14642059314318,0.970730440747005,0.970730440747005,best,True
Unknown,N/A,N/A,13.0488779,80.1433316,437,13.045249342356326,80.14642059314318,0.6797420341110363,0.6797420341110363,best,True
Unknown,N/A,N/A,13.04766584394588,80.1455260824109,437,13.045249342356326,80.14642059314318,0.3697212792001594,0.3697212792001594,best,True
Unknown,N/A,N/A,13.045609667133665,80.15127048725722,437,13.045249342356326,80.14642059314318,0.6858175257469498,0.6858175257469498,best,True
Unknown,N/A,N/A,13.0448798,80.1507777,437,13.045249342356326,80.14642059314318,0.6166670570730821,0.6166670570730821,best,True
Unknown,N/A,N/A,13.0431,80.149755,437,13.045249342356326,80.14642059314318,0.5626837130920762,0.5626837130920762,best,True
Unknown,N/A,N/A,13.043695199579268,80.14783021957284,437,13.045249342356326,80.14642059314318,0.2991105906336479,0.2991105906336479,best,True
Unknown,N/A,N/A,13.047897757276694,80.14076369588687,437,13.045249342356326,80.14642059314318,0.8839217363857644,0.8839217363857644,best,True
Unknown,N/A,N/A,13.043387776285384,80.14918389975315,437,13.045249342356326,80.14642059314318,0.47275715097627324,0.47275715097627324,best,True
Unknown,N/A,N/A,13.0442295,80.14616149999999,437,13.045249342356326,80.14642059314318,0.15115524982351963,0.15115524982351963,best,True
Unknown,N/A,N/A,13.0429239,80.27377170000001,438,13.040459699714196,80.26959497573469,0.6873554227195667,0.6873554227195667,best,True
Unknown,N/A,N/A,13.044513765446869,80.26839572075923,438,13.040459699714196,80.26959497573469,0.6070832483914008,0.6070832483914008,best,True
Unknown,N/A,N/A,13.0400871,80.2721402,438,13.040459699714196,80.26959497573469,0.36287403163935605,0.36287403163935605,best,True
Unknown,N/A,N/A,13.040608051399458,80.27416368943028,438,13.040459699714196,80.26959497573469,0.6445750149066164,0.6445750149066164,best,True
Unknown,N/A,N/A,13.0368548,80.2676463,438,13.040459699714196,80.26959497573469,0.5867719499603412,0.5867719499603412,best,True
Unknown,N/A,N/A,13.041492754036438,80.26499257140439,438,13.040459699714196,80.26959497573469,0.6657611672568899,0.6657611672568899,best,True
Unknown,N/A,N/A,13.0368548,80.2676463,438,13.040459699714196,80.26959497573469,0.5867719499603412,0.5867719499603412,best,True
Unknown,N/A,N/A,13.041659,80.2681459,438,13.040459699714196,80.26959497573469,0.26739708592447853,0.26739708592447853,best,True
Unknown,N/A,N/A,13.035495996997208,80.26574729601744,438,13.040459699714196,80.26959497573469,0.8966560197709816,0.8966560197709816,best,True
Unknown,N/A,N/A,13.0368548,80.2676463,438,13.040459699714196,80.26959497573469,0.5867719499603412,0.5867719499603412,best,True
Unknown,N/A,N/A,13.041805317548402,80.26805930624822,438,13.040459699714196,80.26959497573469,0.2904173442167886,0.2904173442167886,best,True
Unknown,N/A,N/A,13.044481745155515,80.26636276872095,438,13.040459699714196,80.26959497573469,0.7364263242413048,0.7364263242413048,best,True
Unknown,N/A,N/A,13.043339181333565,80.27410195954104,438,13.040459699714196,80.26959497573469,0.7585376857848884,0.7585376857848884,best,True
Unknown,N/A,N/A,13.043423862003156,80.27399651471724,438,13.040459699714196,80.26959497573469,0.7529526275596505,0.7529526275596505,best,True
Unknown,N/A,N/A,13.0368548,80.2676463,438,13.040459699714196,80.26959497573469,0.5867719499603412,0.5867719499603412,best,True
Unknown,N/A,N/A,13.044137590554593,80.27028017368897,438,13.040459699714196,80.26959497573469,0.5377061308674186,0.5377061308674186,best,True
Unknown,N/A,N/A,13.04332107741674,80.27381461534424,438,13.040459699714196,80.26959497573469,0.7234449613840441,0.7234449613840441,best,True
Unknown,N/A,N/A,13.039280046155426,80.2719716740653,438,13.040459699714196,80.26959497573469,0.37562968227858495,0.37562968227858495,best,True
Unknown,N/A,N/A,13.03771722011831,80.26427496176548,438,13.040459699714196,80.26959497573469,0.8475360870528239,0.8475360870528239,best,True
Unknown,N/A,N/A,13.037488186118242,80.27109526299118,438,13.040459699714196,80.26959497573469,0.47685838686598514,0.47685838686598514,best,True
Unknown,N/A,N/A,12.8648388,80.1757172,439,12.863039176835068,80.1717802328816,0.6128645083615307,0.6128645083615307,best,True
Unknown,N/A,N/A,12.8642318,80.166051,439,12.863039176835068,80.1717802328816,0.8264286591749093,0.8264286591749093,best,True
Unknown,N/A,N/A,12.86004693050521,80.17357249864482,439,12.863039176835068,80.1717802328816,0.4991510183838435,0.4991510183838435,best,True
Unknown,N/A,N/A,12.87382397561776,79.74300365177639,440,12.873682067334018,79.74286707056145,0.02807005789811972,0.02807005789811972,best,True
Unknown,N/A,N/A,12.873612709105464,79.74283308999158,440,12.873682067334018,79.74286707056145,0.011067489855415722,0.011067489855415722,best,True
Unknown,N/A,N/A,12.873609517278831,79.7427644699164,440,12.873682067334018,79.74286707056145,0.017845291879146612,0.017845291879146612,best,True
Unknown,N/A,N/A,13.088139287604374,80.19371629753522,441,13.087427226416928,80.1936464815769,0.10288098108316011,0.10288098108316011,best,True
Unknown,N/A,N/A,13.087198999450024,80.19298829609752,441,13.087427226416928,80.1936464815769,0.09842587659411377,0.09842587659411377,best,True
Unknown,N/A,N/A,13.08589037407508,80.19543630078785,441,13.087427226416928,80.1936464815769,0.3354481674097329,0.3354481674097329,best,True
Unknown,N/A,N/A,13.087214800811356,80.19315804439951,441,13.087427226416928,80.1936464815769,0.0753332902814002,0.0753332902814002,best,True
Unknown,N/A,N/A,13.0871511,80.1929791,441,13.087427226416928,80.1936464815769,0.10212559388179274,0.10212559388179274,best,True
Unknown,N/A,N/A,13.087198514397915,80.1956024805157,441,13.087427226416928,80.1936464815769,0.2777130378455095,0.2777130378455095,best,True
Unknown,N/A,N/A,13.0873984267014,80.19314461499887,441,13.087427226416928,80.1936464815769,0.07087461693707083,0.07087461693707083,best,True
Unknown,N/A,N/A,13.087257230469191,80.19291330013625,441,13.087427226416928,80.1936464815769,0.10621655156869228,0.10621655156869228,best,True
Unknown,N/A,N/A,13.08695422406961,80.1958530876667,441,13.087427226416928,80.1936464815769,0.3184401735324043,0.3184401735324043,best,True
Unknown,N/A,N/A,13.087221229442152,80.19444808585833,441,13.087427226416928,80.1936464815769,0.1168296356250314,0.1168296356250314,best,True
Unknown,N/A,N/A,13.09096594295336,80.19308390201616,441,13.087427226416928,80.1936464815769,0.5150832714692741,0.5150832714692741,best,True
Unknown,N/A,N/A,13.087057,80.1928082,441,13.087427226416928,80.1936464815769,0.1296226843319457,0.1296226843319457,best,True
Unknown,N/A,N/A,13.08724523157355,80.19344729910705,441,13.087427226416928,80.1936464815769,0.03838809954214351,0.03838809954214351,best,True
Unknown,N/A,N/A,13.0871567307667,80.19292617981505,441,13.087427226416928,80.1936464815769,0.10874540677653835,0.10874540677653835,best,True
Unknown,N/A,N/A,13.087407659505876,80.1928908814716,441,13.087427226416928,80.1936464815769,0.106562165160927,0.106562165160927,best,True
Unknown,N/A,N/A,13.088857542468164,80.196233435561,441,13.087427226416928,80.1936464815769,0.4187231979086029,0.4187231979086029,best,True
Unknown,N/A,N/A,13.087174286901282,80.19290467912279,441,13.087427226416928,80.1936464815769,0.11072622594781104,0.11072622594781104,best,True
Unknown,N/A,N/A,13.087179367321182,80.19476737346368,441,13.087427226416928,80.1936464815769,0.16199493122042552,0.16199493122042552,best,True
Unknown,N/A,N/A,13.087213849392608,80.19232251679688,441,13.087427226416928,80.1936464815769,0.18915941164938435,0.18915941164938435,best,True
Unknown,N/A,N/A,13.0870434,80.19592,441,13.087427226416928,80.1936464815769,0.3252412339139116,0.3252412339139116,best,True
Unknown,N/A,N/A,13.08696554938773,80.19565462331772,441,13.087427226416928,80.1936464815769,0.2907915301601378,0.2907915301601378,best,True
Unknown,N/A,N/A,13.087153823265933,80.19322620781874,441,13.087427226416928,80.1936464815769,0.0711109230992988,0.0711109230992988,best,True
Unknown,N/A,N/A,13.087170014844403,80.19303333603004,441,13.087427226416928,80.1936464815769,0.09402446601852202,0.09402446601852202,best,True
Unknown,N/A,N/A,13.08711233010624,80.19510074262512,441,13.087427226416928,80.1936464815769,0.20996524641994807,0.20996524641994807,best,True
Unknown,N/A,N/A,13.087432871933329,80.19237784813231,441,13.087427226416928,80.1936464815769,0.17885461256577706,0.17885461256577706,best,True
Unknown,N/A,N/A,13.087244875513978,80.19285052071427,441,13.087427226416928,80.1936464815769,0.11523900117853687,0.11523900117853687,best,True
Unknown,N/A,N/A,13.087077997133743,80.19304134881287,441,13.087427226416928,80.1936464815769,0.09899917886156953,0.09899917886156953,best,True
Unknown,N/A,N/A,13.09014,80.19517379999999,441,13.087427226416928,80.1936464815769,0.44562584061876415,0.44562584061876415,best,True
Unknown,N/A,N/A,13.0895763,80.1930675,441,13.087427226416928,80.1936464815769,0.3196775408099524,0.3196775408099524,best,True
Unknown,N/A,N/A,13.087115987113036,80.19281959053745,441,13.087427226416928,80.1936464815769,0.12487429304339352,0.12487429304339352,best,True
Unknown,N/A,N/A,13.087057,80.1928082,441,13.087427226416928,80.1936464815769,0.1296226843319457,0.1296226843319457,best,True
Unknown,N/A,N/A,13.087057,80.1928082,441,13.087427226416928,80.1936464815769,0.1296226843319457,0.1296226843319457,best,True
Unknown,N/A,N/A,13.087057,80.1928082,441,13.087427226416928,80.1936464815769,0.1296226843319457,0.1296226843319457,best,True
Unknown,N/A,N/A,13.087057,80.1928082,441,13.087427226416928,80.1936464815769,0.1296226843319457,0.1296226843319457,best,True
Unknown,N/A,N/A,13.087195519576026,80.19306472666932,441,13.087427226416928,80.1936464815769,0.08852776185171458,0.08852776185171458,best,True
Unknown,N/A,N/A,13.087057,80.1928082,441,13.087427226416928,80.1936464815769,0.1296226843319457,0.1296226843319457,best,True
Unknown,N/A,N/A,13.0866664,80.193373,441,13.087427226416928,80.1936464815769,0.11601648728239145,0.11601648728239145,best,True
Unknown,N/A,N/A,13.0860999,80.19396569999999,441,13.087427226416928,80.1936464815769,0.1961299394916126,0.1961299394916126,best,True
Unknown,N/A,N/A,13.088500063481806,80.19387876149148,441,13.087427226416928,80.1936464815769,0.1577328101910556,0.1577328101910556,best,True
Unknown,N/A,N/A,13.0874304,80.1978572,442,13.086199908982026,80.1989041377108,0.23044224674657557,0.23044224674657557,best,True
Unknown,N/A,N/A,13.08715122050266,80.19816245155945,442,13.086199908982026,80.1989041377108,0.172199845415095,0.172199845415095,best,True
Unknown,N/A,N/A,13.0881179,80.1981419,442,13.086199908982026,80.1989041377108,0.2960391824971605,0.2960391824971605,best,True
Unknown,N/A,N/A,13.087064057970183,80.19787187890768,442,13.086199908982026,80.1989041377108,0.19137608470619588,0.19137608470619588,best,True
Unknown,N/A,N/A,13.085270109944828,80.20043351685791,442,13.086199908982026,80.1989041377108,0.2537158185799811,0.2537158185799811,best,True
Unknown,N/A,N/A,13.08311762857157,80.20054809969909,442,13.086199908982026,80.1989041377108,0.5002277598759688,0.5002277598759688,best,True
Unknown,N/A,N/A,13.085359228622108,80.19890893028773,442,13.086199908982026,80.1989041377108,0.12090902735466949,0.12090902735466949,best,True
Unknown,N/A,N/A,13.087146671551237,80.19741787780016,442,13.086199908982026,80.1989041377108,0.24989065923618436,0.24989065923618436,best,True
Unknown,N/A,N/A,13.085141963675635,80.20079538428517,442,13.086199908982026,80.1989041377108,0.30699032358757994,0.30699032358757994,best,True
Unknown,N/A,N/A,13.082567084657446,80.1938920729661,443,13.08334403697505,80.1940071946476,0.11291425979948493,0.11291425979948493,best,True
Unknown,N/A,N/A,13.085058536632015,80.19434564169197,443,13.08334403697505,80.1940071946476,0.2511544955806271,0.2511544955806271,best,True
Unknown,N/A,N/A,13.083528,80.1944807,443,13.08334403697505,80.1940071946476,0.07180803554815993,0.07180803554815993,best,True
Unknown,N/A,N/A,13.082948237535902,80.19609024787505,443,13.08334403697505,80.1940071946476,0.2991413013916318,0.2991413013916318,best,True
Unknown,N/A,N/A,13.0837552,80.1958841,443,13.08334403697505,80.1940071946476,0.271138393734369,0.271138393734369,best,True
Unknown,N/A,N/A,13.0827783,80.19178939999999,443,13.08334403697505,80.1940071946476,0.3230847471054813,0.3230847471054813,best,True
Unknown,N/A,N/A,13.0827729,80.1915682,443,13.08334403697505,80.1940071946476,0.35353203150734225,0.35353203150734225,best,True
Unknown,N/A,N/A,13.1429833,80.2505485,444,13.144368977188282,80.24882783814165,0.31390245571121644,0.31390245571121644,best,True
Unknown,N/A,N/A,13.138421,80.2513809,444,13.144368977188282,80.24882783814165,0.928052446369975,0.928052446369975,best,True
Unknown,N/A,N/A,13.14778539510301,80.24623090379166,444,13.144368977188282,80.24882783814165,0.6127044762647095,0.6127044762647095,best,True
Unknown,N/A,N/A,13.145192543000318,80.25486761888256,444,13.144368977188282,80.24882783814165,0.8594955217230255,0.8594955217230255,best,True
Unknown,N/A,N/A,13.1463254,80.24432940000001,444,13.144368977188282,80.24882783814165,0.6936744186604701,0.6936744186604701,best,True
Unknown,N/A,N/A,13.14033896704542,80.25178134620018,444,13.144368977188282,80.24882783814165,0.7136097444471192,0.7136097444471192,best,True
Unknown,N/A,N/A,13.1433079,80.2493324,444,13.144368977188282,80.24882783814165,0.16836293863277305,0.16836293863277305,best,True
Unknown,N/A,N/A,13.1454628,80.2555871,444,13.144368977188282,80.24882783814165,0.9656047546292058,0.9656047546292058,best,True
Unknown,N/A,N/A,13.1463254,80.24432940000001,444,13.144368977188282,80.24882783814165,0.6936744186604701,0.6936744186604701,best,True
Unknown,N/A,N/A,13.1463254,80.24432940000001,444,13.144368977188282,80.24882783814165,0.6936744186604701,0.6936744186604701,best,True
Unknown,N/A,N/A,13.14548585103532,80.24598300101927,444,13.144368977188282,80.24882783814165,0.4319514542505464,0.4319514542505464,best,True
Unknown,N/A,N/A,13.147596,80.24667889999999,444,13.144368977188282,80.24882783814165,0.5542046444405803,0.5542046444405803,best,True
Unknown,N/A,N/A,13.1396725,80.2529169,444,13.144368977188282,80.24882783814165,0.8879289433162074,0.8879289433162074,best,True
Unknown,N/A,N/A,13.145943224451909,80.24529396408927,444,13.144368977188282,80.24882783814165,0.5471351623441392,0.5471351623441392,best,True
Unknown,N/A,N/A,13.0199194,80.1430699,445,13.021091444324687,80.14523463407208,0.348714744406849,0.348714744406849,best,True
Unknown,N/A,N/A,13.019217,80.1423697,445,13.021091444324687,80.14523463407208,0.4856936652708033,0.4856936652708033,best,True
Unknown,N/A,N/A,13.0229855,80.1470993,445,13.021091444324687,80.14523463407208,0.3786113011169422,0.3786113011169422,best,True
Unknown,N/A,N/A,13.01954495866252,80.1416447515187,445,13.021091444324687,80.14523463407208,0.5529449391725744,0.5529449391725744,best,True
Unknown,N/A,N/A,13.0228386,80.1463194,445,13.021091444324687,80.14523463407208,0.29417629538484796,0.29417629538484796,best,True
Unknown,N/A,N/A,13.022840227423718,80.14662182740467,445,13.021091444324687,80.14523463407208,0.3186281850956699,0.3186281850956699,best,True
Unknown,N/A,N/A,13.01924175566944,80.14239841691894,445,13.021091444324687,80.14523463407208,0.4803494596459674,0.4803494596459674,best,True
Unknown,N/A,N/A,13.02120381819221,80.14958449174169,445,13.021091444324687,80.14523463407208,0.6136221072382674,0.6136221072382674,best,True
Unknown,N/A,N/A,13.022832708741989,80.14628845080064,445,13.021091444324687,80.14523463407208,0.2912016579166014,0.2912016579166014,best,True
Unknown,N/A,N/A,13.022831775214485,80.14632671408079,445,13.021091444324687,80.14523463407208,0.29387752591587424,0.29387752591587424,best,True
Unknown,N/A,N/A,13.022888680566693,80.14627521215614,445,13.021091444324687,80.14523463407208,0.2972265985557851,0.2972265985557851,best,True
Unknown,N/A,N/A,13.022893864147274,80.14634318108263,445,13.021091444324687,80.14523463407208,0.30271177956444245,0.30271177956444245,best,True
Unknown,N/A,N/A,13.02248719198271,80.14610485213221,445,13.021091444324687,80.14523463407208,0.2352750131866749,0.2352750131866749,best,True
Unknown,N/A,N/A,13.0177418,80.1448856,445,13.021091444324687,80.14523463407208,0.48425326499402394,0.48425326499402394,best,True
Unknown,N/A,N/A,13.01865139933228,80.14128753680528,445,13.021091444324687,80.14523463407208,0.6580049697495617,0.6580049697495617,best,True
Unknown,N/A,N/A,13.01913130270511,80.14247217474423,445,13.021091444324687,80.14523463407208,0.4808614509206248,0.4808614509206248,best,True
Unknown,N/A,N/A,13.022874325317762,80.14633017010573,445,13.021091444324687,80.14523463407208,0.2993579266355624,0.2993579266355624,best,True
Unknown,N/A,N/A,13.022867459388472,80.14645651154736,445,13.021091444324687,80.14523463407208,0.30811050166097775,0.30811050166097775,best,True
Unknown,N/A,N/A,13.022861167742638,80.14629871219033,445,13.021091444324687,80.14523463407208,0.29546120091469064,0.29546120091469064,best,True
Unknown,N/A,N/A,13.019128163420556,80.14248210722074,445,13.021091444324687,80.14523463407208,0.47999289219353586,0.47999289219353586,best,True
Unknown,N/A,N/A,13.019052397881827,80.14264420221514,445,13.021091444324687,80.14523463407208,0.4684469824479508,0.4684469824479508,best,True
Unknown,N/A,N/A,13.018338397201584,80.14306576329001,445,13.021091444324687,80.14523463407208,0.5003161152618774,0.5003161152618774,best,True
Unknown,N/A,N/A,13.019852,80.142631,445,13.021091444324687,80.14523463407208,0.40814526498248094,0.40814526498248094,best,True
Unknown,N/A,N/A,13.022901776537882,80.14634541501202,445,13.021091444324687,80.14523463407208,0.3038491058017043,0.3038491058017043,best,True
Unknown,N/A,N/A,13.022867956729096,80.1461926038375,445,13.021091444324687,80.14523463407208,0.28901320552882204,0.28901320552882204,best,True
Unknown,N/A,N/A,13.01907923212318,80.14247422029487,445,13.021091444324687,80.14523463407208,0.4850582145185729,0.4850582145185729,best,True
Unknown,N/A,N/A,13.02067343827006,80.14909053690342,445,13.021091444324687,80.14523463407208,0.5470663960158397,0.5470663960158397,best,True
Unknown,N/A,N/A,13.023325880153251,80.14679581457395,445,13.021091444324687,80.14523463407208,0.3895351552450656,0.3895351552450656,best,True
Unknown,N/A,N/A,13.022943274605442,80.1465031559563,445,13.021091444324687,80.14523463407208,0.32082890540685455,0.32082890540685455,best,True
Unknown,N/A,N/A,13.0192134,80.1482094,445,13.021091444324687,80.14523463407208,0.49893139485362537,0.49893139485362537,best,True
Unknown,N/A,N/A,13.021592540865688,80.14935238371703,445,13.021091444324687,80.14523463407208,0.5851323755984638,0.5851323755984638,best,True
Unknown,N/A,N/A,13.022065897225318,80.14640478931175,445,13.021091444324687,80.14523463407208,0.21649499786173482,0.21649499786173482,best,True
Unknown,N/A,N/A,13.01913037261352,80.14237462881694,445,13.021091444324687,80.14523463407208,0.49214813642177163,0.49214813642177163,best,True
Unknown,N/A,N/A,13.014364254580665,80.14598501161662,446,13.015520095004081,80.15050584390137,0.6588512825237213,0.6588512825237213,best,True
Unknown,N/A,N/A,13.018710371285618,80.15036422455478,446,13.015520095004081,80.15050584390137,0.45925940180743907,0.45925940180743907,best,True
Unknown,N/A,N/A,13.0160465,80.15127439999999,446,13.015520095004081,80.15050584390137,0.13220605676786903,0.13220605676786903,best,True
Unknown,N/A,N/A,13.019590403655858,80.15093961041757,446,13.015520095004081,80.15050584390137,0.5885783483889793,0.5885783483889793,best,True
Unknown,N/A,N/A,13.0187187,80.14988679999999,446,13.015520095004081,80.15050584390137,0.46823273746729943,0.46823273746729943,best,True
Unknown,N/A,N/A,13.010194711929708,80.14949999378163,446,13.015520095004081,80.15050584390137,0.7789201384449563,0.7789201384449563,best,True
Unknown,N/A,N/A,13.011015723576724,80.15559086693902,446,13.015520095004081,80.15050584390137,0.9663877927099991,0.9663877927099991,best,True
Unknown,N/A,N/A,13.1094402,80.0939003,447,13.106943010525516,80.09693324605999,0.5583788657563926,0.5583788657563926,best,True
Unknown,N/A,N/A,13.108655322588978,80.10064893277855,447,13.106943010525516,80.09693324605999,0.5788006440073777,0.5788006440073777,best,True
Unknown,N/A,N/A,13.104062560415455,80.10199111321411,447,13.106943010525516,80.09693324605999,0.8246216934505786,0.8246216934505786,best,True
Unknown,N/A,N/A,13.1031993,80.094696,447,13.106943010525516,80.09693324605999,0.6239936679294129,0.6239936679294129,best,True
Unknown,N/A,N/A,13.1054663,80.0963972,447,13.106943010525516,80.09693324605999,0.22542464131795156,0.22542464131795156,best,True
Unknown,N/A,N/A,13.110934451146315,80.09764884173384,447,13.106943010525516,80.09693324605999,0.5828483006919017,0.5828483006919017,best,True
Unknown,N/A,N/A,13.106058398425386,80.09802144387207,447,13.106943010525516,80.09693324605999,0.19929589007193094,0.19929589007193094,best,True
Unknown,N/A,N/A,13.1067448,80.0969511,447,13.106943010525516,80.09693324605999,0.028617690924502406,0.028617690924502406,best,True
Unknown,N/A,N/A,13.1031993,80.094696,447,13.106943010525516,80.09693324605999,0.6239936679294129,0.6239936679294129,best,True
Unknown,N/A,N/A,13.110410607490326,80.10168029958268,447,13.106943010525516,80.09693324605999,0.8345797487718132,0.8345797487718132,best,True
Unknown,N/A,N/A,13.1067448,80.0969511,447,13.106943010525516,80.09693324605999,0.028617690924502406,0.028617690924502406,best,True
Unknown,N/A,N/A,13.108527929696924,80.09539822765471,447,13.106943010525516,80.09693324605999,0.3142981814834025,0.3142981814834025,best,True
Unknown,N/A,N/A,13.1100803,80.0938468,447,13.106943010525516,80.09693324605999,0.6268121604391893,0.6268121604391893,best,True
Unknown,N/A,N/A,13.110288790634396,80.09890866647572,447,13.106943010525516,80.09693324605999,0.5559616872342099,0.5559616872342099,best,True
Unknown,N/A,N/A,13.1100874,80.09770879999999,447,13.106943010525516,80.09693324605999,0.465256492613189,0.465256492613189,best,True
Unknown,N/A,N/A,13.109146,80.0991796,447,13.106943010525516,80.09693324605999,0.4479534894584406,0.4479534894584406,best,True
Unknown,N/A,N/A,13.1031993,80.094696,447,13.106943010525516,80.09693324605999,0.6239936679294129,0.6239936679294129,best,True
Unknown,N/A,N/A,13.1215965,80.2127844,448,13.116792947330135,80.21191505191433,0.7016361240470125,0.7016361240470125,best,True
Unknown,N/A,N/A,13.1151847,80.20808749999999,448,13.116792947330135,80.21191505191433,0.5870367649595986,0.5870367649595986,best,True
Unknown,N/A,N/A,13.1178583,80.209936,448,13.116792947330135,80.21191505191433,0.31828142874603893,0.31828142874603893,best,True
Unknown,N/A,N/A,13.1187998,80.2124277,448,13.116792947330135,80.21191505191433,0.2975365016248713,0.2975365016248713,best,True
Unknown,N/A,N/A,13.114272141219828,80.21003158650818,448,13.116792947330135,80.21191505191433,0.44936617713433163,0.44936617713433163,best,True
Unknown,N/A,N/A,13.1216769,80.2149027,448,13.116792947330135,80.21191505191433,0.8189937974702112,0.8189937974702112,best,True
Unknown,N/A,N/A,13.115590236214787,80.21007240914325,448,13.116792947330135,80.21191505191433,0.3120717382091467,0.3120717382091467,best,True
Unknown,N/A,N/A,13.11417600235638,80.20884652615744,448,13.116792947330135,80.21191505191433,0.5733744107976302,0.5733744107976302,best,True
Unknown,N/A,N/A,13.1187998,80.2124277,448,13.116792947330135,80.21191505191433,0.2975365016248713,0.2975365016248713,best,True
Unknown,N/A,N/A,13.1170122,80.21359989999999,448,13.116792947330135,80.21191505191433,0.2395868992594006,0.2395868992594006,best,True
Unknown,N/A,N/A,13.1182463,80.2112019,448,13.116792947330135,80.21191505191433,0.2319404759982401,0.2319404759982401,best,True
Unknown,N/A,N/A,13.114114916822826,80.21141758544546,448,13.116792947330135,80.21191505191433,0.3914885711121021,0.3914885711121021,best,True
Unknown,N/A,N/A,13.120553707066794,80.21230893379557,448,13.116792947330135,80.21191505191433,0.5437183627040417,0.5437183627040417,best,True
Unknown,N/A,N/A,13.111052562163598,80.21397801126173,448,13.116792947330135,80.21191505191433,0.8753072230005726,0.8753072230005726,best,True
Unknown,N/A,N/A,13.1170304,80.2127872,448,13.116792947330135,80.21191505191433,0.12759643175678148,0.12759643175678148,best,True
Unknown,N/A,N/A,13.114968,80.2150621,448,13.116792947330135,80.21191505191433,0.5154499208662446,0.5154499208662446,best,True
Unknown,N/A,N/A,13.1122677,80.2087265,448,13.116792947330135,80.21191505191433,0.7909495093801404,0.7909495093801404,best,True
Unknown,N/A,N/A,13.1124243,80.2123102,448,13.116792947330135,80.21191505191433,0.6307671084124485,0.6307671084124485,best,True
Unknown,N/A,N/A,13.1211176,80.21342489999999,448,13.116792947330135,80.21191505191433,0.6573821629433793,0.6573821629433793,best,True
Unknown,N/A,N/A,13.119116880758478,80.21396728597483,448,13.116792947330135,80.21191505191433,0.44203889989849054,0.44203889989849054,best,True
Unknown,N/A,N/A,13.001356779801537,80.2120176963867,449,12.999394178231602,80.2081259465679,0.6171799451859339,0.6171799451859339,best,True
Unknown,N/A,N/A,13.0022495,80.20723,449,12.999394178231602,80.2081259465679,0.4296511864553157,0.4296511864553157,best,True
Unknown,N/A,N/A,12.998360718898777,80.20740636534053,449,12.999394178231602,80.2081259465679,0.17997281977553362,0.17997281977553362,best,True
Unknown,N/A,N/A,13.0040892,80.2109121,449,12.999394178231602,80.2081259465679,0.7812409202176284,0.7812409202176284,best,True
Unknown,N/A,N/A,12.9996798,80.2084826,449,12.999394178231602,80.2081259465679,0.06494145054639466,0.06494145054639466,best,True
Unknown,N/A,N/A,13.00168269765125,80.21109398577597,449,12.999394178231602,80.2081259465679,0.5324850030235498,0.5324850030235498,best,True
Unknown,N/A,N/A,12.99445036695827,80.2067751260642,449,12.999394178231602,80.2081259465679,0.7360969426677997,0.7360969426677997,best,True
Unknown,N/A,N/A,13.0011414,80.2064816,449,12.999394178231602,80.2081259465679,0.3419396172393468,0.3419396172393468,best,True
Unknown,N/A,N/A,12.99939368587332,80.20392553539637,449,12.999394178231602,80.2081259465679,0.5923861965727064,0.5923861965727064,best,True
Unknown,N/A,N/A,12.99506852437475,80.20674781920239,449,12.999394178231602,80.2081259465679,0.6517678212148764,0.6517678212148764,best,True
Unknown,N/A,N/A,12.99586328698974,80.20831258408077,449,12.999394178231602,80.2081259465679,0.5084931068404042,0.5084931068404042,best,True
Unknown,N/A,N/A,12.9928886,80.2142481,450,12.994202979769273,80.21481355411899,0.20516686066157178,0.20516686066157178,best,True
Unknown,N/A,N/A,12.996272999430476,80.21638049095435,450,12.994202979769273,80.21481355411899,0.37076578154437945,0.37076578154437945,best,True
Unknown,N/A,N/A,12.99617503150278,80.21655482257609,450,12.994202979769273,80.21481355411899,0.3751636245668407,0.3751636245668407,best,True
Unknown,N/A,N/A,12.996245722258667,80.21653290025844,450,12.994202979769273,80.21481355411899,0.3809318592573541,0.3809318592573541,best,True
Unknown,N/A,N/A,12.99581072962052,80.21616260407441,450,12.994202979769273,80.21481355411899,0.29944031236345625,0.29944031236345625,best,True
Unknown,N/A,N/A,12.992070266534371,80.21910861147695,450,12.994202979769273,80.21481355411899,0.678979419913999,0.678979419913999,best,True
Unknown,N/A,N/A,12.9938279,80.21716,450,12.994202979769273,80.21481355411899,0.33529542699256104,0.33529542699256104,best,True
Unknown,N/A,N/A,12.993026928239852,80.21213478637387,450,12.994202979769273,80.21481355411899,0.4139305086501108,0.4139305086501108,best,True
Unknown,N/A,N/A,12.994290699875329,80.2113589795947,450,12.994202979769273,80.21481355411899,0.4873738069949654,0.4873738069949654,best,True
Unknown,N/A,N/A,12.9927353,80.2090597,450,12.994202979769273,80.21481355411899,0.8384917957924556,0.8384917957924556,best,True
Unknown,N/A,N/A,12.9928886,80.2142481,450,12.994202979769273,80.21481355411899,0.20516686066157178,0.20516686066157178,best,True
Unknown,N/A,N/A,13.184976748820851,80.31280923732383,451,13.187098437887991,80.31144812560646,0.3604247241754522,0.3604247241754522,best,True
Unknown,N/A,N/A,13.186482179197569,80.30777663875119,451,13.187098437887991,80.31144812560646,0.5249369335711027,0.5249369335711027,best,True
Unknown,N/A,N/A,13.184972540233112,80.31282649044704,451,13.187098437887991,80.31144812560646,0.3622352929778061,0.3622352929778061,best,True
Unknown,N/A,N/A,13.18972991051542,80.30850759769201,451,13.187098437887991,80.31144812560646,0.5612055876665775,0.5612055876665775,best,True
Unknown,N/A,N/A,13.184643252609394,80.31217297783877,451,13.187098437887991,80.31144812560646,0.3675872909217702,0.3675872909217702,best,True
Unknown,N/A,N/A,13.184718083995827,80.31293752802937,451,13.187098437887991,80.31144812560646,0.40156734416618783,0.40156734416618783,best,True
Unknown,N/A,N/A,13.18472425296409,80.31206206288422,451,13.187098437887991,80.31144812560646,0.3522498581771919,0.3522498581771919,best,True
Unknown,N/A,N/A,13.1851165,80.31286,451,13.187098437887991,80.31144812560646,0.34761919214748466,0.34761919214748466,best,True
Unknown,N/A,N/A,13.186339015508596,80.30771390850596,451,13.187098437887991,80.31144812560646,0.5374557981583016,0.5374557981583016,best,True
Unknown,N/A,N/A,13.1899947,80.3096124,451,13.187098437887991,80.31144812560646,0.4903403453474985,0.4903403453474985,best,True
Unknown,N/A,N/A,13.184710777118148,80.31291515308763,451,13.187098437887991,80.31144812560646,0.4008282105927766,0.4008282105927766,best,True
Unknown,N/A,N/A,13.18479354435032,80.31192613548201,451,13.187098437887991,80.31144812560646,0.33826896155052555,0.33826896155052555,best,True
Unknown,N/A,N/A,13.190923903275737,80.30847507745287,451,13.187098437887991,80.31144812560646,0.6915485761784591,0.6915485761784591,best,True
Unknown,N/A,N/A,13.1913578,80.3076825,451,13.187098437887991,80.31144812560646,0.8104732459408558,0.8104732459408558,best,True
Unknown,N/A,N/A,13.18425646045764,80.31612998758828,451,13.187098437887991,80.31144812560646,0.7761372325394852,0.7761372325394852,best,True
Unknown,N/A,N/A,13.18492220258747,80.3122546330904,451,13.187098437887991,80.31144812560646,0.3329872011041478,0.3329872011041478,best,True
Unknown,N/A,N/A,12.9710218,80.2467851,452,12.972813084442514,80.24454690714768,0.4074650671865324,0.4074650671865324,best,True
Unknown,N/A,N/A,12.966697743753858,80.24392237545852,452,12.972813084442514,80.24454690714768,0.8839043349489522,0.8839043349489522,best,True
Unknown,N/A,N/A,12.96741274745969,80.24579469370524,452,12.972813084442514,80.24454690714768,0.7963637852416433,0.7963637852416433,best,True
Unknown,N/A,N/A,12.967509928928544,80.24579635593108,452,12.972813084442514,80.24454690714768,0.7827916412431308,0.7827916412431308,best,True
Unknown,N/A,N/A,12.9675278458604,80.2457864539377,452,12.972813084442514,80.24454690714768,0.7799669519246781,0.7799669519246781,best,True
Unknown,N/A,N/A,12.971323567668286,80.24486020515339,452,12.972813084442514,80.24454690714768,0.21873149567395192,0.21873149567395192,best,True
Unknown,N/A,N/A,13.0402725,80.1722913,453,13.040671716828829,80.17299623878438,0.11479193405604801,0.11479193405604801,best,True
Unknown,N/A,N/A,13.0409465,80.1722485,453,13.040671716828829,80.17299623878438,0.11259942078232872,0.11259942078232872,best,True
Unknown,N/A,N/A,13.0409465,80.1722485,453,13.040671716828829,80.17299623878438,0.11259942078232872,0.11259942078232872,best,True
Unknown,N/A,N/A,13.0402725,80.1722913,453,13.040671716828829,80.17299623878438,0.11479193405604801,0.11479193405604801,best,True
Unknown,N/A,N/A,13.0400194,80.1746718,453,13.040671716828829,80.17299623878438,0.2542112058425817,0.2542112058425817,best,True
Unknown,N/A,N/A,13.0409465,80.1722485,453,13.040671716828829,80.17299623878438,0.11259942078232872,0.11259942078232872,best,True
Unknown,N/A,N/A,13.0426579,80.1753997,453,13.040671716828829,80.17299623878438,0.44323080359215594,0.44323080359215594,best,True
Unknown,N/A,N/A,13.040153217682947,80.1752668373448,453,13.040671716828829,80.17299623878438,0.3287404232715549,0.3287404232715549,best,True
Unknown,N/A,N/A,13.040510063199068,80.17212987220539,453,13.040671716828829,80.17299623878438,0.12435653706726017,0.12435653706726017,best,True
Unknown,N/A,N/A,13.040506427163754,80.17217306298681,453,13.040671716828829,80.17299623878438,0.11848299175739034,0.11848299175739034,best,True
Unknown,N/A,N/A,13.0402725,80.1722913,453,13.040671716828829,80.17299623878438,0.11479193405604801,0.11479193405604801,best,True
Unknown,N/A,N/A,13.0402725,80.1722913,453,13.040671716828829,80.17299623878438,0.11479193405604801,0.11479193405604801,best,True
Unknown,N/A,N/A,13.039714,80.1744659,453,13.040671716828829,80.17299623878438,0.24883247308930714,0.24883247308930714,best,True
Unknown,N/A,N/A,13.040626368151733,80.1723695144584,453,13.040671716828829,80.17299623878438,0.08861298141324467,0.08861298141324467,best,True
Unknown,N/A,N/A,13.04080911143452,80.17293969674026,453,13.040671716828829,80.17299623878438,0.021307926814324613,0.021307926814324613,best,True
Unknown,N/A,N/A,13.040615724047324,80.1720600006325,453,13.040671716828829,80.17299623878438,0.1322616998414539,0.1322616998414539,best,True
Unknown,N/A,N/A,13.039994,80.17331469999999,453,13.040671716828829,80.17299623878438,0.10731614564702165,0.10731614564702165,best,True
Unknown,N/A,N/A,13.040503542711347,80.17210369155822,453,13.040671716828829,80.17299623878438,0.1281586399168475,0.1281586399168475,best,True
Unknown,N/A,N/A,13.041677718534403,80.17597126144801,453,13.040671716828829,80.17299623878438,0.443748143666622,0.443748143666622,best,True
Unknown,N/A,N/A,13.041727037809975,80.17566734304955,453,13.040671716828829,80.17299623878438,0.4060749072120193,0.4060749072120193,best,True
Unknown,N/A,N/A,13.040434497129985,80.17196970694094,453,13.040671716828829,80.17299623878438,0.14871474393013343,0.14871474393013343,best,True
Unknown,N/A,N/A,13.040418013406486,80.17209991827293,453,13.040671716828829,80.17299623878438,0.13154922079279974,0.13154922079279974,best,True
Unknown,N/A,N/A,13.040445852632406,80.17196305898331,453,13.040671716828829,80.17299623878438,0.14926339525035812,0.14926339525035812,best,True
Unknown,N/A,N/A,13.0404578,80.1721651,453,13.040671716828829,80.17299623878438,0.12116748093239998,0.12116748093239998,best,True
Unknown,N/A,N/A,13.040553710348648,80.17211140569228,453,13.040671716828829,80.17299623878438,0.12591685796960636,0.12591685796960636,best,True
Unknown,N/A,N/A,13.0404578,80.1721651,453,13.040671716828829,80.17299623878438,0.12116748093239998,0.12116748093239998,best,True
Unknown,N/A,N/A,13.0417434811329,80.17606782072698,453,13.040671716828829,80.17299623878438,0.4597253688847184,0.4597253688847184,best,True
Unknown,N/A,N/A,13.040914572343668,80.17333686289287,453,13.040671716828829,80.17299623878438,0.05938730285333183,0.05938730285333183,best,True
Unknown,N/A,N/A,13.0409465,80.1722485,453,13.040671716828829,80.17299623878438,0.11259942078232872,0.11259942078232872,best,True
Unknown,N/A,N/A,13.040504802055626,80.17216416869792,453,13.040671716828829,80.17299623878438,0.11975854433643913,0.11975854433643913,best,True
Unknown,N/A,N/A,13.040502181908725,80.1721476796846,453,13.040671716828829,80.17299623878438,0.12211199912930679,0.12211199912930679,best,True
Unknown,N/A,N/A,13.038937785293223,80.16930750035492,454,13.03903049357377,80.1690058621843,0.04457432458072429,0.04457432458072429,best,True
Unknown,N/A,N/A,13.03894230302589,80.16946154041443,454,13.03903049357377,80.1690058621843,0.06549422039202876,0.06549422039202876,best,True
Unknown,N/A,N/A,13.0375614,80.16862979999999,454,13.03903049357377,80.1690058621843,0.21783793962707856,0.21783793962707856,best,True
Unknown,N/A,N/A,13.038986956279505,80.16941793554159,454,13.03903049357377,80.1690058621843,0.05844209234481898,0.05844209234481898,best,True
Unknown,N/A,N/A,13.038910758186228,80.1693591394237,454,13.03903049357377,80.1690058621843,0.05270741461158551,0.05270741461158551,best,True
Unknown,N/A,N/A,13.040843758657765,80.16785925737118,454,13.03903049357377,80.1690058621843,0.3068365549907733,0.3068365549907733,best,True
Unknown,N/A,N/A,13.045939,80.1702696,455,13.043786554786287,80.17010680271042,0.3104148803055946,0.3104148803055946,best,True
Unknown,N/A,N/A,13.0430111,80.1695486,455,13.043786554786287,80.17010680271042,0.13650373202355665,0.13650373202355665,best,True
Unknown,N/A,N/A,13.042570270717658,80.1697508960869,455,13.043786554786287,80.17010680271042,0.18198259824008436,0.18198259824008436,best,True
Unknown,N/A,N/A,13.0436258484275,80.17085811475476,455,13.043786554786287,80.17010680271042,0.10843106251298934,0.10843106251298934,best,True
Unknown,N/A,N/A,12.845201,79.691721,456,12.850658788249072,79.69193911062374,0.7855311948735334,0.7855311948735334,best,True
Unknown,N/A,N/A,12.849854747256233,79.69316951201192,456,12.850658788249072,79.69193911062374,0.20860963207333783,0.20860963207333783,best,True
Unknown,N/A,N/A,12.849837328101932,79.69312614034168,456,12.850658788249072,79.69193911062374,0.20497748856214154,0.20497748856214154,best,True
Unknown,N/A,N/A,12.852958360241985,79.69263596083553,456,12.850658788249072,79.69193911062374,0.3450295228167876,0.3450295228167876,best,True
Unknown,N/A,N/A,12.849844783508486,79.6932101223607,456,12.850658788249072,79.69193911062374,0.21418283796362672,0.21418283796362672,best,True
Unknown,N/A,N/A,12.850891667026286,79.69046385639793,456,12.850658788249072,79.69193911062374,0.21085590107161606,0.21085590107161606,best,True
Unknown,N/A,N/A,12.849818092720032,79.69322635864997,456,12.850658788249072,79.69193911062374,0.21820842679754512,0.21820842679754512,best,True
Unknown,N/A,N/A,12.849829679551258,79.6931767345459,456,12.850658788249072,79.69193911062374,0.21147036628805035,0.21147036628805035,best,True
Unknown,N/A,N/A,12.84989995511918,79.69322462431165,456,12.850658788249072,79.69193911062374,0.21170194872524783,0.21170194872524783,best,True
Unknown,N/A,N/A,12.854085214236116,79.69577523222709,456,12.850658788249072,79.69193911062374,0.7320305314782942,0.7320305314782942,best,True
Unknown,N/A,N/A,12.849875928016766,79.69083401978116,456,12.850658788249072,79.69193911062374,0.19234063731302184,0.19234063731302184,best,True
Unknown,N/A,N/A,12.84987377901436,79.69321447046401,456,12.850658788249072,79.69193911062374,0.21245183430657694,0.21245183430657694,best,True
Unknown,N/A,N/A,12.849850200694394,79.69339331680494,456,12.850658788249072,79.69193911062374,0.2358687324017834,0.2358687324017834,best,True
Unknown,N/A,N/A,13.0777017,80.1467325,457,13.07938050726208,80.14529515215791,0.3152170745058174,0.3152170745058174,best,True
Unknown,N/A,N/A,13.0846626,80.1420714,457,13.07938050726208,80.14529515215791,0.8852518725507407,0.8852518725507407,best,True
Unknown,N/A,N/A,13.077774388636788,80.14543962130927,457,13.07938050726208,80.14529515215791,0.23188904038869976,0.23188904038869976,best,True
Unknown,N/A,N/A,13.076688,80.1479962,457,13.07938050726208,80.14529515215791,0.543110711131001,0.543110711131001,best,True
Unknown,N/A,N/A,13.0807395,80.13846590000001,457,13.07938050726208,80.14529515215791,0.9824588663730726,0.9824588663730726,best,True
Unknown,N/A,N/A,13.0777329,80.1466152,457,13.07938050726208,80.14529515215791,0.30130721413601114,0.30130721413601114,best,True
Unknown,N/A,N/A,13.076688,80.1479962,457,13.07938050726208,80.14529515215791,0.543110711131001,0.543110711131001,best,True
Unknown,N/A,N/A,13.076540602006697,80.14966999887703,457,13.07938050726208,80.14529515215791,0.7397656101370848,0.7397656101370848,best,True
Unknown,N/A,N/A,13.147811338159874,80.23100557430048,459,13.14914096325557,80.23052322873336,0.20295369830778254,0.20295369830778254,best,True
Unknown,N/A,N/A,13.145777912667713,80.23324452174657,459,13.14914096325557,80.23052322873336,0.6173007983024419,0.6173007983024419,best,True
Unknown,N/A,N/A,13.152252812620787,80.22816736939131,459,13.14914096325557,80.23052322873336,0.5572751054869353,0.5572751054869353,best,True
Unknown,N/A,N/A,13.152966291841494,80.2279836136015,459,13.14914096325557,80.23052322873336,0.656356964932533,0.656356964932533,best,True
Unknown,N/A,N/A,13.1449235,80.23279769999999,459,13.14914096325557,80.23052322873336,0.6860664419282798,0.6860664419282798,best,True
Unknown,N/A,N/A,13.15255046481284,80.22963004605774,459,13.14914096325557,80.23052322873336,0.5062608177312505,0.5062608177312505,best,True
Unknown,N/A,N/A,13.147728001265447,80.23100334601261,459,13.14914096325557,80.23052322873336,0.21418505126917514,0.21418505126917514,best,True
Unknown,N/A,N/A,13.150331073015442,80.2297353853505,459,13.14914096325557,80.23052322873336,0.20402769221976233,0.20402769221976233,best,True
Unknown,N/A,N/A,13.145454837900845,80.23233698174762,459,13.14914096325557,80.23052322873336,0.5885616241448437,0.5885616241448437,best,True
Unknown,N/A,N/A,13.14778626274732,80.2310571835662,459,13.14914096325557,80.23052322873336,0.20886469808020036,0.20886469808020036,best,True
Unknown,N/A,N/A,13.147976857943515,80.2327575996726,459,13.14914096325557,80.23052322873336,0.35666289355190967,0.35666289355190967,best,True
Unknown,N/A,N/A,13.151851530738243,80.22822757737076,459,13.14914096325557,80.23052322873336,0.5066203652256944,0.5066203652256944,best,True
Unknown,N/A,N/A,13.151734030276431,80.22829145310625,459,13.14914096325557,80.23052322873336,0.4878822690000324,0.4878822690000324,best,True
Unknown,N/A,N/A,13.148565,80.23126,459,13.14914096325557,80.23052322873336,0.13283632753006946,0.13283632753006946,best,True
Unknown,N/A,N/A,13.147851360872322,80.23093214804797,459,13.14914096325557,80.23052322873336,0.1942210374774037,0.1942210374774037,best,True
Unknown,N/A,N/A,13.150694137226845,80.22994115976167,459,13.14914096325557,80.23052322873336,0.2379683140238384,0.2379683140238384,best,True
Unknown,N/A,N/A,13.062664225806763,80.21432460604616,460,13.06388410854608,80.21375506689178,0.19294807060960642,0.19294807060960642,best,True
Unknown,N/A,N/A,13.063760209510374,80.21188290300532,460,13.06388410854608,80.21375506689178,0.2645647533402201,0.2645647533402201,best,True
Unknown,N/A,N/A,13.065424396073926,80.21444547971707,460,13.06388410854608,80.21375506689178,0.24196900458604037,0.24196900458604037,best,True
Unknown,N/A,N/A,13.065458823330578,80.21449431815132,460,13.06388410854608,80.21375506689178,0.24930948164157857,0.24930948164157857,best,True
Unknown,N/A,N/A,13.062479445516605,80.2134542516229,460,13.06388410854608,80.21375506689178,0.20642336079280985,0.20642336079280985,best,True
Unknown,N/A,N/A,13.062704120384204,80.21387483857166,460,13.06388410854608,80.21375506689178,0.17054442305576886,0.17054442305576886,best,True
Unknown,N/A,N/A,13.0652669,80.2136458,460,13.06388410854608,80.21375506689178,0.19946937267483508,0.19946937267483508,best,True
Unknown,N/A,N/A,13.064676422780453,80.21446700232669,460,13.06388410854608,80.21375506689178,0.151857329060655,0.151857329060655,best,True
Unknown,N/A,N/A,13.061989478113883,80.21454744909433,460,13.06388410854608,80.21375506689178,0.2945004832700747,0.2945004832700747,best,True
Unknown,N/A,N/A,13.0637276,80.2120253,460,13.06388410854608,80.21375506689178,0.2449233866899894,0.2449233866899894,best,True
Unknown,N/A,N/A,13.061915392737212,80.214984987558,460,13.06388410854608,80.21375506689178,0.3320253008891942,0.3320253008891942,best,True
Unknown,N/A,N/A,13.0629999,80.2134197,460,13.06388410854608,80.21375506689178,0.13567366097144926,0.13567366097144926,best,True
Unknown,N/A,N/A,13.06345188810665,80.2145729287014,460,13.06388410854608,80.21375506689178,0.13100145421608506,0.13100145421608506,best,True
Unknown,N/A,N/A,13.062714599376976,80.21359174528013,460,13.06388410854608,80.21375506689178,0.16976817322138887,0.16976817322138887,best,True
Unknown,N/A,N/A,13.062695987611194,80.21380188855814,460,13.06388410854608,80.21375506689178,0.1710034233753105,0.1710034233753105,best,True
Unknown,N/A,N/A,13.066156929126985,80.21446194373793,460,13.06388410854608,80.21375506689178,0.34173416028403697,0.34173416028403697,best,True
Unknown,N/A,N/A,13.067077377794051,80.21448430131832,460,13.06388410854608,80.21375506689178,0.47062559328765763,0.47062559328765763,best,True
Unknown,N/A,N/A,13.063412377334794,80.21238837388316,460,13.06388410854608,80.21375506689178,0.2042902973406008,0.2042902973406008,best,True
Unknown,N/A,N/A,13.06701085102708,80.21443334100036,460,13.06388410854608,80.21375506689178,0.45974544339930706,0.45974544339930706,best,True
Unknown,N/A,N/A,13.0637276,80.2120253,460,13.06388410854608,80.21375506689178,0.2449233866899894,0.2449233866899894,best,True
Unknown,N/A,N/A,13.06363421146734,80.21456437789685,460,13.06388410854608,80.21375506689178,0.1196342591230122,0.1196342591230122,best,True
Unknown,N/A,N/A,13.0637276,80.2120253,460,13.06388410854608,80.21375506689178,0.2449233866899894,0.2449233866899894,best,True
Unknown,N/A,N/A,13.062658160460792,80.21445040204114,460,13.06388410854608,80.21375506689178,0.20173978440772164,0.20173978440772164,best,True
Unknown,N/A,N/A,13.0648854,80.2086272,461,13.065617863802338,80.20817310098988,0.12327358866650523,0.12327358866650523,best,True
Unknown,N/A,N/A,13.067309597889532,80.20865578777004,461,13.065617863802338,80.20817310098988,0.2526444895492084,0.2526444895492084,best,True
Unknown,N/A,N/A,13.0648085,80.20773,461,13.065617863802338,80.20817310098988,0.13210862429969703,0.13210862429969703,best,True
Unknown,N/A,N/A,13.066504989588667,80.20693411602943,461,13.065617863802338,80.20817310098988,0.21631980296521477,0.21631980296521477,best,True
Unknown,N/A,N/A,13.0624223,80.2090788,461,13.065617863802338,80.20817310098988,0.4769979870112861,0.4769979870112861,best,True
Unknown,N/A,N/A,13.0648085,80.20773,461,13.065617863802338,80.20817310098988,0.13210862429969703,0.13210862429969703,best,True
Unknown,N/A,N/A,13.0648085,80.20773,461,13.065617863802338,80.20817310098988,0.13210862429969703,0.13210862429969703,best,True
Unknown,N/A,N/A,13.0675499165142,80.20852124915088,461,13.065617863802338,80.20817310098988,0.28217084432720857,0.28217084432720857,best,True
Unknown,N/A,N/A,13.067463070228651,80.20855075595856,461,13.065617863802338,80.20817310098988,0.27066735711031353,0.27066735711031353,best,True
Unknown,N/A,N/A,12.888739350807422,80.02897553577118,462,12.887426641558019,80.02360327390706,0.7811464950250316,0.7811464950250316,best,True
Unknown,N/A,N/A,12.886327444586652,80.02080212011904,462,12.887426641558019,80.02360327390706,0.42566875858824516,0.42566875858824516,best,True
Unknown,N/A,N/A,12.8866713,80.02163039999999,462,12.887426641558019,80.02360327390706,0.29880634816498286,0.29880634816498286,best,True
Unknown,N/A,N/A,12.889369893113988,80.01788376294454,462,12.887426641558019,80.02360327390706,0.854006641535337,0.854006641535337,best,True
Unknown,N/A,N/A,12.886783233689744,80.02031087268547,462,12.887426641558019,80.02360327390706,0.47366346506743173,0.47366346506743173,best,True
Unknown,N/A,N/A,12.886788132663796,80.02199823614268,462,12.887426641558019,80.02360327390706,0.2443707188986013,0.2443707188986013,best,True
Unknown,N/A,N/A,12.888552,80.029277,462,12.887426641558019,80.02360327390706,0.8167209649823796,0.8167209649823796,best,True
Unknown,N/A,N/A,12.886429032803722,80.02076587731845,462,12.887426641558019,80.02360327390706,0.4252719085007197,0.4252719085007197,best,True
Unknown,N/A,N/A,12.8865824,80.0216481,462,12.887426641558019,80.02360327390706,0.3014008206589732,0.3014008206589732,best,True
Unknown,N/A,N/A,12.887573335169217,80.0248429519277,462,12.887426641558019,80.02360327390706,0.17617818409567584,0.17617818409567584,best,True
Unknown,N/A,N/A,12.886688281172123,80.0218204446436,462,12.887426641558019,80.02360327390706,0.2730414582269246,0.2730414582269246,best,True
Unknown,N/A,N/A,12.888758307127931,80.02900605293041,462,12.887426641558019,80.02360327390706,0.7859851199117013,0.7859851199117013,best,True
Unknown,N/A,N/A,12.886711125771102,80.0218651951772,462,12.887426641558019,80.02360327390706,0.2659473537942751,0.2659473537942751,best,True
Unknown,N/A,N/A,12.88687551232638,80.02210969061605,462,12.887426641558019,80.02360327390706,0.22514845126685218,0.22514845126685218,best,True
Unknown,N/A,N/A,12.8868064,80.0221226,462,12.887426641558019,80.02360327390706,0.227160627597217,0.227160627597217,best,True
Unknown,N/A,N/A,12.8868064,80.0221226,462,12.887426641558019,80.02360327390706,0.227160627597217,0.227160627597217,best,True
Unknown,N/A,N/A,12.9834839,80.13995369999999,463,12.983273108932764,80.14307055274779,0.44064363470679874,0.44064363470679874,best,True
Unknown,N/A,N/A,12.9895955,80.1440037,463,12.983273108932764,80.14307055274779,0.9187581496547681,0.9187581496547681,best,True
Unknown,N/A,N/A,12.97920909507269,80.13914042548966,463,12.983273108932764,80.14307055274779,0.8055304128331123,0.8055304128331123,best,True
Unknown,N/A,N/A,12.978935082087666,80.14130997033716,463,12.983273108932764,80.14307055274779,0.6714921686868943,0.6714921686868943,best,True
Unknown,N/A,N/A,12.988069,80.143324,463,12.983273108932764,80.14307055274779,0.6906681660715522,0.6906681660715522,best,True
Unknown,N/A,N/A,12.9834839,80.13995369999999,463,12.983273108932764,80.14307055274779,0.44064363470679874,0.44064363470679874,best,True
Unknown,N/A,N/A,12.981861439488014,80.13941546241766,463,12.983273108932764,80.14307055274779,0.554052392481102,0.554052392481102,best,True
Unknown,N/A,N/A,12.9852117,80.14146749999999,463,12.983273108932764,80.14307055274779,0.35895889379544504,0.35895889379544504,best,True
Unknown,N/A,N/A,13.1016375,80.1617969,464,13.100082445287821,80.15906989293427,0.4447569544836993,0.4447569544836993,best,True
Unknown,N/A,N/A,13.0986269,80.15722930000001,464,13.100082445287821,80.15906989293427,0.3333913131838701,0.3333913131838701,best,True
Unknown,N/A,N/A,13.0985168,80.1572218,464,13.100082445287821,80.15906989293427,0.3443543541674243,0.3443543541674243,best,True
Unknown,N/A,N/A,13.0970855,80.1578288,464,13.100082445287821,80.15906989293427,0.4651800418137081,0.4651800418137081,best,True
Unknown,N/A,N/A,13.0999888,80.1587569,464,13.100082445287821,80.15906989293427,0.046133414395525325,0.046133414395525325,best,True
Unknown,N/A,N/A,13.103556,80.156609,464,13.100082445287821,80.15906989293427,0.6082118652185209,0.6082118652185209,best,True
Unknown,N/A,N/A,13.1016116,80.1547558,464,13.100082445287821,80.15906989293427,0.6467134331444868,0.6467134331444868,best,True
Unknown,N/A,N/A,13.10023096245851,80.16219728353664,464,13.100082445287821,80.15906989293427,0.4413960525629996,0.4413960525629996,best,True
Unknown,N/A,N/A,13.103556,80.156609,464,13.100082445287821,80.15906989293427,0.6082118652185209,0.6082118652185209,best,True
Unknown,N/A,N/A,13.103556,80.156609,464,13.100082445287821,80.15906989293427,0.6082118652185209,0.6082118652185209,best,True
Unknown,N/A,N/A,13.10056512095322,80.16221950928887,464,13.100082445287821,80.15906989293427,0.44940572833617437,0.44940572833617437,best,True
Unknown,N/A,N/A,13.100472072853158,80.15487970873718,464,13.100082445287821,80.15906989293427,0.5933562550505166,0.5933562550505166,best,True
Unknown,N/A,N/A,13.1020889,80.1551432,464,13.100082445287821,80.15906989293427,0.6242580858516358,0.6242580858516358,best,True
Unknown,N/A,N/A,13.102353732945382,80.15569202297462,464,13.100082445287821,80.15906989293427,0.5774603794278398,0.5774603794278398,best,True
Unknown,N/A,N/A,12.990523465138006,79.85124603718265,465,12.985857468840798,79.85160537565923,0.6729722693368475,0.6729722693368475,best,True
Unknown,N/A,N/A,12.981191472543593,79.85196471413583,465,12.985857468840798,79.85160537565923,0.67297210084148,0.67297210084148,best,True
Unknown,N/A,N/A,13.1159932,80.1025032,466,13.115920039796183,80.10284728915579,0.04963246582434775,0.04963246582434775,best,True
Unknown,N/A,N/A,13.1175838,80.10359869999999,466,13.115920039796183,80.10284728915579,0.26167928785822575,0.26167928785822575,best,True
Unknown,N/A,N/A,13.1159932,80.1025032,466,13.115920039796183,80.10284728915579,0.04963246582434775,0.04963246582434775,best,True
Unknown,N/A,N/A,13.1147434,80.1032485,466,13.115920039796183,80.10284728915579,0.17842614027323445,0.17842614027323445,best,True
Unknown,N/A,N/A,13.116123748352074,80.10288805870192,466,13.115920039796183,80.10284728915579,0.029855906837593232,0.029855906837593232,best,True
Unknown,N/A,N/A,13.1159932,80.1025032,466,13.115920039796183,80.10284728915579,0.04963246582434775,0.04963246582434775,best,True
Unknown,N/A,N/A,13.1159932,80.1025032,466,13.115920039796183,80.10284728915579,0.04963246582434775,0.04963246582434775,best,True
Unknown,N/A,N/A,13.116026920182671,80.10349597435832,466,13.115920039796183,80.10284728915579,0.09272453853026844,0.09272453853026844,best,True
Unknown,N/A,N/A,13.1159932,80.1025032,466,13.115920039796183,80.10284728915579,0.04963246582434775,0.04963246582434775,best,True
Unknown,N/A,N/A,13.1159932,80.1025032,466,13.115920039796183,80.10284728915579,0.04963246582434775,0.04963246582434775,best,True
Unknown,N/A,N/A,13.11601890439817,80.10309781256063,466,13.115920039796183,80.10284728915579,0.038069873772895474,0.038069873772895474,best,True
Unknown,N/A,N/A,13.116305544480408,80.10311404881175,466,13.115920039796183,80.10284728915579,0.06699274234455353,0.06699274234455353,best,True
Unknown,N/A,N/A,13.11624067356888,80.10304118191523,466,13.115920039796183,80.10284728915579,0.05360525195513718,0.05360525195513718,best,True
Unknown,N/A,N/A,13.1159932,80.1025032,466,13.115920039796183,80.10284728915579,0.04963246582434775,0.04963246582434775,best,True
Unknown,N/A,N/A,13.115734025157984,80.10521876046339,466,13.115920039796183,80.10284728915579,0.3353620291617291,0.3353620291617291,best,True
Unknown,N/A,N/A,13.1159932,80.1025032,466,13.115920039796183,80.10284728915579,0.04963246582434775,0.04963246582434775,best,True
Unknown,N/A,N/A,13.11606777886851,80.10302362997729,466,13.115920039796183,80.10284728915579,0.032701457395090054,0.032701457395090054,best,True
Unknown,N/A,N/A,13.1159932,80.1025032,466,13.115920039796183,80.10284728915579,0.04963246582434775,0.04963246582434775,best,True
Unknown,N/A,N/A,13.116072913616724,80.1030599761685,466,13.115920039796183,80.10284728915579,0.03717905695791249,0.03717905695791249,best,True
Unknown,N/A,N/A,13.1159932,80.1025032,466,13.115920039796183,80.10284728915579,0.04963246582434775,0.04963246582434775,best,True
Unknown,N/A,N/A,13.1161979113755,80.10336313035633,466,13.115920039796183,80.10284728915579,0.08297352007697364,0.08297352007697364,best,True
Unknown,N/A,N/A,13.11621487480372,80.1032647594519,466,13.115920039796183,80.10284728915579,0.07253405973755934,0.07253405973755934,best,True
Unknown,N/A,N/A,13.116165316879934,80.103214402968,466,13.115920039796183,80.10284728915579,0.06262949476865157,0.06262949476865157,best,True
Unknown,N/A,N/A,13.1120576,80.10015469999999,466,13.115920039796183,80.10284728915579,0.672790670231046,0.672790670231046,best,True
Unknown,N/A,N/A,13.1159932,80.1025032,466,13.115920039796183,80.10284728915579,0.04963246582434775,0.04963246582434775,best,True
Unknown,N/A,N/A,13.116108138415454,80.10277678531953,466,13.115920039796183,80.10284728915579,0.028820357792815058,0.028820357792815058,best,True
Unknown,N/A,N/A,13.116181164193144,80.10312527530924,466,13.115920039796183,80.10284728915579,0.05427654272720463,0.05427654272720463,best,True
Unknown,N/A,N/A,13.1159932,80.1025032,466,13.115920039796183,80.10284728915579,0.04963246582434775,0.04963246582434775,best,True
Unknown,N/A,N/A,13.12245499804051,80.10326690096687,467,13.121212003175868,80.10248377571419,0.21010534245631068,0.21010534245631068,best,True
Unknown,N/A,N/A,13.125243180764832,80.10352891348587,467,13.121212003175868,80.10248377571419,0.5981930828287837,0.5981930828287837,best,True
Unknown,N/A,N/A,13.1202812,80.102594,467,13.121212003175868,80.10248377571419,0.13476766963782563,0.13476766963782563,best,True
Unknown,N/A,N/A,13.1206137,80.10198319999999,467,13.121212003175868,80.10248377571419,0.11128046204927058,0.11128046204927058,best,True
Unknown,N/A,N/A,13.119645851618952,80.10221636270137,467,13.121212003175868,80.10248377571419,0.2283778044805677,0.2283778044805677,best,True
Unknown,N/A,N/A,13.1206137,80.10198319999999,467,13.121212003175868,80.10248377571419,0.11128046204927058,0.11128046204927058,best,True
Unknown,N/A,N/A,13.119631391806784,80.10181385284525,467,13.121212003175868,80.10248377571419,0.2461592654907116,0.2461592654907116,best,True
Unknown,N/A,N/A,13.1221497,80.0026794,468,13.12552341973266,80.00724838704953,0.8063642208666882,0.8063642208666882,best,True
Unknown,N/A,N/A,13.1251097,80.0071964,468,13.12552341973266,80.00724838704953,0.05995114775433947,0.05995114775433947,best,True
Unknown,N/A,N/A,13.125012,80.00683699999999,468,13.12552341973266,80.00724838704953,0.09366283165232986,0.09366283165232986,best,True
Unknown,N/A,N/A,13.131389644080318,80.00686076503916,468,13.12552341973266,80.00724838704953,0.8454539587479656,0.8454539587479656,best,True
Unknown,N/A,N/A,13.1291081,80.0076424,468,13.12552341973266,80.00724838704953,0.5185353915612451,0.5185353915612451,best,True
Unknown,N/A,N/A,13.124147180182783,80.00942048298948,468,13.12552341973266,80.00724838704953,0.36458422459218115,0.36458422459218115,best,True
Unknown,N/A,N/A,13.124730494212828,80.00651815196488,468,13.12552341973266,80.00724838704953,0.1536237272966657,0.1536237272966657,best,True
Unknown,N/A,N/A,13.1247944459487,80.00631448426438,468,13.12552341973266,80.00724838704953,0.16828979078585973,0.16828979078585973,best,True
Unknown,N/A,N/A,13.124903392586267,80.0076394962036,468,13.12552341973266,80.00724838704953,0.10483880579019633,0.10483880579019633,best,True
Unknown,N/A,N/A,13.125268155314515,80.00798182019042,468,13.12552341973266,80.00724838704953,0.10970896841131277,0.10970896841131277,best,True
Unknown,N/A,N/A,13.1225763,80.0113954,468,13.12552341973266,80.00724838704953,0.7220583685471658,0.7220583685471658,best,True
Unknown,N/A,N/A,13.124709664676724,80.00632137412374,468,13.12552341973266,80.00724838704953,0.17541984249722212,0.17541984249722212,best,True
Unknown,N/A,N/A,13.1274857,80.0041851,468,13.12552341973266,80.00724838704953,0.5158433713235414,0.5158433713235414,best,True
Unknown,N/A,N/A,13.125943399255142,80.01048514391753,468,13.12552341973266,80.00724838704953,0.46023039291341394,0.46023039291341394,best,True
Unknown,N/A,N/A,13.0037834,80.2569061,469,13.004083054422374,80.2583073227597,0.2022563295553878,0.2022563295553878,best,True
Unknown,N/A,N/A,13.0037834,80.2569061,469,13.004083054422374,80.2583073227597,0.2022563295553878,0.2022563295553878,best,True
Unknown,N/A,N/A,13.0037834,80.2569061,469,13.004083054422374,80.2583073227597,0.2022563295553878,0.2022563295553878,best,True
Unknown,N/A,N/A,13.000853752473713,80.25638439685845,469,13.004083054422374,80.2583073227597,0.5378147525994801,0.5378147525994801,best,True
Unknown,N/A,N/A,13.000929887197715,80.25963138666084,469,13.004083054422374,80.2583073227597,0.49042773080808605,0.49042773080808605,best,True
Unknown,N/A,N/A,13.000861260294894,80.25952542102921,469,13.004083054422374,80.2583073227597,0.494176855803579,0.494176855803579,best,True
Unknown,N/A,N/A,13.006480439241832,80.25441701003416,469,13.004083054422374,80.2583073227597,0.6479866374744866,0.6479866374744866,best,True
Unknown,N/A,N/A,13.006576401409756,80.25764798080161,469,13.004083054422374,80.2583073227597,0.3704520738886694,0.3704520738886694,best,True
Unknown,N/A,N/A,13.003656414730871,80.26084529651298,469,13.004083054422374,80.2583073227597,0.36314667750764096,0.36314667750764096,best,True
Unknown,N/A,N/A,13.005229343297312,80.25771485845922,469,13.004083054422374,80.2583073227597,0.18482341260285198,0.18482341260285198,best,True
Unknown,N/A,N/A,13.059555214998827,79.91221289927903,471,13.057555225750498,79.91137853630089,0.31076681161862346,0.31076681161862346,best,True
Unknown,N/A,N/A,13.055975639088638,79.9126868233142,471,13.057555225750498,79.91137853630089,0.29263778284946373,0.29263778284946373,best,True
Unknown,N/A,N/A,13.057134823164027,79.90923588630943,471,13.057555225750498,79.91137853630089,0.30809969844257895,0.30809969844257895,best,True
Unknown,N/A,N/A,13.010763922561404,80.1020592796648,472,13.010523880837464,80.1058840447647,0.5404879913439652,0.5404879913439652,best,True
Unknown,N/A,N/A,13.016436312545572,80.10277019578704,472,13.010523880837464,80.1058840447647,0.95701670345289,0.95701670345289,best,True
Unknown,N/A,N/A,13.015085694392798,80.10570767949574,472,13.010523880837464,80.1058840447647,0.6565502557164071,0.6565502557164071,best,True
Unknown,N/A,N/A,13.006968535890858,80.10842235184504,472,13.010523880837464,80.1058840447647,0.6241764918689725,0.6241764918689725,best,True
Unknown,N/A,N/A,13.00608878130909,80.11049665132494,472,13.010523880837464,80.1058840447647,0.9110447921220122,0.9110447921220122,best,True
Unknown,N/A,N/A,13.0075176,80.1058016,472,13.010523880837464,80.1058840447647,0.43251880459747166,0.43251880459747166,best,True
Unknown,N/A,N/A,13.093206742087723,80.22487035974925,473,13.092019712318377,80.22381965851055,0.226022705668853,0.226022705668853,best,True
Unknown,N/A,N/A,13.0918386,80.2237442,473,13.092019712318377,80.22381965851055,0.028136261613676963,0.028136261613676963,best,True
Unknown,N/A,N/A,13.090745807986744,80.224779886196,473,13.092019712318377,80.22381965851055,0.22779965464572624,0.22779965464572624,best,True
Unknown,N/A,N/A,13.0922633,80.22249099999999,473,13.092019712318377,80.22381965851055,0.19055953472947101,0.19055953472947101,best,True
Unknown,N/A,N/A,13.092020838484196,80.22330319104748,473,13.092019712318377,80.22381965851055,0.07281075186889706,0.07281075186889706,best,True
Unknown,N/A,N/A,13.091961670459188,80.22359872212857,473,13.092019712318377,80.22381965851055,0.032246390338545414,0.032246390338545414,best,True
Unknown,N/A,N/A,13.09213794889839,80.22528387541428,473,13.092019712318377,80.22381965851055,0.20712162063167405,0.20712162063167405,best,True
Unknown,N/A,N/A,13.092006221142547,80.2236330690484,473,13.092019712318377,80.22381965851055,0.02637648126701823,0.02637648126701823,best,True
Unknown,N/A,N/A,13.092051043682911,80.22362895128802,473,13.092019712318377,80.22381965851055,0.027260531784280992,0.027260531784280992,best,True
Unknown,N/A,N/A,13.092012399759112,80.22350209376705,473,13.092019712318377,80.22381965851055,0.04478200767942221,0.04478200767942221,best,True
Unknown,N/A,N/A,13.092004520349697,80.22342112683738,473,13.092019712318377,80.22381965851055,0.0562266848624624,0.0562266848624624,best,True
Unknown,N/A,N/A,13.091987454970033,80.22357942665032,473,13.092019712318377,80.22381965851055,0.034183694377213726,0.034183694377213726,best,True
Unknown,N/A,N/A,13.095541850347288,80.22396709732124,474,13.097836698751822,80.22264471926184,0.3790570910101331,0.3790570910101331,best,True
Unknown,N/A,N/A,13.099961758703223,80.22647947157095,474,13.097836698751822,80.22264471926184,0.6210133441449132,0.6210133441449132,best,True
Unknown,N/A,N/A,13.099279552891568,80.22502262568955,474,13.097836698751822,80.22264471926184,0.39425414338155423,0.39425414338155423,best,True
Unknown,N/A,N/A,13.09905107500346,80.21948933974156,474,13.097836698751822,80.22264471926184,0.47788614526305856,0.47788614526305856,best,True
Unknown,N/A,N/A,13.099090610393302,80.2196289994313,474,13.097836698751822,80.22264471926184,0.46180659249923406,0.46180659249923406,best,True
Unknown,N/A,N/A,13.0998495,80.2254866,474,13.097836698751822,80.22264471926184,0.49427314781404597,0.49427314781404597,best,True
Unknown,N/A,N/A,13.0998495,80.2254866,474,13.097836698751822,80.22264471926184,0.49427314781404597,0.49427314781404597,best,True
Unknown,N/A,N/A,13.099095456534792,80.21965228065848,474,13.097836698751822,80.22264471926184,0.4590613294344955,0.4590613294344955,best,True
Unknown,N/A,N/A,13.095742717858784,80.2213871772395,474,13.097836698751822,80.22264471926184,0.34946398365645764,0.34946398365645764,best,True
Unknown,N/A,N/A,13.095771872296504,80.22140089231107,474,13.097836698751822,80.22264471926184,0.3448700180293459,0.3448700180293459,best,True
Unknown,N/A,N/A,13.095754802122308,80.22143807746163,474,13.097836698751822,80.22264471926184,0.3443668662105192,0.3443668662105192,best,True
Unknown,N/A,N/A,13.0957723109455,80.22140714874308,474,13.097836698751822,80.22264471926184,0.3443680091435044,0.3443680091435044,best,True
Unknown,N/A,N/A,13.0958325433613,80.22137627959644,474,13.097836698751822,80.22264471926184,0.339201801127243,0.339201801127243,best,True
Unknown,N/A,N/A,13.095817750419384,80.22135642500807,474,13.097836698751822,80.22264471926184,0.34248756045060114,0.34248756045060114,best,True
Unknown,N/A,N/A,13.09629037665538,80.21955843194044,474,13.097836698751822,80.22264471926184,0.48863270730618524,0.48863270730618524,best,True
Unknown,N/A,N/A,13.0991092,80.2278939,474,13.097836698751822,80.22264471926184,0.76229479250864,0.76229479250864,best,True
Unknown,N/A,N/A,13.1000027,80.2267596,474,13.097836698751822,80.22264471926184,0.658444001909021,0.658444001909021,best,True
Unknown,N/A,N/A,13.099247,80.219814,474,13.097836698751822,80.22264471926184,0.4476473222344605,0.4476473222344605,best,True
Unknown,N/A,N/A,13.1116221,80.22942220000002,475,13.11133809703634,80.22798954743948,0.20604578053791675,0.20604578053791675,best,True
Unknown,N/A,N/A,13.110412620862618,80.22661618742984,475,13.11133809703634,80.22798954743948,0.234940148491836,0.234940148491836,best,True
Unknown,N/A,N/A,13.111117861606791,80.22674933750213,475,13.11133809703634,80.22798954743948,0.17767494224363412,0.17767494224363412,best,True
Unknown,N/A,N/A,13.1108545,80.22743140000001,475,13.11133809703634,80.22798954743948,0.10501431612006334,0.10501431612006334,best,True
Unknown,N/A,N/A,13.1108545,80.22743140000001,475,13.11133809703634,80.22798954743948,0.10501431612006334,0.10501431612006334,best,True
Unknown,N/A,N/A,13.1116221,80.22942220000002,475,13.11133809703634,80.22798954743948,0.20604578053791675,0.20604578053791675,best,True
Unknown,N/A,N/A,13.1138824,80.2295172,475,13.11133809703634,80.22798954743948,0.4245878854950878,0.4245878854950878,best,True
Unknown,N/A,N/A,13.1087236,80.2282183,475,13.11133809703634,80.22798954743948,0.3773993727134304,0.3773993727134304,best,True
Unknown,N/A,N/A,13.112799579652972,80.22983071819976,475,13.11133809703634,80.22798954743948,0.3339812246170952,0.3339812246170952,best,True
Unknown,N/A,N/A,13.113373892355622,80.22728983970104,475,13.11133809703634,80.22798954743948,0.3089576629242221,0.3089576629242221,best,True
Unknown,N/A,N/A,13.110503470479866,80.22699209758744,475,13.11133809703634,80.22798954743948,0.18487662274013636,0.18487662274013636,best,True
Unknown,N/A,N/A,13.110006536514549,80.22552103629286,475,13.11133809703634,80.22798954743948,0.397195755121411,0.397195755121411,best,True
Unknown,N/A,N/A,13.1116221,80.22942220000002,475,13.11133809703634,80.22798954743948,0.20604578053791675,0.20604578053791675,best,True
Unknown,N/A,N/A,13.1141389,80.2243742,476,13.114559184470671,80.22464074259626,0.07117184800673518,0.07117184800673518,best,True
Unknown,N/A,N/A,13.1141389,80.2243742,476,13.114559184470671,80.22464074259626,0.07117184800673518,0.07117184800673518,best,True
Unknown,N/A,N/A,13.115592712461664,80.22849709690809,476,13.114559184470671,80.22464074259626,0.5635665859980787,0.5635665859980787,best,True
Unknown,N/A,N/A,13.1141389,80.2243742,476,13.114559184470671,80.22464074259626,0.07117184800673518,0.07117184800673518,best,True
Unknown,N/A,N/A,13.1141389,80.2243742,476,13.114559184470671,80.22464074259626,0.07117184800673518,0.07117184800673518,best,True
Unknown,N/A,N/A,13.11442897744392,80.224559412576,476,13.114559184470671,80.22464074259626,0.021957254173967693,0.021957254173967693,best,True
Unknown,N/A,N/A,13.1149791,80.2271923,476,13.114559184470671,80.22464074259626,0.36471544701873226,0.36471544701873226,best,True
Unknown,N/A,N/A,13.1141389,80.2243742,476,13.114559184470671,80.22464074259626,0.07117184800673518,0.07117184800673518,best,True
Unknown,N/A,N/A,13.114566066851072,80.22397460426023,476,13.114559184470671,80.22464074259626,0.09390754981509221,0.09390754981509221,best,True
Unknown,N/A,N/A,13.1164939,80.22451,476,13.114559184470671,80.22464074259626,0.27886224739540977,0.27886224739540977,best,True
Unknown,N/A,N/A,13.114622,80.2242876,476,13.114559184470671,80.22464074259626,0.05059393403980918,0.05059393403980918,best,True
Unknown,N/A,N/A,13.1141389,80.2243742,476,13.114559184470671,80.22464074259626,0.07117184800673518,0.07117184800673518,best,True
Unknown,N/A,N/A,13.116463598523454,80.22493876991635,476,13.114559184470671,80.22464074259626,0.2770977925273503,0.2770977925273503,best,True
Unknown,N/A,N/A,13.114336460522148,80.22450714659614,476,13.114559184470671,80.22464074259626,0.03715819196954227,0.03715819196954227,best,True
Unknown,N/A,N/A,13.114417290628891,80.22454648908365,476,13.114559184470671,80.22464074259626,0.0243513492307049,0.0243513492307049,best,True
Unknown,N/A,N/A,13.116412836164615,80.22498642010366,476,13.114559184470671,80.22464074259626,0.2710106019542903,0.2710106019542903,best,True
Unknown,N/A,N/A,13.1148534,80.2231238,476,13.114559184470671,80.22464074259626,0.21798244041028342,0.21798244041028342,best,True
Unknown,N/A,N/A,13.114330232751742,80.2245386809471,476,13.114559184470671,80.22464074259626,0.035933912360370364,0.035933912360370364,best,True
Unknown,N/A,N/A,13.1141389,80.2243742,476,13.114559184470671,80.22464074259626,0.07117184800673518,0.07117184800673518,best,True
Unknown,N/A,N/A,13.114622,80.2242876,476,13.114559184470671,80.22464074259626,0.05059393403980918,0.05059393403980918,best,True
Unknown,N/A,N/A,13.1125576,80.2241985,476,13.114559184470671,80.22464074259626,0.2945426171790514,0.2945426171790514,best,True
Unknown,N/A,N/A,13.114338353905564,80.22470935777977,476,13.114559184470671,80.22464074259626,0.03320023138148779,0.03320023138148779,best,True
Unknown,N/A,N/A,13.114135266984349,80.22405952933164,476,13.114559184470671,80.22464074259626,0.10212637760630225,0.10212637760630225,best,True
Unknown,N/A,N/A,13.1141389,80.2243742,476,13.114559184470671,80.22464074259626,0.07117184800673518,0.07117184800673518,best,True
Unknown,N/A,N/A,13.1141389,80.2243742,476,13.114559184470671,80.22464074259626,0.07117184800673518,0.07117184800673518,best,True
Unknown,N/A,N/A,13.1141389,80.2243742,476,13.114559184470671,80.22464074259626,0.07117184800673518,0.07117184800673518,best,True
Unknown,N/A,N/A,13.109854982569756,80.2223241022855,477,13.110798411306712,80.22207427249172,0.14018076544387145,0.14018076544387145,best,True
Unknown,N/A,N/A,13.111825851350382,80.22285521518964,477,13.110798411306712,80.22207427249172,0.18426712105834062,0.18426712105834062,best,True
Unknown,N/A,N/A,13.1107144,80.2210435,477,13.110798411306712,80.22207427249172,0.1458067852425142,0.1458067852425142,best,True
Unknown,N/A,N/A,13.0753057,80.2012802,478,13.07494155450947,80.20364740695138,0.3378310144168433,0.3378310144168433,best,True
Unknown,N/A,N/A,13.0686902,80.20514159999999,478,13.07494155450947,80.20364740695138,0.9234236854768049,0.9234236854768049,best,True
Unknown,N/A,N/A,13.076408907982533,80.20360575762999,478,13.07494155450947,80.20364740695138,0.21111714537335552,0.21111714537335552,best,True
Unknown,N/A,N/A,13.076234319559356,80.20604646177317,478,13.07494155450947,80.20364740695138,0.38596943379854304,0.38596943379854304,best,True
Unknown,N/A,N/A,13.076434290016165,80.20363014479364,478,13.07494155450947,80.20364740695138,0.2146997177323941,0.2146997177323941,best,True
Unknown,N/A,N/A,13.075090955474405,80.20485481113812,478,13.07494155450947,80.20364740695138,0.17157986219537605,0.17157986219537605,best,True
Unknown,N/A,N/A,13.07620008299982,80.20345658789518,478,13.07494155450947,80.20364740695138,0.1829905928395874,0.1829905928395874,best,True
Unknown,N/A,N/A,13.076504014491034,80.2041642840698,478,13.07494155450947,80.20364740695138,0.23623452556667845,0.23623452556667845,best,True
Unknown,N/A,N/A,13.074919,80.204422,478,13.07494155450947,80.20364740695138,0.10925629791773721,0.10925629791773721,best,True
Unknown,N/A,N/A,13.073807100876754,80.20055313163456,478,13.07494155450947,80.20364740695138,0.46576778132477775,0.46576778132477775,best,True
Unknown,N/A,N/A,13.0764366,80.2038354,478,13.07494155450947,80.20364740695138,0.21664556076771835,0.21664556076771835,best,True
Unknown,N/A,N/A,13.071869432070503,80.20306627442963,478,13.07494155450947,80.20364740695138,0.44936658453456635,0.44936658453456635,best,True
Unknown,N/A,N/A,13.076435068750108,80.20359625041824,478,13.07494155450947,80.20364740695138,0.21491897543407157,0.21491897543407157,best,True
Unknown,N/A,N/A,13.074846090911937,80.20341079353688,478,13.07494155450947,80.20364740695138,0.03607444030737617,0.03607444030737617,best,True
Unknown,N/A,N/A,13.074077133186965,80.20959526064378,479,13.075647926387946,80.2098642215767,0.22907262113262572,0.22907262113262572,best,True
Unknown,N/A,N/A,13.0772399,80.2094707,479,13.075647926387946,80.2098642215767,0.2355846695132454,0.2355846695132454,best,True
Unknown,N/A,N/A,13.0772399,80.2094707,479,13.075647926387946,80.2098642215767,0.2355846695132454,0.2355846695132454,best,True
Unknown,N/A,N/A,13.07653879652646,80.21056067951011,479,13.075647926387946,80.2098642215767,0.16142396290674227,0.16142396290674227,best,True
Unknown,N/A,N/A,13.0712408755811,80.20839346808056,479,13.075647926387946,80.2098642215767,0.6668814201320414,0.6668814201320414,best,True
Unknown,N/A,N/A,13.077092481447856,80.21042511912111,479,13.075647926387946,80.2098642215767,0.22229783779173073,0.22229783779173073,best,True
Unknown,N/A,N/A,13.077021055308297,80.21171157003826,479,13.075647926387946,80.2098642215767,0.32685656755659254,0.32685656755659254,best,True
Unknown,N/A,N/A,13.0711613,80.2088251,479,13.075647926387946,80.2098642215767,0.6616910819801834,0.6616910819801834,best,True
Unknown,N/A,N/A,13.076924651780574,80.21064986546781,479,13.075647926387946,80.2098642215767,0.21444122898403473,0.21444122898403473,best,True
Unknown,N/A,N/A,13.0772399,80.2094707,479,13.075647926387946,80.2098642215767,0.2355846695132454,0.2355846695132454,best,True
Unknown,N/A,N/A,13.073107,80.2095144,479,13.075647926387946,80.2098642215767,0.3687504167148233,0.3687504167148233,best,True
Unknown,N/A,N/A,13.078950596579803,80.21142945323307,479,13.075647926387946,80.2098642215767,0.5237510165550682,0.5237510165550682,best,True
Unknown,N/A,N/A,13.076845755979765,80.20998350625428,479,13.075647926387946,80.2098642215767,0.17309136064785421,0.17309136064785421,best,True
Unknown,N/A,N/A,13.07308190137301,80.20767467461111,479,13.075647926387946,80.2098642215767,0.4811354294071116,0.4811354294071116,best,True
Unknown,N/A,N/A,13.07696540292078,80.21047763444297,479,13.075647926387946,80.2098642215767,0.20828359904449664,0.20828359904449664,best,True
Unknown,N/A,N/A,13.073046499570712,80.21097873731372,479,13.075647926387946,80.2098642215767,0.4057960730974682,0.4057960730974682,best,True
Unknown,N/A,N/A,13.076415026725366,80.21026248447232,479,13.075647926387946,80.2098642215767,0.1237916112481129,0.1237916112481129,best,True
Unknown,N/A,N/A,13.0719924,80.208663,479,13.075647926387946,80.2098642215767,0.552344276021919,0.552344276021919,best,True
Unknown,N/A,N/A,13.077062621781431,80.21064218175295,479,13.075647926387946,80.2098642215767,0.2311429100271072,0.2311429100271072,best,True
Unknown,N/A,N/A,13.077031270127286,80.21048183986422,479,13.075647926387946,80.2098642215767,0.21717414611894398,0.21717414611894398,best,True
Unknown,N/A,N/A,13.0769907,80.21068269999999,479,13.075647926387946,80.2098642215767,0.22496811178754408,0.22496811178754408,best,True
Unknown,N/A,N/A,13.077075597670586,80.21052860783902,479,13.075647926387946,80.2098642215767,0.22568510584447102,0.22568510584447102,best,True
Unknown,N/A,N/A,13.076278292153212,80.20916205030417,479,13.075647926387946,80.2098642215767,0.13423702484458142,0.13423702484458142,best,True
Unknown,N/A,N/A,13.074931174597507,80.20768688489119,479,13.075647926387946,80.2098642215767,0.32382298387344927,0.32382298387344927,best,True
Unknown,N/A,N/A,13.13983164949988,79.90493109393228,480,13.139542675306075,79.90674735093258,0.25935466427356596,0.25935466427356596,best,True
Unknown,N/A,N/A,13.1417139,79.9045496,480,13.139542675306075,79.90674735093258,0.43985358164650507,0.43985358164650507,best,True
Unknown,N/A,N/A,13.141342,79.9041556,480,13.139542675306075,79.90674735093258,0.4476805861937458,0.4476805861937458,best,True
Unknown,N/A,N/A,13.1444151,79.9091257,480,13.139542675306075,79.90674735093258,0.7768134519611967,0.7768134519611967,best,True
Unknown,N/A,N/A,13.139264476975471,79.90755170081118,480,13.139542675306075,79.90674735093258,0.12022695358121324,0.12022695358121324,best,True
Unknown,N/A,N/A,13.137663914992292,79.90418168520564,480,13.139542675306075,79.90674735093258,0.45143160864589343,0.45143160864589343,best,True
Unknown,N/A,N/A,13.1431541,79.9082887,480,13.139542675306075,79.90674735093258,0.5630050378839442,0.5630050378839442,best,True
Unknown,N/A,N/A,13.138435081082102,79.90770303344723,480,13.139542675306075,79.90674735093258,0.20861545717162358,0.20861545717162358,best,True
Unknown,N/A,N/A,13.1393298,79.9073439,480,13.139542675306075,79.90674735093258,0.0894845914751283,0.0894845914751283,best,True
Unknown,N/A,N/A,13.1393298,79.9073439,480,13.139542675306075,79.90674735093258,0.0894845914751283,0.0894845914751283,best,True
Unknown,N/A,N/A,13.139348199048948,79.90747685766702,480,13.139542675306075,79.90674735093258,0.10656094026324688,0.10656094026324688,best,True
Unknown,N/A,N/A,13.139867308153631,79.90725734188719,480,13.139542675306075,79.90674735093258,0.0857154177550735,0.0857154177550735,best,True
Unknown,N/A,N/A,13.139216803775277,79.90753113268622,480,13.139542675306075,79.90674735093258,0.12000514497735776,0.12000514497735776,best,True
Unknown,N/A,N/A,13.1385372,79.9078229,480,13.139542675306075,79.90674735093258,0.20950947005287493,0.20950947005287493,best,True
Unknown,N/A,N/A,13.1393298,79.9073439,480,13.139542675306075,79.90674735093258,0.0894845914751283,0.0894845914751283,best,True
Unknown,N/A,N/A,13.139200988458956,79.90764809973778,480,13.139542675306075,79.90674735093258,0.1361401546191862,0.1361401546191862,best,True
Unknown,N/A,N/A,13.1394604,79.9075707,480,13.139542675306075,79.90674735093258,0.11665356912680465,0.11665356912680465,best,True
Unknown,N/A,N/A,13.139336715500042,79.90753612679767,480,13.139542675306075,79.90674735093258,0.11505714095083663,0.11505714095083663,best,True
Unknown,N/A,N/A,13.153899844100492,79.91411730529555,481,13.152466091415398,79.91511298928437,0.2494274620930448,0.2494274620930448,best,True
Unknown,N/A,N/A,13.155056519720308,79.91772315405737,481,13.152466091415398,79.91511298928437,0.5235826647962621,0.5235826647962621,best,True
Unknown,N/A,N/A,13.148441910425396,79.91349850850018,481,13.152466091415398,79.91511298928437,0.6218896508224355,0.6218896508224355,best,True
Unknown,N/A,N/A,12.9235123,80.1544938,482,12.922918175453438,80.1523846193852,0.3095749613180522,0.3095749613180522,best,True
Unknown,N/A,N/A,12.922643409282202,80.1518525149521,482,12.922918175453438,80.1523846193852,0.08483188509115132,0.08483188509115132,best,True
Unknown,N/A,N/A,12.9257118,80.153922,482,12.922918175453438,80.1523846193852,0.45657615612122493,0.45657615612122493,best,True
Unknown,N/A,N/A,12.92253912826756,80.15167267088246,482,12.922918175453438,80.1523846193852,0.11427781363401586,0.11427781363401586,best,True
Unknown,N/A,N/A,12.92263318763124,80.1517243085928,482,12.922918175453438,80.1523846193852,0.1017707343280368,0.1017707343280368,best,True
Unknown,N/A,N/A,12.922441883765597,80.1526968026483,482,12.922918175453438,80.1523846193852,0.08143588960856096,0.08143588960856096,best,True
Unknown,N/A,N/A,12.9235123,80.1544938,482,12.922918175453438,80.1523846193852,0.3095749613180522,0.3095749613180522,best,True
Unknown,N/A,N/A,12.922610593576032,80.15167474565125,482,12.922918175453438,80.1523846193852,0.10947943715822822,0.10947943715822822,best,True
Unknown,N/A,N/A,12.92261903412922,80.1517888464298,482,12.922918175453438,80.1523846193852,0.09441901126865909,0.09441901126865909,best,True
Unknown,N/A,N/A,12.922632676888316,80.15146639036384,482,12.922918175453438,80.1523846193852,0.13588967318824,0.13588967318824,best,True
Unknown,N/A,N/A,12.92229713192662,80.15504062234706,482,12.922918175453438,80.1523846193852,0.38519083954876904,0.38519083954876904,best,True
Unknown,N/A,N/A,12.922624568161345,80.15176984590869,482,12.922918175453438,80.1523846193852,0.09646171054132224,0.09646171054132224,best,True
Unknown,N/A,N/A,12.922376280113056,80.15152395565576,482,12.922918175453438,80.1523846193852,0.1442772342748119,0.1442772342748119,best,True
Unknown,N/A,N/A,12.9237383,80.1512476,482,12.922918175453438,80.1523846193852,0.19910099655302818,0.19910099655302818,best,True
Unknown,N/A,N/A,12.922496652739698,80.15183711682975,482,12.922918175453438,80.1523846193852,0.09818795773081357,0.09818795773081357,best,True
Unknown,N/A,N/A,12.922634465534449,80.15171737971225,482,12.922918175453438,80.1523846193852,0.10259296180423001,0.10259296180423001,best,True
Unknown,N/A,N/A,12.922585270693094,80.15161612957426,482,12.922918175453438,80.1523846193852,0.11851508321420322,0.11851508321420322,best,True
Unknown,N/A,N/A,12.9177246,80.1556572,483,12.917359625611574,80.15420197327585,0.21190248553582272,0.21190248553582272,best,True
Unknown,N/A,N/A,12.9177246,80.1556572,483,12.917359625611574,80.15420197327585,0.21190248553582272,0.21190248553582272,best,True
Unknown,N/A,N/A,12.91655233942708,80.14929232153754,483,12.917359625611574,80.15420197327585,0.702301982356663,0.702301982356663,best,True
Unknown,N/A,N/A,12.9170001,80.1541985,483,12.917359625611574,80.15420197327585,0.05170883467722208,0.05170883467722208,best,True
Unknown,N/A,N/A,12.91791784875288,80.15410911429672,483,12.917359625611574,80.15420197327585,0.08134473753662533,0.08134473753662533,best,True
Unknown,N/A,N/A,12.917238265489493,80.1562975038208,483,12.917359625611574,80.15420197327585,0.2961453901651349,0.2961453901651349,best,True
Unknown,N/A,N/A,12.8477844,79.7051263,484,12.849063310512557,79.70646317233196,0.26347742880177055,0.26347742880177055,best,True
Unknown,N/A,N/A,12.852364707452493,79.70633577096585,484,12.849063310512557,79.70646317233196,0.475140519428789,0.475140519428789,best,True
Unknown,N/A,N/A,12.844549,79.7068801,484,12.849063310512557,79.70646317233196,0.6518993032550822,0.6518993032550822,best,True
Unknown,N/A,N/A,12.8497788,79.7094245,484,12.849063310512557,79.70646317233196,0.43036955254895504,0.43036955254895504,best,True
Unknown,N/A,N/A,12.84477860615141,79.70379755853071,484,12.849063310512557,79.70646317233196,0.7219563909755876,0.7219563909755876,best,True
Unknown,N/A,N/A,12.854522372352644,79.70731865173698,484,12.849063310512557,79.70646317233196,0.7943381431284956,0.7943381431284956,best,True
Unknown,N/A,N/A,12.8497743,79.7085491,484,12.849063310512557,79.70646317233196,0.3116097240412416,0.3116097240412416,best,True
Unknown,N/A,N/A,12.8477467,79.7052975,484,12.849063310512557,79.70646317233196,0.2508238649749756,0.2508238649749756,best,True
Unknown,N/A,N/A,12.84409379655004,79.70470862184557,484,12.849063310512557,79.70646317233196,0.756377732764062,0.756377732764062,best,True
Unknown,N/A,N/A,12.8538827,79.7066406,484,12.849063310512557,79.70646317233196,0.6935670200583192,0.6935670200583192,best,True
Unknown,N/A,N/A,12.844794186995331,79.70483921581129,484,12.849063310512557,79.70646317233196,0.6553506749260916,0.6553506749260916,best,True
Unknown,N/A,N/A,12.854413112649238,79.70677764042112,484,12.849063310512557,79.70646317233196,0.7706764934401548,0.7706764934401548,best,True
Unknown,N/A,N/A,12.845281845217542,79.70654326085533,484,12.849063310512557,79.70646317233196,0.5439600143695309,0.5439600143695309,best,True
Unknown,N/A,N/A,12.8488041,79.7080948,484,12.849063310512557,79.70646317233196,0.2332455248017932,0.2332455248017932,best,True
Unknown,N/A,N/A,12.853381030319667,79.70661396481246,484,12.849063310512557,79.70646317233196,0.6213302901651753,0.6213302901651753,best,True
Unknown,N/A,N/A,13.023655793319548,80.02272377388556,485,13.024277532177674,80.02269493716348,0.08951083542114731,0.08951083542114731,best,True
Unknown,N/A,N/A,13.024847935391142,80.02434107476837,485,13.024277532177674,80.02269493716348,0.2462014839211939,0.2462014839211939,best,True
Unknown,N/A,N/A,13.0240869,80.0217803,485,13.024277532177674,80.02269493716348,0.13186069898106975,0.13186069898106975,best,True
Unknown,N/A,N/A,13.0245195,80.0219346,485,13.024277532177674,80.02269493716348,0.11272601574528825,0.11272601574528825,best,True
Unknown,N/A,N/A,13.1324514271914,80.25877457973851,486,13.134264381121696,80.25838181753628,0.2665535650363663,0.2665535650363663,best,True
Unknown,N/A,N/A,13.133596945774402,80.25675358776626,486,13.134264381121696,80.25838181753628,0.24877144968458223,0.24877144968458223,best,True
Unknown,N/A,N/A,13.131240433665274,80.2589043134104,486,13.134264381121696,80.25838181753628,0.44109928811033977,0.44109928811033977,best,True
Unknown,N/A,N/A,13.1294524,80.2588888,486,13.134264381121696,80.25838181753628,0.6957441600277375,0.6957441600277375,best,True
Unknown,N/A,N/A,13.1362021,80.2585897,486,13.134264381121696,80.25838181753628,0.2802211278726062,0.2802211278726062,best,True
Unknown,N/A,N/A,13.129529258281364,80.25899829845507,486,13.134264381121696,80.25838181753628,0.6865321151559269,0.6865321151559269,best,True
Unknown,N/A,N/A,13.1362021,80.2585897,486,13.134264381121696,80.25838181753628,0.2802211278726062,0.2802211278726062,best,True
Unknown,N/A,N/A,13.1362021,80.2585897,486,13.134264381121696,80.25838181753628,0.2802211278726062,0.2802211278726062,best,True
Unknown,N/A,N/A,13.1362021,80.2585897,486,13.134264381121696,80.25838181753628,0.2802211278726062,0.2802211278726062,best,True
Unknown,N/A,N/A,13.136347758645371,80.25777727401727,486,13.134264381121696,80.25838181753628,0.31151489367439367,0.31151489367439367,best,True
Unknown,N/A,N/A,13.1362021,80.2585897,486,13.134264381121696,80.25838181753628,0.2802211278726062,0.2802211278726062,best,True
Unknown,N/A,N/A,13.1362021,80.2585897,486,13.134264381121696,80.25838181753628,0.2802211278726062,0.2802211278726062,best,True
Unknown,N/A,N/A,13.1336032,80.2597005,486,13.134264381121696,80.25838181753628,0.20878582389794156,0.20878582389794156,best,True
Unknown,N/A,N/A,13.1362021,80.2585897,486,13.134264381121696,80.25838181753628,0.2802211278726062,0.2802211278726062,best,True
Unknown,N/A,N/A,13.136586668860607,80.25557827492045,486,13.134264381121696,80.25838181753628,0.5174072777481153,0.5174072777481153,best,True
Unknown,N/A,N/A,13.1362021,80.2585897,486,13.134264381121696,80.25838181753628,0.2802211278726062,0.2802211278726062,best,True
Unknown,N/A,N/A,13.130171518247035,80.25699462856561,486,13.134264381121696,80.25838181753628,0.6202657815194482,0.6202657815194482,best,True
Unknown,N/A,N/A,13.1294436,80.2590802,486,13.134264381121696,80.25838181753628,0.7002835895330397,0.7002835895330397,best,True
Unknown,N/A,N/A,13.1362021,80.2585897,486,13.134264381121696,80.25838181753628,0.2802211278726062,0.2802211278726062,best,True
Unknown,N/A,N/A,13.1362021,80.2585897,486,13.134264381121696,80.25838181753628,0.2802211278726062,0.2802211278726062,best,True
Unknown,N/A,N/A,13.13510779289016,80.25867071138843,486,13.134264381121696,80.25838181753628,0.12795299025104528,0.12795299025104528,best,True
Unknown,N/A,N/A,13.12993582324767,80.27153426373218,487,13.130078728545763,80.26917529616435,0.3331461914456322,0.3331461914456322,best,True
Unknown,N/A,N/A,13.130221633843856,80.26681632859653,487,13.130078728545763,80.26917529616435,0.33314599959973595,0.33314599959973595,best,True
Unknown,N/A,N/A,13.0450079,80.1156829,488,13.04505950922614,80.11617323996165,0.06953751584323689,0.06953751584323689,best,True
Unknown,N/A,N/A,13.0450079,80.1156829,488,13.04505950922614,80.11617323996165,0.06953751584323689,0.06953751584323689,best,True
Unknown,N/A,N/A,13.0456637,80.11820089999999,488,13.04505950922614,80.11617323996165,0.29882235499978027,0.29882235499978027,best,True
Unknown,N/A,N/A,13.0450079,80.1156829,488,13.04505950922614,80.11617323996165,0.06953751584323689,0.06953751584323689,best,True
Unknown,N/A,N/A,13.0442249907429,80.11961848315407,488,13.04505950922614,80.11617323996165,0.5004028007819746,0.5004028007819746,best,True
Unknown,N/A,N/A,13.0450079,80.1156829,488,13.04505950922614,80.11617323996165,0.06953751584323689,0.06953751584323689,best,True
Unknown,N/A,N/A,13.0450079,80.1156829,488,13.04505950922614,80.11617323996165,0.06953751584323689,0.06953751584323689,best,True
Unknown,N/A,N/A,13.0450079,80.1156829,488,13.04505950922614,80.11617323996165,0.06953751584323689,0.06953751584323689,best,True
Unknown,N/A,N/A,13.0450079,80.1156829,488,13.04505950922614,80.11617323996165,0.06953751584323689,0.06953751584323689,best,True
Unknown,N/A,N/A,13.0451258,80.1157406,488,13.04505950922614,80.11617323996165,0.06174476240029014,0.06174476240029014,best,True
Unknown,N/A,N/A,13.0450079,80.1156829,488,13.04505950922614,80.11617323996165,0.06953751584323689,0.06953751584323689,best,True
Unknown,N/A,N/A,13.044306862529936,80.11947484025298,488,13.04505950922614,80.11617323996165,0.47796062082560814,0.47796062082560814,best,True
Unknown,N/A,N/A,13.0450079,80.1156829,488,13.04505950922614,80.11617323996165,0.06953751584323689,0.06953751584323689,best,True
Unknown,N/A,N/A,13.0450079,80.1156829,488,13.04505950922614,80.11617323996165,0.06953751584323689,0.06953751584323689,best,True
Unknown,N/A,N/A,13.0450079,80.1156829,488,13.04505950922614,80.11617323996165,0.06953751584323689,0.06953751584323689,best,True
Unknown,N/A,N/A,13.0450079,80.1156829,488,13.04505950922614,80.11617323996165,0.06953751584323689,0.06953751584323689,best,True
Unknown,N/A,N/A,13.0450079,80.1156829,488,13.04505950922614,80.11617323996165,0.06953751584323689,0.06953751584323689,best,True
Unknown,N/A,N/A,13.0450079,80.1156829,488,13.04505950922614,80.11617323996165,0.06953751584323689,0.06953751584323689,best,True
Unknown,N/A,N/A,13.04425763831775,80.1154653648466,488,13.04505950922614,80.11617323996165,0.15252116568938148,0.15252116568938148,best,True
Unknown,N/A,N/A,13.045459164110529,80.11583653378067,488,13.04505950922614,80.11617323996165,0.07455095587950507,0.07455095587950507,best,True
Unknown,N/A,N/A,13.04720415650015,80.11672139708415,488,13.04505950922614,80.11617323996165,0.31798033407849297,0.31798033407849297,best,True
Unknown,N/A,N/A,13.0450079,80.1156829,488,13.04505950922614,80.11617323996165,0.06953751584323689,0.06953751584323689,best,True
Unknown,N/A,N/A,13.0450079,80.1156829,488,13.04505950922614,80.11617323996165,0.06953751584323689,0.06953751584323689,best,True
Unknown,N/A,N/A,13.047971360284553,80.1202126178049,489,13.048427934558012,80.11922094920143,0.15447897584102283,0.15447897584102283,best,True
Unknown,N/A,N/A,13.048038949126198,80.12028288846052,489,13.048427934558012,80.11922094920143,0.15984601563491055,0.15984601563491055,best,True
Unknown,N/A,N/A,13.047267766554247,80.12011527724609,489,13.048427934558012,80.11922094920143,0.20914767878504634,0.20914767878504634,best,True
Unknown,N/A,N/A,13.0474559,80.12045859999999,489,13.048427934558012,80.11922094920143,0.22360268149360885,0.22360268149360885,best,True
Unknown,N/A,N/A,13.048195726518587,80.1202426553253,489,13.048427934558012,80.11922094920143,0.14788371106264797,0.14788371106264797,best,True
Unknown,N/A,N/A,13.047800810945448,80.12000798888549,489,13.048427934558012,80.11922094920143,0.14300425162351685,0.14300425162351685,best,True
Unknown,N/A,N/A,13.048030690331275,80.1202602606823,489,13.048427934558012,80.11922094920143,0.15728873157493561,0.15728873157493561,best,True
Unknown,N/A,N/A,13.04779072783338,80.1200898063274,489,13.048427934558012,80.11922094920143,0.15299517334625076,0.15299517334625076,best,True
Unknown,N/A,N/A,13.0490093,80.1161213,489,13.048427934558012,80.11922094920143,0.44498455918208685,0.44498455918208685,best,True
Unknown,N/A,N/A,13.048048398928458,80.12021723368419,489,13.048427934558012,80.11922094920143,0.15071117158306793,0.15071117158306793,best,True
Unknown,N/A,N/A,13.050896302371005,80.11630571408924,489,13.048427934558012,80.11922094920143,0.5431310826130934,0.5431310826130934,best,True
Unknown,N/A,N/A,13.050783615950882,80.11637706269978,489,13.048427934558012,80.11922094920143,0.5249551776896842,0.5249551776896842,best,True
Unknown,N/A,N/A,13.048017134968134,80.12027738361473,489,13.048427934558012,80.11922094920143,0.16024909622597483,0.16024909622597483,best,True
Unknown,N/A,N/A,13.0486844,80.1181245,489,13.048427934558012,80.11922094920143,0.15894140935850629,0.15894140935850629,best,True
Unknown,N/A,N/A,12.979361534118652,80.0528335571289,490,12.978652584559427,80.0540680812161,0.20177631696630582,0.20177631696630582,best,True
Unknown,N/A,N/A,12.97530953043395,80.04858630384095,490,12.978652584559427,80.0540680812161,0.9104682096074413,0.9104682096074413,best,True
Unknown,N/A,N/A,12.974732873685104,80.04833166389453,490,12.978652584559427,80.0540680812161,0.9861074440807864,0.9861074440807864,best,True
Unknown,N/A,N/A,13.11154606744448,80.20624586171945,491,13.110154679596494,80.20225934259045,0.5965344517475089,0.5965344517475089,best,True
Unknown,N/A,N/A,13.1096887,80.1987564,491,13.110154679596494,80.20225934259045,0.49832928552638284,0.49832928552638284,best,True
Unknown,N/A,N/A,13.1081963,80.2015804,491,13.110154679596494,80.20225934259045,0.2974731520137518,0.2974731520137518,best,True
Unknown,N/A,N/A,13.10967700914568,80.20045713283226,491,13.110154679596494,80.20225934259045,0.2631782802240762,0.2631782802240762,best,True
Unknown,N/A,N/A,13.108982,80.2029392,491,13.110154679596494,80.20225934259045,0.19398383049831716,0.19398383049831716,best,True
Unknown,N/A,N/A,13.111726556924213,80.20595978813415,491,13.110154679596494,80.20225934259045,0.5685219223793149,0.5685219223793149,best,True
Unknown,N/A,N/A,13.1088331,80.2008196,491,13.110154679596494,80.20225934259045,0.2780624559023965,0.2780624559023965,best,True
Unknown,N/A,N/A,13.110191,80.1989867,491,13.110154679596494,80.20225934259045,0.4613665158709373,0.4613665158709373,best,True
Unknown,N/A,N/A,13.113638204898743,80.20409532240046,491,13.110154679596494,80.20225934259045,0.5639045572002841,0.5639045572002841,best,True
Unknown,N/A,N/A,13.109067857551812,80.20275302081822,491,13.110154679596494,80.20225934259045,0.1711001221631414,0.1711001221631414,best,True
Unknown,N/A,N/A,13.139718118649272,80.10407204890387,492,13.136311930824725,80.10311806889837,0.5080011596359288,0.5080011596359288,best,True
Unknown,N/A,N/A,13.133515543673523,80.10328047213011,492,13.136311930824725,80.10311806889837,0.40283050025028033,0.40283050025028033,best,True
Unknown,N/A,N/A,13.1405776,80.1041393,492,13.136311930824725,80.10311806889837,0.6301541339760814,0.6301541339760814,best,True
Unknown,N/A,N/A,13.139696231933444,80.10410132119618,492,13.136311930824725,80.10311806889837,0.5060806659615668,0.5060806659615668,best,True
Unknown,N/A,N/A,13.139672758955609,80.10400537837853,492,13.136311930824725,80.10311806889837,0.4992766264241749,0.4992766264241749,best,True
Unknown,N/A,N/A,13.1390194,80.1002814,492,13.136311930824725,80.10311806889837,0.5581156536516299,0.5581156536516299,best,True
Unknown,N/A,N/A,13.1388157,80.0982498,492,13.136311930824725,80.10311806889837,0.774937978239971,0.774937978239971,best,True
Unknown,N/A,N/A,13.140036711417006,80.1040118779453,492,13.136311930824725,80.10311806889837,0.5503170909594072,0.5503170909594072,best,True
Unknown,N/A,N/A,13.1330554,80.1024462,492,13.136311930824725,80.10311806889837,0.4778364864665531,0.4778364864665531,best,True
Unknown,N/A,N/A,13.1330554,80.1024462,492,13.136311930824725,80.10311806889837,0.4778364864665531,0.4778364864665531,best,True
Unknown,N/A,N/A,13.1330554,80.1024462,492,13.136311930824725,80.10311806889837,0.4778364864665531,0.4778364864665531,best,True
Unknown,N/A,N/A,13.1330554,80.1024462,492,13.136311930824725,80.10311806889837,0.4778364864665531,0.4778364864665531,best,True
Unknown,N/A,N/A,13.140595773579555,80.10436528562961,492,13.136311930824725,80.10311806889837,0.6406971414936263,0.6406971414936263,best,True
Unknown,N/A,N/A,13.1407044,80.1023549,492,13.136311930824725,80.10311806889837,0.6408230167274006,0.6408230167274006,best,True
Unknown,N/A,N/A,13.1581976,79.8896105,493,13.157502983331417,79.89072279188407,0.185892569318565,0.185892569318565,best,True
Unknown,N/A,N/A,13.153742024290477,79.88999371607729,493,13.157502983331417,79.89072279188407,0.5505802614054996,0.5505802614054996,best,True
Unknown,N/A,N/A,13.155315345013616,79.89124054375384,493,13.157502983331417,79.89072279188407,0.322980654252078,0.322980654252078,best,True
Unknown,N/A,N/A,13.151802373388389,79.89141516173963,493,13.157502983331417,79.89072279188407,0.8256564370643494,0.8256564370643494,best,True
Unknown,N/A,N/A,13.067479330679516,80.16396760426386,494,13.0692252582426,80.15982511617948,0.6357453058299053,0.6357453058299053,best,True
Unknown,N/A,N/A,13.0657412,80.1609541,494,13.0692252582426,80.15982511617948,0.5257540028032696,0.5257540028032696,best,True
Unknown,N/A,N/A,13.0657108,80.1606923,494,13.0692252582426,80.15982511617948,0.5200282648812942,0.5200282648812942,best,True
Unknown,N/A,N/A,13.06969102861243,80.15977993815758,494,13.0692252582426,80.15982511617948,0.06728944068057727,0.06728944068057727,best,True
Unknown,N/A,N/A,13.06969102861243,80.15977993815758,494,13.0692252582426,80.15982511617948,0.06728944068057727,0.06728944068057727,best,True
Unknown,N/A,N/A,13.06969102861243,80.15977993815758,494,13.0692252582426,80.15982511617948,0.06728944068057727,0.06728944068057727,best,True
Unknown,N/A,N/A,13.06969102861243,80.15977993815758,494,13.0692252582426,80.15982511617948,0.06728944068057727,0.06728944068057727,best,True
Unknown,N/A,N/A,13.06969102861243,80.15977993815758,494,13.0692252582426,80.15982511617948,0.06728944068057727,0.06728944068057727,best,True
Unknown,N/A,N/A,13.070463,80.159953,494,13.0692252582426,80.15982511617948,0.17892331894221283,0.17892331894221283,best,True
Unknown,N/A,N/A,13.069866515077758,80.16068787303193,494,13.0692252582426,80.15982511617948,0.15265019594060356,0.15265019594060356,best,True
Unknown,N/A,N/A,13.06969102861243,80.15977993815758,494,13.0692252582426,80.15982511617948,0.06728944068057727,0.06728944068057727,best,True
Unknown,N/A,N/A,13.06969102861243,80.15977993815758,494,13.0692252582426,80.15982511617948,0.06728944068057727,0.06728944068057727,best,True
Unknown,N/A,N/A,13.06969102861243,80.15977993815758,494,13.0692252582426,80.15982511617948,0.06728944068057727,0.06728944068057727,best,True
Unknown,N/A,N/A,13.06969102861243,80.15977993815758,494,13.0692252582426,80.15982511617948,0.06728944068057727,0.06728944068057727,best,True
Unknown,N/A,N/A,13.06969102861243,80.15977993815758,494,13.0692252582426,80.15982511617948,0.06728944068057727,0.06728944068057727,best,True
Unknown,N/A,N/A,13.071433,80.1531476,494,13.0692252582426,80.15982511617948,0.9935668437673806,0.9935668437673806,best,True
Unknown,N/A,N/A,13.0736834974603,80.16106181182371,495,13.075264001100148,80.16079592286005,0.23037916043176015,0.23037916043176015,best,True
Unknown,N/A,N/A,13.0751235,80.15832759999999,495,13.075264001100148,80.16079592286005,0.3485890926159052,0.3485890926159052,best,True
Unknown,N/A,N/A,13.0760892,80.1615688,495,13.075264001100148,80.16079592286005,0.16111680082690813,0.16111680082690813,best,True
Unknown,N/A,N/A,13.07541429174822,80.1614647926044,495,13.075264001100148,80.16079592286005,0.09674773374807386,0.09674773374807386,best,True
Unknown,N/A,N/A,13.076009516292237,80.16155660987216,495,13.075264001100148,80.16079592286005,0.1516514904356315,0.1516514904356315,best,True
Unknown,N/A,N/A,13.201022887692291,80.27864542943547,496,13.196379753052494,80.27574835047066,0.782689094036061,0.782689094036061,best,True
Unknown,N/A,N/A,13.1980403,80.2783003,496,13.196379753052494,80.27574835047066,0.43169406482677725,0.43169406482677725,best,True
Unknown,N/A,N/A,13.194355339563586,80.27654769088976,496,13.196379753052494,80.27574835047066,0.3121848921731891,0.3121848921731891,best,True
Unknown,N/A,N/A,12.976162718060875,80.13380466797851,497,12.976242213346536,80.13242461827726,0.19498266804338812,0.19498266804338812,best,True
Unknown,N/A,N/A,12.9770337,80.1305634,497,12.976242213346536,80.13242461827726,0.28612991300944124,0.28612991300944124,best,True
Unknown,N/A,N/A,12.978912,80.12991120000001,497,12.976242213346536,80.13242461827726,0.5225903786935612,0.5225903786935612,best,True
Unknown,N/A,N/A,12.9749751227103,80.13303522307493,497,12.976242213346536,80.13242461827726,0.2015578835307706,0.2015578835307706,best,True
Unknown,N/A,N/A,12.974927591549418,80.13280167780236,497,12.976242213346536,80.13242461827726,0.19640533638604007,0.19640533638604007,best,True
Unknown,N/A,N/A,12.974904147852774,80.13273311499309,497,12.976242213346536,80.13242461827726,0.19729750976310578,0.19729750976310578,best,True
Unknown,N/A,N/A,12.9749128,80.1327824,497,12.976242213346536,80.13242461827726,0.19774271825003364,0.19774271825003364,best,True
Unknown,N/A,N/A,12.975128939753242,80.13275309425657,497,12.976242213346536,80.13242461827726,0.166678533791835,0.166678533791835,best,True
Unknown,N/A,N/A,12.975285631467276,80.13261393561908,497,12.976242213346536,80.13242461827726,0.14014235391283544,0.14014235391283544,best,True
Unknown,N/A,N/A,12.974684173374012,80.13424885513965,497,12.976242213346536,80.13242461827726,0.34119247530178165,0.34119247530178165,best,True
Unknown,N/A,N/A,12.975278637450712,80.13257518836431,497,12.976242213346536,80.13242461827726,0.14019867280019624,0.14019867280019624,best,True
Unknown,N/A,N/A,12.978691713582691,80.12988792449241,497,12.976242213346536,80.13242461827726,0.5021091190363913,0.5021091190363913,best,True
Unknown,N/A,N/A,12.9753197,80.1324226,497,12.976242213346536,80.13242461827726,0.1326755885934473,0.1326755885934473,best,True
Unknown,N/A,N/A,12.9777413,80.1307234,497,12.976242213346536,80.13242461827726,0.32257723853371545,0.32257723853371545,best,True
Unknown,N/A,N/A,12.978776289557256,80.12987950028348,497,12.976242213346536,80.13242461827726,0.5115498762041782,0.5115498762041782,best,True
Unknown,N/A,N/A,12.9784868,80.1350618,497,12.976242213346536,80.13242461827726,0.49250457480033794,0.49250457480033794,best,True
Unknown,N/A,N/A,12.9777954066678,80.13580237442282,497,12.976242213346536,80.13242461827726,0.5261788558839672,0.5261788558839672,best,True
Unknown,N/A,N/A,12.9748885,80.1326318,497,12.976242213346536,80.13242461827726,0.19687097217792449,0.19687097217792449,best,True
Unknown,N/A,N/A,12.974679943746867,80.13276768758496,497,12.976242213346536,80.13242461827726,0.22983594798193407,0.22983594798193407,best,True
Unknown,N/A,N/A,12.97496058540053,80.13270274461551,497,12.976242213346536,80.13242461827726,0.18845098969920399,0.18845098969920399,best,True
Unknown,N/A,N/A,12.974879010407092,80.13270378241232,497,12.976242213346536,80.13242461827726,0.1999697447451301,0.1999697447451301,best,True
Unknown,N/A,N/A,12.977772996258617,80.13348675659454,497,12.976242213346536,80.13242461827726,0.2662912154416082,0.2662912154416082,best,True
Unknown,N/A,N/A,12.974767730995383,80.13293843816083,497,12.976242213346536,80.13242461827726,0.2241007425404444,0.2241007425404444,best,True
Unknown,N/A,N/A,12.9749128,80.1327824,497,12.976242213346536,80.13242461827726,0.19774271825003364,0.19774271825003364,best,True
Unknown,N/A,N/A,12.9748885,80.1326318,497,12.976242213346536,80.13242461827726,0.19687097217792449,0.19687097217792449,best,True
Unknown,N/A,N/A,12.97930369942102,80.13391740202141,497,12.976242213346536,80.13242461827726,0.4880519964192788,0.4880519964192788,best,True
Unknown,N/A,N/A,12.9789057,80.1299372,497,12.976242213346536,80.13242461827726,0.5194412369616029,0.5194412369616029,best,True
Unknown,N/A,N/A,12.975805835447122,80.12978894394674,497,12.976242213346536,80.13242461827726,0.37700573122895004,0.37700573122895004,best,True
Unknown,N/A,N/A,12.973578,80.12753359999999,498,12.97421266314198,80.1275222771139,0.09129080680960905,0.09129080680960905,best,True
Unknown,N/A,N/A,12.976745,80.12787449999999,498,12.97421266314198,80.1275222771139,0.36757170462635663,0.36757170462635663,best,True
Unknown,N/A,N/A,12.974111252659464,80.12760554822614,498,12.97421266314198,80.1275222771139,0.018725918441927832,0.018725918441927832,best,True
Unknown,N/A,N/A,12.972843664127096,80.12891759415653,498,12.97421266314198,80.1275222771139,0.27838171481852314,0.27838171481852314,best,True
Unknown,N/A,N/A,12.976922010428744,80.12599863493635,498,12.97421266314198,80.1275222771139,0.44498820758396446,0.44498820758396446,best,True
Unknown,N/A,N/A,12.972818850030876,80.12730796229901,498,12.97421266314198,80.1275222771139,0.2027235977038385,0.2027235977038385,best,True
Unknown,N/A,N/A,12.9748734,80.1266344,498,12.97421266314198,80.1275222771139,0.1572027065734136,0.1572027065734136,best,True
Unknown,N/A,N/A,12.973060318990496,80.12895867126672,498,12.97421266314198,80.1275222771139,0.2617469833625531,0.2617469833625531,best,True
Unknown,N/A,N/A,12.972300735183143,80.12775746025423,498,12.97421266314198,80.1275222771139,0.2769658156069295,0.2769658156069295,best,True
Unknown,N/A,N/A,12.9748734,80.1266344,498,12.97421266314198,80.1275222771139,0.1572027065734136,0.1572027065734136,best,True
Unknown,N/A,N/A,12.917091432262556,80.19164231479968,500,12.916353212816546,80.19298778775249,0.2174899844324452,0.2174899844324452,best,True
Unknown,N/A,N/A,12.9171412,80.1940972,500,12.916353212816546,80.19298778775249,0.1932337232126727,0.1932337232126727,best,True
Unknown,N/A,N/A,12.911897987061284,80.19557130749862,500,12.916353212816546,80.19298778775249,0.7371559003076196,0.7371559003076196,best,True
Unknown,N/A,N/A,12.9200089,80.1919901,500,12.916353212816546,80.19298778775249,0.5442703812068529,0.5442703812068529,best,True
Unknown,N/A,N/A,12.9176358,80.1888333,500,12.916353212816546,80.19298778775249,0.6144439625213878,0.6144439625213878,best,True
Unknown,N/A,N/A,12.9171412,80.1940972,500,12.916353212816546,80.19298778775249,0.1932337232126727,0.1932337232126727,best,True
Unknown,N/A,N/A,12.9176358,80.1888333,500,12.916353212816546,80.19298778775249,0.6144439625213878,0.6144439625213878,best,True
Unknown,N/A,N/A,12.916743820915787,80.19308868941039,500,12.916353212816546,80.19298778775249,0.05795222676447008,0.05795222676447008,best,True
Unknown,N/A,N/A,12.9171412,80.1940972,500,12.916353212816546,80.19298778775249,0.1932337232126727,0.1932337232126727,best,True
Unknown,N/A,N/A,12.913534159282015,80.18850752581784,500,12.916353212816546,80.19298778775249,0.7509219887037593,0.7509219887037593,best,True
Unknown,N/A,N/A,12.911457573238785,80.19777182635039,500,12.916353212816546,80.19298778775249,0.9753253448070541,0.9753253448070541,best,True
Unknown,N/A,N/A,12.9176358,80.1888333,500,12.916353212816546,80.19298778775249,0.6144439625213878,0.6144439625213878,best,True
Unknown,N/A,N/A,12.91476787175918,80.19608858146009,500,12.916353212816546,80.19298778775249,0.4933049651555681,0.4933049651555681,best,True
Unknown,N/A,N/A,12.9214538,80.1919417,500,12.916353212816546,80.19298778775249,0.7482576228686135,0.7482576228686135,best,True
Unknown,N/A,N/A,12.917768673361696,80.1890179464554,500,12.916353212816546,80.19298778775249,0.5959024606073366,0.5959024606073366,best,True
Unknown,N/A,N/A,12.9171412,80.1940972,500,12.916353212816546,80.19298778775249,0.1932337232126727,0.1932337232126727,best,True
Unknown,N/A,N/A,13.1197813,80.2252965,501,13.120342698400474,80.22552808370507,0.0870904768105414,0.0870904768105414,best,True
Unknown,N/A,N/A,13.1197813,80.2252965,501,13.120342698400474,80.22552808370507,0.0870904768105414,0.0870904768105414,best,True
Unknown,N/A,N/A,13.121715691136036,80.22473794256345,501,13.120342698400474,80.22552808370507,0.22671100816969905,0.22671100816969905,best,True
Unknown,N/A,N/A,13.120548563810212,80.22869012601917,501,13.120342698400474,80.22552808370507,0.4467096500685373,0.4467096500685373,best,True
Unknown,N/A,N/A,13.1197813,80.2252965,501,13.120342698400474,80.22552808370507,0.0870904768105414,0.0870904768105414,best,True
Unknown,N/A,N/A,13.119240135712,80.22527362775824,501,13.120342698400474,80.22552808370507,0.16257774375094286,0.16257774375094286,best,True
Unknown,N/A,N/A,13.1197813,80.2252965,501,13.120342698400474,80.22552808370507,0.0870904768105414,0.0870904768105414,best,True
Unknown,N/A,N/A,13.119477052482043,80.22495092834166,501,13.120342698400474,80.22552808370507,0.1487236780258166,0.1487236780258166,best,True
Unknown,N/A,N/A,13.1226004,80.22463739999999,501,13.120342698400474,80.22552808370507,0.34813291632435545,0.34813291632435545,best,True
Unknown,N/A,N/A,13.118218926253538,80.22712869030818,501,13.120342698400474,80.22552808370507,0.3797397513945542,0.3797397513945542,best,True
Unknown,N/A,N/A,13.1184545,80.2243012,501,13.120342698400474,80.22552808370507,0.3219565305472694,0.3219565305472694,best,True
Unknown,N/A,N/A,13.1197813,80.2252965,501,13.120342698400474,80.22552808370507,0.0870904768105414,0.0870904768105414,best,True
Unknown,N/A,N/A,13.119322476994276,80.22519189525592,501,13.120342698400474,80.22552808370507,0.1541922980417953,0.1541922980417953,best,True
Unknown,N/A,N/A,13.120907448272446,80.22295973700973,501,13.120342698400474,80.22552808370507,0.37103794253739786,0.37103794253739786,best,True
Unknown,N/A,N/A,13.1218337,80.2249642,501,13.120342698400474,80.22552808370507,0.22869491647092666,0.22869491647092666,best,True
Unknown,N/A,N/A,13.1187183,80.2276143,501,13.120342698400474,80.22552808370507,0.3755813789959499,0.3755813789959499,best,True
Unknown,N/A,N/A,13.1218337,80.2249642,501,13.120342698400474,80.22552808370507,0.22869491647092666,0.22869491647092666,best,True
Unknown,N/A,N/A,13.12439117654798,80.22760875943474,501,13.120342698400474,80.22552808370507,0.6519535050893005,0.6519535050893005,best,True
Unknown,N/A,N/A,13.0897994,80.2031893,503,13.092749639878058,80.20513902312057,0.5055571434849531,0.5055571434849531,best,True
Unknown,N/A,N/A,13.093255772297145,80.20753095040347,503,13.092749639878058,80.20513902312057,0.3449751864974791,0.3449751864974791,best,True
Unknown,N/A,N/A,13.0930091,80.203524,503,13.092749639878058,80.20513902312057,0.23071965765195318,0.23071965765195318,best,True
Unknown,N/A,N/A,13.094595857150988,80.20544818865349,503,13.092749639878058,80.20513902312057,0.26907764542579937,0.26907764542579937,best,True
Unknown,N/A,N/A,13.0903982,80.2037015,503,13.092749639878058,80.20513902312057,0.39425930683557453,0.39425930683557453,best,True
Unknown,N/A,N/A,13.0902946,80.2020533,503,13.092749639878058,80.20513902312057,0.5602783096237541,0.5602783096237541,best,True
Unknown,N/A,N/A,13.094579923974813,80.20576863053292,503,13.092749639878058,80.20513902312057,0.27779457493129545,0.27779457493129545,best,True
Unknown,N/A,N/A,13.092640232738864,80.20682431304745,503,13.092749639878058,80.20513902312057,0.2381087070471502,0.2381087070471502,best,True
Unknown,N/A,N/A,13.094616952496825,80.20588207168883,503,13.092749639878058,80.20513902312057,0.28826487331812245,0.28826487331812245,best,True
Unknown,N/A,N/A,13.092531,80.206842,503,13.092749639878058,80.20513902312057,0.2421322538128116,0.2421322538128116,best,True
Unknown,N/A,N/A,13.094525,80.205765,503,13.092749639878058,80.20513902312057,0.2701536063033801,0.2701536063033801,best,True
Unknown,N/A,N/A,13.0947586,80.2033489,504,13.094885698270081,80.20294992494068,0.05914184059529939,0.05914184059529939,best,True
Unknown,N/A,N/A,13.094847012984047,80.2008902060965,504,13.094885698270081,80.20294992494068,0.29042509422466584,0.29042509422466584,best,True
Unknown,N/A,N/A,13.095573727510002,80.20444206047587,504,13.094885698270081,80.20294992494068,0.23246752979157312,0.23246752979157312,best,True
Unknown,N/A,N/A,13.0947586,80.2033489,504,13.094885698270081,80.20294992494068,0.05914184059529939,0.05914184059529939,best,True
Unknown,N/A,N/A,13.0954011,80.2028154,504,13.094885698270081,80.20294992494068,0.07651303194228395,0.07651303194228395,best,True
Unknown,N/A,N/A,13.0947375,80.2039494,504,13.094885698270081,80.20294992494068,0.14250538989288575,0.14250538989288575,best,True
Unknown,N/A,N/A,13.094875557516277,80.20130397623417,504,13.094885698270081,80.20294992494068,0.23204453214206075,0.23204453214206075,best,True
Unknown,N/A,N/A,13.094756372953077,80.2013788491237,504,13.094885698270081,80.20294992494068,0.22226429149862995,0.22226429149862995,best,True
Unknown,N/A,N/A,13.09468714442154,80.20377766070295,504,13.094885698270081,80.20294992494068,0.12013452901730182,0.12013452901730182,best,True
Unknown,N/A,N/A,13.0947375,80.2039494,504,13.094885698270081,80.20294992494068,0.14250538989288575,0.14250538989288575,best,True
Unknown,N/A,N/A,13.095197303401577,80.20400457954275,504,13.094885698270081,80.20294992494068,0.15528858758540912,0.15528858758540912,best,True
Unknown,N/A,N/A,13.094770880441397,80.20380047521664,504,13.094885698270081,80.20294992494068,0.12103927741954086,0.12103927741954086,best,True
Unknown,N/A,N/A,13.094868936700465,80.2017709483892,504,13.094885698270081,80.20294992494068,0.16622537147346625,0.16622537147346625,best,True
Unknown,N/A,N/A,13.094821456355223,80.20090558564453,504,13.094885698270081,80.20294992494068,0.2883517178108851,0.2883517178108851,best,True
Unknown,N/A,N/A,13.09467792365217,80.20380988449035,504,13.094885698270081,80.20294992494068,0.1248625210677535,0.1248625210677535,best,True
Unknown,N/A,N/A,13.094701556385536,80.20370257313411,504,13.094885698270081,80.20294992494068,0.10936081007130932,0.10936081007130932,best,True
Unknown,N/A,N/A,12.9242613,80.11942859999999,505,12.924286738978529,80.12002976918966,0.0848875109421374,0.0848875109421374,best,True
Unknown,N/A,N/A,12.9242613,80.11942859999999,505,12.924286738978529,80.12002976918966,0.0848875109421374,0.0848875109421374,best,True
Unknown,N/A,N/A,12.9233649,80.1207251,505,12.924286738978529,80.12002976918966,0.16492117508043044,0.16492117508043044,best,True
Unknown,N/A,N/A,12.925013841280082,80.12032716820906,505,12.924286738978529,80.12002976918966,0.1126734220824559,0.1126734220824559,best,True
Unknown,N/A,N/A,12.923288067119952,80.11973197613816,505,12.924286738978529,80.12002976918966,0.1496456769277617,0.1496456769277617,best,True
Unknown,N/A,N/A,12.924986464449676,80.12040113998046,505,12.924286738978529,80.12002976918966,0.11345428773542787,0.11345428773542787,best,True
Unknown,N/A,N/A,12.9248313,80.1201658,505,12.924286738978529,80.12002976918966,0.08063492823121317,0.08063492823121317,best,True
Unknown,N/A,N/A,12.927438623254847,80.12678703610686,506,12.924258406663027,80.12820788106528,0.4993682072162574,0.4993682072162574,best,True
Unknown,N/A,N/A,12.9228114,80.1273503,506,12.924258406663027,80.12820788106528,0.2407176724366396,0.2407176724366396,best,True
Unknown,N/A,N/A,12.91912965084352,80.1307347534837,506,12.924258406663027,80.12820788106528,0.8192350824452055,0.8192350824452055,best,True
Unknown,N/A,N/A,12.9228114,80.1273503,506,12.924258406663027,80.12820788106528,0.2407176724366396,0.2407176724366396,best,True
Unknown,N/A,N/A,12.9222942,80.1306316,506,12.924258406663027,80.12820788106528,0.44352147908918693,0.44352147908918693,best,True
Unknown,N/A,N/A,12.92480575680598,80.12836431216164,506,12.924258406663027,80.12820788106528,0.08175403504991646,0.08175403504991646,best,True
Unknown,N/A,N/A,12.926539034018528,80.12645263343678,506,12.924258406663027,80.12820788106528,0.41096970331662674,0.41096970331662674,best,True
Unknown,N/A,N/A,12.9222942,80.1306316,506,12.924258406663027,80.12820788106528,0.44352147908918693,0.44352147908918693,best,True
Unknown,N/A,N/A,12.92271754642804,80.13072910609023,506,12.924258406663027,80.12820788106528,0.4190645052643071,0.4190645052643071,best,True
Unknown,N/A,N/A,12.9222942,80.1306316,506,12.924258406663027,80.12820788106528,0.44352147908918693,0.44352147908918693,best,True
Unknown,N/A,N/A,12.928609431616694,80.12987982131312,506,12.924258406663027,80.12820788106528,0.6687347528248435,0.6687347528248435,best,True
Unknown,N/A,N/A,12.92485262221892,80.12612196172154,506,12.924258406663027,80.12820788106528,0.30642437228444847,0.30642437228444847,best,True
Unknown,N/A,N/A,12.924326431123871,80.12600722249366,506,12.924258406663027,80.12820788106528,0.3106071951072259,0.3106071951072259,best,True
Unknown,N/A,N/A,12.9228114,80.1273503,506,12.924258406663027,80.12820788106528,0.2407176724366396,0.2407176724366396,best,True
Unknown,N/A,N/A,12.9228114,80.1273503,506,12.924258406663027,80.12820788106528,0.2407176724366396,0.2407176724366396,best,True
Unknown,N/A,N/A,12.928740081079363,80.12983249755612,506,12.924258406663027,80.12820788106528,0.6840835896893663,0.6840835896893663,best,True
Unknown,N/A,N/A,12.92744290232696,80.12676947632667,506,12.924258406663027,80.12820788106528,0.5009302662980438,0.5009302662980438,best,True
Unknown,N/A,N/A,12.928596366413888,80.12812781904691,506,12.924258406663027,80.12820788106528,0.6239824832983473,0.6239824832983473,best,True
Unknown,N/A,N/A,12.92265974469907,80.13065516449454,506,12.924258406663027,80.12820788106528,0.4147976825646781,0.4147976825646781,best,True
Unknown,N/A,N/A,12.928535410470866,80.12677099136106,506,12.924258406663027,80.12820788106528,0.6476525727546375,0.6476525727546375,best,True
Unknown,N/A,N/A,12.921650642236768,80.12903503009743,506,12.924258406663027,80.12820788106528,0.3927790992163866,0.3927790992163866,best,True
Unknown,N/A,N/A,12.922755441010803,80.13045099969119,506,12.924258406663027,80.12820788106528,0.3832227565463132,0.3832227565463132,best,True
Unknown,N/A,N/A,12.925925431298612,80.12640435593835,506,12.924258406663027,80.12820788106528,0.34959003929903293,0.34959003929903293,best,True
Unknown,N/A,N/A,12.9229102,80.1287234,506,12.924258406663027,80.12820788106528,0.2070876122205019,0.2070876122205019,best,True
Unknown,N/A,N/A,12.9228114,80.1273503,506,12.924258406663027,80.12820788106528,0.2407176724366396,0.2407176724366396,best,True
Unknown,N/A,N/A,12.927485932955657,80.1267888968784,506,12.924258406663027,80.12820788106528,0.5055034245041815,0.5055034245041815,best,True
Unknown,N/A,N/A,12.927505756982566,80.12680043359394,506,12.924258406663027,80.12820788106528,0.5074837080199512,0.5074837080199512,best,True
Unknown,N/A,N/A,12.924348887442823,80.12602273910102,506,12.924258406663027,80.12820788106528,0.30853863600950965,0.30853863600950965,best,True
Unknown,N/A,N/A,12.89625578408744,80.08389147189968,507,12.894047962567196,80.08154913449603,0.45829949985234164,0.45829949985234164,best,True
Unknown,N/A,N/A,12.893638340077384,80.08200983752029,507,12.894047962567196,80.08154913449603,0.08772461602150312,0.08772461602150312,best,True
Unknown,N/A,N/A,12.892035543979588,80.08328828124877,507,12.894047962567196,80.08154913449603,0.3794409095288538,0.3794409095288538,best,True
Unknown,N/A,N/A,12.89160173132712,80.0804085863065,507,12.894047962567196,80.08154913449603,0.3868693780750732,0.3868693780750732,best,True
Unknown,N/A,N/A,12.898935808074176,80.07784136982004,507,12.894047962567196,80.08154913449603,0.8762497449581503,0.8762497449581503,best,True
Unknown,N/A,N/A,12.8912856,80.080168,507,12.894047962567196,80.08154913449603,0.4424960364677421,0.4424960364677421,best,True
Unknown,N/A,N/A,12.8877297,80.08212220000001,507,12.894047962567196,80.08154913449603,0.9122727449589728,0.9122727449589728,best,True
Unknown,N/A,N/A,12.893324655559065,80.08299336366905,507,12.894047962567196,80.08154913449603,0.22878344781857748,0.22878344781857748,best,True
Unknown,N/A,N/A,13.135265108310104,80.21654425915212,508,13.136623967499471,80.22112794986249,0.6749961912637605,0.6749961912637605,best,True
Unknown,N/A,N/A,13.134930159636736,80.21634710173464,508,13.136623967499471,80.22112794986249,0.7165554590212716,0.7165554590212716,best,True
Unknown,N/A,N/A,13.1309223,80.2204312,508,13.136623967499471,80.22112794986249,0.8258803139543377,0.8258803139543377,best,True
Unknown,N/A,N/A,13.134835029103709,80.21886126765928,508,13.136623967499471,80.22112794986249,0.4102125936045457,0.4102125936045457,best,True
Unknown,N/A,N/A,13.134994771443562,80.22117786133705,508,13.136623967499471,80.22112794986249,0.2344184254398343,0.2344184254398343,best,True
Unknown,N/A,N/A,13.13404583646022,80.22367254478272,508,13.136623967499471,80.22112794986249,0.5158765828028746,0.5158765828028746,best,True
Unknown,N/A,N/A,13.135235702890038,80.21645228946093,508,13.136623967499471,80.22112794986249,0.688628919517008,0.688628919517008,best,True
Unknown,N/A,N/A,13.1413643,80.22391809999999,508,13.136623967499471,80.22112794986249,0.7870593276646866,0.7870593276646866,best,True
Unknown,N/A,N/A,13.1354933,80.2163983,508,13.136623967499471,80.22112794986249,0.6862043211266738,0.6862043211266738,best,True
Unknown,N/A,N/A,13.135552322736308,80.22164064744413,508,13.136623967499471,80.22112794986249,0.17022625577785322,0.17022625577785322,best,True
Unknown,N/A,N/A,13.1355795,80.2194086,508,13.136623967499471,80.22112794986249,0.28512675771919865,0.28512675771919865,best,True
Unknown,N/A,N/A,13.1413643,80.22391809999999,508,13.136623967499471,80.22112794986249,0.7870593276646866,0.7870593276646866,best,True
Unknown,N/A,N/A,13.139042276728905,80.22758110843485,508,13.136623967499471,80.22112794986249,0.9738136514221246,0.9738136514221246,best,True
Unknown,N/A,N/A,13.13536786982266,80.21640559799137,508,13.136623967499471,80.22112794986249,0.6897089823168523,0.6897089823168523,best,True
Unknown,N/A,N/A,13.139046584716292,80.22748614470325,508,13.136623967499471,80.22112794986249,0.9615473798658719,0.9615473798658719,best,True
Unknown,N/A,N/A,13.141139,80.2238442,508,13.136623967499471,80.22112794986249,0.7538209229024011,0.7538209229024011,best,True
Unknown,N/A,N/A,13.138577101705929,80.21517642843948,508,13.136623967499471,80.22112794986249,0.8846606594093765,0.8846606594093765,best,True
Unknown,N/A,N/A,13.040791,80.0922856,510,13.039712791030174,80.09335356090587,0.21615639465793862,0.21615639465793862,best,True
Unknown,N/A,N/A,13.04175209569052,80.0921344426072,510,13.039712791030174,80.09335356090587,0.33995865036558376,0.33995865036558376,best,True
Unknown,N/A,N/A,13.0408981,80.09490939999999,510,13.039712791030174,80.09335356090587,0.2778311251755142,0.2778311251755142,best,True
Unknown,N/A,N/A,13.03969153674672,80.09202430855932,510,13.039712791030174,80.09335356090587,0.1874597815635505,0.1874597815635505,best,True
Unknown,N/A,N/A,13.0359254,80.0990596,510,13.039712791030174,80.09335356090587,0.9716403753590153,0.9716403753590153,best,True
Unknown,N/A,N/A,13.038446079479012,80.09284542431435,510,13.039712791030174,80.09335356090587,0.19576245228832748,0.19576245228832748,best,True
Unknown,N/A,N/A,13.0418322,80.093688,510,13.039712791030174,80.09335356090587,0.3084399779263391,0.3084399779263391,best,True
Unknown,N/A,N/A,13.0377051,80.0974341,510,13.039712791030174,80.09335356090587,0.6437762641111161,0.6437762641111161,best,True
Unknown,N/A,N/A,13.0392556,80.093125,510,13.039712791030174,80.09335356090587,0.07322697718994556,0.07322697718994556,best,True
Unknown,N/A,N/A,13.0388498,80.091741,510,13.039712791030174,80.09335356090587,0.25905230158615516,0.25905230158615516,best,True
Unknown,N/A,N/A,13.038784115421253,80.09163825622066,510,13.039712791030174,80.09335356090587,0.2762983152821066,0.2762983152821066,best,True
Unknown,N/A,N/A,13.0381407,80.0925133,510,13.039712791030174,80.09335356090587,0.25526219047168547,0.25526219047168547,best,True
Unknown,N/A,N/A,13.044010038115111,80.09255808188662,510,13.039712791030174,80.09335356090587,0.6281268008678067,0.6281268008678067,best,True
Unknown,N/A,N/A,13.0397691,80.0921929,510,13.039712791030174,80.09335356090587,0.16386237505231221,0.16386237505231221,best,True
Unknown,N/A,N/A,13.039841,80.092154,510,13.039712791030174,80.09335356090587,0.17014937645492084,0.17014937645492084,best,True
Unknown,N/A,N/A,12.9797792,80.20000139999999,511,12.981639356825657,80.19842770983183,0.34761259606120537,0.34761259606120537,best,True
Unknown,N/A,N/A,12.9799437,80.2005306,511,12.981639356825657,80.19842770983183,0.38397871723889154,0.38397871723889154,best,True
Unknown,N/A,N/A,12.982898480374317,80.19620418984323,511,12.981639356825657,80.19842770983183,0.3621337031592937,0.3621337031592937,best,True
Unknown,N/A,N/A,12.98298207896576,80.19630035685678,511,12.981639356825657,80.19842770983183,0.35681455237716675,0.35681455237716675,best,True
Unknown,N/A,N/A,12.9761112,80.1975138,511,12.981639356825657,80.19842770983183,0.805437455251601,0.805437455251601,best,True
Unknown,N/A,N/A,12.983482352588362,80.20077683168996,511,12.981639356825657,80.19842770983183,0.42429841685580444,0.42429841685580444,best,True
Unknown,N/A,N/A,12.984660493889098,80.19225887391896,511,12.981639356825657,80.19842770983183,0.9725106565037647,0.9725106565037647,best,True
Unknown,N/A,N/A,12.9797792,80.20000139999999,511,12.981639356825657,80.19842770983183,0.34761259606120537,0.34761259606120537,best,True
Unknown,N/A,N/A,12.9795446878603,80.20089780372902,511,12.981639356825657,80.19842770983183,0.46057139932583846,0.46057139932583846,best,True
Unknown,N/A,N/A,12.9777405,80.19953389999999,511,12.981639356825657,80.19842770983183,0.5820321790453002,0.5820321790453002,best,True
Unknown,N/A,N/A,12.98351919366882,80.19811767270335,511,12.981639356825657,80.19842770983183,0.27387051295635495,0.27387051295635495,best,True
Unknown,N/A,N/A,12.9837866,80.1973929,511,12.981639356825657,80.19842770983183,0.3415672088503167,0.3415672088503167,best,True
Unknown,N/A,N/A,12.979787821863844,80.20010862856813,511,12.981639356825657,80.19842770983183,0.3565316884278693,0.3565316884278693,best,True
Unknown,N/A,N/A,12.9855695,80.1985605,511,12.981639356825657,80.19842770983183,0.5655412301027068,0.5655412301027068,best,True
Unknown,N/A,N/A,12.9857957,80.19511539999999,511,12.981639356825657,80.19842770983183,0.7586598461470491,0.7586598461470491,best,True
Unknown,N/A,N/A,12.980849,80.2015291,511,12.981639356825657,80.19842770983183,0.45195017412352717,0.45195017412352717,best,True
Unknown,N/A,N/A,13.1295676,80.2416298,512,13.12942106310317,80.24175387581407,0.027386781432952933,0.027386781432952933,best,True
Unknown,N/A,N/A,13.1295676,80.2416298,512,13.12942106310317,80.24175387581407,0.027386781432952933,0.027386781432952933,best,True
Unknown,N/A,N/A,13.128764960233996,80.24181018756417,512,13.12942106310317,80.24175387581407,0.09469467142854165,0.09469467142854165,best,True
Unknown,N/A,N/A,13.12868993516716,80.24164052883606,512,13.12942106310317,80.24175387581407,0.10635847220553135,0.10635847220553135,best,True
Unknown,N/A,N/A,13.128675858316672,80.2416365145096,512,13.12942106310317,80.24175387581407,0.10844534826717302,0.10844534826717302,best,True
Unknown,N/A,N/A,13.12987207495098,80.24276814984312,512,13.12942106310317,80.24175387581407,0.15699522377644254,0.15699522377644254,best,True
Unknown,N/A,N/A,13.129428399229583,80.24106190112607,512,13.12942106310317,80.24175387581407,0.09754420565283818,0.09754420565283818,best,True
Unknown,N/A,N/A,13.13549236339128,80.24332158096796,512,13.12942106310317,80.24175387581407,0.9007083823858613,0.9007083823858613,best,True
Unknown,N/A,N/A,13.128693839739316,80.24204996833673,512,13.12942106310317,80.24175387581407,0.11260992379435605,0.11260992379435605,best,True
Unknown,N/A,N/A,13.1284153,80.24195329999999,512,13.12942106310317,80.24175387581407,0.1473559797760578,0.1473559797760578,best,True
Unknown,N/A,N/A,13.1295676,80.2416298,512,13.12942106310317,80.24175387581407,0.027386781432952933,0.027386781432952933,best,True
Unknown,N/A,N/A,13.1295676,80.2416298,512,13.12942106310317,80.24175387581407,0.027386781432952933,0.027386781432952933,best,True
Unknown,N/A,N/A,13.129044247751146,80.24138712899688,512,13.12942106310317,80.24175387581407,0.07489599800403475,0.07489599800403475,best,True
Unknown,N/A,N/A,13.1295676,80.2416298,512,13.12942106310317,80.24175387581407,0.027386781432952933,0.027386781432952933,best,True
Unknown,N/A,N/A,13.128465478508572,80.24196353496815,512,13.12942106310317,80.24175387581407,0.1405747421905427,0.1405747421905427,best,True
Unknown,N/A,N/A,13.128710831985344,80.24158688465576,512,13.12942106310317,80.24175387581407,0.10482322895603856,0.10482322895603856,best,True
Unknown,N/A,N/A,13.128505190075268,80.24192754165341,512,13.12942106310317,80.24175387581407,0.13397717430276787,0.13397717430276787,best,True
Unknown,N/A,N/A,13.1297438,80.24036009999999,512,13.12942106310317,80.24175387581407,0.20187071863500997,0.20187071863500997,best,True
Unknown,N/A,N/A,13.128659919610886,80.24170731900925,512,13.12942106310317,80.24175387581407,0.1096649983796765,0.1096649983796765,best,True
Unknown,N/A,N/A,13.1315848,80.2373844,513,13.13283185,80.23440934999999,0.45609259908629285,0.45609259908629285,best,True
Unknown,N/A,N/A,13.1340789,80.23143429999999,513,13.13283185,80.23440934999999,0.4560906604328904,0.4560906604328904,best,True
Unknown,N/A,N/A,13.1037033,79.9110493,514,13.102438922574503,79.90774079347685,0.5006013179122627,0.5006013179122627,best,True
Unknown,N/A,N/A,13.104806698083962,79.90836592009514,514,13.102438922574503,79.90774079347685,0.35175321301024115,0.35175321301024115,best,True
Unknown,N/A,N/A,13.1033338,79.9074241,514,13.102438922574503,79.90774079347685,0.13622540032371602,0.13622540032371602,best,True
Unknown,N/A,N/A,13.10336329208904,79.90776977944265,514,13.102438922574503,79.90774079347685,0.1330063213715584,0.1330063213715584,best,True
Unknown,N/A,N/A,13.1033201,79.9075199,514,13.102438922574503,79.90774079347685,0.1305012956754268,0.1305012956754268,best,True
Unknown,N/A,N/A,13.10318928041036,79.90772847565026,514,13.102438922574503,79.90774079347685,0.1079310132678432,0.1079310132678432,best,True
Unknown,N/A,N/A,13.103261166859182,79.9077685792655,514,13.102438922574503,79.90774079347685,0.11832066288158274,0.11832066288158274,best,True
Unknown,N/A,N/A,13.1032096,79.9076198,514,13.102438922574503,79.90774079347685,0.11214413928095608,0.11214413928095608,best,True
Unknown,N/A,N/A,13.103252696146129,79.90775919933625,514,13.102438922574503,79.90774079347685,0.11706630268728517,0.11706630268728517,best,True
Unknown,N/A,N/A,13.103257355652213,79.90777156430211,514,13.102438922574503,79.90774079347685,0.11778758045289574,0.11778758045289574,best,True
Unknown,N/A,N/A,13.101214356215577,79.90493774414062,514,13.102438922574503,79.90774079347685,0.43262372414504635,0.43262372414504635,best,True
Unknown,N/A,N/A,13.10269224530778,79.91096657787287,514,13.102438922574503,79.90774079347685,0.4562025479060299,0.4562025479060299,best,True
Unknown,N/A,N/A,13.10219775858604,79.90522228940549,514,13.102438922574503,79.90774079347685,0.35672918710937274,0.35672918710937274,best,True
Unknown,N/A,N/A,13.103661908857289,79.90643450683093,514,13.102438922574503,79.90774079347685,0.25465395771429566,0.25465395771429566,best,True
Unknown,N/A,N/A,13.046438057154912,80.19000620750323,516,13.045551337488636,80.18837514736472,0.2629774042492134,0.2629774042492134,best,True
Unknown,N/A,N/A,13.046423902964772,80.19051925401942,516,13.045551337488636,80.18837514736472,0.3273386205378922,0.3273386205378922,best,True
Unknown,N/A,N/A,13.046455737493943,80.1895674054373,516,13.045551337488636,80.18837514736472,0.21255716135338984,0.21255716135338984,best,True
Unknown,N/A,N/A,13.044385,80.185851,516,13.045551337488636,80.18837514736472,0.39346460087394103,0.39346460087394103,best,True
Unknown,N/A,N/A,13.046406278322287,80.18988936570987,516,13.045551337488636,80.18837514736472,0.24638504912940104,0.24638504912940104,best,True
Unknown,N/A,N/A,13.04609144348127,80.18956254495237,516,13.045551337488636,80.18837514736472,0.1845699508024247,0.1845699508024247,best,True
Unknown,N/A,N/A,13.04515272525062,80.18652053802569,516,13.045551337488636,80.18837514736472,0.26771842278797847,0.26771842278797847,best,True
Unknown,N/A,N/A,13.044779677523266,80.1861625527635,516,13.045551337488636,80.18837514736472,0.3311373397531214,0.3311373397531214,best,True
Unknown,N/A,N/A,13.04521556774475,80.18647433362491,516,13.045551337488636,80.18837514736472,0.2723388788820918,0.2723388788820918,best,True
Unknown,N/A,N/A,13.044871091383342,80.18630846370863,516,13.045551337488636,80.18837514736472,0.30739587123572537,0.30739587123572537,best,True
Unknown,N/A,N/A,13.0467637,80.1904012,516,13.045551337488636,80.18837514736472,0.3346881820079984,0.3346881820079984,best,True
Unknown,N/A,N/A,13.046287,80.18935640000001,516,13.045551337488636,80.18837514736472,0.1741780427122071,0.1741780427122071,best,True
Unknown,N/A,N/A,13.046403645221906,80.18932487465848,516,13.045551337488636,80.18837514736472,0.18154608444864193,0.18154608444864193,best,True
Unknown,N/A,N/A,13.046232604205612,80.1903756417726,516,13.045551337488636,80.18837514736472,0.29861035765372157,0.29861035765372157,best,True
Unknown,N/A,N/A,13.045087571748994,80.18654511330415,516,13.045551337488636,80.18837514736472,0.2665239054935495,0.2665239054935495,best,True
Unknown,N/A,N/A,13.046316066160362,80.18993511051258,516,13.045551337488636,80.18837514736472,0.24592548381613646,0.24592548381613646,best,True
Unknown,N/A,N/A,13.044656671248998,80.18634010238814,516,13.045551337488636,80.18837514736472,0.31447896462836106,0.31447896462836106,best,True
Unknown,N/A,N/A,13.04497,80.1860672,516,13.045551337488636,80.18837514736472,0.33599961235421105,0.33599961235421105,best,True
Unknown,N/A,N/A,13.045360953786888,80.18674437447675,516,13.045551337488636,80.18837514736472,0.2315707373692284,0.2315707373692284,best,True
Unknown,N/A,N/A,13.0460115,80.1871742,516,13.045551337488636,80.18837514736472,0.18181166385541989,0.18181166385541989,best,True
Unknown,N/A,N/A,13.046471377282923,80.19068097724612,516,13.045551337488636,80.18837514736472,0.3510259330630421,0.3510259330630421,best,True
Unknown,N/A,N/A,13.0446544,80.1863229,516,13.045551337488636,80.18837514736472,0.3168266673505445,0.3168266673505445,best,True
Unknown,N/A,N/A,13.0413135,80.1866363,516,13.045551337488636,80.18837514736472,0.6569553211053191,0.6569553211053191,best,True
Unknown,N/A,N/A,13.046405453684203,80.19060086083752,516,13.045551337488636,80.18837514736472,0.3370189721713257,0.3370189721713257,best,True
Unknown,N/A,N/A,13.044263,80.1910829,516,13.045551337488636,80.18837514736472,0.42439113952879576,0.42439113952879576,best,True
Unknown,N/A,N/A,13.0446544,80.1863229,516,13.045551337488636,80.18837514736472,0.3168266673505445,0.3168266673505445,best,True
Unknown,N/A,N/A,13.0467637,80.1904012,516,13.045551337488636,80.18837514736472,0.3346881820079984,0.3346881820079984,best,True
Unknown,N/A,N/A,13.0467637,80.1904012,516,13.045551337488636,80.18837514736472,0.3346881820079984,0.3346881820079984,best,True
Unknown,N/A,N/A,13.046287,80.18935640000001,516,13.045551337488636,80.18837514736472,0.1741780427122071,0.1741780427122071,best,True
Unknown,N/A,N/A,13.0446544,80.1863229,516,13.045551337488636,80.18837514736472,0.3168266673505445,0.3168266673505445,best,True
Unknown,N/A,N/A,13.048594,80.1832147,517,13.049887872787256,80.18473699069445,0.28407880073501607,0.28407880073501607,best,True
Unknown,N/A,N/A,13.0521245,80.1864293,517,13.049887872787256,80.18473699069445,0.4005139992758182,0.4005139992758182,best,True
Unknown,N/A,N/A,13.050396009510791,80.18815363486118,517,13.049887872787256,80.18473699069445,0.4872645248061942,0.4872645248061942,best,True
Unknown,N/A,N/A,13.0471119,80.1835382,517,13.049887872787256,80.18473699069445,0.43354971731005576,0.43354971731005576,best,True
Unknown,N/A,N/A,13.0533729,80.1831473,517,13.049887872787256,80.18473699069445,0.5490547345532941,0.5490547345532941,best,True
Unknown,N/A,N/A,13.0511401,80.1840835,517,13.049887872787256,80.18473699069445,0.20229875394685767,0.20229875394685767,best,True
Unknown,N/A,N/A,13.0464757,80.18459229999999,517,13.049887872787256,80.18473699069445,0.4911631602421603,0.4911631602421603,best,True
Unknown,N/A,N/A,13.0810413,80.2246001,518,13.076912918354356,80.2245619569792,0.5937702950475273,0.5937702950475273,best,True
Unknown,N/A,N/A,13.077460571857266,80.22235371242452,518,13.076912918354356,80.2245619569792,0.3211412897555418,0.3211412897555418,best,True
Unknown,N/A,N/A,13.077536741415198,80.22333747411855,518,13.076912918354356,80.2245619569792,0.19455700650208274,0.19455700650208274,best,True
Unknown,N/A,N/A,13.07390862996408,80.22087091796874,518,13.076912918354356,80.2245619569792,0.676385681702561,0.676385681702561,best,True
Unknown,N/A,N/A,13.07376385560742,80.22088487866694,518,13.076912918354356,80.2245619569792,0.688389168651834,0.688389168651834,best,True
Unknown,N/A,N/A,13.077257831781592,80.22513316240321,518,13.076912918354356,80.2245619569792,0.09458416227186697,0.09458416227186697,best,True
Unknown,N/A,N/A,13.07403515415426,80.22109987788916,518,13.076912918354356,80.2245619569792,0.6399600544871794,0.6399600544871794,best,True
Unknown,N/A,N/A,13.0782604,80.2276782,518,13.076912918354356,80.2245619569792,0.4801904031519792,0.4801904031519792,best,True
Unknown,N/A,N/A,13.076397840228722,80.22832777051686,518,13.076912918354356,80.2245619569792,0.5360729655307532,0.5360729655307532,best,True
Unknown,N/A,N/A,13.0786997,80.2251345,518,13.076912918354356,80.2245619569792,0.26935550881231846,0.26935550881231846,best,True
Unknown,N/A,N/A,13.077183837425412,80.22517476055381,518,13.076912918354356,80.2245619569792,0.09477670170305816,0.09477670170305816,best,True
Unknown,N/A,N/A,13.077222135704316,80.22515604611226,518,13.076912918354356,80.2245619569792,0.09483268561009493,0.09483268561009493,best,True
Unknown,N/A,N/A,13.0736821,80.2212825,518,13.076912918354356,80.2245619569792,0.6555044126397523,0.6555044126397523,best,True
Unknown,N/A,N/A,13.077825324632334,80.22872662993615,518,13.076912918354356,80.2245619569792,0.6016466981522355,0.6016466981522355,best,True
Unknown,N/A,N/A,13.0786616,80.22508529999999,518,13.076912918354356,80.2245619569792,0.2620962847081575,0.2620962847081575,best,True
Unknown,N/A,N/A,13.077834832069296,80.22973277925037,518,13.076912918354356,80.2245619569792,0.7409747886452155,0.7409747886452155,best,True
Unknown,N/A,N/A,13.07374361756346,80.22084536466582,518,13.076912918354356,80.2245619569792,0.6945011717634056,0.6945011717634056,best,True
Unknown,N/A,N/A,13.08108108108108,80.22594698942308,518,13.076912918354356,80.2245619569792,0.6304690017934216,0.6304690017934216,best,True
Unknown,N/A,N/A,13.077060320534065,80.2250961014557,518,13.076912918354356,80.2245619569792,0.07823421273225006,0.07823421273225006,best,True
Unknown,N/A,N/A,13.073652092742634,80.22084181661485,518,13.076912918354356,80.2245619569792,0.7035833450843939,0.7035833450843939,best,True
Unknown,N/A,N/A,13.07886231868035,80.22849221456325,518,13.076912918354356,80.2245619569792,0.6210019834829018,0.6210019834829018,best,True
Unknown,N/A,N/A,13.0852524,80.2207648,519,13.082117143224153,80.21976788650991,0.47231072367541,0.47231072367541,best,True
Unknown,N/A,N/A,13.078428953235946,80.21703557414484,519,13.082117143224153,80.21976788650991,0.6555561707152955,0.6555561707152955,best,True
Unknown,N/A,N/A,13.0812048,80.2179792,519,13.082117143224153,80.21976788650991,0.28427063708583084,0.28427063708583084,best,True
Unknown,N/A,N/A,13.0823732,80.21731590000002,519,13.082117143224153,80.21976788650991,0.3476458891526804,0.3476458891526804,best,True
Unknown,N/A,N/A,13.0823732,80.21731590000002,519,13.082117143224153,80.21976788650991,0.3476458891526804,0.3476458891526804,best,True
Unknown,N/A,N/A,13.084653825997508,80.22337309390291,519,13.082117143224153,80.21976788650991,0.625651696877683,0.625651696877683,best,True
Unknown,N/A,N/A,13.082580518879558,80.22448448518068,519,13.082117143224153,80.21976788650991,0.6682939255990636,0.6682939255990636,best,True
Unknown,N/A,N/A,13.081359820823833,80.21799471831945,519,13.082117143224153,80.21976788650991,0.2726853754288501,0.2726853754288501,best,True
Unknown,N/A,N/A,13.0829552,80.2242407,519,13.082117143224153,80.21976788650991,0.6420081427068681,0.6420081427068681,best,True
Unknown,N/A,N/A,13.07998951330469,80.21717449355127,519,13.082117143224153,80.21976788650991,0.4767783989416768,0.4767783989416768,best,True
Unknown,N/A,N/A,12.934259861708435,80.25221448308106,520,12.933465982595328,80.25217531046871,0.11430847139357979,0.11430847139357979,best,True
Unknown,N/A,N/A,12.9389873,80.2531724,520,12.933465982595328,80.25217531046871,0.8064310706744692,0.8064310706744692,best,True
Unknown,N/A,N/A,12.9339413,80.2519164,520,12.933465982595328,80.25217531046871,0.07750503732923426,0.07750503732923426,best,True
Unknown,N/A,N/A,13.119262647907112,80.0784599878446,521,13.119287126707533,80.07504437819193,0.481485847780719,0.481485847780719,best,True
Unknown,N/A,N/A,13.1186682,80.074851,521,13.119287126707533,80.07504437819193,0.09309491552502361,0.09309491552502361,best,True
Unknown,N/A,N/A,13.119194900311156,80.07410459191729,521,13.119287126707533,80.07504437819193,0.13313704923675226,0.13313704923675226,best,True
Unknown,N/A,N/A,13.119278293541871,80.07597516334764,521,13.119287126707533,80.07504437819193,0.13121197600428192,0.13121197600428192,best,True
Unknown,N/A,N/A,13.1192492223328,80.07387857172424,521,13.119287126707533,80.07504437819193,0.16442542792618697,0.16442542792618697,best,True
Unknown,N/A,N/A,13.1186682,80.074851,521,13.119287126707533,80.07504437819193,0.09309491552502361,0.09309491552502361,best,True
Unknown,N/A,N/A,13.1186682,80.074851,521,13.119287126707533,80.07504437819193,0.09309491552502361,0.09309491552502361,best,True
Unknown,N/A,N/A,13.117707696270545,80.07014702496733,521,13.119287126707533,80.07504437819193,0.726757415983726,0.726757415983726,best,True
Unknown,N/A,N/A,13.12234680774294,80.0778075146283,521,13.119287126707533,80.07504437819193,0.5876632512308597,0.5876632512308597,best,True
Unknown,N/A,N/A,13.121372191239034,80.07159490395108,521,13.119287126707533,80.07504437819193,0.5712787137057614,0.5712787137057614,best,True
Unknown,N/A,N/A,13.119065579710584,80.07463107366696,521,13.119287126707533,80.07504437819193,0.06640436788301582,0.06640436788301582,best,True
Unknown,N/A,N/A,13.119090400963994,80.07444468416597,521,13.119287126707533,80.07504437819193,0.08914357786461317,0.08914357786461317,best,True
Unknown,N/A,N/A,13.11903774437579,80.07453703672496,521,13.119287126707533,80.07504437819193,0.08000600880108964,0.08000600880108964,best,True
Unknown,N/A,N/A,13.1196407,80.0749822,521,13.119287126707533,80.07504437819193,0.05160107663136931,0.05160107663136931,best,True
Unknown,N/A,N/A,13.123516,80.07397259999999,521,13.119287126707533,80.07504437819193,0.626684159511263,0.626684159511263,best,True
Unknown,N/A,N/A,13.1206545,80.0758634,521,13.119287126707533,80.07504437819193,0.22804144662225026,0.22804144662225026,best,True
Unknown,N/A,N/A,13.1190172470596,80.07454566000821,521,13.119287126707533,80.07504437819193,0.0803039827440926,0.0803039827440926,best,True
Unknown,N/A,N/A,13.11905355022014,80.07457133604379,521,13.119287126707533,80.07504437819193,0.07466519409201419,0.07466519409201419,best,True
Unknown,N/A,N/A,13.1192781524751,80.07841201484842,521,13.119287126707533,80.07504437819193,0.47471232148367,0.47471232148367,best,True
Unknown,N/A,N/A,13.074850080560363,79.67103247490456,522,13.07481663784352,79.66932985828916,0.2400963650832135,0.2400963650832135,best,True
Unknown,N/A,N/A,13.075104399639027,79.67105485421308,522,13.07481663784352,79.66932985828916,0.24669948150891272,0.24669948150891272,best,True
Unknown,N/A,N/A,13.074902173974415,79.67104140649722,522,13.07481663784352,79.66932985828916,0.24162077524030479,0.24162077524030479,best,True
Unknown,N/A,N/A,13.074945005831957,79.67103038824987,522,13.07481663784352,79.66932985828916,0.2404637142234506,0.2404637142234506,best,True
Unknown,N/A,N/A,13.074806728124813,79.67109534520009,522,13.07481663784352,79.66932985828916,0.2489162315670307,0.2489162315670307,best,True
Unknown,N/A,N/A,13.074824232598395,79.6710223163526,522,13.07481663784352,79.66932985828916,0.2386184648864066,0.2386184648864066,best,True
Unknown,N/A,N/A,13.0759875,79.6728594,522,13.07481663784352,79.66932985828916,0.5253412108135627,0.5253412108135627,best,True
Unknown,N/A,N/A,13.07490406230478,79.6710828791274,522,13.07481663784352,79.66932985828916,0.2474741540857993,0.2474741540857993,best,True
Unknown,N/A,N/A,13.070639814822178,79.66668907774563,522,13.07481663784352,79.66932985828916,0.7067379049474491,0.7067379049474491,best,True
Unknown,N/A,N/A,13.074832903576906,79.671005893799,522,13.07481663784352,79.66932985828916,0.23631216014728823,0.23631216014728823,best,True
Unknown,N/A,N/A,13.0721356,79.6681119,522,13.07481663784352,79.66932985828916,0.42209630913518503,0.42209630913518503,best,True
Unknown,N/A,N/A,13.074903169182342,79.67056834296213,522,13.07481663784352,79.66932985828916,0.17505415109656472,0.17505415109656472,best,True
Unknown,N/A,N/A,13.07051834476003,79.66625129833827,522,13.07481663784352,79.66932985828916,0.7553429498879627,0.7553429498879627,best,True
Unknown,N/A,N/A,13.07874697754925,79.6740868641369,522,13.07481663784352,79.66932985828916,0.8771128945740331,0.8771128945740331,best,True
Unknown,N/A,N/A,13.073457414746883,79.67110180692448,522,13.07481663784352,79.66932985828916,0.3172159906653645,0.3172159906653645,best,True
Unknown,N/A,N/A,12.945813521094248,80.1831028350599,523,12.94485071592248,80.18420299968386,0.20798531408515983,0.20798531408515983,best,True
Unknown,N/A,N/A,12.94574938588888,80.18311975961437,523,12.94485071592248,80.18420299968386,0.20013301568860106,0.20013301568860106,best,True
Unknown,N/A,N/A,12.9469603,80.1892446,523,12.94485071592248,80.18420299968386,0.7731852617262148,0.7731852617262148,best,True
Unknown,N/A,N/A,12.940847586284493,80.18282070241413,523,12.94485071592248,80.18420299968386,0.6078500707218282,0.6078500707218282,best,True
Unknown,N/A,N/A,12.9491632,80.1852782,523,12.94485071592248,80.18420299968386,0.638492510808435,0.638492510808435,best,True
Unknown,N/A,N/A,12.9491632,80.1852782,523,12.94485071592248,80.18420299968386,0.638492510808435,0.638492510808435,best,True
Unknown,N/A,N/A,12.945821748678703,80.18310224854866,523,12.94485071592248,80.18420299968386,0.20883647631131919,0.20883647631131919,best,True
Unknown,N/A,N/A,12.9458348,80.1785485,523,12.94485071592248,80.18420299968386,0.8100883934584578,0.8100883934584578,best,True
Unknown,N/A,N/A,12.945792035849848,80.18309275987166,523,12.94485071592248,80.18420299968386,0.207014104707301,0.207014104707301,best,True
Unknown,N/A,N/A,12.942737801352754,80.18254264855196,523,12.94485071592248,80.18420299968386,0.38366230215107716,0.38366230215107716,best,True
Unknown,N/A,N/A,12.940910024244449,80.18717885644159,523,12.94485071592248,80.18420299968386,0.7052785531774867,0.7052785531774867,best,True
Unknown,N/A,N/A,12.94346429440972,80.18610428507172,523,12.94485071592248,80.18420299968386,0.33419797581434324,0.33419797581434324,best,True
Unknown,N/A,N/A,12.9398389,80.1863376,523,12.94485071592248,80.18420299968386,0.7811614157307915,0.7811614157307915,best,True
Unknown,N/A,N/A,12.945813225111571,80.18309079999999,523,12.94485071592248,80.18420299968386,0.20922693959506838,0.20922693959506838,best,True
Unknown,N/A,N/A,13.0476668,80.2395535,524,13.051298644150952,80.2420411413436,0.629178682184768,0.629178682184768,best,True
Unknown,N/A,N/A,13.0496782,80.2400584,524,13.051298644150952,80.2420411413436,0.36396805962338175,0.36396805962338175,best,True
Unknown,N/A,N/A,13.053062301603156,80.24755683314416,524,13.051298644150952,80.2420411413436,0.8180345833487872,0.8180345833487872,best,True
Unknown,N/A,N/A,13.052629347217506,80.24026948490472,524,13.051298644150952,80.2420411413436,0.3146896523219135,0.3146896523219135,best,True
Unknown,N/A,N/A,13.04658586969395,80.23756357727659,524,13.051298644150952,80.2420411413436,0.92628396389749,0.92628396389749,best,True
Unknown,N/A,N/A,13.052521898714437,80.24042775392061,524,13.051298644150952,80.2420411413436,0.28757978648102334,0.28757978648102334,best,True
Unknown,N/A,N/A,13.053412,80.2461797,524,13.051298644150952,80.2420411413436,0.6579509062545739,0.6579509062545739,best,True
Unknown,N/A,N/A,13.0553192,80.2438066,524,13.051298644150952,80.2420411413436,0.6295429295490202,0.6295429295490202,best,True
Unknown,N/A,N/A,13.046482200653712,80.24262839490486,524,13.051298644150952,80.2420411413436,0.6976333131522834,0.6976333131522834,best,True
Unknown,N/A,N/A,13.05562862362678,80.24236716928527,524,13.051298644150952,80.2420411413436,0.624433038746055,0.624433038746055,best,True
Unknown,N/A,N/A,13.0522045,80.2361568,525,13.054352774184482,80.23640411794776,0.3109269742319534,0.3109269742319534,best,True
Unknown,N/A,N/A,13.05805014200201,80.23412760525852,525,13.054352774184482,80.23640411794776,0.6211247564089444,0.6211247564089444,best,True
Unknown,N/A,N/A,13.0524406,80.2376891,525,13.054352774184482,80.23640411794776,0.329328405661148,0.329328405661148,best,True
Unknown,N/A,N/A,13.053420307116005,80.2363885454195,525,13.054352774184482,80.23640411794776,0.13412560092522538,0.13412560092522538,best,True
Unknown,N/A,N/A,13.058181374454565,80.23876775939533,525,13.054352774184482,80.23640411794776,0.6436320923941168,0.6436320923941168,best,True
Unknown,N/A,N/A,13.05820567458088,80.23726195200707,525,13.054352774184482,80.23640411794776,0.5671722115441715,0.5671722115441715,best,True
Unknown,N/A,N/A,13.0525710991147,80.23667482347471,525,13.054352774184482,80.23640411794776,0.2590681580494048,0.2590681580494048,best,True
Unknown,N/A,N/A,13.054539369706236,80.23797728599439,525,13.054352774184482,80.23640411794776,0.22343319543555878,0.22343319543555878,best,True
Unknown,N/A,N/A,13.053711311590298,80.23419575101377,525,13.054352774184482,80.23640411794776,0.32475813437819095,0.32475813437819095,best,True
Unknown,N/A,N/A,13.053666204102663,80.23472456068494,525,13.054352774184482,80.23640411794776,0.25657821084874216,0.25657821084874216,best,True
Unknown,N/A,N/A,13.053281507546451,80.23710843212478,525,13.054352774184482,80.23640411794776,0.18330195806769767,0.18330195806769767,best,True
Unknown,N/A,N/A,13.0519612,80.2357768,525,13.054352774184482,80.23640411794776,0.3551478116431723,0.3551478116431723,best,True
Unknown,N/A,N/A,13.091943674083806,80.13744149336767,526,13.097915592925922,80.13456126791968,0.9500293570161393,0.9500293570161393,best,True
Unknown,N/A,N/A,13.0983905424625,80.13556943268492,526,13.097915592925922,80.13456126791968,0.15768831960416071,0.15768831960416071,best,True
Unknown,N/A,N/A,13.099173754300576,80.13256282575726,526,13.097915592925922,80.13456126791968,0.3348343522439362,0.3348343522439362,best,True
Unknown,N/A,N/A,13.0957538,80.1357448,526,13.097915592925922,80.13456126791968,0.35285111888937953,0.35285111888937953,best,True
Unknown,N/A,N/A,13.098761,80.132513,526,13.097915592925922,80.13456126791968,0.3133080943831884,0.3133080943831884,best,True
Unknown,N/A,N/A,13.1006428,80.1346587,526,13.097915592925922,80.13456126791968,0.3924693454536506,0.3924693454536506,best,True
Unknown,N/A,N/A,13.0983046,80.13665110000001,526,13.097915592925922,80.13456126791968,0.29987836485353875,0.29987836485353875,best,True
Unknown,N/A,N/A,13.0965075,80.1345322,526,13.097915592925922,80.13456126791968,0.20255438040034257,0.20255438040034257,best,True
Unknown,N/A,N/A,13.099145143635964,80.13263490434036,526,13.097915592925922,80.13456126791968,0.3240673709567315,0.3240673709567315,best,True
Unknown,N/A,N/A,13.099181607702292,80.13257759096628,526,13.097915592925922,80.13456126791968,0.33369980741367344,0.33369980741367344,best,True
Unknown,N/A,N/A,13.0992671,80.1352879,526,13.097915592925922,80.13456126791968,0.21971518302242055,0.21971518302242055,best,True
Unknown,N/A,N/A,13.0993618,80.1413321,527,13.10112542400164,80.13968580222166,0.34380109955728977,0.34380109955728977,best,True
Unknown,N/A,N/A,13.1009772731792,80.13938070839383,527,13.10112542400164,80.13968580222166,0.047998459684672,0.047998459684672,best,True
Unknown,N/A,N/A,13.101094498285034,80.1393614905512,527,13.10112542400164,80.13968580222166,0.04593498694997302,0.04593498694997302,best,True
Unknown,N/A,N/A,13.101317053030014,80.137802484086,527,13.10112542400164,80.13968580222166,0.2669232774742852,0.2669232774742852,best,True
Unknown,N/A,N/A,13.10125345412777,80.1424581739483,527,13.10112542400164,80.13968580222166,0.3912625998628849,0.3912625998628849,best,True
Unknown,N/A,N/A,13.1006164,80.13964949999999,527,13.10112542400164,80.13968580222166,0.07338687068738416,0.07338687068738416,best,True
Unknown,N/A,N/A,13.1006164,80.13964949999999,527,13.10112542400164,80.13968580222166,0.07338687068738416,0.07338687068738416,best,True
Unknown,N/A,N/A,13.1006164,80.13964949999999,527,13.10112542400164,80.13968580222166,0.07338687068738416,0.07338687068738416,best,True
Unknown,N/A,N/A,13.1006164,80.13964949999999,527,13.10112542400164,80.13968580222166,0.07338687068738416,0.07338687068738416,best,True
Unknown,N/A,N/A,13.10099258539604,80.13948856745911,527,13.10112542400164,80.13968580222166,0.03373579021671179,0.03373579021671179,best,True
Unknown,N/A,N/A,13.1049174,80.13812229999999,527,13.10112542400164,80.13968580222166,0.5882204839794621,0.5882204839794621,best,True
Unknown,N/A,N/A,12.957413756477484,80.243688696768,528,12.957564860156127,80.24256947290836,0.15935987040979824,0.15935987040979824,best,True
Unknown,N/A,N/A,12.956148375848088,80.24359232655807,528,12.957564860156127,80.24256947290836,0.24963378296595395,0.24963378296595395,best,True
Unknown,N/A,N/A,12.95925382416092,80.24443193196606,528,12.957564860156127,80.24256947290836,0.35779575160505794,0.35779575160505794,best,True
Unknown,N/A,N/A,12.95611138893167,80.23896838703541,528,12.957564860156127,80.24256947290836,0.5492805128333514,0.5492805128333514,best,True
Unknown,N/A,N/A,12.95712433126543,80.24025515091503,528,12.957564860156127,80.24256947290836,0.33253619622119185,0.33253619622119185,best,True
Unknown,N/A,N/A,12.959337484253172,80.24448034420756,528,12.957564860156127,80.24256947290836,0.3710017724195851,0.3710017724195851,best,True
Unknown,N/A,N/A,13.0301656,80.1913215,529,13.032106497497915,80.18859976068916,0.4745746415817713,0.4745746415817713,best,True
Unknown,N/A,N/A,13.03760307753316,80.18791987538576,529,13.032106497497915,80.18859976068916,0.7963104440556271,0.7963104440556271,best,True
Unknown,N/A,N/A,13.033752773104556,80.19006621624352,529,13.032106497497915,80.18859976068916,0.314356043824044,0.314356043824044,best,True
Unknown,N/A,N/A,13.03685431877592,80.18672438447413,529,13.032106497497915,80.18859976068916,0.7322512892011432,0.7322512892011432,best,True
Unknown,N/A,N/A,13.034606,80.18930089999999,529,13.032106497497915,80.18859976068916,0.37282670832498777,0.37282670832498777,best,True
Unknown,N/A,N/A,13.0318336,80.1865728,529,13.032106497497915,80.18859976068916,0.2885080890483681,0.2885080890483681,best,True
Unknown,N/A,N/A,13.02868565735916,80.18438310632934,529,13.032106497497915,80.18859976068916,0.7717526681552175,0.7717526681552175,best,True
Unknown,N/A,N/A,13.0314445,80.1913417,529,13.032106497497915,80.18859976068916,0.39819657674940506,0.39819657674940506,best,True
Unknown,N/A,N/A,13.033943671686991,80.18839101930637,529,13.032106497497915,80.18859976068916,0.26585688895446336,0.26585688895446336,best,True
Unknown,N/A,N/A,13.0288496,80.1863415,529,13.032106497497915,80.18859976068916,0.56640233817861,0.56640233817861,best,True
Unknown,N/A,N/A,13.0314445,80.1913417,529,13.032106497497915,80.18859976068916,0.39819657674940506,0.39819657674940506,best,True
Unknown,N/A,N/A,13.0314445,80.1913417,529,13.032106497497915,80.18859976068916,0.39819657674940506,0.39819657674940506,best,True
Unknown,N/A,N/A,13.03282152507594,80.19154240322942,529,13.032106497497915,80.18859976068916,0.4275002239633121,0.4275002239633121,best,True
Unknown,N/A,N/A,13.0294998,80.1860767,529,13.032106497497915,80.18859976068916,0.5168447327288372,0.5168447327288372,best,True
Unknown,N/A,N/A,13.028648338933012,80.18633090536908,529,13.032106497497915,80.18859976068916,0.5913710040900688,0.5913710040900688,best,True
Unknown,N/A,N/A,13.0749332,80.1675485,530,13.07362515940943,80.1673520390639,0.1901511930189891,0.1901511930189891,best,True
Unknown,N/A,N/A,13.0741658,80.1659675,530,13.07362515940943,80.1673520390639,0.21012000365048067,0.21012000365048067,best,True
Unknown,N/A,N/A,13.0758978,80.1653348,530,13.07362515940943,80.1673520390639,0.43326580256963476,0.43326580256963476,best,True
Unknown,N/A,N/A,13.074122883660532,80.1639501775943,530,13.07362515940943,80.1673520390639,0.4849352416380035,0.4849352416380035,best,True
Unknown,N/A,N/A,13.071217763830274,80.16871739152505,530,13.07362515940943,80.1673520390639,0.39614806172965783,0.39614806172965783,best,True
Unknown,N/A,N/A,13.070318991887044,80.16680478775788,530,13.07362515940943,80.1673520390639,0.48171371652135564,0.48171371652135564,best,True
Unknown,N/A,N/A,13.0727162,80.1678257,530,13.07362515940943,80.1673520390639,0.1467965187707027,0.1467965187707027,best,True
Unknown,N/A,N/A,13.0709807,80.1688478,530,13.07362515940943,80.1673520390639,0.4348814146056167,0.4348814146056167,best,True
Unknown,N/A,N/A,13.0730534,80.1654094,530,13.07362515940943,80.1673520390639,0.28596793178630964,0.28596793178630964,best,True
Unknown,N/A,N/A,13.0716974,80.16749209999999,530,13.07362515940943,80.1673520390639,0.2779535477685608,0.2779535477685608,best,True
Unknown,N/A,N/A,13.070651429926729,80.1681895251312,530,13.07362515940943,80.1673520390639,0.4436833128951455,0.4436833128951455,best,True
Unknown,N/A,N/A,13.072786088955178,80.16406093146678,530,13.07362515940943,80.1673520390639,0.4794444766085603,0.4794444766085603,best,True
Unknown,N/A,N/A,13.074705775226672,80.17387543054002,530,13.07362515940943,80.1673520390639,0.9327597166437863,0.9327597166437863,best,True
Unknown,N/A,N/A,13.07678505546966,80.16620713501331,530,13.07362515940943,80.1673520390639,0.48227311395023303,0.48227311395023303,best,True
Unknown,N/A,N/A,13.07743165622466,80.1696045949094,530,13.07362515940943,80.1673520390639,0.6328998381493359,0.6328998381493359,best,True
Unknown,N/A,N/A,13.07653840537013,80.16779685108456,530,13.07362515940943,80.1673520390639,0.42365178765048156,0.42365178765048156,best,True
Unknown,N/A,N/A,13.050562022256033,80.0973214428706,531,13.05097717566868,80.09698165403613,0.07655335514697327,0.07655335514697327,best,True
Unknown,N/A,N/A,13.05262,80.0952069,531,13.05097717566868,80.09698165403613,0.34415859582048414,0.34415859582048414,best,True
Unknown,N/A,N/A,13.050191291940896,80.09917338259113,531,13.05097717566868,80.09698165403613,0.3290574866824987,0.3290574866824987,best,True
Unknown,N/A,N/A,13.0525493,80.0955544,531,13.05097717566868,80.09698165403613,0.30269103788947543,0.30269103788947543,best,True
Unknown,N/A,N/A,13.050859380647234,80.09935157881307,531,13.05097717566868,80.09698165403613,0.33459182220346806,0.33459182220346806,best,True
Unknown,N/A,N/A,13.050138200858813,80.09928449001815,531,13.05097717566868,80.09698165403613,0.3463979982844789,0.3463979982844789,best,True
Unknown,N/A,N/A,13.0508507,80.0993342,531,13.05097717566868,80.09698165403613,0.3322105757628968,0.3322105757628968,best,True
Unknown,N/A,N/A,13.0508507,80.0993342,531,13.05097717566868,80.09698165403613,0.3322105757628968,0.3322105757628968,best,True
Unknown,N/A,N/A,13.050808358734717,80.09444960904301,531,13.05097717566868,80.09698165403613,0.35784646929506053,0.35784646929506053,best,True
Unknown,N/A,N/A,13.048434547437092,80.09493272137563,531,13.05097717566868,80.09698165403613,0.4660344917656459,0.4660344917656459,best,True
Unknown,N/A,N/A,13.0508507,80.0993342,531,13.05097717566868,80.09698165403613,0.3322105757628968,0.3322105757628968,best,True
Unknown,N/A,N/A,13.0505597,80.09612059999999,531,13.05097717566868,80.09698165403613,0.1354449399836296,0.1354449399836296,best,True
Unknown,N/A,N/A,13.050381454308592,80.09930935506857,531,13.05097717566868,80.09698165403613,0.3392077444332782,0.3392077444332782,best,True
Unknown,N/A,N/A,13.0514071,80.0945214,531,13.05097717566868,80.09698165403613,0.3523662369065221,0.3523662369065221,best,True
Unknown,N/A,N/A,13.05053403917025,80.09731408413185,531,13.05097717566868,80.09698165403613,0.07911292799569225,0.07911292799569225,best,True
Unknown,N/A,N/A,13.0516882,80.0947788,531,13.05097717566868,80.09698165403613,0.3270052946214905,0.3270052946214905,best,True
Unknown,N/A,N/A,13.0525282,80.095538,531,13.05097717566868,80.09698165403613,0.3019848918610001,0.3019848918610001,best,True
Unknown,N/A,N/A,13.051775266682611,80.09481040873844,531,13.05097717566868,80.09698165403613,0.3269578300543184,0.3269578300543184,best,True
Unknown,N/A,N/A,13.056413552840622,80.0971635935983,532,13.05567103095849,80.10057700943861,0.4929915307877682,0.4929915307877682,best,True
Unknown,N/A,N/A,13.0565449,80.0976062,532,13.05567103095849,80.10057700943861,0.4373276760020011,0.4373276760020011,best,True
Unknown,N/A,N/A,13.0531504,80.1015682,532,13.05567103095849,80.10057700943861,0.38852439213562306,0.38852439213562306,best,True
Unknown,N/A,N/A,13.054451,80.1024399,532,13.05567103095849,80.10057700943861,0.31588181020426614,0.31588181020426614,best,True
Unknown,N/A,N/A,13.056559562871191,80.0975525682577,532,13.05567103095849,80.10057700943861,0.445176723671484,0.445176723671484,best,True
Unknown,N/A,N/A,13.056377114305525,80.09714386096633,532,13.05567103095849,80.10057700943861,0.49460564408224955,0.49460564408224955,best,True
Unknown,N/A,N/A,13.0566037,80.1053735,532,13.05567103095849,80.10057700943861,0.6894715847039303,0.6894715847039303,best,True
Unknown,N/A,N/A,13.056488048609063,80.1039053621251,532,13.05567103095849,80.10057700943861,0.4837795280902935,0.4837795280902935,best,True
Unknown,N/A,N/A,13.054451,80.1024399,532,13.05567103095849,80.10057700943861,0.31588181020426614,0.31588181020426614,best,True
Unknown,N/A,N/A,13.045227219247488,80.26022911483707,533,13.049106394476652,80.25914817299763,0.5783487004606735,0.5783487004606735,best,True
Unknown,N/A,N/A,13.047738,80.26262899999999,533,13.049106394476652,80.25914817299763,0.5287931137610036,0.5287931137610036,best,True
Unknown,N/A,N/A,13.045154387048823,80.26029336801538,533,13.049106394476652,80.25914817299763,0.5908710352324132,0.5908710352324132,best,True
Unknown,N/A,N/A,13.0463406,80.2533559,533,13.049106394476652,80.25914817299763,0.9084452239066122,0.9084452239066122,best,True
Unknown,N/A,N/A,13.05176776559674,80.26201658648566,533,13.049106394476652,80.25914817299763,0.5568527750592738,0.5568527750592738,best,True
Unknown,N/A,N/A,13.052881598263664,80.26288991448085,533,13.049106394476652,80.25914817299763,0.7570647763282271,0.7570647763282271,best,True
Unknown,N/A,N/A,13.046419544232808,80.25838252175868,533,13.049106394476652,80.25914817299763,0.40122078074154643,0.40122078074154643,best,True
Unknown,N/A,N/A,13.047191,80.2587772,533,13.049106394476652,80.25914817299763,0.28039467221154374,0.28039467221154374,best,True
Unknown,N/A,N/A,13.0470871,80.2608297,533,13.049106394476652,80.25914817299763,0.3749100992126934,0.3749100992126934,best,True
Unknown,N/A,N/A,13.0488323,80.2558288,533,13.049106394476652,80.25914817299763,0.46969696699342794,0.46969696699342794,best,True
Unknown,N/A,N/A,13.047403251360636,80.255984855321,533,13.049106394476652,80.25914817299763,0.508868978260999,0.508868978260999,best,True
Unknown,N/A,N/A,13.05353861475786,80.26352510483441,533,13.049106394476652,80.25914817299763,0.8872487979495005,0.8872487979495005,best,True
Unknown,N/A,N/A,13.0541684,80.2590183,533,13.049106394476652,80.25914817299763,0.7282489374932392,0.7282489374932392,best,True
Unknown,N/A,N/A,13.0541684,80.2590183,533,13.049106394476652,80.25914817299763,0.7282489374932392,0.7282489374932392,best,True
Unknown,N/A,N/A,13.045353205623345,80.25995853437884,533,13.049106394476652,80.25914817299763,0.5517455867713137,0.5517455867713137,best,True
Unknown,N/A,N/A,13.046651453102829,80.25974241324145,533,13.049106394476652,80.25914817299763,0.36287627107122705,0.36287627107122705,best,True
Unknown,N/A,N/A,13.049032038080783,80.2521961996752,533,13.049106394476652,80.25914817299763,0.9803034212784376,0.9803034212784376,best,True
Unknown,N/A,N/A,13.054116017741432,80.26114457392622,533,13.049106394476652,80.25914817299763,0.7735230046832933,0.7735230046832933,best,True
Unknown,N/A,N/A,13.0499506,80.2579949,533,13.049106394476652,80.25914817299763,0.20293993609817,0.20293993609817,best,True
Unknown,N/A,N/A,12.9560647,80.18629539999999,534,12.957388191756658,80.18723726130408,0.23212233785393838,0.23212233785393838,best,True
Unknown,N/A,N/A,12.9560647,80.18629539999999,534,12.957388191756658,80.18723726130408,0.23212233785393838,0.23212233785393838,best,True
Unknown,N/A,N/A,12.95503505795849,80.18663337176649,534,12.957388191756658,80.18723726130408,0.34898116288695813,0.34898116288695813,best,True
Unknown,N/A,N/A,12.955905953367234,80.1868273761714,534,12.957388191756658,80.18723726130408,0.2208754890975306,0.2208754890975306,best,True
Unknown,N/A,N/A,12.960591415136255,80.18702894490558,534,12.957388191756658,80.18723726130408,0.4616210923602514,0.4616210923602514,best,True
Unknown,N/A,N/A,12.961577780141742,80.18727361967494,534,12.957388191756658,80.18723726130408,0.6025650105964402,0.6025650105964402,best,True
Unknown,N/A,N/A,12.961348295152211,80.18718220612321,534,12.957388191756658,80.18723726130408,0.569591777322857,0.569591777322857,best,True
Unknown,N/A,N/A,12.9556074,80.1868681,534,12.957388191756658,80.18723726130408,0.2613519139666358,0.2613519139666358,best,True
Unknown,N/A,N/A,12.9558781,80.1870754,534,12.957388191756658,80.18723726130408,0.21837690181348826,0.21837690181348826,best,True
Unknown,N/A,N/A,12.959528408034886,80.18695820003364,534,12.957388191756658,80.18723726130408,0.31031081241543707,0.31031081241543707,best,True
Unknown,N/A,N/A,12.9560647,80.18629539999999,534,12.957388191756658,80.18723726130408,0.23212233785393838,0.23212233785393838,best,True
Unknown,N/A,N/A,12.9562098,80.1868721,534,12.957388191756658,80.18723726130408,0.17712966586404416,0.17712966586404416,best,True
Unknown,N/A,N/A,12.961508971934476,80.18725984450002,534,12.957388191756658,80.18723726130408,0.5926558047377406,0.5926558047377406,best,True
Unknown,N/A,N/A,12.955235981416797,80.1867985243443,534,12.957388191756658,80.18723726130408,0.3156550516815876,0.3156550516815876,best,True
Unknown,N/A,N/A,12.9561731967211,80.18686435464963,534,12.957388191756658,80.18723726130408,0.18248477313899392,0.18248477313899392,best,True
Unknown,N/A,N/A,12.9564231,80.19032659999999,534,12.957388191756658,80.18723726130408,0.45733604175885756,0.45733604175885756,best,True
Unknown,N/A,N/A,12.9563817,80.1901786,534,12.957388191756658,80.18723726130408,0.43941583272650225,0.43941583272650225,best,True
Unknown,N/A,N/A,12.9567619,80.183468,535,12.957420146999084,80.18270756063023,0.1430648298096286,0.1430648298096286,best,True
Unknown,N/A,N/A,12.957747119469593,80.18441922375975,535,12.957420146999084,80.18270756063023,0.24597400679385434,0.24597400679385434,best,True
Unknown,N/A,N/A,12.9548992,80.179773,535,12.957420146999084,80.18270756063023,0.5502649875346904,0.5502649875346904,best,True
Unknown,N/A,N/A,12.95727568350817,80.18148122296614,535,12.957420146999084,80.18270756063023,0.17422338242893248,0.17422338242893248,best,True
Unknown,N/A,N/A,12.95864102078879,80.18100000959235,535,12.957420146999084,80.18270756063023,0.29806380257758125,0.29806380257758125,best,True
Unknown,N/A,N/A,12.957703198964532,80.18353814555951,535,12.957420146999084,80.18270756063023,0.12402832535296802,0.12402832535296802,best,True
Unknown,N/A,N/A,12.960773953261588,80.18456198316413,535,12.957420146999084,80.18270756063023,0.5487017034985363,0.5487017034985363,best,True
Unknown,N/A,N/A,12.9555591,80.1834189,535,12.957420146999084,80.18270756063023,0.285843382066758,0.285843382066758,best,True
Unknown,N/A,N/A,12.803184135903331,79.7767948922113,536,12.800873030491966,79.78211607660087,0.8212994125962941,0.8212994125962941,best,True
Unknown,N/A,N/A,12.8035641,79.7829184,536,12.800873030491966,79.78211607660087,0.4032494300471023,0.4032494300471023,best,True
Unknown,N/A,N/A,12.797696886064529,79.78496261419215,536,12.800873030491966,79.78211607660087,0.6083337052645682,0.6083337052645682,best,True
Unknown,N/A,N/A,12.799047,79.7837884,536,12.800873030491966,79.78211607660087,0.35309974101945707,0.35309974101945707,best,True
Unknown,N/A,N/A,13.12512551613176,80.2231461517908,537,13.12338705489298,80.22277106583296,0.2555564048788805,0.2555564048788805,best,True
Unknown,N/A,N/A,13.123334762171956,80.22286049956561,537,13.12338705489298,80.22277106583296,0.014679529676517531,0.014679529676517531,best,True
Unknown,N/A,N/A,13.123287665061522,80.22290147780642,537,13.12338705489298,80.22277106583296,0.02328646183729047,0.02328646183729047,best,True
Unknown,N/A,N/A,13.1236478,80.22298669999999,537,13.12338705489298,80.22277106583296,0.04827216969246296,0.04827216969246296,best,True
Unknown,N/A,N/A,13.123349736600138,80.22276017619735,537,13.12338705489298,80.22277106583296,0.0055823458938388,0.0055823458938388,best,True
Unknown,N/A,N/A,13.124182,80.222034,537,13.12338705489298,80.22277106583296,0.1544857378469471,0.1544857378469471,best,True
Unknown,N/A,N/A,13.12333160943676,80.22285790093858,537,13.12338705489298,80.22277106583296,0.014608661790354477,0.014608661790354477,best,True
Unknown,N/A,N/A,13.123345376654092,80.22284760221694,537,13.12338705489298,80.22277106583296,0.012341962884586702,0.012341962884586702,best,True
Unknown,N/A,N/A,13.12330419500628,80.222820390029,537,13.12338705489298,80.22277106583296,0.013796934962517654,0.013796934962517654,best,True
Unknown,N/A,N/A,13.123325222930768,80.2229181130719,537,13.12338705489298,80.22277106583296,0.022554883904086893,0.022554883904086893,best,True
Unknown,N/A,N/A,13.1236478,80.22298669999999,537,13.12338705489298,80.22277106583296,0.04827216969246296,0.04827216969246296,best,True
Unknown,N/A,N/A,13.123435218769142,80.22277615204784,537,13.12338705489298,80.22277106583296,0.00696398104979133,0.00696398104979133,best,True
Unknown,N/A,N/A,13.1232845,80.2228044,537,13.12338705489298,80.22277106583296,0.015479915647637123,0.015479915647637123,best,True
Unknown,N/A,N/A,13.12340772443285,80.22280361639336,537,13.12338705489298,80.22277106583296,0.005467158917081665,0.005467158917081665,best,True
Unknown,N/A,N/A,13.123367489919223,80.22285447821032,537,13.12338705489298,80.22277106583296,0.012089839416847775,0.012089839416847775,best,True
Unknown,N/A,N/A,13.1237175,80.2220572,537,13.12338705489298,80.22277106583296,0.11128491324708498,0.11128491324708498,best,True
Unknown,N/A,N/A,13.121233907223836,80.22106227617473,537,13.12338705489298,80.22277106583296,0.39231831030188224,0.39231831030188224,best,True
Unknown,N/A,N/A,13.1232696621559,80.2228103589487,537,13.12338705489298,80.22277106583296,0.017768845968996458,0.017768845968996458,best,True
Unknown,N/A,N/A,13.123358282233232,80.22278674972766,537,13.12338705489298,80.22277106583296,0.004691655907729612,0.004691655907729612,best,True
Unknown,N/A,N/A,13.123367506157242,80.22281828223498,537,13.12338705489298,80.22277106583296,0.0072251013498458245,0.0072251013498458245,best,True
Unknown,N/A,N/A,13.1236478,80.22298669999999,537,13.12338705489298,80.22277106583296,0.04827216969246296,0.04827216969246296,best,True
Unknown,N/A,N/A,13.123291930336295,80.22285739415928,537,13.12338705489298,80.22277106583296,0.01830978993143065,0.01830978993143065,best,True
Unknown,N/A,N/A,13.12324325241028,80.2227848625996,537,13.12338705489298,80.22277106583296,0.02077305426703522,0.02077305426703522,best,True
Unknown,N/A,N/A,13.1232845,80.2228044,537,13.12338705489298,80.22277106583296,0.015479915647637123,0.015479915647637123,best,True
Unknown,N/A,N/A,13.123633371309609,80.22339047579348,537,13.12338705489298,80.22277106583296,0.09422508697248703,0.09422508697248703,best,True
Unknown,N/A,N/A,13.1232845,80.2228044,537,13.12338705489298,80.22277106583296,0.015479915647637123,0.015479915647637123,best,True
Unknown,N/A,N/A,13.123238180396129,80.22285014878466,537,13.12338705489298,80.22277106583296,0.024139402794827756,0.024139402794827756,best,True
Unknown,N/A,N/A,13.1232845,80.2228044,537,13.12338705489298,80.22277106583296,0.015479915647637123,0.015479915647637123,best,True
Unknown,N/A,N/A,13.123275833786758,80.22294372435563,537,13.12338705489298,80.22277106583296,0.029123997319132545,0.029123997319132545,best,True
Unknown,N/A,N/A,13.12327324064629,80.22282518458215,537,13.12338705489298,80.22277106583296,0.018059224594511862,0.018059224594511862,best,True
Unknown,N/A,N/A,13.123295075582076,80.22286158074132,537,13.12338705489298,80.22277106583296,0.01837897735862263,0.01837897735862263,best,True
Unknown,N/A,N/A,13.123310097223255,80.22286761028434,537,13.12338705489298,80.22277106583296,0.01754156059955706,0.01754156059955706,best,True
Unknown,N/A,N/A,13.126057579580769,80.21923299810688,538,13.125110938804006,80.21904999355411,0.13856913212826052,0.13856913212826052,best,True
Unknown,N/A,N/A,13.126046816929376,80.21917864245214,538,13.125110938804006,80.21904999355411,0.13581504934880362,0.13581504934880362,best,True
Unknown,N/A,N/A,13.12607340716357,80.21934566809082,538,13.125110938804006,80.21904999355411,0.14456151510381812,0.14456151510381812,best,True
Unknown,N/A,N/A,13.1241605,80.2202848,538,13.125110938804006,80.21904999355411,0.22131666963973975,0.22131666963973975,best,True
Unknown,N/A,N/A,13.12608939338411,80.21937085316893,538,13.125110938804006,80.21904999355411,0.14781188016534486,0.14781188016534486,best,True
Unknown,N/A,N/A,13.12604042414016,80.2193146704082,538,13.125110938804006,80.21904999355411,0.13878813826792818,0.13878813826792818,best,True
Unknown,N/A,N/A,13.12604641327069,80.21927299299496,538,13.125110938804006,80.21904999355411,0.1381641585530488,0.1381641585530488,best,True
Unknown,N/A,N/A,13.1224507,80.218271,538,13.125110938804006,80.21904999355411,0.3980439105105778,0.3980439105105778,best,True
Unknown,N/A,N/A,13.123617,80.217891,538,13.125110938804006,80.21904999355411,0.26991649149199587,0.26991649149199587,best,True
Unknown,N/A,N/A,13.126009446815267,80.21935504667668,538,13.125110938804006,80.21904999355411,0.13619077894773854,0.13619077894773854,best,True
Unknown,N/A,N/A,13.126608284364153,80.2187028507507,538,13.125110938804006,80.21904999355411,0.22083919262711185,0.22083919262711185,best,True
Unknown,N/A,N/A,13.1221313,80.2183794,538,13.125110938804006,80.21904999355411,0.4388362766980151,0.4388362766980151,best,True
Unknown,N/A,N/A,13.12678280132089,80.22509880377562,539,13.12848393377363,80.22408716792519,0.2831819670223482,0.2831819670223482,best,True
Unknown,N/A,N/A,13.1295,80.2226167,539,13.12848393377363,80.22408716792519,0.2536069159191207,0.2536069159191207,best,True
Unknown,N/A,N/A,13.129169,80.22454599999999,539,13.12848393377363,80.22408716792519,0.11785795582903075,0.11785795582903075,best,True
Unknown,N/A,N/A,13.118111309403478,80.19437896686479,540,13.117954528618943,80.198334078531,0.5579811264298371,0.5579811264298371,best,True
Unknown,N/A,N/A,13.1157602,80.19936229999999,540,13.117954528618943,80.198334078531,0.3472830330413083,0.3472830330413083,best,True
Unknown,N/A,N/A,13.120185069691022,80.19608775542636,540,13.117954528618943,80.198334078531,0.45075208246419174,0.45075208246419174,best,True
Unknown,N/A,N/A,13.11877048845854,80.19838065564477,540,13.117954528618943,80.198334078531,0.11753564087264863,0.11753564087264863,best,True
Unknown,N/A,N/A,13.116454867018213,80.19842973906614,540,13.117954528618943,80.198334078531,0.2161038554513632,0.2161038554513632,best,True
Unknown,N/A,N/A,13.119105246543045,80.19882517602272,540,13.117954528618943,80.198334078531,0.17939254712520591,0.17939254712520591,best,True
Unknown,N/A,N/A,13.115671793927367,80.19864865914064,540,13.117954528618943,80.198334078531,0.33128631791631763,0.33128631791631763,best,True
Unknown,N/A,N/A,13.12208306360746,80.19757360279603,540,13.117954528618943,80.198334078531,0.6033689923522562,0.6033689923522562,best,True
Unknown,N/A,N/A,13.11871755592932,80.19869898919501,540,13.117954528618943,80.198334078531,0.12119686065555417,0.12119686065555417,best,True
Unknown,N/A,N/A,13.119266968874047,80.19896187701909,540,13.117954528618943,80.198334078531,0.20847199963954358,0.20847199963954358,best,True
Unknown,N/A,N/A,13.1157602,80.19936229999999,540,13.117954528618943,80.198334078531,0.3472830330413083,0.3472830330413083,best,True
Unknown,N/A,N/A,13.118676,80.1985605,540,13.117954528618943,80.198334078531,0.10856056480287314,0.10856056480287314,best,True
Unknown,N/A,N/A,13.11888614225832,80.1987624246228,540,13.117954528618943,80.198334078531,0.1469625429037124,0.1469625429037124,best,True
Unknown,N/A,N/A,13.118767237715527,80.19869533210407,540,13.117954528618943,80.198334078531,0.12749588550948712,0.12749588550948712,best,True
Unknown,N/A,N/A,13.118156023855516,80.19453288047876,540,13.117954528618943,80.198334078531,0.5366122035053597,0.5366122035053597,best,True
Unknown,N/A,N/A,13.118291952935335,80.19830889293875,540,13.117954528618943,80.198334078531,0.048658373650352145,0.048658373650352145,best,True
Unknown,N/A,N/A,13.11873293794687,80.20078362837862,540,13.117954528618943,80.198334078531,0.3629910603183585,0.3629910603183585,best,True
Unknown,N/A,N/A,13.1189741,80.2009921,540,13.117954528618943,80.198334078531,0.40235448122568296,0.40235448122568296,best,True
Unknown,N/A,N/A,13.1189732,80.2009828,540,13.117954528618943,80.198334078531,0.4010866725410589,0.4010866725410589,best,True
Unknown,N/A,N/A,13.115983024719313,80.19850478350249,540,13.117954528618943,80.198334078531,0.284562768868122,0.284562768868122,best,True
Unknown,N/A,N/A,13.116517695460091,80.1987265641184,540,13.117954528618943,80.198334078531,0.21392485370430478,0.21392485370430478,best,True
Unknown,N/A,N/A,13.1144641,80.1936046,540,13.117954528618943,80.198334078531,0.8345495149740161,0.8345495149740161,best,True
Unknown,N/A,N/A,13.1181863,80.1962376,540,13.117954528618943,80.198334078531,0.2974003266285901,0.2974003266285901,best,True
Unknown,N/A,N/A,13.1157602,80.19936229999999,540,13.117954528618943,80.198334078531,0.3472830330413083,0.3472830330413083,best,True
Unknown,N/A,N/A,13.118793807996058,80.19872345891622,540,13.117954528618943,80.198334078531,0.1325995724643813,0.1325995724643813,best,True
Unknown,N/A,N/A,13.11939147989585,80.19900936730414,540,13.117954528618943,80.198334078531,0.22753272827646495,0.22753272827646495,best,True
Unknown,N/A,N/A,13.115345137897696,80.19784819949768,540,13.117954528618943,80.198334078531,0.38148382083801574,0.38148382083801574,best,True
Unknown,N/A,N/A,13.118940697197424,80.2010087458301,540,13.117954528618943,80.198334078531,0.4028240245137279,0.4028240245137279,best,True
Unknown,N/A,N/A,13.1260108,80.1928779,541,13.124213195517695,80.19324660626839,0.26370555269119506,0.26370555269119506,best,True
Unknown,N/A,N/A,13.125928979351237,80.19326540962682,541,13.124213195517695,80.19324660626839,0.24678001609899303,0.24678001609899303,best,True
Unknown,N/A,N/A,13.123074002719544,80.19412441544677,541,13.124213195517695,80.19324660626839,0.20531463471249103,0.20531463471249103,best,True
Unknown,N/A,N/A,13.121839,80.1927187,541,13.124213195517695,80.19324660626839,0.3494735873742584,0.3494735873742584,best,True
Unknown,N/A,N/A,13.230238529589316,80.1618124762379,543,13.235375494349935,80.16204375320999,0.7395279971945675,0.7395279971945675,best,True
Unknown,N/A,N/A,13.238897476036094,80.16113249392632,543,13.235375494349935,80.16204375320999,0.522557821340847,0.522557821340847,best,True
Unknown,N/A,N/A,13.230585098810815,80.16467495786131,543,13.235375494349935,80.16204375320999,0.7823771857155837,0.7823771857155837,best,True
Unknown,N/A,N/A,13.241780872963515,80.16055508481443,543,13.235375494349935,80.16204375320999,0.9448116645289036,0.9448116645289036,best,True
Unknown,N/A,N/A,12.9781248,80.210034,544,12.980897621019121,80.21094203684703,0.41884610336307976,0.41884610336307976,best,True
Unknown,N/A,N/A,12.979866245082542,80.21039942008927,544,12.980897621019121,80.21094203684703,0.1669113383946334,0.1669113383946334,best,True
Unknown,N/A,N/A,12.9858982,80.2121666,544,12.980897621019121,80.21094203684703,0.7396282760694046,0.7396282760694046,best,True
Unknown,N/A,N/A,12.980782220098794,80.21357673134516,544,12.980897621019121,80.21094203684703,0.3719703817817066,0.3719703817817066,best,True
Unknown,N/A,N/A,12.982715837961775,80.20910256752224,544,12.980897621019121,80.21094203684703,0.36835918792923494,0.36835918792923494,best,True
Unknown,N/A,N/A,12.9783307,80.21289759999999,544,12.980897621019121,80.21094203684703,0.4608287855566353,0.4608287855566353,best,True
Unknown,N/A,N/A,12.9861073,80.2109952,544,12.980897621019121,80.21094203684703,0.7492906815378932,0.7492906815378932,best,True
Unknown,N/A,N/A,12.979120986161815,80.21386133820619,544,12.980897621019121,80.21094203684703,0.48458189452413847,0.48458189452413847,best,True
Unknown,N/A,N/A,12.976128,80.2095104,544,12.980897621019121,80.21094203684703,0.7150656304860925,0.7150656304860925,best,True
Unknown,N/A,N/A,12.9826625,80.21085939999999,544,12.980897621019121,80.21094203684703,0.2540913409073383,0.2540913409073383,best,True
Unknown,N/A,N/A,12.9796283,80.2110927,544,12.980897621019121,80.21094203684703,0.1837856106209778,0.1837856106209778,best,True
Unknown,N/A,N/A,12.982450383943624,80.20951132184847,544,12.980897621019121,80.21094203684703,0.3009807512513219,0.3009807512513219,best,True
Unknown,N/A,N/A,12.9798536,80.2082392,544,12.980897621019121,80.21094203684703,0.4097162186590139,0.4097162186590139,best,True
Unknown,N/A,N/A,12.9798895,80.2044523,545,12.980946415583805,80.20464702261432,0.1544661166708749,0.1544661166708749,best,True
Unknown,N/A,N/A,12.98366027937098,80.20403574139257,545,12.980946415583805,80.20464702261432,0.39971504457204554,0.39971504457204554,best,True
Unknown,N/A,N/A,12.9838987828306,80.20494864703494,545,12.980946415583805,80.20464702261432,0.4267335587902879,0.4267335587902879,best,True
Unknown,N/A,N/A,12.981411281846636,80.20590058156989,545,12.980946415583805,80.20464702261432,0.18902147641852543,0.18902147641852543,best,True
Unknown,N/A,N/A,12.9798895,80.2044523,545,12.980946415583805,80.20464702261432,0.1544661166708749,0.1544661166708749,best,True
Unknown,N/A,N/A,12.98157291970343,80.20449104178756,545,12.980946415583805,80.20464702261432,0.09275030280985172,0.09275030280985172,best,True
Unknown,N/A,N/A,12.978238882965908,80.20365761051761,545,12.980946415583805,80.20464702261432,0.41364572152269447,0.41364572152269447,best,True
Unknown,N/A,N/A,12.979291,80.2040452,545,12.980946415583805,80.20464702261432,0.2527596702758859,0.2527596702758859,best,True
Unknown,N/A,N/A,12.9798895,80.2044523,545,12.980946415583805,80.20464702261432,0.1544661166708749,0.1544661166708749,best,True
Unknown,N/A,N/A,12.983893858231658,80.20496794631264,545,12.980946415583805,80.20464702261432,0.4263092457041081,0.4263092457041081,best,True
Unknown,N/A,N/A,12.9798895,80.2044523,545,12.980946415583805,80.20464702261432,0.1544661166708749,0.1544661166708749,best,True
Unknown,N/A,N/A,12.983168179173548,80.2066565975444,545,12.980946415583805,80.20464702261432,0.4271233630979816,0.4271233630979816,best,True
Unknown,N/A,N/A,12.981592957358131,80.20466151230319,545,12.980946415583805,80.20464702261432,0.09300772112858607,0.09300772112858607,best,True
Unknown,N/A,N/A,12.9798895,80.2044523,545,12.980946415583805,80.20464702261432,0.1544661166708749,0.1544661166708749,best,True
Unknown,N/A,N/A,12.978020592276128,80.20407896075218,545,12.980946415583805,80.20464702261432,0.4283499167521069,0.4283499167521069,best,True
Unknown,N/A,N/A,13.1615582,80.1129052,548,13.161713104180668,80.11567634836521,0.39119598988313603,0.39119598988313603,best,True
Unknown,N/A,N/A,13.162022912542,80.12121864509564,548,13.161713104180668,80.11567634836521,0.782391244939746,0.782391244939746,best,True
Unknown,N/A,N/A,13.1615582,80.1129052,548,13.161713104180668,80.11567634836521,0.39119598988313603,0.39119598988313603,best,True
Unknown,N/A,N/A,12.919699,80.1823372,549,12.919708658313537,80.18159485193662,0.10473624995329331,0.10473624995329331,best,True
Unknown,N/A,N/A,12.919635420037707,80.18197983097309,549,12.919708658313537,80.18159485193662,0.05532302834846234,0.05532302834846234,best,True
Unknown,N/A,N/A,12.9209733,80.1856183,549,12.919708658313537,80.18159485193662,0.5960360158308919,0.5960360158308919,best,True
Unknown,N/A,N/A,12.9220014,80.1850461,549,12.919708658313537,80.18159485193662,0.5880339554567725,0.5880339554567725,best,True
Unknown,N/A,N/A,12.918277210070045,80.17674390556893,549,12.919708658313537,80.18159485193662,0.7146456827090083,0.7146456827090083,best,True
Unknown,N/A,N/A,12.919980983584304,80.18355155716957,549,12.919708658313537,80.18159485193662,0.27880738128263327,0.27880738128263327,best,True
Unknown,N/A,N/A,12.918284546383832,80.17670423344259,549,12.919708658313537,80.18159485193662,0.7197060302612063,0.7197060302612063,best,True
Unknown,N/A,N/A,12.915266798645924,80.17639990774974,549,12.919708658313537,80.18159485193662,0.9722216945502626,0.9722216945502626,best,True
Unknown,N/A,N/A,12.923259266100036,80.18597263252565,549,12.919708658313537,80.18159485193662,0.8013601428227,0.8013601428227,best,True
Unknown,N/A,N/A,13.109700473092454,79.92087758773934,550,13.109670875807499,79.92083544859727,0.007307965627159955,0.007307965627159955,best,True
Unknown,N/A,N/A,13.109702280678102,79.92087338141721,550,13.109670875807499,79.92083544859727,0.006999579635498649,0.006999579635498649,best,True
Unknown,N/A,N/A,13.1097015071468,79.92088234496676,550,13.109670875807499,79.92083544859727,0.007944280842329487,0.007944280842329487,best,True
Unknown,N/A,N/A,13.109643302732293,79.92086719702897,550,13.109670875807499,79.92083544859727,0.005979637708466008,0.005979637708466008,best,True
Unknown,N/A,N/A,13.109692169835808,79.92051636491142,550,13.109670875807499,79.92083544859727,0.04508472314908415,0.04508472314908415,best,True
Unknown,N/A,N/A,13.109673646329604,79.92083178618843,550,13.109670875807499,79.92083544859727,0.0006521633319131183,0.0006521633319131183,best,True
Unknown,N/A,N/A,13.109582750837436,79.9209994779288,550,13.109670875807499,79.92083544859727,0.026368610660648814,0.026368610660648814,best,True
Unknown,N/A,N/A,12.819383622499288,79.7207797533612,551,12.819148349704395,79.71873919923497,0.28996749479065514,0.28996749479065514,best,True
Unknown,N/A,N/A,12.819890925834356,79.7199334892389,551,12.819148349704395,79.71873919923497,0.19953697596137548,0.19953697596137548,best,True
Unknown,N/A,N/A,12.820910347824292,79.71751168788428,551,12.819148349704395,79.71873919923497,0.30696406182140223,0.30696406182140223,best,True
Unknown,N/A,N/A,12.82058388913076,79.72111960331102,551,12.819148349704395,79.71873919923497,0.3943170925570048,0.3943170925570048,best,True
Unknown,N/A,N/A,12.819463485252395,79.72092326634856,551,12.819148349704395,79.71873919923497,0.31155483920147414,0.31155483920147414,best,True
Unknown,N/A,N/A,12.820819165337992,79.71761833203479,551,12.819148349704395,79.71873919923497,0.2876881402817365,0.2876881402817365,best,True
Unknown,N/A,N/A,12.822690816687125,79.71508316370884,551,12.819148349704395,79.71873919923497,0.7251157556107959,0.7251157556107959,best,True
Unknown,N/A,N/A,12.815700110787828,79.7221436538854,551,12.819148349704395,79.71873919923497,0.6905031992390397,0.6905031992390397,best,True
Unknown,N/A,N/A,12.82085661388539,79.71764785695419,551,12.819148349704395,79.71873919923497,0.2899669613319032,0.2899669613319032,best,True
Unknown,N/A,N/A,12.8190334,79.7198066,551,12.819148349704395,79.71873919923497,0.15154840632147126,0.15154840632147126,best,True
Unknown,N/A,N/A,12.819353323177818,79.72105565748127,551,12.819148349704395,79.71873919923497,0.32825169126956955,0.32825169126956955,best,True
Unknown,N/A,N/A,12.8207055,79.7175736,551,12.819148349704395,79.71873919923497,0.27787175425575295,0.27787175425575295,best,True
Unknown,N/A,N/A,12.819369165035331,79.72092165297146,551,12.819148349704395,79.71873919923497,0.3096458633784066,0.3096458633784066,best,True
Unknown,N/A,N/A,12.8154065,79.7131501,551,12.819148349704395,79.71873919923497,0.9548880617716452,0.9548880617716452,best,True
Unknown,N/A,N/A,12.820739129817737,79.71788367057977,551,12.819148349704395,79.71873919923497,0.258688799926207,0.258688799926207,best,True
Unknown,N/A,N/A,12.837547415801646,79.70348412106524,552,12.837311054384585,79.70372180619077,0.04775583785147479,0.04775583785147479,best,True
Unknown,N/A,N/A,12.836301340312668,79.70246650868484,552,12.837311054384585,79.70372180619077,0.22906203524455424,0.22906203524455424,best,True
Unknown,N/A,N/A,12.837263090414249,79.70402174918583,552,12.837311054384585,79.70372180619077,0.04288679490261286,0.04288679490261286,best,True
Unknown,N/A,N/A,12.837115885160332,79.70422983004305,552,12.837311054384585,79.70372180619077,0.07699194689827513,0.07699194689827513,best,True
Unknown,N/A,N/A,12.837165327077187,79.7042013671038,552,12.837311054384585,79.70372180619077,0.07084727265865154,0.07084727265865154,best,True
Unknown,N/A,N/A,12.8371959,79.7038472,552,12.837311054384585,79.70372180619077,0.02423665075459501,0.02423665075459501,best,True
Unknown,N/A,N/A,12.837042205904668,79.70371570624431,552,12.837311054384585,79.70372180619077,0.03867478992706199,0.03867478992706199,best,True
Unknown,N/A,N/A,12.83735722508859,79.70402786693573,552,12.837311054384585,79.70372180619077,0.0436991807945024,0.0436991807945024,best,True
Unknown,N/A,N/A,12.837451710331496,79.70373625243943,552,12.837311054384585,79.70372180619077,0.020331305164828836,0.020331305164828836,best,True
Unknown,N/A,N/A,12.837618320108032,79.70344884708267,552,12.837311054384585,79.70372180619077,0.058622530053723476,0.058622530053723476,best,True
Unknown,N/A,N/A,12.837486871204218,79.70368664482692,552,12.837311054384585,79.70372180619077,0.025767868257085713,0.025767868257085713,best,True
Unknown,N/A,N/A,12.837573277183482,79.70366599349832,552,12.837311054384585,79.70372180619077,0.03852604400254499,0.03852604400254499,best,True
Unknown,N/A,N/A,12.8371787,79.7041698,552,12.837311054384585,79.70372180619077,0.06602495495404671,0.06602495495404671,best,True
Unknown,N/A,N/A,12.837426534402448,79.7036957503435,552,12.837311054384585,79.70372180619077,0.017010266855378674,0.017010266855378674,best,True
Unknown,N/A,N/A,12.83748529522838,79.70362651326043,552,12.837311054384585,79.70372180619077,0.028439337974702,0.028439337974702,best,True
Unknown,N/A,N/A,12.8374724,79.70306529999999,552,12.837311054384585,79.70372180619077,0.09550878271920248,0.09550878271920248,best,True
Unknown,N/A,N/A,12.837555196324027,79.70350317836593,552,12.837311054384585,79.70372180619077,0.04674143820771966,0.04674143820771966,best,True
Unknown,N/A,N/A,12.837437593225642,79.703771364845,552,12.837311054384585,79.70372180619077,0.019496155148868637,0.019496155148868637,best,True
Unknown,N/A,N/A,12.8372632,79.7038469,552,12.837311054384585,79.70372180619077,0.01894755058390874,0.01894755058390874,best,True
Unknown,N/A,N/A,12.8372632,79.7038469,552,12.837311054384585,79.70372180619077,0.01894755058390874,0.01894755058390874,best,True
Unknown,N/A,N/A,12.8371959,79.7038472,552,12.837311054384585,79.70372180619077,0.02423665075459501,0.02423665075459501,best,True
Unknown,N/A,N/A,12.8371959,79.7038472,552,12.837311054384585,79.70372180619077,0.02423665075459501,0.02423665075459501,best,True
Unknown,N/A,N/A,12.837546271136771,79.70357856534515,552,12.837311054384585,79.70372180619077,0.03940784641210547,0.03940784641210547,best,True
Unknown,N/A,N/A,12.837326546326208,79.70399258930836,552,12.837311054384585,79.70372180619077,0.038278210122894465,0.038278210122894465,best,True
Unknown,N/A,N/A,12.84053351305506,79.70698336927835,553,12.84020146032434,79.70685315958232,0.05116833011601286,0.05116833011601286,best,True
Unknown,N/A,N/A,12.840605267803522,79.7073299665606,553,12.84020146032434,79.70685315958232,0.08888306702450134,0.08888306702450134,best,True
Unknown,N/A,N/A,12.8402366,79.7062361,553,12.84020146032434,79.70685315958232,0.08722588552306057,0.08722588552306057,best,True
Unknown,N/A,N/A,12.8407782,79.7071493,553,12.84020146032434,79.70685315958232,0.09287874152286504,0.09287874152286504,best,True
Unknown,N/A,N/A,12.839414096337896,79.70610613085765,553,12.84020146032434,79.70685315958232,0.15471314581502832,0.15471314581502832,best,True
Unknown,N/A,N/A,12.8393402,79.7070027,553,12.84020146032434,79.70685315958232,0.12564946877902194,0.12564946877902194,best,True
Unknown,N/A,N/A,12.840502345073917,79.70716455037972,553,12.84020146032434,79.70685315958232,0.06167285483929983,0.06167285483929983,best,True
Unknown,N/A,N/A,12.838828730955992,79.70111067466031,554,12.838864016037087,79.70080498965731,0.04343591150725281,0.04343591150725281,best,True
Unknown,N/A,N/A,12.83812,79.7008659,554,12.838864016037087,79.70080498965731,0.10734749125495498,0.10734749125495498,best,True
Unknown,N/A,N/A,12.838786825730692,79.70128405309859,554,12.838864016037087,79.70080498965731,0.06851113471413643,0.06851113471413643,best,True
Unknown,N/A,N/A,12.838813935690974,79.701155103836,554,12.838864016037087,79.70080498965731,0.049930537871935333,0.049930537871935333,best,True
Unknown,N/A,N/A,12.83812,79.7008659,554,12.838864016037087,79.70080498965731,0.10734749125495498,0.10734749125495498,best,True
Unknown,N/A,N/A,12.841754316764623,79.70287560234375,554,12.838864016037087,79.70080498965731,0.5081050545188864,0.5081050545188864,best,True
Unknown,N/A,N/A,12.838825472240808,79.70086614872965,554,12.838864016037087,79.70080498965731,0.010257623717569652,0.010257623717569652,best,True
Unknown,N/A,N/A,12.83886327775948,79.70144612020657,554,12.838864016037087,79.70080498965731,0.09047679930066041,0.09047679930066041,best,True
Unknown,N/A,N/A,12.8381133,79.6994937,554,12.838864016037087,79.70080498965731,0.21424365144369312,0.21424365144369312,best,True
Unknown,N/A,N/A,12.838783952826653,79.70120090989008,554,12.838864016037087,79.70080498965731,0.05704666618430707,0.05704666618430707,best,True
Unknown,N/A,N/A,12.83812,79.7008659,554,12.838864016037087,79.70080498965731,0.10734749125495498,0.10734749125495498,best,True
Unknown,N/A,N/A,12.8405697,79.7000708,554,12.838864016037087,79.70080498965731,0.2662907203603281,0.2662907203603281,best,True
Unknown,N/A,N/A,12.8372626,79.6985977,554,12.838864016037087,79.70080498965731,0.38739242062089413,0.38739242062089413,best,True
Unknown,N/A,N/A,12.83880422858708,79.70115953209492,554,12.838864016037087,79.70080498965731,0.050766727366910215,0.050766727366910215,best,True
Unknown,N/A,N/A,12.8391939,79.70021679999999,554,12.838864016037087,79.70080498965731,0.09560749302294089,0.09560749302294089,best,True
Unknown,N/A,N/A,12.9759402,80.22275239999999,555,12.976422382516697,80.22384883471315,0.16948199178731085,0.16948199178731085,best,True
Unknown,N/A,N/A,12.977219479393536,80.22350408641462,555,12.976422382516697,80.22384883471315,0.12452389321524718,0.12452389321524718,best,True
Unknown,N/A,N/A,12.9740128,80.2245699,555,12.976422382516697,80.22384883471315,0.36115990157426986,0.36115990157426986,best,True
Unknown,N/A,N/A,12.97746148747352,80.22389297404213,555,12.976422382516697,80.22384883471315,0.14957304440245447,0.14957304440245447,best,True
Unknown,N/A,N/A,12.974994848194504,80.22717235127713,555,12.976422382516697,80.22384883471315,0.5117504475651095,0.5117504475651095,best,True
Unknown,N/A,N/A,12.9779481,80.22356099999999,555,12.976422382516697,80.22384883471315,0.22315164715146427,0.22315164715146427,best,True
Unknown,N/A,N/A,12.97786804507202,80.22341786597131,555,12.976422382516697,80.22384883471315,0.2166176078643167,0.2166176078643167,best,True
Unknown,N/A,N/A,12.9759341,80.2219201,555,12.976422382516697,80.22384883471315,0.2809535833616541,0.2809535833616541,best,True
Unknown,N/A,N/A,12.9755397,80.22064379999999,556,12.976234076808442,80.21924428359446,0.22121712761254123,0.22121712761254123,best,True
Unknown,N/A,N/A,12.9768,80.2214,556,12.976234076808442,80.21924428359446,0.31475487456635404,0.31475487456635404,best,True
Unknown,N/A,N/A,12.9699926,80.2180458,556,12.976234076808442,80.21924428359446,0.9134228639842781,0.9134228639842781,best,True
Unknown,N/A,N/A,12.9754605,80.2207047,556,12.976234076808442,80.21924428359446,0.23410813015691548,0.23410813015691548,best,True
Unknown,N/A,N/A,12.9755397,80.22064379999999,556,12.976234076808442,80.21924428359446,0.22121712761254123,0.22121712761254123,best,True
Unknown,N/A,N/A,12.9760238,80.2198136,556,12.976234076808442,80.21924428359446,0.0858045127888771,0.0858045127888771,best,True
Unknown,N/A,N/A,12.9755397,80.22064379999999,556,12.976234076808442,80.21924428359446,0.22121712761254123,0.22121712761254123,best,True
Unknown,N/A,N/A,12.982887668666264,80.21776983218466,556,12.976234076808442,80.21924428359446,0.9792520273330771,0.9792520273330771,best,True
Unknown,N/A,N/A,12.978120268252972,80.21897696542418,556,12.976234076808442,80.21924428359446,0.27387850722860996,0.27387850722860996,best,True
Unknown,N/A,N/A,12.9764434,80.2155084,556,12.976234076808442,80.21924428359446,0.5277815027670277,0.5277815027670277,best,True
Unknown,N/A,N/A,12.973533023916188,80.21366842257484,556,12.976234076808442,80.21924428359446,0.8771531951808412,0.8771531951808412,best,True
Unknown,N/A,N/A,12.97614085522245,80.22123120377425,556,12.976234076808442,80.21924428359446,0.28056292811183836,0.28056292811183836,best,True
Unknown,N/A,N/A,12.976006248853269,80.21996922443275,556,12.976234076808442,80.21924428359446,0.10737006751181014,0.10737006751181014,best,True
Unknown,N/A,N/A,12.9756547037202,80.2200322563446,556,12.976234076808442,80.21924428359446,0.1389059515987344,0.1389059515987344,best,True
Unknown,N/A,N/A,12.9802901401132,80.218105194669,556,12.976234076808442,80.21924428359446,0.6050601675816092,0.6050601675816092,best,True
Unknown,N/A,N/A,12.976134730296994,80.21993261229606,556,12.976234076808442,80.21924428359446,0.09813012075036286,0.09813012075036286,best,True
Unknown,N/A,N/A,12.975978343510434,80.21996669299976,556,12.976234076808442,80.21924428359446,0.1083261505383104,0.1083261505383104,best,True
Unknown,N/A,N/A,12.976128,80.2193408,556,12.976234076808442,80.21924428359446,0.020446439188495237,0.020446439188495237,best,True
Unknown,N/A,N/A,12.979758439835184,80.26290636649229,557,12.978958267957378,80.25946617508347,0.4986713030413807,0.4986713030413807,best,True
Unknown,N/A,N/A,12.978009488045668,80.25893458748114,557,12.978958267957378,80.25946617508347,0.15569476932425505,0.15569476932425505,best,True
Unknown,N/A,N/A,12.976027417631686,80.25914157795816,557,12.978958267957378,80.25946617508347,0.42399208017766365,0.42399208017766365,best,True
Unknown,N/A,N/A,12.9773017,80.259416,557,12.978958267957378,80.25946617508347,0.23835167468302573,0.23835167468302573,best,True
Unknown,N/A,N/A,12.977458449902912,80.25923971675961,557,12.978958267957378,80.25946617508347,0.21805487529057466,0.21805487529057466,best,True
Unknown,N/A,N/A,12.98340406242792,80.2594114772427,557,12.978958267957378,80.25946617508347,0.6394381392608337,0.6394381392608337,best,True
Unknown,N/A,N/A,12.9747569,80.2561617,557,12.978958267957378,80.25946617508347,0.7631045507637575,0.7631045507637575,best,True
Unknown,N/A,N/A,12.9781879,80.2643721,557,12.978958267957378,80.25946617508347,0.7007568120748194,0.7007568120748194,best,True
Unknown,N/A,N/A,12.9811194,80.2599079,557,12.978958267957378,80.25946617508347,0.3169953278119216,0.3169953278119216,best,True
Unknown,N/A,N/A,12.97888928714726,80.25781768301293,557,12.978958267957378,80.25946617508347,0.23271829812420147,0.23271829812420147,best,True
Unknown,N/A,N/A,12.977949897498018,80.25911022817232,557,12.978958267957378,80.25946617508347,0.15346705409493386,0.15346705409493386,best,True
Unknown,N/A,N/A,12.977969388341798,80.25908720203964,557,12.978958267957378,80.25946617508347,0.15193282331873176,0.15193282331873176,best,True
Unknown,N/A,N/A,12.9769676,80.2567983,557,12.978958267957378,80.25946617508347,0.47281653924196193,0.47281653924196193,best,True
Unknown,N/A,N/A,12.9830615,80.25947409999999,557,12.978958267957378,80.25946617508347,0.5901255199368007,0.5901255199368007,best,True
Unknown,N/A,N/A,12.9488623,80.2085353,558,12.947528148277618,80.20854200173738,0.19187877588258428,0.19187877588258428,best,True
Unknown,N/A,N/A,12.9428728,80.2057423,558,12.947528148277618,80.20854200173738,0.7773262664134913,0.7773262664134913,best,True
Unknown,N/A,N/A,12.948436042061012,80.20536099602361,558,12.947528148277618,80.20854200173738,0.46732299328371796,0.46732299328371796,best,True
Unknown,N/A,N/A,12.9428557,80.2079669,558,12.947528148277618,80.20854200173738,0.6768660589858472,0.6768660589858472,best,True
Unknown,N/A,N/A,12.9490313,80.2089704,558,12.947528148277618,80.20854200173738,0.22446900441238354,0.22446900441238354,best,True
Unknown,N/A,N/A,12.942789840488372,80.20750010613486,558,12.947528148277618,80.20854200173738,0.6971273699139805,0.6971273699139805,best,True
Unknown,N/A,N/A,13.1250116,80.1398327,560,13.12978899071841,80.13966883291333,0.6874774799949679,0.6874774799949679,best,True
Unknown,N/A,N/A,13.12922791683329,80.1391179944761,560,13.12978899071841,80.13966883291333,0.11198307497480467,0.11198307497480467,best,True
Unknown,N/A,N/A,13.129115822075548,80.13884517002494,560,13.12978899071841,80.13966883291333,0.15117112026886706,0.15117112026886706,best,True
Unknown,N/A,N/A,13.129128638486566,80.13887094680673,560,13.12978899071841,80.13966883291333,0.14720294440089213,0.14720294440089213,best,True
Unknown,N/A,N/A,13.1264827,80.1360766,560,13.12978899071841,80.13966883291333,0.694626675003542,0.694626675003542,best,True
Unknown,N/A,N/A,13.129237549017372,80.13909144136962,560,13.12978899071841,80.13966883291333,0.11363883179767616,0.11363883179767616,best,True
Unknown,N/A,N/A,13.1350516,80.1432237,560,13.12978899071841,80.13966883291333,0.9077093349687343,0.9077093349687343,best,True
Unknown,N/A,N/A,13.127087001623435,80.14372981381987,560,13.12978899071841,80.13966883291333,0.6918688757191678,0.6918688757191678,best,True
Unknown,N/A,N/A,13.129256184140903,80.138780597809,560,13.12978899071841,80.13966883291333,0.14679129983169334,0.14679129983169334,best,True
Unknown,N/A,N/A,13.1350516,80.1432237,560,13.12978899071841,80.13966883291333,0.9077093349687343,0.9077093349687343,best,True
Unknown,N/A,N/A,13.1303414,80.1361027,560,13.12978899071841,80.13966883291333,0.5089089390519422,0.5089089390519422,best,True
Unknown,N/A,N/A,13.129097628557554,80.13894424469362,560,13.12978899071841,80.13966883291333,0.1425429397867318,0.1425429397867318,best,True
Unknown,N/A,N/A,13.12912200870108,80.1390545196045,560,13.12978899071841,80.13966883291333,0.1292281485303468,0.1292281485303468,best,True
Unknown,N/A,N/A,13.129098652346212,80.1388932062505,560,13.12978899071841,80.13966883291333,0.14768397635770666,0.14768397635770666,best,True
Unknown,N/A,N/A,13.130369160743676,80.13611052697338,560,13.12978899071841,80.13966883291333,0.5084591352521393,0.5084591352521393,best,True
Unknown,N/A,N/A,13.12908473969205,80.13881408721154,560,13.12978899071841,80.13966883291333,0.15740023345238047,0.15740023345238047,best,True
Unknown,N/A,N/A,13.0251035,80.27463139999999,561,13.027254328203064,80.27179906898964,0.505181560481916,0.505181560481916,best,True
Unknown,N/A,N/A,13.031435,80.2697396,561,13.027254328203064,80.27179906898964,0.6677261601083772,0.6677261601083772,best,True
Unknown,N/A,N/A,13.02257433821248,80.26975501354627,561,13.027254328203064,80.27179906898964,0.7321993987407758,0.7321993987407758,best,True
Unknown,N/A,N/A,13.029911236376096,80.26567726228403,561,13.027254328203064,80.27179906898964,0.9440507499436879,0.9440507499436879,best,True
Unknown,N/A,N/A,13.02150219370348,80.27046788574764,561,13.027254328203064,80.27179906898964,0.8483020096603071,0.8483020096603071,best,True
Unknown,N/A,N/A,13.0281016,80.2708074,561,13.027254328203064,80.27179906898964,0.18548232290829367,0.18548232290829367,best,True
Unknown,N/A,N/A,13.022972413639485,80.26753556564138,561,13.027254328203064,80.27179906898964,0.8606439207117612,0.8606439207117612,best,True
Unknown,N/A,N/A,13.030836504200051,80.27346828724376,561,13.027254328203064,80.27179906898964,0.5664133739096596,0.5664133739096596,best,True
Unknown,N/A,N/A,13.030929244163255,80.26924432807908,561,13.027254328203064,80.27179906898964,0.6396269390797118,0.6396269390797118,best,True
Unknown,N/A,N/A,13.025097828081922,80.2745772896814,561,13.027254328203064,80.27179906898964,0.4996766740182591,0.4996766740182591,best,True
Unknown,N/A,N/A,13.025033288836102,80.27462366857868,561,13.027254328203064,80.27179906898964,0.5105759811764344,0.5105759811764344,best,True
Unknown,N/A,N/A,13.02505297482349,80.27455636389122,561,13.027254328203064,80.27179906898964,0.5014143949544345,0.5014143949544345,best,True
Unknown,N/A,N/A,13.0289717,80.2761551,561,13.027254328203064,80.27179906898964,0.662060252831001,0.662060252831001,best,True
Unknown,N/A,N/A,13.029440499165084,80.26668184857418,561,13.027254328203064,80.27179906898964,0.7871239513350119,0.7871239513350119,best,True
Unknown,N/A,N/A,13.0304492,80.2745672,561,13.027254328203064,80.27179906898964,0.602906947807125,0.602906947807125,best,True
Unknown,N/A,N/A,13.028657730047588,80.27629689056661,561,13.027254328203064,80.27179906898964,0.6655981138516645,0.6655981138516645,best,True
Unknown,N/A,N/A,13.1046983,80.0597789,562,13.103915899712442,80.05642745159491,0.4856725096988488,0.4856725096988488,best,True
Unknown,N/A,N/A,13.1037224149204,80.05867278717359,562,13.103915899712442,80.05642745159491,0.31774878212166846,0.31774878212166846,best,True
Unknown,N/A,N/A,13.099743183641808,80.05767307080097,562,13.103915899712442,80.05642745159491,0.6252859497195252,0.6252859497195252,best,True
Unknown,N/A,N/A,13.1037917,80.0586131,562,13.103915899712442,80.05642745159491,0.3086310638263182,0.3086310638263182,best,True
Unknown,N/A,N/A,13.038169508084325,80.1130842517679,563,13.039177853895756,80.11333640775102,0.14931556823933576,0.14931556823933576,best,True
Unknown,N/A,N/A,13.03895183076941,80.11156317328789,563,13.039177853895756,80.11333640775102,0.2521445789504998,0.2521445789504998,best,True
Unknown,N/A,N/A,13.038178483957395,80.11302187617916,563,13.039177853895756,80.11333640775102,0.1504168029285128,0.1504168029285128,best,True
Unknown,N/A,N/A,13.041411291016106,80.11464202344551,563,13.039177853895756,80.11333640775102,0.37023128826472673,0.37023128826472673,best,True
Unknown,N/A,N/A,13.038163827135396,80.11308962965775,563,13.039177853895756,80.11333640775102,0.14993141260521925,0.14993141260521925,best,True
Unknown,N/A,N/A,13.0356188,80.1105922,563,13.039177853895756,80.11333640775102,0.64167016019885,0.64167016019885,best,True
Unknown,N/A,N/A,13.0358441,80.1105285,563,13.039177853895756,80.11333640775102,0.6218127833949936,0.6218127833949936,best,True
Unknown,N/A,N/A,13.0357647,80.1105614,563,13.039177853895756,80.11333640775102,0.6277576293798416,0.6277576293798416,best,True
Unknown,N/A,N/A,13.038250199703588,80.1146189823559,563,13.039177853895756,80.11333640775102,0.22473914015554422,0.22473914015554422,best,True
Unknown,N/A,N/A,13.038160391624832,80.11313477047267,563,13.039177853895756,80.11333640775102,0.14906814675334004,0.14906814675334004,best,True
Unknown,N/A,N/A,13.040045033854184,80.11306189178264,563,13.039177853895756,80.11333640775102,0.13058686096956018,0.13058686096956018,best,True
Unknown,N/A,N/A,13.0410129,80.1150469,563,13.039177853895756,80.11333640775102,0.35752706808450124,0.35752706808450124,best,True
Unknown,N/A,N/A,13.041293533685232,80.11394935034032,563,13.039177853895756,80.11333640775102,0.31631421802127757,0.31631421802127757,best,True
Unknown,N/A,N/A,13.041420130638784,80.1146151793261,563,13.039177853895756,80.11333640775102,0.3694727962622865,0.3694727962622865,best,True
Unknown,N/A,N/A,13.040260833010644,80.1126560976032,563,13.039177853895756,80.11333640775102,0.1829254496012177,0.1829254496012177,best,True
Unknown,N/A,N/A,13.041463493294286,80.11465112712492,563,13.039177853895756,80.11333640775102,0.37739241794632394,0.37739241794632394,best,True
Unknown,N/A,N/A,13.041486383905571,80.11457555726108,563,13.039177853895756,80.11333640775102,0.3751838350082409,0.3751838350082409,best,True
Unknown,N/A,N/A,13.037497890857418,80.11542536910724,563,13.039177853895756,80.11333640775102,0.3809762588172226,0.3809762588172226,best,True
Unknown,N/A,N/A,13.041385892482165,80.11457346755714,563,13.039177853895756,80.11333640775102,0.3623147230134855,0.3623147230134855,best,True
Unknown,N/A,N/A,13.0611622,80.0199562,564,13.0611622,80.0199562,0.0,0.0,best,True
Unknown,N/A,N/A,13.0611622,80.0199562,564,13.0611622,80.0199562,0.0,0.0,best,True
Unknown,N/A,N/A,12.952022511954244,80.1408642093966,566,12.951211614296962,80.1398591523229,0.18357500032852325,0.18357500032852325,best,True
Unknown,N/A,N/A,12.9515582,80.14002169999999,566,12.951211614296962,80.1398591523229,0.05486627335929545,0.05486627335929545,best,True
Unknown,N/A,N/A,12.9541209,80.1396575,566,12.951211614296962,80.1398591523229,0.41937662124247277,0.41937662124247277,best,True
Unknown,N/A,N/A,12.9515582,80.14002169999999,566,12.951211614296962,80.1398591523229,0.05486627335929545,0.05486627335929545,best,True
Unknown,N/A,N/A,12.9515582,80.14002169999999,566,12.951211614296962,80.1398591523229,0.05486627335929545,0.05486627335929545,best,True
Unknown,N/A,N/A,12.9515582,80.14002169999999,566,12.951211614296962,80.1398591523229,0.05486627335929545,0.05486627335929545,best,True
Unknown,N/A,N/A,12.950939172348694,80.1404195385016,566,12.951211614296962,80.1398591523229,0.08822503154486912,0.08822503154486912,best,True
Unknown,N/A,N/A,12.9455794597398,80.13944234759057,566,12.951211614296962,80.1398591523229,0.812142155205344,0.812142155205344,best,True
Unknown,N/A,N/A,12.9501382466114,80.1391545678684,566,12.951211614296962,80.1398591523229,0.18359782053693238,0.18359782053693238,best,True
Unknown,N/A,N/A,12.9529389,80.1368968,566,12.951211614296962,80.1398591523229,0.486126272518048,0.486126272518048,best,True
Unknown,N/A,N/A,12.9514922,80.1408089,566,12.951211614296962,80.1398591523229,0.1399147569302222,0.1399147569302222,best,True
Unknown,N/A,N/A,12.95187510420218,80.14076197510803,566,12.951211614296962,80.1398591523229,0.15913346334276504,0.15913346334276504,best,True
Unknown,N/A,N/A,12.95163829669266,80.14062493079695,566,12.951211614296962,80.1398591523229,0.12423261701504358,0.12423261701504358,best,True
Unknown,N/A,N/A,12.953517472313704,80.14178416021396,566,12.951211614296962,80.1398591523229,0.4286115255504129,0.4286115255504129,best,True
Unknown,N/A,N/A,12.94597919831037,80.14446187108611,566,12.951211614296962,80.1398591523229,0.9938918245198337,0.9938918245198337,best,True
Unknown,N/A,N/A,12.952289583623184,80.14127436732853,566,12.951211614296962,80.1398591523229,0.25275649635575365,0.25275649635575365,best,True
Unknown,N/A,N/A,12.951418573079776,80.14043651997495,566,12.951211614296962,80.1398591523229,0.08671072523930012,0.08671072523930012,best,True
Unknown,N/A,N/A,12.9503844,80.13645500000001,566,12.951211614296962,80.1398591523229,0.49470094326058384,0.49470094326058384,best,True
Unknown,N/A,N/A,12.951895267063286,80.14083035859271,566,12.951211614296962,80.1398591523229,0.16862728308346803,0.16862728308346803,best,True
Unknown,N/A,N/A,12.9517702,80.1332232,566,12.951211614296962,80.1398591523229,0.9394920079438722,0.9394920079438722,best,True
Unknown,N/A,N/A,13.0076164,79.99526879999999,567,13.004207718657037,79.99261371011995,0.6168755043023095,0.6168755043023095,best,True
Unknown,N/A,N/A,13.007537939027928,79.99521186808839,567,13.004207718657037,79.99261371011995,0.6030345560768731,0.6030345560768731,best,True
Unknown,N/A,N/A,13.0076164,79.99526879999999,567,13.004207718657037,79.99261371011995,0.6168755043023095,0.6168755043023095,best,True
Unknown,N/A,N/A,13.0441119,80.21036389999999,568,13.046770362830904,80.21278148829182,0.5122409286313803,0.5122409286313803,best,True
Unknown,N/A,N/A,13.050704444973569,80.21536424574461,568,13.046770362830904,80.21278148829182,0.6728698881891525,0.6728698881891525,best,True
Unknown,N/A,N/A,13.0509259,80.21205440000001,568,13.046770362830904,80.21278148829182,0.6063796072976579,0.6063796072976579,best,True
Unknown,N/A,N/A,13.0509259,80.21205440000001,568,13.046770362830904,80.21278148829182,0.6063796072976579,0.6063796072976579,best,True
Unknown,N/A,N/A,13.0499711,80.2121306,568,13.046770362830904,80.21278148829182,0.4693903001272862,0.4693903001272862,best,True
Unknown,N/A,N/A,13.0441147,80.2142535,568,13.046770362830904,80.21278148829182,0.4346926823493911,0.4346926823493911,best,True
Unknown,N/A,N/A,13.0445827,80.212752,568,13.046770362830904,80.21278148829182,0.3146574429912126,0.3146574429912126,best,True
Unknown,N/A,N/A,13.044212717565213,80.21075736720788,568,13.046770362830904,80.21278148829182,0.46558117984173186,0.46558117984173186,best,True
Unknown,N/A,N/A,13.0505832,80.2180265,568,13.046770362830904,80.21278148829182,0.9206799890990148,0.9206799890990148,best,True
Unknown,N/A,N/A,13.0447423,80.2103716,568,13.046770362830904,80.21278148829182,0.4478194134909564,0.4478194134909564,best,True
Unknown,N/A,N/A,13.0478618,80.2099572,568,13.046770362830904,80.21278148829182,0.42805414149516147,0.42805414149516147,best,True
Unknown,N/A,N/A,13.04529383713366,80.2102359563127,568,13.046770362830904,80.21278148829182,0.41704367389529,0.41704367389529,best,True
Unknown,N/A,N/A,13.048953140472896,80.20718014025043,568,13.046770362830904,80.21278148829182,0.8499095814394095,0.8499095814394095,best,True
Unknown,N/A,N/A,13.044130480456662,80.2107887310745,568,13.046770362830904,80.21278148829182,0.4723367984967476,0.4723367984967476,best,True
Unknown,N/A,N/A,13.0481641,80.2172302,568,13.046770362830904,80.21278148829182,0.6585312291744809,0.6585312291744809,best,True
Unknown,N/A,N/A,13.042839287947531,80.21332986434935,568,13.046770362830904,80.21278148829182,0.5706308607614251,0.5706308607614251,best,True
Unknown,N/A,N/A,13.041335846891018,80.21586182209013,568,13.046770362830904,80.21278148829182,0.894170728183518,0.894170728183518,best,True
Unknown,N/A,N/A,13.045720601177493,80.21022073880704,568,13.046770362830904,80.21278148829182,0.39136923867800155,0.39136923867800155,best,True
Unknown,N/A,N/A,13.0482235,80.2165965,568,13.046770362830904,80.21278148829182,0.5771004453204657,0.5771004453204657,best,True
Unknown,N/A,N/A,13.0480098,80.2161001,568,13.046770362830904,80.21278148829182,0.5007382619911273,0.5007382619911273,best,True
Unknown,N/A,N/A,13.042989141856776,80.16522038558685,569,13.04675579582504,80.16211910512129,0.6961957859588874,0.6961957859588874,best,True
Unknown,N/A,N/A,13.051403638013472,80.16186599872742,569,13.04675579582504,80.16211910512129,0.6694055050736595,0.6694055050736595,best,True
Unknown,N/A,N/A,13.0461022,80.15713029999999,569,13.04675579582504,80.16211910512129,0.7096938767548996,0.7096938767548996,best,True
Unknown,N/A,N/A,13.0495918,80.1610759,569,13.04675579582504,80.16211910512129,0.4335880692603181,0.4335880692603181,best,True
Unknown,N/A,N/A,13.0490321,80.1581205,569,13.04675579582504,80.16211910512129,0.6519699066030471,0.6519699066030471,best,True
Unknown,N/A,N/A,13.04515445069806,80.1599313294998,569,13.04675579582504,80.16211910512129,0.384972761512905,0.384972761512905,best,True
Unknown,N/A,N/A,13.045134079452165,80.16674935017315,569,13.04675579582504,80.16211910512129,0.6932937841407948,0.6932937841407948,best,True
Unknown,N/A,N/A,13.0463722,80.1662896,569,13.04675579582504,80.16211910512129,0.590637986426092,0.590637986426092,best,True
Unknown,N/A,N/A,13.04276441250956,80.16381054689487,569,13.04675579582504,80.16211910512129,0.6216159104674412,0.6216159104674412,best,True
Unknown,N/A,N/A,13.0427340704945,80.16376597033789,569,13.04675579582504,80.16211910512129,0.6232789760970089,0.6232789760970089,best,True
Unknown,N/A,N/A,13.0532103,80.1599146,569,13.04675579582504,80.16211910512129,0.978948279719538,0.978948279719538,best,True
Unknown,N/A,N/A,13.044533,80.1566389,569,13.04675579582504,80.16211910512129,0.8362494474774571,0.8362494474774571,best,True
Unknown,N/A,N/A,13.047461609342005,80.16580731210904,569,13.04675579582504,80.16211910512129,0.529864659402733,0.529864659402733,best,True
Unknown,N/A,N/A,13.046168330834114,80.1582172886115,569,13.04675579582504,80.16211910512129,0.5566210176585281,0.5566210176585281,best,True
Unknown,N/A,N/A,13.0472631,80.1645751,569,13.04675579582504,80.16211910512129,0.3539064456837025,0.3539064456837025,best,True
Unknown,N/A,N/A,13.0481783,80.1647926,569,13.04675579582504,80.16211910512129,0.4289085940185543,0.4289085940185543,best,True
Unknown,N/A,N/A,13.1293379,79.9272319,570,13.13524708680649,79.92836971505602,0.8648663561204695,0.8648663561204695,best,True
Unknown,N/A,N/A,13.135113458429323,79.92804921757161,570,13.13524708680649,79.92836971505602,0.049093333579675054,0.049093333579675054,best,True
Unknown,N/A,N/A,13.138900540625848,79.92575633958718,570,13.13524708680649,79.92836971505602,0.6417020592811279,0.6417020592811279,best,True
Unknown,N/A,N/A,13.134893750750804,79.92824268392931,570,13.13524708680649,79.92836971505602,0.05387943347363362,0.05387943347363362,best,True
Unknown,N/A,N/A,13.134985716011917,79.92810970139178,570,13.13524708680649,79.92836971505602,0.052500161391311834,0.052500161391311834,best,True
Unknown,N/A,N/A,13.135011414040171,79.92817888101396,570,13.13524708680649,79.92836971505602,0.04327116484522565,0.04327116484522565,best,True
Unknown,N/A,N/A,13.135091131079845,79.92809030814597,570,13.13524708680649,79.92836971505602,0.0453226525343334,0.0453226525343334,best,True
Unknown,N/A,N/A,13.130565634162544,79.92559753683803,570,13.13524708680649,79.92836971505602,0.778465556357199,0.778465556357199,best,True
Unknown,N/A,N/A,13.143887376045615,80.19966025321932,571,13.148297374713541,80.20219944673357,0.7282595158188135,0.7282595158188135,best,True
Unknown,N/A,N/A,13.148953239077336,80.20014282802056,571,13.148297374713541,80.20219944673357,0.3048331682295691,0.3048331682295691,best,True
Unknown,N/A,N/A,13.148414809229786,80.20411496193239,571,13.148297374713541,80.20219944673357,0.2705118658136928,0.2705118658136928,best,True
Unknown,N/A,N/A,13.148477724388904,80.20415644732563,571,13.148297374713541,80.20219944673357,0.2770481345435005,0.2770481345435005,best,True
Unknown,N/A,N/A,13.150536699539597,80.20196868990352,571,13.148297374713541,80.20219944673357,0.32370067829340593,0.32370067829340593,best,True
Unknown,N/A,N/A,13.1495144,80.2031535,571,13.148297374713541,80.20219944673357,0.2207238872270429,0.2207238872270429,best,True
Unknown,N/A,N/A,13.028637233136015,80.08045213082205,572,13.025830986345735,80.0799272126047,0.4103260191976743,0.4103260191976743,best,True
Unknown,N/A,N/A,13.023024739555453,80.07940229438735,572,13.025830986345735,80.0799272126047,0.41032608376428137,0.41032608376428137,best,True
Unknown,N/A,N/A,13.1248349,79.9968324,573,13.124437051355708,79.99654790443942,0.06987282424267079,0.06987282424267079,best,True
Unknown,N/A,N/A,13.125145770281362,79.99859702849926,573,13.124437051355708,79.99654790443942,0.30630032526807266,0.30630032526807266,best,True
Unknown,N/A,N/A,13.1197432,80.00156729999999,573,13.124437051355708,79.99654790443942,0.9779244811392176,0.9779244811392176,best,True
Unknown,N/A,N/A,13.12495532336273,79.9972675103434,573,13.124437051355708,79.99654790443942,0.12587725405642913,0.12587725405642913,best,True
Unknown,N/A,N/A,13.124902,79.997101,573,13.124437051355708,79.99654790443942,0.10271274397834146,0.10271274397834146,best,True
Unknown,N/A,N/A,13.124902,79.997101,573,13.124437051355708,79.99654790443942,0.10271274397834146,0.10271274397834146,best,True
Unknown,N/A,N/A,13.124902,79.997101,573,13.124437051355708,79.99654790443942,0.10271274397834146,0.10271274397834146,best,True
Unknown,N/A,N/A,13.124858146098864,79.99712853380329,573,13.124437051355708,79.99654790443942,0.10181565089474978,0.10181565089474978,best,True
Unknown,N/A,N/A,13.124902,79.997101,573,13.124437051355708,79.99654790443942,0.10271274397834146,0.10271274397834146,best,True
Unknown,N/A,N/A,13.080637192090707,80.2675667803344,575,13.076282638038393,80.26895756804265,0.6562523626230047,0.6562523626230047,best,True
Unknown,N/A,N/A,13.0755096,80.2694866,575,13.076282638038393,80.26895756804265,0.13388010992186938,0.13388010992186938,best,True
Unknown,N/A,N/A,13.0749917,80.2697653,575,13.076282638038393,80.26895756804265,0.21780614956661543,0.21780614956661543,best,True
Unknown,N/A,N/A,13.074845914790563,80.27189364694186,575,13.076282638038393,80.26895756804265,0.4626561763992567,0.4626561763992567,best,True
Unknown,N/A,N/A,13.077776405446892,80.26789873530711,575,13.076282638038393,80.26895756804265,0.26160785957596366,0.26160785957596366,best,True
Unknown,N/A,N/A,13.0743843,80.268034,575,13.076282638038393,80.26895756804265,0.3024812372990211,0.3024812372990211,best,True
Unknown,N/A,N/A,13.07574889972749,80.26822462855442,575,13.076282638038393,80.26895756804265,0.12872688681378888,0.12872688681378888,best,True
Unknown,N/A,N/A,13.074986421802665,80.27047427541355,575,13.076282638038393,80.26895756804265,0.2836889056454964,0.2836889056454964,best,True
Unknown,N/A,N/A,13.07678766977416,80.27011417736097,575,13.076282638038393,80.26895756804265,0.17851171203473895,0.17851171203473895,best,True
Unknown,N/A,N/A,13.081058476513144,80.26587605495602,575,13.076282638038393,80.26895756804265,0.8127283973685936,0.8127283973685936,best,True
Unknown,N/A,N/A,13.0767304,80.26910079999999,575,13.076282638038393,80.26895756804265,0.06748931719646815,0.06748931719646815,best,True
Unknown,N/A,N/A,13.0750799,80.2675607,575,13.076282638038393,80.26895756804265,0.26212047905860925,0.26212047905860925,best,True
Unknown,N/A,N/A,13.080639248869993,80.2674280913048,575,13.076282638038393,80.26895756804265,0.6626372404239383,0.6626372404239383,best,True
Unknown,N/A,N/A,13.074430193190748,80.26544674469973,575,13.076282638038393,80.26895756804265,0.5621269994136932,0.5621269994136932,best,True
Unknown,N/A,N/A,13.0752459,80.269791,575,13.076282638038393,80.26895756804265,0.18983960369066483,0.18983960369066483,best,True
Unknown,N/A,N/A,13.07498936361757,80.27131941283751,575,13.076282638038393,80.26895756804265,0.3814161182738723,0.3814161182738723,best,True
Unknown,N/A,N/A,13.075115881228038,80.26971983208455,575,13.076282638038393,80.26895756804265,0.19926797519961587,0.19926797519961587,best,True
Unknown,N/A,N/A,13.075770234043322,80.2681830642509,575,13.076282638038393,80.26895756804265,0.13173608350646238,0.13173608350646238,best,True
Unknown,N/A,N/A,13.074642421634186,80.27230994876427,575,13.076282638038393,80.26895756804265,0.5282416423210479,0.5282416423210479,best,True
Unknown,N/A,N/A,13.106321628913143,80.20103960281777,576,13.1044472374401,80.20293818990886,0.37987516718528447,0.37987516718528447,best,True
Unknown,N/A,N/A,13.103409424211817,80.20211015122314,576,13.1044472374401,80.20293818990886,0.18948376508857537,0.18948376508857537,best,True
Unknown,N/A,N/A,13.1032371,80.2022558,576,13.1044472374401,80.20293818990886,0.19885893741970478,0.19885893741970478,best,True
Unknown,N/A,N/A,13.1051726,80.2046582,576,13.1044472374401,80.20293818990886,0.2639609436334619,0.2639609436334619,best,True
Unknown,N/A,N/A,13.1051726,80.2046582,576,13.1044472374401,80.20293818990886,0.2639609436334619,0.2639609436334619,best,True
Unknown,N/A,N/A,13.103436863735348,80.20222034811891,576,13.1044472374401,80.20293818990886,0.1770769121216081,0.1770769121216081,best,True
Unknown,N/A,N/A,13.1051726,80.2046582,576,13.1044472374401,80.20293818990886,0.2639609436334619,0.2639609436334619,best,True
Unknown,N/A,N/A,13.103448441491707,80.20235150024719,576,13.1044472374401,80.20293818990886,0.16575579377681182,0.16575579377681182,best,True
Unknown,N/A,N/A,13.1051726,80.2046582,576,13.1044472374401,80.20293818990886,0.2639609436334619,0.2639609436334619,best,True
Unknown,N/A,N/A,13.1062507,80.2017458,576,13.1044472374401,80.20293818990886,0.3090800075521897,0.3090800075521897,best,True
Unknown,N/A,N/A,13.1051726,80.2046582,576,13.1044472374401,80.20293818990886,0.2639609436334619,0.2639609436334619,best,True
Unknown,N/A,N/A,13.103408863889962,80.20203113373351,576,13.1044472374401,80.20293818990886,0.19660313058046988,0.19660313058046988,best,True
Unknown,N/A,N/A,13.103482238748237,80.202248711186,576,13.1044472374401,80.20293818990886,0.16943727150751636,0.16943727150751636,best,True
Unknown,N/A,N/A,13.10340306317118,80.2018406113976,576,13.1044472374401,80.20293818990886,0.21562160150746226,0.21562160150746226,best,True
Unknown,N/A,N/A,13.10319137739137,80.20099751366098,577,13.102144372742575,80.20027133313275,0.18208373527098576,0.18208373527098576,best,True
Unknown,N/A,N/A,13.099432772655833,80.20327845234982,577,13.102144372742575,80.20027133313275,0.5760193789776432,0.5760193789776432,best,True
Unknown,N/A,N/A,13.103010160737416,80.19895492953738,577,13.102144372742575,80.20027133313275,0.22347996245692733,0.22347996245692733,best,True
Unknown,N/A,N/A,13.10324310994002,80.19939013198234,577,13.102144372742575,80.20027133313275,0.2010036724365885,0.2010036724365885,best,True
Unknown,N/A,N/A,13.103033473405826,80.19892538602174,577,13.102144372742575,80.20027133313275,0.22880698635927949,0.22880698635927949,best,True
Unknown,N/A,N/A,13.0997523,80.2029336,577,13.102144372742575,80.20027133313275,0.5091289301673241,0.5091289301673241,best,True
Unknown,N/A,N/A,13.103080175724784,80.19927234194601,577,13.102144372742575,80.20027133313275,0.19479973744615967,0.19479973744615967,best,True
Unknown,N/A,N/A,13.102984577082667,80.1987507538276,577,13.102144372742575,80.20027133313275,0.24607291439807738,0.24607291439807738,best,True
Unknown,N/A,N/A,13.10304670280631,80.19900027973681,577,13.102144372742575,80.20027133313275,0.22124144793151465,0.22124144793151465,best,True
Unknown,N/A,N/A,13.100340930559508,80.2026022158061,577,13.102144372742575,80.20027133313275,0.4186240888218536,0.4186240888218536,best,True
Unknown,N/A,N/A,13.102998680293812,80.19895895278951,577,13.102144372742575,80.20027133313275,0.22209152913583416,0.22209152913583416,best,True
Unknown,N/A,N/A,13.103016327774409,80.1988890248711,577,13.102144372742575,80.20027133313275,0.23173163038957725,0.23173163038957725,best,True
Unknown,N/A,N/A,13.10074625728154,80.20157374819642,577,13.102144372742575,80.20027133313275,0.27229239282114254,0.27229239282114254,best,True
Unknown,N/A,N/A,13.172620031328371,80.30566205015293,578,13.171544357652316,80.30332738189837,0.3635857958471717,0.3635857958471717,best,True
Unknown,N/A,N/A,13.167826,80.3043618,578,13.171544357652316,80.30332738189837,0.5542946706169192,0.5542946706169192,best,True
Unknown,N/A,N/A,13.17351326096196,80.30585643524867,578,13.171544357652316,80.30332738189837,0.4552190112009727,0.4552190112009727,best,True
Unknown,N/A,N/A,13.167624363992235,80.30430070498642,578,13.171544357652316,80.30332738189837,0.580227539122796,0.580227539122796,best,True
Unknown,N/A,N/A,13.172355578553118,80.30564841530412,578,13.171544357652316,80.30332738189837,0.34729295087345485,0.34729295087345485,best,True
Unknown,N/A,N/A,13.17232900952274,80.30562749148577,578,13.171544357652316,80.30332738189837,0.343241705631031,0.343241705631031,best,True
Unknown,N/A,N/A,13.168768535358874,80.30347487167565,578,13.171544357652316,80.30332738189837,0.3997637630862795,0.3997637630862795,best,True
Unknown,N/A,N/A,13.17247757893074,80.30534408576659,578,13.171544357652316,80.30332738189837,0.3143162581839676,0.3143162581839676,best,True
Unknown,N/A,N/A,13.175637,80.304791,578,13.171544357652316,80.30332738189837,0.6237060763401548,0.6237060763401548,best,True
Unknown,N/A,N/A,13.167826,80.3043618,578,13.171544357652316,80.30332738189837,0.5542946706169192,0.5542946706169192,best,True
Unknown,N/A,N/A,13.1747425,80.2979628,578,13.171544357652316,80.30332738189837,0.8849640859397734,0.8849640859397734,best,True
Unknown,N/A,N/A,13.1736007,80.3053739,578,13.171544357652316,80.30332738189837,0.4131005383015285,0.4131005383015285,best,True
Unknown,N/A,N/A,13.167826,80.3043618,578,13.171544357652316,80.30332738189837,0.5542946706169192,0.5542946706169192,best,True
Unknown,N/A,N/A,13.167826,80.3043618,578,13.171544357652316,80.30332738189837,0.5542946706169192,0.5542946706169192,best,True
Unknown,N/A,N/A,13.169045206911758,80.30248422917657,578,13.171544357652316,80.30332738189837,0.3785648056644964,0.3785648056644964,best,True
Unknown,N/A,N/A,13.17286717218188,80.30088739037414,578,13.171544357652316,80.30332738189837,0.392993455160108,0.392993455160108,best,True
Unknown,N/A,N/A,13.1767944,80.2993748,578,13.171544357652316,80.30332738189837,0.9383099455666472,0.9383099455666472,best,True
Unknown,N/A,N/A,13.12453051214468,80.05211006546611,579,13.12356148978036,80.05488099832365,0.4147089350866147,0.4147089350866147,best,True
Unknown,N/A,N/A,13.123097,80.0593473,579,13.12356148978036,80.05488099832365,0.6331051764293171,0.6331051764293171,best,True
Unknown,N/A,N/A,13.123805811898,80.05284803545523,579,13.12356148978036,80.05488099832365,0.28871278623958874,0.28871278623958874,best,True
Unknown,N/A,N/A,13.1222724,80.0585565,579,13.12356148978036,80.05488099832365,0.5502731082723004,0.5502731082723004,best,True
Unknown,N/A,N/A,13.123097,80.0593473,579,13.12356148978036,80.05488099832365,0.6331051764293171,0.6331051764293171,best,True
Unknown,N/A,N/A,13.1240131,80.0535524,579,13.12356148978036,80.05488099832365,0.198222406470417,0.198222406470417,best,True
Unknown,N/A,N/A,13.123731158681403,80.0528503769292,579,13.12356148978036,80.05488099832365,0.28727473262817704,0.28727473262817704,best,True
Unknown,N/A,N/A,13.1238916110335,80.05278954924867,579,13.12356148978036,80.05488099832365,0.2986092982408059,0.2986092982408059,best,True
Unknown,N/A,N/A,13.123614814265649,80.0525274578138,579,13.12356148978036,80.05488099832365,0.3318438713062021,0.3318438713062021,best,True
Unknown,N/A,N/A,13.1440464,80.1937616,581,13.1441111961029,80.1882184983358,0.7813467997305151,0.7813467997305151,best,True
Unknown,N/A,N/A,13.142325376680793,80.18536045146809,581,13.1441111961029,80.1882184983358,0.4777499197660478,0.4777499197660478,best,True
Unknown,N/A,N/A,13.1462464,80.1912042,581,13.1441111961029,80.1882184983358,0.5209597001763849,0.5209597001763849,best,True
Unknown,N/A,N/A,13.145407,80.18380760000001,581,13.1441111961029,80.1882184983358,0.649038927962484,0.649038927962484,best,True
Unknown,N/A,N/A,13.1468188,80.1888005,581,13.1441111961029,80.1882184983358,0.3979574228982694,0.3979574228982694,best,True
Unknown,N/A,N/A,13.137441824445528,80.1876496805794,581,13.1441111961029,80.1882184983358,0.9625419115004203,0.9625419115004203,best,True
Unknown,N/A,N/A,13.144896427086644,80.18785636242674,581,13.1441111961029,80.1882184983358,0.12393209005421298,0.12393209005421298,best,True
Unknown,N/A,N/A,13.1444669,80.1883568,581,13.1441111961029,80.1882184983358,0.054745864353098625,0.054745864353098625,best,True
Unknown,N/A,N/A,13.145731716969353,80.18985179238126,581,13.1441111961029,80.1882184983358,0.32759090310064737,0.32759090310064737,best,True
Unknown,N/A,N/A,13.1443412,80.1883403,581,13.1441111961029,80.1882184983358,0.03726903342538483,0.03726903342538483,best,True
Unknown,N/A,N/A,13.144392813767087,80.18839252159533,581,13.1441111961029,80.1882184983358,0.04735078818814122,0.04735078818814122,best,True
Unknown,N/A,N/A,13.144228127762586,80.19363333578232,581,13.1441111961029,80.1882184983358,0.7633975690928315,0.7633975690928315,best,True
Unknown,N/A,N/A,13.147203,80.1880296,581,13.1441111961029,80.1882184983358,0.4454634763822837,0.4454634763822837,best,True
Unknown,N/A,N/A,13.0399468,80.0562489,582,13.037678073797798,80.05176989102776,0.7108823934254642,0.7108823934254642,best,True
Unknown,N/A,N/A,13.0382427,80.0453935,582,13.037678073797798,80.05176989102776,0.9027862655091415,0.9027862655091415,best,True
Unknown,N/A,N/A,13.0397801,80.0559287,582,13.037678073797798,80.05176989102776,0.659764748856567,0.659764748856567,best,True
Unknown,N/A,N/A,13.037547247269284,80.04987926609377,582,13.037678073797798,80.05176989102776,0.2672581146092698,0.2672581146092698,best,True
Unknown,N/A,N/A,13.036272053073183,80.04527258892377,582,13.037678073797798,80.05176989102776,0.9382302611518721,0.9382302611518721,best,True
Unknown,N/A,N/A,13.0330574,80.0526412,582,13.037678073797798,80.05176989102776,0.6758076881720295,0.6758076881720295,best,True
Unknown,N/A,N/A,13.04034084293088,80.05598299354244,582,13.037678073797798,80.05176989102776,0.7068175976863612,0.7068175976863612,best,True
Unknown,N/A,N/A,13.039958698378427,80.05614851203515,582,13.037678073797798,80.05176989102776,0.6991374358026364,0.6991374358026364,best,True
Unknown,N/A,N/A,13.0356534,80.0503489,582,13.037678073797798,80.05176989102776,0.35346886948644335,0.35346886948644335,best,True
Unknown,N/A,N/A,13.035981496326189,80.0498543496825,582,13.037678073797798,80.05176989102776,0.36399987201819844,0.36399987201819844,best,True
Unknown,N/A,N/A,13.038155778977812,80.23536607444106,583,13.04085914219446,80.23267943520142,0.5428456677163888,0.5428456677163888,best,True
Unknown,N/A,N/A,13.0412658,80.2338514,583,13.04085914219446,80.23267943520142,0.17529928690491017,0.17529928690491017,best,True
Unknown,N/A,N/A,13.039637624037876,80.23419768262016,583,13.04085914219446,80.23267943520142,0.27693876276125584,0.27693876276125584,best,True
Unknown,N/A,N/A,13.0383872,80.232448,583,13.04085914219446,80.23267943520142,0.35700957020354634,0.35700957020354634,best,True
Unknown,N/A,N/A,13.0436237,80.2313679,583,13.04085914219446,80.23267943520142,0.4385040447762286,0.4385040447762286,best,True
Unknown,N/A,N/A,13.046240957053604,80.23030015526426,583,13.04085914219446,80.23267943520142,0.8435941809794941,0.8435941809794941,best,True
Unknown,N/A,N/A,13.044415926490634,80.23268531077552,583,13.04085914219446,80.23267943520142,0.5115377580405945,0.5115377580405945,best,True
Unknown,N/A,N/A,13.037864044189652,80.23527699278172,583,13.04085914219446,80.23267943520142,0.5654275337857119,0.5654275337857119,best,True
Unknown,N/A,N/A,13.03814124900058,80.22862140093012,583,13.04085914219446,80.23267943520142,0.6929810481232292,0.6929810481232292,best,True
Unknown,N/A,N/A,13.1016232518656,79.68003709464438,584,13.095386339779393,79.68172086227118,0.9278726189697709,0.9278726189697709,best,True
Unknown,N/A,N/A,13.09656586747258,79.67562649216913,584,13.095386339779393,79.68172086227118,0.8757462482619542,0.8757462482619542,best,True
Unknown,N/A,N/A,13.300097,80.1582952,586,13.301443873542219,80.16126943730897,0.4615627331576627,0.4615627331576627,best,True
Unknown,N/A,N/A,13.302933901212032,80.16184994623472,586,13.301443873542219,80.16126943730897,0.22937041420801593,0.22937041420801593,best,True
Unknown,N/A,N/A,13.301803067423831,80.16078883496567,586,13.301443873542219,80.16126943730897,0.085156487215618,0.085156487215618,best,True
Unknown,N/A,N/A,13.301719972617455,80.16085724265346,586,13.301443873542219,80.16126943730897,0.07034133714866551,0.07034133714866551,best,True
Unknown,N/A,N/A,13.3035934,80.1604657,586,13.301443873542219,80.16126943730897,0.3292288057304971,0.3292288057304971,best,True
Unknown,N/A,N/A,13.2985159,80.1653597,586,13.301443873542219,80.16126943730897,0.7136400597544811,0.7136400597544811,best,True
