user,email,department,student_lat,student_lon,cluster_id,centroid_lat,centroid_lon,road_distance_km,walking_distance_km,walking_layer,within_distance_limit
5009,N/A,N/A,12.8237801,79.6925801,0,12.823176613337619,79.69073598260717,0.441,0.424,best,True
912,N/A,N/A,12.8233461,79.6907262,0,12.823176613337619,79.69073598260717,0.216,0.216,best,True
7005,N/A,N/A,12.8246847,79.688434,0,12.823176613337619,79.69073598260717,0.691,0.691,best,True
3365,N/A,N/A,12.821978259031004,79.69309800250257,0,12.823176613337619,79.69073598260717,0.379,0.379,best,True
6790,N/A,N/A,12.8255532,79.6890112,0,12.823176613337619,79.69073598260717,0.647,0.647,best,True
3730,N/A,N/A,12.8211606,79.69248,0,12.823176613337619,79.69073598260717,0.882,0.603,best,True
4304,N/A,N/A,12.821733334332324,79.6888223757476,0,12.823176613337619,79.69073598260717,0.842,0.84,best,True
11334,N/A,N/A,12.8191776,79.6915252,1,12.817736862143246,79.69287794229993,0.28,0.28,best,True
8669,N/A,N/A,12.8180093,79.6930026,1,12.817736862143246,79.69287794229993,0.031,0.031,best,True
11335,N/A,N/A,12.818565586402968,79.69022118815312,1,12.817736862143246,79.69287794229993,0.363,0.363,best,True
10515,N/A,N/A,12.813913767519644,79.69344678612391,1,12.817736862143246,79.69287794229993,0.701,0.633,best,True
9895,N/A,N/A,12.818032467634316,79.69075433888275,1,12.817736862143246,79.69287794229993,0.315,0.315,best,True
2686,N/A,N/A,12.819196029646552,79.6943239369403,1,12.817736862143246,79.69287794229993,0.227,0.227,best,True
5622,N/A,N/A,12.8197991,79.69102529999999,1,12.817736862143246,79.69287794229993,0.368,0.368,best,True
11,N/A,N/A,12.817999938362563,79.69284463171506,1,12.817736862143246,79.69287794229993,0.025,0.025,best,True
2214,N/A,N/A,12.81789445416836,79.692829782055,1,12.817736862143246,79.69287794229993,0.009,0.009,best,True
2500,N/A,N/A,12.817945833035688,79.6928496570909,1,12.817736862143246,79.69287794229993,0.015,0.015,best,True
2942,N/A,N/A,12.817914421618616,79.69280081373238,1,12.817736862143246,79.69287794229993,0.009,0.009,best,True
1776,N/A,N/A,12.81789865735661,79.692688931774,1,12.817736862143246,79.69287794229993,0.001,0.001,best,True
681,N/A,N/A,12.817036852429252,79.69213685607521,1,12.817736862143246,79.69287794229993,0.109,0.109,best,True
5120,N/A,N/A,12.8190871,79.6938828,1,12.817736862143246,79.69287794229993,0.202,0.203,best,True
6302,N/A,N/A,12.817933442165137,79.69279387684159,1,12.817736862143246,79.69287794229993,0.01,0.01,best,True
1180,N/A,N/A,12.8175186,79.6931881,1,12.817736862143246,79.69287794229993,0.074,0.074,best,True
5333,N/A,N/A,12.817076117948208,79.69457816835913,1,12.817736862143246,79.69287794229993,0.231,0.231,best,True
501,N/A,N/A,12.817905945858673,79.69281560205802,1,12.817736862143246,79.69287794229993,0.009,0.009,best,True
5380,N/A,N/A,12.817833618072648,79.69277644347841,1,12.817736862143246,79.69287794229993,0.0,0.0,best,True
7205,N/A,N/A,12.8175186,79.6931881,1,12.817736862143246,79.69287794229993,0.074,0.074,best,True
7490,N/A,N/A,12.8175186,79.6931881,1,12.817736862143246,79.69287794229993,0.074,0.074,best,True
6266,N/A,N/A,12.817883139560468,79.69271852805379,1,12.817736862143246,79.69287794229993,0.0,0.0,best,True
5470,N/A,N/A,12.8175186,79.6931881,1,12.817736862143246,79.69287794229993,0.074,0.074,best,True
2090,N/A,N/A,12.81749256256314,79.69324484362228,1,12.817736862143246,79.69287794229993,0.08,0.08,best,True
6281,N/A,N/A,12.817916654174892,79.69270629813187,1,12.817736862143246,79.69287794229993,0.002,0.002,best,True
1737,N/A,N/A,12.817593502570505,79.69073019261215,1,12.817736862143246,79.69287794229993,0.326,0.326,best,True
4590,N/A,N/A,12.8168067,79.69348130000002,1,12.817736862143246,79.69287794229993,0.483,0.21,best,True
11263,N/A,N/A,12.821500815559098,79.69784797717149,2,12.82226246345043,79.69776678760653,0.211,0.211,best,True
11293,N/A,N/A,12.8228144,79.6984418,2,12.82226246345043,79.69776678760653,0.324,0.27,best,True
4650,N/A,N/A,12.821768787469727,79.69824130280243,2,12.82226246345043,79.69776678760653,0.159,0.159,best,True
7575,N/A,N/A,12.8228144,79.6984418,2,12.82226246345043,79.69776678760653,0.324,0.27,best,True
1218,N/A,N/A,12.823386,79.6949349,2,12.82226246345043,79.69776678760653,0.425,0.425,best,True
4527,N/A,N/A,12.8198952,79.6990331,2,12.82226246345043,79.69776678760653,0.495,0.441,best,True
7714,N/A,N/A,12.8237643,79.6974132,2,12.82226246345043,79.69776678760653,0.172,0.172,best,True
2970,N/A,N/A,12.8217318,79.6966122,2,12.82226246345043,79.69776678760653,0.376,0.376,best,True
6070,N/A,N/A,12.8237643,79.6974132,2,12.82226246345043,79.69776678760653,0.172,0.172,best,True
4599,N/A,N/A,12.8214008,79.6985172,2,12.82226246345043,79.69776678760653,0.235,0.235,best,True
3370,N/A,N/A,12.821494358376349,79.69786297130439,2,12.82226246345043,79.69776678760653,0.21,0.21,best,True
2439,N/A,N/A,12.8228144,79.6984418,2,12.82226246345043,79.69776678760653,0.324,0.27,best,True
9425,N/A,N/A,13.0486032,80.1432894,3,13.04746924855114,80.13663359838046,0.914,0.88,best,True
10570,N/A,N/A,13.045778684687344,80.13840267587759,3,13.04746924855114,80.13663359838046,0.462,0.357,best,True
9449,N/A,N/A,13.0435524,80.1364855,3,13.04746924855114,80.13663359838046,0.48,0.48,best,True
7151,N/A,N/A,13.0449349,80.1341686,3,13.04746924855114,80.13663359838046,0.781,0.522,best,True
4775,N/A,N/A,13.0459619582046,80.13506654478776,3,13.04746924855114,80.13663359838046,0.381,0.328,best,True
5632,N/A,N/A,13.04615478313944,80.13826307148234,3,13.04746924855114,80.13663359838046,0.296,0.299,best,True
2136,N/A,N/A,13.047897757276694,80.14076369588687,3,13.04746924855114,80.13663359838046,0.583,0.541,best,True
7685,N/A,N/A,13.0448567,80.1341365,3,13.04746924855114,80.13663359838046,0.79,0.531,best,True
9132,N/A,N/A,13.078402772364225,80.21708815546387,4,13.081881332905771,80.21777865407098,0.467,0.467,best,True
6290,N/A,N/A,13.0823732,80.21731590000002,4,13.081881332905771,80.21777865407098,0.753,0.105,best,True
2341,N/A,N/A,13.0823732,80.21731590000002,4,13.081881332905771,80.21777865407098,0.753,0.105,best,True
5030,N/A,N/A,13.0835105,80.2154089,4,13.081881332905771,80.21777865407098,0.527,0.444,best,True
855,N/A,N/A,13.07998951330469,80.21717449355127,4,13.081881332905771,80.21777865407098,0.276,0.276,best,True
10109,N/A,N/A,13.125420352702578,79.91111590651491,5,13.126055756148126,79.91084662665578,0.878,0.093,best,True
10443,N/A,N/A,13.125409679083653,79.91107294381979,5,13.126055756148126,79.91084662665578,0.873,0.075,best,True
11068,N/A,N/A,13.127053558753586,79.91222288931914,5,13.126055756148126,79.91084662665578,0.291,0.301,best,True
7401,N/A,N/A,13.125820296235002,79.91122877195914,5,13.126055756148126,79.91084662665578,0.2,0.076,best,True
8130,N/A,N/A,13.126800945481332,79.90846003608853,5,13.126055756148126,79.91084662665578,0.47,0.368,best,True
3074,N/A,N/A,13.125829704632608,79.91097921223319,5,13.126055756148126,79.91084662665578,0.184,0.028,best,True
11174,N/A,N/A,13.126960416112873,79.91876441627197,6,13.126206036273699,79.91859569595302,0.089,0.089,best,True
9567,N/A,N/A,13.127242486887994,79.91752727467896,6,13.126206036273699,79.91859569595302,0.244,0.244,best,True
9673,N/A,N/A,13.1281473,79.9163493,6,13.126206036273699,79.91859569595302,0.446,0.446,best,True
3737,N/A,N/A,13.1266657,79.91882369999999,6,13.126206036273699,79.91859569595302,0.068,0.068,best,True
498,N/A,N/A,13.1266657,79.91882369999999,6,13.126206036273699,79.91859569595302,0.068,0.068,best,True
5121,N/A,N/A,13.1220481,79.9203059,6,13.126206036273699,79.91859569595302,0.85,0.686,best,True
4349,N/A,N/A,13.12571255091501,79.91957558072026,6,13.126206036273699,79.91859569595302,0.241,0.241,best,True
8339,N/A,N/A,13.1226901,79.91176899999999,7,13.123357690145973,79.91173210806242,0.458,0.101,best,True
10709,N/A,N/A,13.122654422568733,79.91171667304356,7,13.123357690145973,79.91173210806242,0.467,0.106,best,True
9890,N/A,N/A,13.1236581,79.91159379999999,7,13.123357690145973,79.91173210806242,0.044,0.044,best,True
8846,N/A,N/A,13.1230558,79.9119526,7,13.123357690145973,79.91173210806242,0.548,0.05,best,True
8443,N/A,N/A,13.1247433,79.9133265,7,13.123357690145973,79.91173210806242,0.489,0.379,best,True
9216,N/A,N/A,13.123625919710433,79.91158061957186,7,13.123357690145973,79.91173210806242,0.041,0.041,best,True
8212,N/A,N/A,13.1236581,79.91159379999999,7,13.123357690145973,79.91173210806242,0.044,0.044,best,True
11362,N/A,N/A,13.121500968365904,79.91432799957069,7,13.123357690145973,79.91173210806242,0.957,0.565,best,True
9736,N/A,N/A,13.123739143270058,79.91155622004959,7,13.123357690145973,79.91173210806242,0.054,0.054,best,True
9738,N/A,N/A,13.123985630502476,79.91174834183143,7,13.123357690145973,79.91173210806242,0.112,0.112,best,True
9790,N/A,N/A,13.1230558,79.9119526,7,13.123357690145973,79.91173210806242,0.548,0.05,best,True
9551,N/A,N/A,13.1230201736602,79.91148106804657,7,13.123357690145973,79.91173210806242,0.411,0.151,best,True
6369,N/A,N/A,13.123388012690308,79.91166902703918,7,13.123357690145973,79.91173210806242,0.009,0.009,best,True
4712,N/A,N/A,13.122869152733664,79.91192392377485,7,13.123357690145973,79.91173210806242,0.531,0.067,best,True
825,N/A,N/A,13.12166152547547,79.91045166795915,7,13.123357690145973,79.91173210806242,0.638,0.277,best,True
6231,N/A,N/A,13.124371,79.91136999999999,7,13.123357690145973,79.91173210806242,0.127,0.127,best,True
902,N/A,N/A,13.123563329744302,79.91155895539553,7,13.123357690145973,79.91173210806242,0.035,0.035,best,True
7088,N/A,N/A,13.123730019204508,79.9107574424062,7,13.123357690145973,79.91173210806242,0.153,0.153,best,True
6990,N/A,N/A,13.1236581,79.91159379999999,7,13.123357690145973,79.91173210806242,0.044,0.044,best,True
2196,N/A,N/A,13.122445040097364,79.91182358903421,7,13.123357690145973,79.91173210806242,0.586,0.121,best,True
1394,N/A,N/A,13.123628410620938,79.91160446256461,7,13.123357690145973,79.91173210806242,0.04,0.04,best,True
1631,N/A,N/A,13.123628542193805,79.91161609094699,7,13.123357690145973,79.91173210806242,0.04,0.04,best,True
8095,N/A,N/A,13.124492563402043,79.91133918280221,7,13.123357690145973,79.91173210806242,0.142,0.142,best,True
7464,N/A,N/A,13.1236581,79.91159379999999,7,13.123357690145973,79.91173210806242,0.044,0.044,best,True
7453,N/A,N/A,13.1236581,79.91159379999999,7,13.123357690145973,79.91173210806242,0.044,0.044,best,True
1382,N/A,N/A,13.1236581,79.91159379999999,7,13.123357690145973,79.91173210806242,0.044,0.044,best,True
4439,N/A,N/A,13.12411349752786,79.9133753290099,7,13.123357690145973,79.91173210806242,0.31,0.31,best,True
588,N/A,N/A,13.123104651329822,79.91156630804815,7,13.123357690145973,79.91173210806242,0.406,0.157,best,True
6922,N/A,N/A,13.1236581,79.91159379999999,7,13.123357690145973,79.91173210806242,0.044,0.044,best,True
5597,N/A,N/A,13.1236581,79.91159379999999,7,13.123357690145973,79.91173210806242,0.044,0.044,best,True
5684,N/A,N/A,13.12365678106127,79.91161473155883,7,13.123357690145973,79.91173210806242,0.043,0.043,best,True
6985,N/A,N/A,13.123629023388624,79.91160437605322,7,13.123357690145973,79.91173210806242,0.04,0.04,best,True
4131,N/A,N/A,13.1226901,79.91176899999999,7,13.123357690145973,79.91173210806242,0.458,0.101,best,True
6582,N/A,N/A,13.123648587179355,79.91167979624134,7,13.123357690145973,79.91173210806242,0.039,0.039,best,True
811,N/A,N/A,13.1226901,79.91176899999999,7,13.123357690145973,79.91173210806242,0.458,0.101,best,True
4887,N/A,N/A,13.123658271829196,79.91155827038438,7,13.123357690145973,79.91173210806242,0.045,0.045,best,True
7654,N/A,N/A,13.1236581,79.91159379999999,7,13.123357690145973,79.91173210806242,0.044,0.044,best,True
3129,N/A,N/A,13.1236581,79.91159379999999,7,13.123357690145973,79.91173210806242,0.044,0.044,best,True
8272,N/A,N/A,12.925467353448704,80.10427483025308,8,12.92557092128693,80.10223400909292,0.218,0.218,best,True
9769,N/A,N/A,12.924599069747352,80.09835439379363,8,12.92557092128693,80.10223400909292,0.719,0.494,best,True
992,N/A,N/A,12.9253958,80.1042154,8,12.92557092128693,80.10223400909292,0.231,0.231,best,True
37,N/A,N/A,12.925557116111046,80.10465770284067,8,12.92557092128693,80.10223400909292,0.264,0.264,best,True
7322,N/A,N/A,12.92521350337475,80.10072137009794,8,12.92557092128693,80.10223400909292,0.558,0.172,best,True
2265,N/A,N/A,12.9263626,80.1045279,8,12.92557092128693,80.10223400909292,0.319,0.319,best,True
4579,N/A,N/A,12.9242547,80.10499709999999,8,12.92557092128693,80.10223400909292,0.452,0.444,best,True
2280,N/A,N/A,12.924631,80.1017956,8,12.92557092128693,80.10223400909292,0.375,0.375,best,True
7942,N/A,N/A,12.9257075,80.10142669999999,8,12.92557092128693,80.10223400909292,0.317,0.092,best,True
7347,N/A,N/A,12.924423607301872,80.10774246314678,8,12.92557092128693,80.10223400909292,0.748,0.748,best,True
8880,N/A,N/A,12.9183309,80.1040514,9,12.917826412688932,80.10796505595144,0.609,0.609,best,True
9027,N/A,N/A,12.9172024,80.1045845,9,12.917826412688932,80.10796505595144,0.396,0.396,best,True
4415,N/A,N/A,12.917114899181762,80.1071537023206,9,12.917826412688932,80.10796505595144,0.119,0.119,best,True
5848,N/A,N/A,12.9172182,80.1077205,9,12.917826412688932,80.10796505595144,0.213,0.213,best,True
11398,N/A,N/A,13.074952849123818,79.67103818154624,10,13.07482351080274,79.66929096369229,0.31,0.31,best,True
10902,N/A,N/A,13.075091274676842,79.67043801300366,10,13.07482351080274,79.66929096369229,0.282,0.267,best,True
9034,N/A,N/A,13.074950827842082,79.67098721714122,10,13.07482351080274,79.66929096369229,0.309,0.309,best,True
5595,N/A,N/A,13.074945005831957,79.67103038824987,10,13.07482351080274,79.66929096369229,0.311,0.311,best,True
6923,N/A,N/A,13.074806728124813,79.67109534520009,10,13.07482351080274,79.66929096369229,0.338,0.338,best,True
6077,N/A,N/A,13.074824232598395,79.6710223163526,10,13.07482351080274,79.66929096369229,0.33,0.33,best,True
4084,N/A,N/A,13.0759875,79.6728594,10,13.07482351080274,79.66929096369229,0.613,0.613,best,True
4738,N/A,N/A,13.07490406230478,79.6710828791274,10,13.07482351080274,79.66929096369229,0.336,0.336,best,True
3933,N/A,N/A,13.070639814822178,79.66668907774563,10,13.07482351080274,79.66929096369229,0.739,0.739,best,True
4387,N/A,N/A,13.074832903576906,79.671005893799,10,13.07482351080274,79.66929096369229,0.325,0.325,best,True
285,N/A,N/A,13.0721356,79.6681119,10,13.07482351080274,79.66929096369229,0.37,0.37,best,True
1536,N/A,N/A,13.074903169182342,79.67056834296213,10,13.07482351080274,79.66929096369229,0.253,0.253,best,True
6069,N/A,N/A,13.07051834476003,79.66625129833827,10,13.07482351080274,79.66929096369229,0.701,0.701,best,True
7554,N/A,N/A,13.073457414746883,79.67110180692448,10,13.07482351080274,79.66929096369229,0.472,0.472,best,True
9720,N/A,N/A,13.127922309500551,80.14815324107312,11,13.127590203489694,80.15374189771059,0.757,0.757,best,True
8800,N/A,N/A,13.1285907,80.1486383,11,13.127590203489694,80.15374189771059,0.598,0.598,best,True
10034,N/A,N/A,13.1275026,80.15377819999999,11,13.127590203489694,80.15374189771059,0.01,0.01,best,True
10194,N/A,N/A,13.130282235679822,80.15626167219165,11,13.127590203489694,80.15374189771059,0.62,0.497,best,True
11164,N/A,N/A,13.127403025418277,80.15383056983643,11,13.127590203489694,80.15374189771059,0.022,0.022,best,True
9440,N/A,N/A,13.127152930358855,80.15392139225312,11,13.127590203489694,80.15374189771059,0.046,0.046,best,True
10710,N/A,N/A,13.126181689431956,80.15152217222344,11,13.127590203489694,80.15374189771059,0.38,0.38,best,True
8879,N/A,N/A,13.127011876166936,80.15346293036448,11,13.127590203489694,80.15374189771059,0.077,0.077,best,True
8438,N/A,N/A,13.127908314459566,80.15724946166075,11,13.127590203489694,80.15374189771059,0.508,0.508,best,True
8598,N/A,N/A,13.12710280095733,80.15390205069401,11,13.127590203489694,80.15374189771059,0.064,0.054,best,True
2877,N/A,N/A,13.126961560586492,80.15380442328143,11,13.127590203489694,80.15374189771059,1.0,0.075,best,True
7474,N/A,N/A,13.12730741469924,80.15380321612753,11,13.127590203489694,80.15374189771059,0.033,0.033,best,True
581,N/A,N/A,13.130896122781463,80.15402821249067,11,13.127590203489694,80.15374189771059,0.387,0.387,best,True
6911,N/A,N/A,13.12677638348421,80.15375500701282,11,13.127590203489694,80.15374189771059,0.979,0.095,best,True
1262,N/A,N/A,13.127308259000875,80.15399075782366,11,13.127590203489694,80.15374189771059,0.067,0.067,best,True
4658,N/A,N/A,13.130688369564163,80.15389162308864,11,13.127590203489694,80.15374189771059,0.345,0.345,best,True
448,N/A,N/A,13.12839592338356,80.15560588911492,11,13.127590203489694,80.15374189771059,0.277,0.277,best,True
5599,N/A,N/A,13.127043684609111,80.15384107119002,11,13.127590203489694,80.15374189771059,0.064,0.06,best,True
1241,N/A,N/A,13.127163787906676,80.15381490397493,11,13.127590203489694,80.15374189771059,0.07,0.054,best,True
10319,N/A,N/A,13.1377988,80.1513592,12,13.135484887431792,80.15203142453842,0.455,0.455,best,True
8641,N/A,N/A,13.1332666,80.1559837,12,13.135484887431792,80.15203142453842,0.906,0.756,best,True
11027,N/A,N/A,13.133913297163677,80.1558026122055,12,13.135484887431792,80.15203142453842,0.841,0.691,best,True
2569,N/A,N/A,13.1377971,80.1513534,12,13.135484887431792,80.15203142453842,0.455,0.455,best,True
1744,N/A,N/A,13.134648639995287,80.14565821048666,12,13.135484887431792,80.15203142453842,0.998,0.825,best,True
11179,N/A,N/A,13.144138874903788,80.29685862839763,13,13.145215851329468,80.29730766427014,0.446,0.129,best,True
2982,N/A,N/A,13.144027570072206,80.29681567345199,13,13.145215851329468,80.29730766427014,0.433,0.142,best,True
6815,N/A,N/A,13.146158252986837,80.29772601325921,13,13.145215851329468,80.29730766427014,0.114,0.114,best,True
151,N/A,N/A,13.146157913658037,80.29770502956323,13,13.145215851329468,80.29730766427014,0.113,0.113,best,True
3922,N/A,N/A,13.14623468502478,80.29775184718305,13,13.145215851329468,80.29730766427014,0.126,0.126,best,True
3103,N/A,N/A,13.144577811331157,80.29698879376568,13,13.145215851329468,80.29730766427014,0.414,0.079,best,True
8813,N/A,N/A,13.152434662495407,80.29962049142871,14,13.151463522378014,80.29961917648403,0.551,0.182,best,True
8623,N/A,N/A,13.152359887834193,80.30162876138476,14,13.151463522378014,80.29961917648403,0.655,0.312,best,True
8408,N/A,N/A,13.1525141,80.3000117,14,13.151463522378014,80.29961917648403,0.516,0.147,best,True
6832,N/A,N/A,13.1519522,80.29867639999999,14,13.151463522378014,80.29961917648403,0.266,0.266,best,True
6067,N/A,N/A,13.150167507590073,80.2994014761426,14,13.151463522378014,80.29961917648403,0.215,0.215,best,True
6732,N/A,N/A,13.15102,80.2995,14,13.151463522378014,80.29961917648403,0.063,0.063,best,True
970,N/A,N/A,13.15491750369452,80.3008624637897,14,13.151463522378014,80.29961917648403,0.767,0.413,best,True
6715,N/A,N/A,13.15102,80.2995,14,13.151463522378014,80.29961917648403,0.063,0.063,best,True
1483,N/A,N/A,13.1501255,80.29936359999999,14,13.151463522378014,80.29961917648403,0.209,0.209,best,True
1472,N/A,N/A,13.15010567928486,80.29931792184904,14,13.151463522378014,80.29961917648403,0.205,0.205,best,True
4790,N/A,N/A,13.150127044587425,80.29936945684655,14,13.151463522378014,80.29961917648403,0.21,0.21,best,True
3381,N/A,N/A,13.150134410133244,80.29919190661914,14,13.151463522378014,80.29961917648403,0.167,0.167,best,True
3477,N/A,N/A,13.15014492708722,80.29917244580791,14,13.151463522378014,80.29961917648403,0.167,0.167,best,True
5240,N/A,N/A,13.15002215957813,80.29926704092597,14,13.151463522378014,80.29961917648403,0.195,0.195,best,True
9160,N/A,N/A,12.962333637119118,80.19523965701255,15,12.964654968378591,80.19680118105725,0.491,0.491,best,True
7433,N/A,N/A,12.964880830909648,80.1967966793457,15,12.964654968378591,80.19680118105725,0.001,0.001,best,True
7382,N/A,N/A,12.964893252999936,80.1969925261149,15,12.964654968378591,80.19680118105725,0.02,0.02,best,True
6143,N/A,N/A,12.96484484422463,80.19699378049282,15,12.964654968378591,80.19680118105725,0.02,0.02,best,True
6285,N/A,N/A,12.964815143486335,80.1970553539673,15,12.964654968378591,80.19680118105725,0.027,0.027,best,True
1637,N/A,N/A,12.9644378,80.1952343,15,12.964654968378591,80.19680118105725,0.281,0.281,best,True
3956,N/A,N/A,12.964897130768678,80.19732979137461,15,12.964654968378591,80.19680118105725,0.057,0.057,best,True
3466,N/A,N/A,12.964867348987053,80.19692054275066,15,12.964654968378591,80.19680118105725,0.012,0.012,best,True
3601,N/A,N/A,12.964843859776227,80.19685550855984,15,12.964654968378591,80.19680118105725,0.005,0.005,best,True
6524,N/A,N/A,12.964807301983612,80.1975059650818,15,12.964654968378591,80.19680118105725,0.076,0.076,best,True
3774,N/A,N/A,12.96488431580826,80.19692006087853,15,12.964654968378591,80.19680118105725,0.012,0.012,best,True
5134,N/A,N/A,12.964954401920528,80.1968513224786,15,12.964654968378591,80.19680118105725,0.026,0.026,best,True
4805,N/A,N/A,12.964725610803889,80.19684452669001,15,12.964654968378591,80.19680118105725,0.005,0.005,best,True
2747,N/A,N/A,12.96479543366116,80.19751489994688,15,12.964654968378591,80.19680118105725,0.077,0.077,best,True
2827,N/A,N/A,12.964842533714982,80.19678842480812,15,12.964654968378591,80.19680118105725,0.002,0.002,best,True
3910,N/A,N/A,12.964877820099389,80.1968917571343,15,12.964654968378591,80.19680118105725,0.009,0.009,best,True
6008,N/A,N/A,12.964789944120191,80.19694725989109,15,12.964654968378591,80.19680118105725,0.016,0.016,best,True
4934,N/A,N/A,12.96491742457611,80.19694688305053,15,12.964654968378591,80.19680118105725,0.015,0.015,best,True
7600,N/A,N/A,12.964836284594806,80.19685732764655,15,12.964654968378591,80.19680118105725,0.006,0.006,best,True
2943,N/A,N/A,12.9630161,80.1973485,15,12.964654968378591,80.19680118105725,0.327,0.349,best,True
1001,N/A,N/A,12.964859920240684,80.19679936155471,15,12.964654968378591,80.19680118105725,0.001,0.001,best,True
5536,N/A,N/A,12.964863547728536,80.19650082520482,15,12.964654968378591,80.19680118105725,0.033,0.033,best,True
6175,N/A,N/A,12.964888438530908,80.19673035557234,15,12.964654968378591,80.19680118105725,0.019,0.019,best,True
4242,N/A,N/A,12.964846315031558,80.19636273581754,15,12.964654968378591,80.19680118105725,0.048,0.048,best,True
10967,N/A,N/A,12.968977441731791,80.19554613870058,16,12.969446832217868,80.1978620701517,0.327,0.323,best,True
6438,N/A,N/A,12.967415387139676,80.2000582419062,16,12.969446832217868,80.1978620701517,0.497,0.451,best,True
2318,N/A,N/A,12.9701107,80.1962476,16,12.969446832217868,80.1978620701517,0.247,0.247,best,True
1922,N/A,N/A,12.9712838,80.1995963,16,12.969446832217868,80.1978620701517,0.549,0.549,best,True
9450,N/A,N/A,12.96143054676086,80.20309450611266,17,12.96197070422018,80.2000283897107,0.39,0.39,best,True
10257,N/A,N/A,12.965409170198106,80.20147832568286,17,12.96197070422018,80.2000283897107,0.938,0.661,best,True
812,N/A,N/A,12.9617233,80.19937159999999,17,12.96197070422018,80.2000283897107,0.096,0.096,best,True
1713,N/A,N/A,12.9617233,80.19937159999999,17,12.96197070422018,80.2000283897107,0.096,0.096,best,True
1391,N/A,N/A,12.9617233,80.19937159999999,17,12.96197070422018,80.2000283897107,0.096,0.096,best,True
6304,N/A,N/A,12.9617233,80.19937159999999,17,12.96197070422018,80.2000283897107,0.096,0.096,best,True
4888,N/A,N/A,12.965527753862734,80.20063223823699,17,12.96197070422018,80.2000283897107,0.584,0.569,best,True
7255,N/A,N/A,12.959995654570266,80.20176521150611,17,12.96197070422018,80.2000283897107,0.676,0.416,best,True
2124,N/A,N/A,12.960620229470395,80.19680518470055,17,12.96197070422018,80.2000283897107,0.527,0.527,best,True
960,N/A,N/A,12.9617233,80.19937159999999,17,12.96197070422018,80.2000283897107,0.096,0.096,best,True
4078,N/A,N/A,12.9605727,80.2009924,17,12.96197070422018,80.2000283897107,0.345,0.335,best,True
8031,N/A,N/A,12.9617233,80.19937159999999,17,12.96197070422018,80.2000283897107,0.096,0.096,best,True
1782,N/A,N/A,12.9617233,80.19937159999999,17,12.96197070422018,80.2000283897107,0.096,0.096,best,True
9012,N/A,N/A,12.9259146,79.88007669999999,19,12.925166898076212,79.88056312953303,0.813,0.531,best,True
11234,N/A,N/A,12.9259146,79.88007669999999,19,12.925166898076212,79.88056312953303,0.813,0.531,best,True
9538,N/A,N/A,12.926480035041491,79.88103740680327,19,12.925166898076212,79.88056312953303,0.691,0.646,best,True
1514,N/A,N/A,12.925457147153194,79.87965062025867,19,12.925166898076212,79.88056312953303,0.939,0.409,best,True
4212,N/A,N/A,12.925764921655796,79.87966412154032,19,12.925166898076212,79.88056312953303,0.89,0.491,best,True
10169,N/A,N/A,13.04759769709823,80.2683828244217,20,13.052583177038434,80.26987230592249,0.653,0.653,best,True
9893,N/A,N/A,13.052873470876186,80.2709632011271,20,13.052583177038434,80.26987230592249,0.11,0.162,best,True
8566,N/A,N/A,13.05336037107751,80.26946697116394,20,13.052583177038434,80.26987230592249,0.143,0.143,best,True
8920,N/A,N/A,13.05556699310604,80.27044239500307,20,13.052583177038434,80.26987230592249,0.395,0.395,best,True
6837,N/A,N/A,13.052215401451464,80.26849387898682,20,13.052583177038434,80.26987230592249,0.267,0.188,best,True
7925,N/A,N/A,13.053364147950532,80.26965986946283,20,13.052583177038434,80.26987230592249,0.147,0.147,best,True
2626,N/A,N/A,13.053366001534776,80.26960324808168,20,13.052583177038434,80.26987230592249,0.141,0.141,best,True
2148,N/A,N/A,13.0483319,80.27066940000002,20,13.052583177038434,80.26987230592249,0.889,0.889,best,True
6608,N/A,N/A,13.0534675,80.2694777,20,13.052583177038434,80.26987230592249,0.144,0.144,best,True
367,N/A,N/A,13.05337720521876,80.26947174753447,20,13.052583177038434,80.26987230592249,0.143,0.143,best,True
971,N/A,N/A,13.053352936147707,80.26973063528823,20,13.052583177038434,80.26987230592249,0.155,0.155,best,True
135,N/A,N/A,13.0541245,80.2721058,20,13.052583177038434,80.26987230592249,0.411,0.411,best,True
11310,N/A,N/A,13.0524579424357,80.27808408719986,21,13.052426482423435,80.27454112957025,0.651,0.651,best,True
8312,N/A,N/A,13.050075766566698,80.27669257591857,21,13.052426482423435,80.27454112957025,0.356,0.356,best,True
10657,N/A,N/A,13.0511782,80.2735032,21,13.052426482423435,80.27454112957025,0.309,0.424,best,True
8849,N/A,N/A,13.0508049,80.27331439999999,21,13.052426482423435,80.27454112957025,0.425,0.425,best,True
3961,N/A,N/A,13.0545783,80.2728964,21,13.052426482423435,80.27454112957025,0.382,0.382,best,True
6207,N/A,N/A,13.0531338,80.2723052,21,13.052426482423435,80.27454112957025,0.256,0.256,best,True
1892,N/A,N/A,13.050130279661778,80.28077181691897,21,13.052426482423435,80.27454112957025,0.733,0.733,best,True
2372,N/A,N/A,13.0529793,80.2736524,21,13.052426482423435,80.27454112957025,0.109,0.109,best,True
327,N/A,N/A,13.0529793,80.2736524,21,13.052426482423435,80.27454112957025,0.109,0.109,best,True
2251,N/A,N/A,13.0529523,80.2736192,21,13.052426482423435,80.27454112957025,0.112,0.112,best,True
6568,N/A,N/A,13.05263,80.27392619999999,21,13.052426482423435,80.27454112957025,0.098,0.098,best,True
6339,N/A,N/A,13.053985389175454,80.27382143521923,21,13.052426482423435,80.27454112957025,0.222,0.222,best,True
624,N/A,N/A,13.0480929,80.2750052,21,13.052426482423435,80.27454112957025,0.618,0.618,best,True
1080,N/A,N/A,13.0551955,80.2736933,21,13.052426482423435,80.27454112957025,0.384,0.384,best,True
6423,N/A,N/A,13.05451747855071,80.27391368079108,21,13.052426482423435,80.27454112957025,0.294,0.294,best,True
6422,N/A,N/A,13.053132362384636,80.27380657707636,21,13.052426482423435,80.27454112957025,0.127,0.127,best,True
5862,N/A,N/A,12.8623509,80.03637660000001,22,12.860031440428735,80.04106476422844,0.843,0.822,best,True
807,N/A,N/A,12.859599824667049,80.04596416537143,22,12.860031440428735,80.04106476422844,0.67,0.67,best,True
3530,N/A,N/A,12.854578345906823,80.03924168786205,22,12.860031440428735,80.04106476422844,0.792,0.774,best,True
7704,N/A,N/A,12.857288161625576,80.03810312670981,22,12.860031440428735,80.04106476422844,0.648,0.624,best,True
7884,N/A,N/A,12.854542210372964,80.03921370542736,22,12.860031440428735,80.04106476422844,0.793,0.773,best,True
10633,N/A,N/A,13.0319649,80.2040092,23,13.034112372476827,80.20523677178619,0.902,0.886,best,True
10366,N/A,N/A,13.03525054700498,80.20860898615891,23,13.034112372476827,80.20523677178619,0.547,0.547,best,True
8291,N/A,N/A,13.035992503874343,80.20353902811067,23,13.034112372476827,80.20523677178619,0.419,0.38,best,True
8931,N/A,N/A,13.03110105210038,80.20255768913967,23,13.034112372476827,80.20523677178619,0.929,0.914,best,True
10873,N/A,N/A,13.035954475620844,80.20396868639342,23,13.034112372476827,80.20523677178619,0.463,0.333,best,True
9,N/A,N/A,13.03525054700498,80.20860898615891,23,13.034112372476827,80.20523677178619,0.547,0.547,best,True
7939,N/A,N/A,13.036030316942012,80.20360020849371,23,13.034112372476827,80.20523677178619,0.425,0.374,best,True
6487,N/A,N/A,13.03525054700498,80.20860898615891,23,13.034112372476827,80.20523677178619,0.547,0.547,best,True
4036,N/A,N/A,13.035951839212911,80.20388754642352,23,13.034112372476827,80.20523677178619,0.457,0.342,best,True
2168,N/A,N/A,13.032419822941744,80.20536687670815,23,13.034112372476827,80.20523677178619,0.98,0.964,best,True
3429,N/A,N/A,13.031043,80.20275099999999,23,13.034112372476827,80.20523677178619,0.937,0.922,best,True
5307,N/A,N/A,13.035131224091286,80.20631441964339,23,13.034112372476827,80.20523677178619,0.342,0.342,best,True
2400,N/A,N/A,13.035967424324376,80.20406148191009,23,13.034112372476827,80.20523677178619,0.476,0.323,best,True
9136,N/A,N/A,13.033865,80.200558,24,13.035103924019829,80.20038346786217,0.287,0.287,best,True
10150,N/A,N/A,13.0371765,80.20003779999999,24,13.035103924019829,80.20038346786217,0.725,0.475,best,True
9993,N/A,N/A,13.036316538003144,80.20140600522103,24,13.035103924019829,80.20038346786217,0.23,0.23,best,True
8644,N/A,N/A,13.0362628,80.20167769999999,24,13.035103924019829,80.20038346786217,0.269,0.269,best,True
8717,N/A,N/A,13.036324813277052,80.20167932030384,24,13.035103924019829,80.20038346786217,0.268,0.268,best,True
5950,N/A,N/A,13.0364902,80.1990038,24,13.035103924019829,80.20038346786217,0.614,0.477,best,True
1284,N/A,N/A,13.0367328,80.2014156,24,13.035103924019829,80.20038346786217,0.276,0.276,best,True
6840,N/A,N/A,13.0354636,80.2024684,24,13.035103924019829,80.20038346786217,0.281,0.281,best,True
4759,N/A,N/A,13.0315891,80.200667,24,13.035103924019829,80.20038346786217,0.481,0.481,best,True
2578,N/A,N/A,13.033032007758182,80.19896212958722,24,13.035103924019829,80.20038346786217,0.603,0.556,best,True
3415,N/A,N/A,13.0362732,80.2010833,24,13.035103924019829,80.20038346786217,0.798,0.27,best,True
5389,N/A,N/A,13.03383589716275,80.19778642062879,24,13.035103924019829,80.20038346786217,0.452,0.452,best,True
3274,N/A,N/A,13.032988556056642,80.19823960646752,24,13.035103924019829,80.20038346786217,0.654,0.592,best,True
8214,N/A,N/A,13.31973201783807,80.18243473705797,25,13.319754069010145,80.18257640712582,0.013,0.013,best,True
8285,N/A,N/A,13.319767751357704,80.18258721234461,25,13.319754069010145,80.18257640712582,0.002,0.001,best,True
10021,N/A,N/A,13.3197657,80.18252059999999,25,13.319754069010145,80.18257640712582,0.012,0.001,best,True
2818,N/A,N/A,13.31973088225662,80.182486278071,25,13.319754069010145,80.18257640712582,0.01,0.01,best,True
1411,N/A,N/A,13.319716701149291,80.18251931804775,25,13.319754069010145,80.18257640712582,0.007,0.007,best,True
2480,N/A,N/A,13.319627573493944,80.18305786053695,25,13.319754069010145,80.18257640712582,0.05,0.05,best,True
191,N/A,N/A,13.3197424,80.182458,25,13.319754069010145,80.18257640712582,0.013,0.013,best,True
5753,N/A,N/A,13.319937894995665,80.18260305807406,25,13.319754069010145,80.18257640712582,0.02,0.02,best,True
2746,N/A,N/A,13.3197657,80.18252059999999,25,13.319754069010145,80.18257640712582,0.012,0.001,best,True
11320,N/A,N/A,13.112429921383088,80.23155958441608,26,13.112819497624377,80.23166147150762,0.058,0.058,best,True
9420,N/A,N/A,13.112437131180368,80.23169671324465,26,13.112819497624377,80.23166147150762,0.041,0.041,best,True
9236,N/A,N/A,13.1155325,80.2313465,26,13.112819497624377,80.23166147150762,0.34,0.34,best,True
9428,N/A,N/A,13.113431283046076,80.23418783732615,26,13.112819497624377,80.23166147150762,0.875,0.641,best,True
9548,N/A,N/A,13.112409144479324,80.23158807898622,26,13.112819497624377,80.23166147150762,0.055,0.055,best,True
8959,N/A,N/A,13.10985279074832,80.23340745999127,26,13.112819497624377,80.23166147150762,0.477,0.477,best,True
8179,N/A,N/A,13.109350089583833,80.23323938198479,26,13.112819497624377,80.23166147150762,0.507,0.507,best,True
783,N/A,N/A,13.1138824,80.2295172,26,13.112819497624377,80.23166147150762,0.429,0.429,best,True
3501,N/A,N/A,13.116039596362995,80.23179274310255,26,13.112819497624377,80.23166147150762,0.369,0.369,best,True
3397,N/A,N/A,13.1087236,80.2282183,26,13.112819497624377,80.23166147150762,0.946,0.878,best,True
6619,N/A,N/A,13.115975013283432,80.23169136566239,26,13.112819497624377,80.23166147150762,0.353,0.353,best,True
3781,N/A,N/A,13.110970840961688,80.23132110382802,26,13.112819497624377,80.23166147150762,0.235,0.235,best,True
4519,N/A,N/A,13.112552374928317,80.23153532923753,26,13.112819497624377,80.23166147150762,0.06,0.06,best,True
5578,N/A,N/A,13.112799579652972,80.22983071819976,26,13.112819497624377,80.23166147150762,0.251,0.251,best,True
2723,N/A,N/A,13.114516610017416,80.23362379057667,26,13.112819497624377,80.23166147150762,0.65,0.445,best,True
5790,N/A,N/A,13.1116221,80.22942220000002,26,13.112819497624377,80.23166147150762,0.476,0.366,best,True
9109,N/A,N/A,13.11373979919333,80.2355011057262,27,13.11266796087732,80.23711250750029,0.214,0.214,best,True
4297,N/A,N/A,13.112210423410636,80.23776249911448,27,13.11266796087732,80.23711250750029,0.087,0.087,best,True
984,N/A,N/A,13.11332448091087,80.23611975339391,27,13.11266796087732,80.23711250750029,0.13,0.13,best,True
1827,N/A,N/A,13.111914288357813,80.23817477250687,27,13.11266796087732,80.23711250750029,0.142,0.142,best,True
5033,N/A,N/A,13.11189906557248,80.23825635650083,27,13.11266796087732,80.23711250750029,0.151,0.151,best,True
6981,N/A,N/A,13.1119067,80.2380634,27,13.11266796087732,80.23711250750029,0.133,0.133,best,True
7168,N/A,N/A,13.1119067,80.2380634,27,13.11266796087732,80.23711250750029,0.133,0.133,best,True
4947,N/A,N/A,13.113549707533735,80.23558772287802,27,13.11266796087732,80.23711250750029,0.192,0.192,best,True
2126,N/A,N/A,13.113621061697115,80.23545823963214,27,13.11266796087732,80.23711250750029,0.208,0.208,best,True
7342,N/A,N/A,13.11372056622475,80.23534845248432,27,13.11266796087732,80.23711250750029,0.224,0.224,best,True
2118,N/A,N/A,13.113595863996348,80.23556590204252,27,13.11266796087732,80.23711250750029,0.197,0.197,best,True
406,N/A,N/A,13.11187207195081,80.23820176507999,27,13.11266796087732,80.23711250750029,0.147,0.147,best,True
1433,N/A,N/A,13.113863209068295,80.23525233491281,27,13.11266796087732,80.23711250750029,0.242,0.242,best,True
8553,N/A,N/A,13.089422242638632,80.18173483253416,28,13.090192238085855,80.18231688503526,0.239,0.239,best,True
8527,N/A,N/A,13.091893,80.180358,28,13.090192238085855,80.18231688503526,0.519,0.421,best,True
7164,N/A,N/A,13.091141,80.18320120000001,28,13.090192238085855,80.18231688503526,0.349,0.218,best,True
5022,N/A,N/A,13.091141,80.18320120000001,28,13.090192238085855,80.18231688503526,0.349,0.218,best,True
5641,N/A,N/A,13.092212658323032,80.18258441929223,28,13.090192238085855,80.18231688503526,0.375,0.28,best,True
3271,N/A,N/A,13.091141,80.18320120000001,28,13.090192238085855,80.18231688503526,0.349,0.218,best,True
1363,N/A,N/A,13.0923814,80.1808301,28,13.090192238085855,80.18231688503526,0.405,0.405,best,True
4361,N/A,N/A,13.088334193619016,80.18255644965518,28,13.090192238085855,80.18231688503526,0.265,0.265,best,True
3069,N/A,N/A,13.091141,80.18320120000001,28,13.090192238085855,80.18231688503526,0.349,0.218,best,True
7324,N/A,N/A,13.088169429154991,80.18261902766156,28,13.090192238085855,80.18231688503526,0.99,0.29,best,True
5096,N/A,N/A,13.090675974367976,80.18078721188661,28,13.090192238085855,80.18231688503526,0.334,0.28,best,True
3412,N/A,N/A,13.0879659257836,80.18266439960108,28,13.090192238085855,80.18231688503526,0.356,0.356,best,True
1746,N/A,N/A,13.088101183417129,80.18257741846942,28,13.090192238085855,80.18231688503526,0.284,0.284,best,True
4160,N/A,N/A,13.089615386722633,80.18179190151906,28,13.090192238085855,80.18231688503526,0.115,0.115,best,True
3520,N/A,N/A,13.089453481482622,80.18161136251595,28,13.090192238085855,80.18231688503526,0.252,0.252,best,True
1158,N/A,N/A,13.091141,80.18320120000001,28,13.090192238085855,80.18231688503526,0.349,0.218,best,True
6151,N/A,N/A,13.088025210035756,80.18247900749937,28,13.090192238085855,80.18231688503526,0.336,0.336,best,True
6325,N/A,N/A,13.0915052,80.1831038,28,13.090192238085855,80.18231688503526,0.38,0.284,best,True
9975,N/A,N/A,13.090359076366868,80.18871795456562,29,13.088511881401072,80.18553849107947,0.55,0.55,best,True
10614,N/A,N/A,13.0883392,80.1846499,29,13.088511881401072,80.18553849107947,0.188,0.188,best,True
7394,N/A,N/A,13.088004989790164,80.1851512750545,29,13.088511881401072,80.18553849107947,0.086,0.086,best,True
4115,N/A,N/A,13.087719277126336,80.18506360654057,29,13.088511881401072,80.18553849107947,0.699,0.104,best,True
4094,N/A,N/A,13.0886729,80.1838204,29,13.088511881401072,80.18553849107947,0.301,0.301,best,True
4041,N/A,N/A,13.087789245661956,80.18452442574767,29,13.088511881401072,80.18553849107947,0.762,0.222,best,True
891,N/A,N/A,13.088054483963113,80.18529582034427,29,13.088511881401072,80.18553849107947,0.07,0.07,best,True
3732,N/A,N/A,13.0894089,80.1862339,29,13.088511881401072,80.18553849107947,0.19,0.19,best,True
4548,N/A,N/A,13.08779913494745,80.18516216502118,29,13.088511881401072,80.18553849107947,0.709,0.094,best,True
3374,N/A,N/A,13.087873331370556,80.18522019027162,29,13.088511881401072,80.18553849107947,0.715,0.088,best,True
7706,N/A,N/A,13.0895100279086,80.18679786545636,29,13.088511881401072,80.18553849107947,0.383,0.267,best,True
5376,N/A,N/A,13.087777773485875,80.18544678002058,29,13.088511881401072,80.18553849107947,0.255,0.094,best,True
7967,N/A,N/A,13.09114119851569,80.18678890105814,29,13.088511881401072,80.18553849107947,0.416,0.416,best,True
1475,N/A,N/A,13.087812016569556,80.18514194509896,29,13.088511881401072,80.18553849107947,0.707,0.096,best,True
3718,N/A,N/A,13.08809600202907,80.18551245057118,29,13.088511881401072,80.18553849107947,0.046,0.046,best,True
7160,N/A,N/A,13.087832544681913,80.1850882775209,29,13.088511881401072,80.18553849107947,0.701,0.102,best,True
8518,N/A,N/A,13.095097,80.185538,30,13.094709031049605,80.18352774843011,0.553,0.408,best,True
10845,N/A,N/A,13.0950093,80.1827986,30,13.094709031049605,80.18352774843011,0.747,0.747,best,True
3237,N/A,N/A,13.0931467,80.1855878,30,13.094709031049605,80.18352774843011,0.778,0.455,best,True
5443,N/A,N/A,13.095456608685264,80.18147554500419,30,13.094709031049605,80.18352774843011,0.674,0.674,best,True
7271,N/A,N/A,13.0953868,80.1807211,30,13.094709031049605,80.18352774843011,0.763,0.763,best,True
6646,N/A,N/A,13.095170108661982,80.18090089400653,30,13.094709031049605,80.18352774843011,0.788,0.788,best,True
9539,N/A,N/A,12.9476739,80.1478065,31,12.945389218944674,80.14630712216567,0.457,0.457,best,True
10151,N/A,N/A,12.9438238,80.1430373,31,12.945389218944674,80.14630712216567,0.607,0.514,best,True
2577,N/A,N/A,12.9438238,80.1430373,31,12.945389218944674,80.14630712216567,0.607,0.514,best,True
7006,N/A,N/A,12.944271501411038,80.14788385463932,31,12.945389218944674,80.14630712216567,0.322,0.265,best,True
2696,N/A,N/A,12.94597919831037,80.14446187108611,31,12.945389218944674,80.14630712216567,0.226,0.226,best,True
7446,N/A,N/A,12.9428614,80.1425876,31,12.945389218944674,80.14630712216567,0.782,0.689,best,True
3842,N/A,N/A,12.9497343,80.1503942,31,12.945389218944674,80.14630712216567,0.927,0.922,best,True
3778,N/A,N/A,12.942589023991909,80.14273872953622,31,12.945389218944674,80.14630712216567,0.756,0.663,best,True
3505,N/A,N/A,12.941387625899942,80.14554853661323,31,12.945389218944674,80.14630712216567,0.836,0.606,best,True
7865,N/A,N/A,12.941399796838468,80.14555985171633,31,12.945389218944674,80.14630712216567,0.832,0.603,best,True
8201,N/A,N/A,13.3336019,79.8935321,32,13.333623075803633,79.89158254970053,0.28,0.28,best,True
8199,N/A,N/A,13.333818715892267,79.89172921125179,32,13.333623075803633,79.89158254970053,0.027,0.027,best,True
3794,N/A,N/A,13.3343209,79.8939963,32,13.333623075803633,79.89158254970053,0.309,0.309,best,True
8149,N/A,N/A,13.333794913299354,79.89180371902225,32,13.333623075803633,79.89158254970053,0.03,0.03,best,True
3671,N/A,N/A,13.334115470813956,79.8935931087122,32,13.333623075803633,79.89158254970053,0.234,0.234,best,True
7095,N/A,N/A,13.330488973182693,79.88743158687949,32,13.333623075803633,79.89158254970053,0.575,0.575,best,True
360,N/A,N/A,13.333876837153309,79.88893964178972,32,13.333623075803633,79.89158254970053,0.407,0.407,best,True
2550,N/A,N/A,13.333751190382008,79.89171074415285,32,13.333623075803633,79.89158254970053,0.02,0.02,best,True
2708,N/A,N/A,13.334003051791642,79.89130902322701,32,13.333623075803633,79.89158254970053,0.103,0.103,best,True
186,N/A,N/A,13.333503993033627,79.89161380005498,32,13.333623075803633,79.89158254970053,0.009,0.009,best,True
170,N/A,N/A,13.3343209,79.8939963,32,13.333623075803633,79.89158254970053,0.309,0.309,best,True
2855,N/A,N/A,13.333634195606418,79.88912956405983,32,13.333623075803633,79.89158254970053,0.332,0.332,best,True
1970,N/A,N/A,13.333868944291952,79.89178804695665,32,13.333623075803633,79.89158254970053,0.037,0.037,best,True
8666,N/A,N/A,13.101822316660147,80.108418082799,33,13.100208059453053,80.10892557652001,0.249,0.249,best,True
9036,N/A,N/A,13.102470059185029,80.10846703708806,33,13.100208059453053,80.10892557652001,0.322,0.322,best,True
8357,N/A,N/A,13.0969574,80.1098598,33,13.100208059453053,80.10892557652001,0.625,0.58,best,True
7223,N/A,N/A,13.098832676444134,80.10940351740595,33,13.100208059453053,80.10892557652001,0.184,0.184,best,True
846,N/A,N/A,13.10231754363244,80.10843973372018,33,13.100208059453053,80.10892557652001,0.305,0.305,best,True
4019,N/A,N/A,13.099258276662464,80.1083132686697,33,13.100208059453053,80.10892557652001,0.198,0.198,best,True
6827,N/A,N/A,13.101615751095649,80.11157183695138,33,13.100208059453053,80.10892557652001,0.59,0.589,best,True
7904,N/A,N/A,13.0993774,80.11000229999999,33,13.100208059453053,80.10892557652001,0.194,0.194,best,True
4502,N/A,N/A,13.102669,80.108437,33,13.100208059453053,80.10892557652001,0.344,0.344,best,True
4228,N/A,N/A,13.099686525143756,80.10826677393943,33,13.100208059453053,80.10892557652001,0.149,0.149,best,True
3320,N/A,N/A,13.0991952,80.1123352,33,13.100208059453053,80.10892557652001,0.541,0.541,best,True
4675,N/A,N/A,13.098583224946696,80.10847880527953,33,13.100208059453053,80.10892557652001,0.293,0.245,best,True
568,N/A,N/A,13.102669,80.108437,33,13.100208059453053,80.10892557652001,0.344,0.344,best,True
4998,N/A,N/A,13.1014198,80.1065718,33,13.100208059453053,80.10892557652001,0.361,0.361,best,True
4826,N/A,N/A,13.098619946170295,80.10842868956338,33,13.100208059453053,80.10892557652001,0.298,0.24,best,True
7850,N/A,N/A,13.0993774,80.11000229999999,33,13.100208059453053,80.10892557652001,0.194,0.194,best,True
5229,N/A,N/A,13.10021322769286,80.10832365807384,33,13.100208059453053,80.10892557652001,0.07,0.07,best,True
7316,N/A,N/A,13.098654580971054,80.1084176860138,33,13.100208059453053,80.10892557652001,0.285,0.229,best,True
6883,N/A,N/A,13.099579461553738,80.10836956750494,33,13.100208059453053,80.10892557652001,0.388,0.126,best,True
5132,N/A,N/A,13.098682262379633,80.10842553288546,33,13.100208059453053,80.10892557652001,0.288,0.226,best,True
7440,N/A,N/A,13.102368195976211,80.10846751702552,33,13.100208059453053,80.10892557652001,0.31,0.31,best,True
6902,N/A,N/A,13.1042611,80.1037721,34,13.104604541602832,80.10536026903213,0.298,0.297,best,True
917,N/A,N/A,13.1042611,80.1037721,34,13.104604541602832,80.10536026903213,0.298,0.297,best,True
7738,N/A,N/A,13.1042611,80.1037721,34,13.104604541602832,80.10536026903213,0.298,0.297,best,True
516,N/A,N/A,13.1042611,80.1037721,34,13.104604541602832,80.10536026903213,0.298,0.297,best,True
2266,N/A,N/A,13.1042611,80.1037721,34,13.104604541602832,80.10536026903213,0.298,0.297,best,True
7203,N/A,N/A,13.1042611,80.1037721,34,13.104604541602832,80.10536026903213,0.298,0.297,best,True
9275,N/A,N/A,13.047231,80.08013059999999,35,13.046331516092897,80.07971934754875,0.145,0.145,best,True
10706,N/A,N/A,13.04721899019566,80.08061564948115,35,13.046331516092897,80.07971934754875,0.17,0.17,best,True
11158,N/A,N/A,13.0475182,80.0788929,35,13.046331516092897,80.07971934754875,0.482,0.384,best,True
10788,N/A,N/A,13.050041071989511,80.07923104392306,35,13.046331516092897,80.07971934754875,0.785,0.785,best,True
11336,N/A,N/A,13.047231,80.08013059999999,35,13.046331516092897,80.07971934754875,0.145,0.145,best,True
11349,N/A,N/A,13.04494,80.0815897,35,13.046331516092897,80.07971934754875,0.411,0.393,best,True
2991,N/A,N/A,13.045479079864275,80.07875691180978,35,13.046331516092897,80.07971934754875,0.261,0.261,best,True
2396,N/A,N/A,13.044244,80.0840477,35,13.046331516092897,80.07971934754875,0.913,0.913,best,True
2092,N/A,N/A,13.047231,80.08013059999999,35,13.046331516092897,80.07971934754875,0.145,0.145,best,True
2236,N/A,N/A,13.0472604,80.0789885,35,13.046331516092897,80.07971934754875,0.283,0.283,best,True
2384,N/A,N/A,13.0440585,80.0805417,35,13.046331516092897,80.07971934754875,0.427,0.427,best,True
5633,N/A,N/A,13.0444818,80.0788007,35,13.046331516092897,80.07971934754875,0.327,0.327,best,True
5408,N/A,N/A,13.047061110136422,80.08056039218134,35,13.046331516092897,80.07971934754875,0.161,0.161,best,True
5861,N/A,N/A,13.0444203636005,80.07886310614981,35,13.046331516092897,80.07971934754875,0.321,0.321,best,True
6589,N/A,N/A,13.043052871716554,80.07680224984728,35,13.046331516092897,80.07971934754875,0.717,0.694,best,True
586,N/A,N/A,13.028637233136015,80.08045213082205,36,13.025830986345735,80.0799272126047,0.319,0.319,best,True
2901,N/A,N/A,13.023024739555453,80.07940229438735,36,13.025830986345735,80.0799272126047,0.498,0.498,best,True
10156,N/A,N/A,13.1891462,80.1842525,37,13.192016789747656,80.18666897098741,0.795,0.795,best,True
9387,N/A,N/A,13.1917566,80.18729239999999,37,13.192016789747656,80.18666897098741,0.128,0.128,best,True
10730,N/A,N/A,13.1929122,80.1839626,37,13.192016789747656,80.18666897098741,0.851,0.479,best,True
8390,N/A,N/A,13.1929122,80.1839626,37,13.192016789747656,80.18666897098741,0.851,0.479,best,True
8185,N/A,N/A,13.189428,80.1861112,37,13.192016789747656,80.18666897098741,0.405,0.405,best,True
6104,N/A,N/A,13.1885327,80.1838361,37,13.192016789747656,80.18666897098741,0.783,0.783,best,True
2544,N/A,N/A,13.189996019949296,80.1870225881285,37,13.192016789747656,80.18666897098741,0.294,0.294,best,True
3987,N/A,N/A,13.1899945,80.1869593,37,13.192016789747656,80.18666897098741,0.296,0.296,best,True
6928,N/A,N/A,13.1890625,80.1846251,37,13.192016789747656,80.18666897098741,0.581,0.581,best,True
2294,N/A,N/A,13.1915505,80.1860726,37,13.192016789747656,80.18666897098741,0.155,0.155,best,True
4800,N/A,N/A,13.1929122,80.1839626,37,13.192016789747656,80.18666897098741,0.851,0.479,best,True
71,N/A,N/A,13.1915505,80.1860726,37,13.192016789747656,80.18666897098741,0.155,0.155,best,True
10269,N/A,N/A,13.1398108,80.2058313,38,13.138992896195143,80.20704721738822,0.193,0.193,best,True
11256,N/A,N/A,13.1404463,80.2085072,38,13.138992896195143,80.20704721738822,0.81,0.81,best,True
9067,N/A,N/A,13.137537039653328,80.20577013051026,38,13.138992896195143,80.20704721738822,0.386,0.386,best,True
11324,N/A,N/A,13.1398108,80.2058313,38,13.138992896195143,80.20704721738822,0.193,0.193,best,True
10134,N/A,N/A,13.1374822,80.2087677,38,13.138992896195143,80.20704721738822,0.407,0.407,best,True
9345,N/A,N/A,13.1374836,80.2088431,38,13.138992896195143,80.20704721738822,0.409,0.409,best,True
8853,N/A,N/A,13.1398108,80.2058313,38,13.138992896195143,80.20704721738822,0.193,0.193,best,True
4980,N/A,N/A,13.136024353723457,80.20917998238276,38,13.138992896195143,80.20704721738822,0.469,0.469,best,True
287,N/A,N/A,13.1403903,80.2081013,38,13.138992896195143,80.20704721738822,0.813,0.813,best,True
5083,N/A,N/A,13.1363862,80.2092078,38,13.138992896195143,80.20704721738822,0.471,0.471,best,True
4848,N/A,N/A,13.139483756913608,80.20613481480534,38,13.138992896195143,80.20704721738822,0.126,0.126,best,True
863,N/A,N/A,13.1398108,80.2058313,38,13.138992896195143,80.20704721738822,0.193,0.193,best,True
1195,N/A,N/A,13.1375952,80.2080489,38,13.138992896195143,80.20704721738822,0.288,0.288,best,True
3467,N/A,N/A,13.138674991700531,80.20684358939984,38,13.138992896195143,80.20704721738822,0.081,0.081,best,True
3669,N/A,N/A,13.140159554851722,80.20829445863396,38,13.138992896195143,80.20704721738822,0.838,0.838,best,True
1650,N/A,N/A,13.1399016,80.2063715,38,13.138992896195143,80.20704721738822,0.164,0.164,best,True
429,N/A,N/A,13.13961722706024,80.20605477203209,38,13.138992896195143,80.20704721738822,0.15,0.15,best,True
4513,N/A,N/A,13.1398108,80.2058313,38,13.138992896195143,80.20704721738822,0.193,0.193,best,True
461,N/A,N/A,13.1398108,80.2058313,38,13.138992896195143,80.20704721738822,0.193,0.193,best,True
6097,N/A,N/A,13.1398108,80.2058313,38,13.138992896195143,80.20704721738822,0.193,0.193,best,True
9923,N/A,N/A,13.1306389,80.2067848,39,13.13332521140331,80.20564550153813,0.451,0.411,best,True
10732,N/A,N/A,13.13286741717968,80.2058381013097,39,13.13332521140331,80.20564550153813,0.13,0.13,best,True
4566,N/A,N/A,13.1342176,80.20583810000001,39,13.13332521140331,80.20564550153813,0.201,0.201,best,True
7238,N/A,N/A,13.1342176,80.20583810000001,39,13.13332521140331,80.20564550153813,0.201,0.201,best,True
7406,N/A,N/A,13.131013150716482,80.20418583579064,39,13.13332521140331,80.20564550153813,0.596,0.596,best,True
7887,N/A,N/A,13.133190197437983,80.20632090155172,39,13.13332521140331,80.20564550153813,0.082,0.082,best,True
8025,N/A,N/A,13.13055653597936,80.20212162961738,39,13.13332521140331,80.20564550153813,0.832,0.832,best,True
7828,N/A,N/A,13.1342176,80.20583810000001,39,13.13332521140331,80.20564550153813,0.201,0.201,best,True
3292,N/A,N/A,13.1342176,80.20583810000001,39,13.13332521140331,80.20564550153813,0.201,0.201,best,True
809,N/A,N/A,13.131318722398538,80.20400534324109,39,13.13332521140331,80.20564550153813,0.666,0.666,best,True
6404,N/A,N/A,13.132798291718036,80.20781246289575,39,13.13332521140331,80.20564550153813,0.281,0.281,best,True
3428,N/A,N/A,13.1342176,80.20583810000001,39,13.13332521140331,80.20564550153813,0.201,0.201,best,True
5819,N/A,N/A,13.1342176,80.20583810000001,39,13.13332521140331,80.20564550153813,0.201,0.201,best,True
6657,N/A,N/A,13.1342176,80.20583810000001,39,13.13332521140331,80.20564550153813,0.201,0.201,best,True
24,N/A,N/A,13.1334144,80.2029568,39,13.13332521140331,80.20564550153813,0.412,0.412,best,True
495,N/A,N/A,13.1356824,80.2047873,39,13.13332521140331,80.20564550153813,0.5,0.5,best,True
7701,N/A,N/A,13.1342176,80.20583810000001,39,13.13332521140331,80.20564550153813,0.201,0.201,best,True
11322,N/A,N/A,13.1360238,80.20278549999999,40,13.136613725712564,80.20166004808756,0.314,0.314,best,True
6987,N/A,N/A,13.1347657,80.1998737,40,13.136613725712564,80.20166004808756,0.895,0.895,best,True
1121,N/A,N/A,13.138109454153923,80.20366351677377,40,13.136613725712564,80.20166004808756,0.653,0.653,best,True
2598,N/A,N/A,13.1377809,80.2022954,40,13.136613725712564,80.20166004808756,0.549,0.549,best,True
11064,N/A,N/A,12.9892237,80.2622016,41,12.990180563972437,80.25729950948318,0.65,0.561,best,True
9576,N/A,N/A,12.995102904767826,80.2567392269164,41,12.990180563972437,80.25729950948318,0.743,0.74,best,True
9339,N/A,N/A,12.9884141466756,80.26035401014822,41,12.990180563972437,80.25729950948318,0.524,0.524,best,True
10227,N/A,N/A,12.99538885404472,80.2524761693115,41,12.990180563972437,80.25729950948318,0.952,0.952,best,True
5947,N/A,N/A,12.991468799532743,80.25614870661366,41,12.990180563972437,80.25729950948318,0.255,0.255,best,True
2309,N/A,N/A,12.9903533,80.2604673,41,12.990180563972437,80.25729950948318,0.384,0.384,best,True
10778,N/A,N/A,12.883492572282462,80.15762056718698,43,12.883219857427486,80.16188098906234,0.78,0.78,best,True
1980,N/A,N/A,12.8836389,80.1575098,43,12.883219857427486,80.16188098906234,0.797,0.797,best,True
11241,N/A,N/A,12.79593995186487,79.81552524869811,44,12.793846769587306,79.81830777162992,0.703,0.64,best,True
5486,N/A,N/A,12.7927854,79.81753429999999,44,12.793846769587306,79.81830777162992,0.172,0.172,best,True
3018,N/A,N/A,12.792003771638518,79.817133987956,44,12.793846769587306,79.81830777162992,0.273,0.273,best,True
3286,N/A,N/A,12.792268848094045,79.81733869805987,44,12.793846769587306,79.81830777162992,0.233,0.233,best,True
713,N/A,N/A,12.7937883,79.8182932,44,12.793846769587306,79.81830777162992,0.001,0.001,best,True
1407,N/A,N/A,12.7947909,79.82127000000001,44,12.793846769587306,79.81830777162992,0.433,0.433,best,True
5041,N/A,N/A,12.792001247576913,79.81722635845006,44,12.793846769587306,79.81830777162992,0.268,0.268,best,True
5035,N/A,N/A,12.792161974411489,79.81727010434952,44,12.793846769587306,79.81830777162992,0.247,0.247,best,True
10099,N/A,N/A,13.105917806387133,80.28029780963806,46,13.105838236546054,80.2806064957233,0.036,0.036,best,True
10117,N/A,N/A,13.106381590924238,80.28018471271255,46,13.105838236546054,80.2806064957233,0.159,0.127,best,True
10002,N/A,N/A,13.1062861,80.2801478,46,13.105838236546054,80.2806064957233,0.153,0.121,best,True
11329,N/A,N/A,13.1057965,80.280307,46,13.105838236546054,80.2806064957233,0.035,0.035,best,True
9111,N/A,N/A,13.106252794827103,80.28008277964872,46,13.105838236546054,80.2806064957233,0.139,0.107,best,True
7540,N/A,N/A,13.1062861,80.2801478,46,13.105838236546054,80.2806064957233,0.153,0.121,best,True
6475,N/A,N/A,13.106353050123449,80.280199616653,46,13.105838236546054,80.2806064957233,0.16,0.127,best,True
6753,N/A,N/A,13.106199384838854,80.28011847245536,46,13.105838236546054,80.2806064957233,0.134,0.101,best,True
4364,N/A,N/A,13.1061299,80.2801429,46,13.105838236546054,80.2806064957233,0.084,0.084,best,True
5789,N/A,N/A,13.106733194182109,80.2807421361885,46,13.105838236546054,80.2806064957233,0.256,0.223,best,True
3683,N/A,N/A,13.1056702,80.2798624,46,13.105838236546054,80.2806064957233,0.23,0.11,best,True
4307,N/A,N/A,13.1062861,80.2801478,46,13.105838236546054,80.2806064957233,0.153,0.121,best,True
9406,N/A,N/A,13.1014286,80.2785242,47,13.101613990290065,80.27566755127637,0.705,0.677,best,True
6629,N/A,N/A,13.103920583110508,80.27630820916495,47,13.101613990290065,80.27566755127637,0.568,0.568,best,True
5889,N/A,N/A,13.102733,80.2768866,47,13.101613990290065,80.27566755127637,0.494,0.494,best,True
660,N/A,N/A,13.101126,80.274931,47,13.101613990290065,80.27566755127637,0.698,0.23,best,True
311,N/A,N/A,13.101462235346805,80.27463754065789,47,13.101613990290065,80.27566755127637,0.224,0.183,best,True
2771,N/A,N/A,13.0986663,80.2767338,47,13.101613990290065,80.27566755127637,0.699,0.65,best,True
1388,N/A,N/A,13.1002489,80.2754375,47,13.101613990290065,80.27566755127637,0.633,0.363,best,True
2585,N/A,N/A,13.101845044725843,80.27456500417895,47,13.101613990290065,80.27566755127637,0.141,0.141,best,True
4316,N/A,N/A,13.101037339717504,80.27497105876206,47,13.101613990290065,80.27566755127637,0.687,0.241,best,True
11253,N/A,N/A,13.166714212010104,80.0960178466786,48,13.169152298102222,80.095799969248,0.402,0.396,best,True
11298,N/A,N/A,13.1664795,80.09555,48,13.169152298102222,80.095799969248,0.426,0.421,best,True
8282,N/A,N/A,13.165793,80.0973142,48,13.169152298102222,80.095799969248,0.671,0.539,best,True
10587,N/A,N/A,13.167072116934564,80.09839241831148,48,13.169152298102222,80.095799969248,0.513,0.495,best,True
3738,N/A,N/A,13.1697039124078,80.09201403523984,48,13.169152298102222,80.095799969248,0.724,0.529,best,True
3265,N/A,N/A,13.166976971571962,80.09840434242334,48,13.169152298102222,80.095799969248,0.457,0.439,best,True
5526,N/A,N/A,13.1668935487326,80.09844147486878,48,13.169152298102222,80.095799969248,0.485,0.467,best,True
6117,N/A,N/A,13.166659297791035,80.09846970478202,48,13.169152298102222,80.095799969248,0.492,0.474,best,True
3622,N/A,N/A,13.1654618,80.0970199,48,13.169152298102222,80.095799969248,0.717,0.585,best,True
2505,N/A,N/A,13.1727078101659,80.09167137756661,48,13.169152298102222,80.095799969248,0.688,0.688,best,True
5409,N/A,N/A,13.172789078076947,80.09162250374378,48,13.169152298102222,80.095799969248,0.695,0.695,best,True
11279,N/A,N/A,13.045079513198168,80.15990252023774,49,13.046577390558658,80.16388042163855,0.909,0.684,best,True
10516,N/A,N/A,13.0485154,80.16047689999999,49,13.046577390558658,80.16388042163855,0.569,0.569,best,True
11262,N/A,N/A,13.042589005833351,80.16370408043882,49,13.046577390558658,80.16388042163855,0.463,0.463,best,True
9794,N/A,N/A,13.043905393507815,80.16165829904476,49,13.046577390558658,80.16388042163855,0.561,0.536,best,True
10588,N/A,N/A,13.0490321,80.1581205,49,13.046577390558658,80.16388042163855,0.874,0.874,best,True
8544,N/A,N/A,13.04327646297171,80.1652277105387,49,13.046577390558658,80.16388042163855,0.63,0.544,best,True
6689,N/A,N/A,13.04276441250956,80.16381054689487,49,13.046577390558658,80.16388042163855,0.441,0.441,best,True
6028,N/A,N/A,13.0427340704945,80.16376597033789,49,13.046577390558658,80.16388042163855,0.447,0.447,best,True
3516,N/A,N/A,13.0472631,80.1645751,49,13.046577390558658,80.16388042163855,0.176,0.176,best,True
3252,N/A,N/A,13.0481783,80.1647926,49,13.046577390558658,80.16388042163855,0.28,0.28,best,True
7778,N/A,N/A,13.125528515056136,80.02012917518603,50,13.125820617345203,80.02648770030501,0.96,0.876,best,True
6890,N/A,N/A,13.12422951572174,80.03181913650562,50,13.125820617345203,80.02648770030501,0.769,0.769,best,True
1209,N/A,N/A,13.1244914,80.0300507,50,13.125820617345203,80.02648770030501,0.554,0.554,best,True
6908,N/A,N/A,13.128247340965626,80.02859304399517,50,13.125820617345203,80.02648770030501,0.686,0.686,best,True
6933,N/A,N/A,13.126202443163915,80.02106707271308,50,13.125820617345203,80.02648770030501,0.954,0.87,best,True
6127,N/A,N/A,13.127393428746476,80.0305301252759,50,13.125820617345203,80.02648770030501,0.639,0.639,best,True
4837,N/A,N/A,13.1248843,80.0244385,50,13.125820617345203,80.02648770030501,0.447,0.363,best,True
3841,N/A,N/A,13.124804365171643,80.02459079941337,50,13.125820617345203,80.02648770030501,0.432,0.348,best,True
7377,N/A,N/A,13.12583336414118,80.03105538556721,50,13.125820617345203,80.02648770030501,0.943,0.666,best,True
3352,N/A,N/A,13.1285421,80.0265741,50,13.125820617345203,80.02648770030501,0.529,0.53,best,True
5474,N/A,N/A,13.124806335175728,80.02456586500381,50,13.125820617345203,80.02648770030501,0.432,0.348,best,True
5261,N/A,N/A,13.1248843,80.0244385,50,13.125820617345203,80.02648770030501,0.447,0.363,best,True
9073,N/A,N/A,13.021074361284208,80.21685023090512,51,13.024209116444966,80.21846739592905,0.616,0.497,best,True
11345,N/A,N/A,13.023761456848618,80.22119803218956,51,13.024209116444966,80.21846739592905,0.49,0.396,best,True
8737,N/A,N/A,13.0182115,80.2198732,51,13.024209116444966,80.21846739592905,0.86,0.835,best,True
9511,N/A,N/A,13.0214,80.2208464,51,13.024209116444966,80.21846739592905,0.598,0.574,best,True
3312,N/A,N/A,13.025035571546086,80.2220581852417,51,13.024209116444966,80.21846739592905,0.455,0.455,best,True
6259,N/A,N/A,13.0284952,80.2199076,51,13.024209116444966,80.21846739592905,0.615,0.615,best,True
4167,N/A,N/A,13.023997439481038,80.22118246397913,51,13.024209116444966,80.21846739592905,0.464,0.37,best,True
7710,N/A,N/A,13.02713210737345,80.21965228809752,51,13.024209116444966,80.21846739592905,0.484,0.484,best,True
7739,N/A,N/A,13.02713097768928,80.21973022334886,51,13.024209116444966,80.21846739592905,0.476,0.476,best,True
5319,N/A,N/A,13.023348372227831,80.21815177282653,51,13.024209116444966,80.21846739592905,0.117,0.117,best,True
931,N/A,N/A,13.020641505845436,80.21326548173687,51,13.024209116444966,80.21846739592905,0.969,0.923,best,True
3199,N/A,N/A,13.02270723422337,80.2160204470475,51,13.024209116444966,80.21846739592905,0.42,0.421,best,True
5548,N/A,N/A,13.024417,80.21753,51,13.024209116444966,80.21846739592905,0.102,0.102,best,True
11394,N/A,N/A,13.163536284810627,80.25857614553644,52,13.164126875143301,80.25604666699455,0.284,0.284,best,True
11123,N/A,N/A,13.163139888088642,80.25923137264066,52,13.164126875143301,80.25604666699455,0.394,0.394,best,True
3517,N/A,N/A,13.1643263,80.2554586,52,13.164126875143301,80.25604666699455,0.069,0.069,best,True
6032,N/A,N/A,13.1643263,80.2554586,52,13.164126875143301,80.25604666699455,0.069,0.069,best,True
5032,N/A,N/A,13.163515121378708,80.25844798584002,52,13.164126875143301,80.25604666699455,0.27,0.27,best,True
240,N/A,N/A,13.164317012418328,80.25546692889478,52,13.164126875143301,80.25604666699455,0.066,0.066,best,True
4199,N/A,N/A,13.165482357421707,80.2530309455078,52,13.164126875143301,80.25604666699455,0.36,0.36,best,True
6548,N/A,N/A,13.1643263,80.2554586,52,13.164126875143301,80.25604666699455,0.069,0.069,best,True
3118,N/A,N/A,13.165470934988369,80.25317663941303,52,13.164126875143301,80.25604666699455,0.346,0.346,best,True
3417,N/A,N/A,13.1635364,80.2585902,52,13.164126875143301,80.25604666699455,0.285,0.285,best,True
226,N/A,N/A,13.163564392638232,80.25846886438369,52,13.164126875143301,80.25604666699455,0.272,0.272,best,True
643,N/A,N/A,13.16555561132933,80.25303158550527,52,13.164126875143301,80.25604666699455,0.365,0.365,best,True
7725,N/A,N/A,13.1635045478311,80.2586793795497,52,13.164126875143301,80.25604666699455,0.3,0.3,best,True
4551,N/A,N/A,13.163596461119914,80.25839688050127,52,13.164126875143301,80.25604666699455,0.263,0.263,best,True
4465,N/A,N/A,13.1596581,80.2583288,52,13.164126875143301,80.25604666699455,0.745,0.745,best,True
9685,N/A,N/A,12.979154610931127,80.14066309686353,53,12.979204030333483,80.13898970286839,0.374,0.374,best,True
6653,N/A,N/A,12.97920909507269,80.13914042548966,53,12.979204030333483,80.13898970286839,0.016,0.016,best,True
7723,N/A,N/A,12.978935082087666,80.14130997033716,53,12.979204030333483,80.13898970286839,0.738,0.483,best,True
5201,N/A,N/A,12.9788802,80.137126,53,12.979204030333483,80.13898970286839,0.279,0.279,best,True
4,N/A,N/A,12.9784868,80.1350618,53,12.979204030333483,80.13898970286839,0.694,0.69,best,True
7352,N/A,N/A,12.9777954066678,80.13580237442282,53,12.979204030333483,80.13898970286839,0.532,0.527,best,True
6958,N/A,N/A,12.9834839,80.13995369999999,53,12.979204030333483,80.13898970286839,0.544,0.544,best,True
6360,N/A,N/A,12.981861439488014,80.13941546241766,53,12.979204030333483,80.13898970286839,0.357,0.357,best,True
2347,N/A,N/A,12.97930369942102,80.13391740202141,53,12.979204030333483,80.13898970286839,0.902,0.866,best,True
10128,N/A,N/A,13.0645942,80.232567,54,13.06524132201059,80.23181072492933,0.41,0.4,best,True
8345,N/A,N/A,13.0636324235994,80.22873583910358,54,13.06524132201059,80.23181072492933,0.559,0.559,best,True
8373,N/A,N/A,13.0645942,80.232567,54,13.06524132201059,80.23181072492933,0.41,0.4,best,True
9778,N/A,N/A,13.0645942,80.232567,54,13.06524132201059,80.23181072492933,0.41,0.4,best,True
8822,N/A,N/A,13.066507476110823,80.23099184063076,54,13.06524132201059,80.23181072492933,0.417,0.248,best,True
2151,N/A,N/A,13.066468975981149,80.2310804112357,54,13.06524132201059,80.23181072492933,0.427,0.238,best,True
2369,N/A,N/A,13.0645942,80.232567,54,13.06524132201059,80.23181072492933,0.41,0.4,best,True
1858,N/A,N/A,13.066403092412829,80.23125050637483,54,13.06524132201059,80.23181072492933,0.447,0.218,best,True
2066,N/A,N/A,13.06272267105157,80.23587178810703,54,13.06524132201059,80.23181072492933,0.889,0.889,best,True
2548,N/A,N/A,13.066264024920562,80.23133166435292,54,13.06524132201059,80.23181072492933,0.183,0.183,best,True
1049,N/A,N/A,13.0645942,80.232567,54,13.06524132201059,80.23181072492933,0.41,0.4,best,True
5157,N/A,N/A,13.066718598950771,80.230242332805,54,13.06524132201059,80.23181072492933,0.332,0.333,best,True
3614,N/A,N/A,13.066448923110553,80.23120004147137,54,13.06524132201059,80.23181072492933,0.44,0.225,best,True
9715,N/A,N/A,13.0676286,80.2267091,55,13.068225020216408,80.22572808753857,0.271,0.271,best,True
10810,N/A,N/A,13.069809054337878,80.22436865726186,55,13.068225020216408,80.22572808753857,0.847,0.283,best,True
8777,N/A,N/A,13.0640072,80.226275,55,13.068225020216408,80.22572808753857,0.735,0.691,best,True
10393,N/A,N/A,13.06822359790452,80.22632349561961,55,13.068225020216408,80.22572808753857,0.085,0.085,best,True
8876,N/A,N/A,13.067739394835296,80.22693543321972,55,13.068225020216408,80.22572808753857,0.17,0.17,best,True
343,N/A,N/A,13.0708988,80.2236175,55,13.068225020216408,80.22572808753857,0.562,0.435,best,True
6553,N/A,N/A,13.068096574293872,80.22650115435496,55,13.068225020216408,80.22572808753857,0.118,0.118,best,True
1092,N/A,N/A,13.0698294,80.2242248,55,13.068225020216408,80.22572808753857,0.834,0.3,best,True
7593,N/A,N/A,13.0700432,80.2273487,55,13.068225020216408,80.22572808753857,0.413,0.413,best,True
5233,N/A,N/A,13.068051,80.22682460000001,55,13.068225020216408,80.22572808753857,0.185,0.147,best,True
5639,N/A,N/A,13.0698294,80.2242248,55,13.068225020216408,80.22572808753857,0.834,0.3,best,True
5987,N/A,N/A,13.063457821505564,80.22634068284653,55,13.068225020216408,80.22572808753857,0.795,0.791,best,True
5417,N/A,N/A,13.068046639673778,80.22636577724609,55,13.068225020216408,80.22572808753857,0.132,0.132,best,True
2025,N/A,N/A,13.06814549131679,80.22634238158835,55,13.068225020216408,80.22572808753857,0.092,0.092,best,True
1371,N/A,N/A,13.069880833911068,80.22407530907384,55,13.068225020216408,80.22572808753857,0.821,0.369,best,True
5543,N/A,N/A,13.0676286,80.2267091,55,13.068225020216408,80.22572808753857,0.271,0.271,best,True
7387,N/A,N/A,13.068177487706464,80.22635051205158,55,13.068225020216408,80.22572808753857,0.09,0.09,best,True
3762,N/A,N/A,13.0698294,80.2242248,55,13.068225020216408,80.22572808753857,0.834,0.3,best,True
4753,N/A,N/A,13.068062101637029,80.22640411270437,55,13.068225020216408,80.22572808753857,0.128,0.128,best,True
7965,N/A,N/A,13.068136963218423,80.22645354281386,55,13.068225020216408,80.22572808753857,0.102,0.102,best,True
7908,N/A,N/A,13.068185399790876,80.22645642483688,55,13.068225020216408,80.22572808753857,0.099,0.099,best,True
2187,N/A,N/A,13.06813804824786,80.22648220237143,55,13.068225020216408,80.22572808753857,0.104,0.104,best,True
4248,N/A,N/A,13.069857322195707,80.2242959521361,55,13.068225020216408,80.22572808753857,0.838,0.297,best,True
4324,N/A,N/A,13.06812942276515,80.22637163412962,55,13.068225020216408,80.22572808753857,0.096,0.096,best,True
4952,N/A,N/A,13.069889551084858,80.22436219058406,55,13.068225020216408,80.22572808753857,0.841,0.294,best,True
5887,N/A,N/A,13.069915158335755,80.22430943028098,55,13.068225020216408,80.22572808753857,0.834,0.3,best,True
8965,N/A,N/A,13.069893581804925,80.2307087056653,56,13.070019998896393,80.2308644091614,0.016,0.016,best,True
9313,N/A,N/A,13.070633230002024,80.23219086455272,56,13.070019998896393,80.2308644091614,0.206,0.206,best,True
8242,N/A,N/A,13.0695112,80.2299203,56,13.070019998896393,80.2308644091614,0.261,0.261,best,True
649,N/A,N/A,13.068669481571416,80.23035528475036,56,13.070019998896393,80.2308644091614,0.315,0.315,best,True
3739,N/A,N/A,13.0702984,80.230858,56,13.070019998896393,80.2308644091614,0.031,0.031,best,True
7594,N/A,N/A,13.0711141,80.2311533,56,13.070019998896393,80.2308644091614,0.11,0.11,best,True
10582,N/A,N/A,12.915835448995104,80.18540984213423,57,12.91625796120272,80.18681161918497,0.175,0.175,best,True
1571,N/A,N/A,12.9176358,80.1888333,57,12.91625796120272,80.18681161918497,0.53,0.479,best,True
3444,N/A,N/A,12.9176358,80.1888333,57,12.91625796120272,80.18681161918497,0.53,0.479,best,True
6980,N/A,N/A,12.9176358,80.1888333,57,12.91625796120272,80.18681161918497,0.53,0.479,best,True
11418,N/A,N/A,12.972194111046482,79.95406335955705,58,12.968823015913948,79.9519731503376,0.647,0.647,best,True
9728,N/A,N/A,12.971356685511802,79.95179114444038,58,12.968823015913948,79.9519731503376,0.569,0.372,best,True
8120,N/A,N/A,12.9675201,79.95284509999999,58,12.968823015913948,79.9519731503376,0.519,0.519,best,True
8153,N/A,N/A,12.9675201,79.95284509999999,58,12.968823015913948,79.9519731503376,0.519,0.519,best,True
3803,N/A,N/A,12.9675201,79.95284509999999,58,12.968823015913948,79.9519731503376,0.519,0.519,best,True
5666,N/A,N/A,12.968361744040363,79.95077443464048,58,12.968823015913948,79.9519731503376,0.111,0.111,best,True
5897,N/A,N/A,12.9675201,79.95284509999999,58,12.968823015913948,79.9519731503376,0.519,0.519,best,True
3658,N/A,N/A,12.9675201,79.95284509999999,58,12.968823015913948,79.9519731503376,0.519,0.519,best,True
2803,N/A,N/A,12.9675201,79.95284509999999,58,12.968823015913948,79.9519731503376,0.519,0.519,best,True
4459,N/A,N/A,12.967091496459936,79.95044906453467,58,12.968823015913948,79.9519731503376,0.269,0.269,best,True
3063,N/A,N/A,12.9675201,79.95284509999999,58,12.968823015913948,79.9519731503376,0.519,0.519,best,True
5220,N/A,N/A,12.9675201,79.95284509999999,58,12.968823015913948,79.9519731503376,0.519,0.519,best,True
6389,N/A,N/A,12.9714753,79.952182,58,12.968823015913948,79.9519731503376,0.399,0.399,best,True
5292,N/A,N/A,12.9675201,79.95284509999999,58,12.968823015913948,79.9519731503376,0.519,0.519,best,True
11226,N/A,N/A,12.965676660572743,79.9453187647125,59,12.964190704119984,79.94711929046045,0.376,0.376,best,True
9022,N/A,N/A,12.96692238445928,79.94554903892188,59,12.964190704119984,79.94711929046045,0.5,0.5,best,True
10708,N/A,N/A,12.9650934,79.9466864,59,12.964190704119984,79.94711929046045,0.198,0.198,best,True
7588,N/A,N/A,12.9664963,79.9453174,59,12.964190704119984,79.94711929046045,0.556,0.458,best,True
11106,N/A,N/A,13.1008548,80.1663705,60,13.098772694857402,80.16411688683685,0.658,0.639,best,True
11100,N/A,N/A,13.1008548,80.1663705,60,13.098772694857402,80.16411688683685,0.658,0.639,best,True
10023,N/A,N/A,13.1008548,80.1663705,60,13.098772694857402,80.16411688683685,0.658,0.639,best,True
9943,N/A,N/A,13.100371875447475,80.1664772018693,60,13.098772694857402,80.16411688683685,0.604,0.585,best,True
9997,N/A,N/A,13.101917,80.1550368,61,13.101512968400554,80.1557319398732,0.11,0.11,best,True
55,N/A,N/A,13.0986269,80.15722930000001,61,13.101512968400554,80.1557319398732,0.734,0.74,best,True
1479,N/A,N/A,13.0985168,80.1572218,61,13.101512968400554,80.1557319398732,0.764,0.77,best,True
154,N/A,N/A,13.0999888,80.1587569,61,13.101512968400554,80.1557319398732,0.749,0.743,best,True
3894,N/A,N/A,13.103556,80.156609,61,13.101512968400554,80.1557319398732,0.344,0.344,best,True
3519,N/A,N/A,13.1016116,80.1547558,61,13.101512968400554,80.1557319398732,0.127,0.127,best,True
2053,N/A,N/A,13.103556,80.156609,61,13.101512968400554,80.1557319398732,0.344,0.344,best,True
3195,N/A,N/A,13.103556,80.156609,61,13.101512968400554,80.1557319398732,0.344,0.344,best,True
5365,N/A,N/A,13.100472072853158,80.15487970873718,61,13.101512968400554,80.1557319398732,0.66,0.661,best,True
6461,N/A,N/A,13.1020889,80.1551432,61,13.101512968400554,80.1557319398732,0.094,0.094,best,True
7104,N/A,N/A,13.102353732945382,80.15569202297462,61,13.101512968400554,80.1557319398732,0.093,0.093,best,True
11425,N/A,N/A,12.8472749,79.69962369999999,63,12.845786607178765,79.6971050760942,0.304,0.304,best,True
11326,N/A,N/A,12.844986353422584,79.69667124391692,63,12.845786607178765,79.6971050760942,0.111,0.111,best,True
11251,N/A,N/A,12.84573609218736,79.69581987396563,63,12.845786607178765,79.6971050760942,0.253,0.214,best,True
10903,N/A,N/A,12.8472749,79.69962369999999,63,12.845786607178765,79.6971050760942,0.304,0.304,best,True
1455,N/A,N/A,12.8490537,79.6975951,63,12.845786607178765,79.6971050760942,0.424,0.424,best,True
4914,N/A,N/A,12.845464292830556,79.6980740733553,63,12.845786607178765,79.6971050760942,0.111,0.111,best,True
7356,N/A,N/A,12.844969299671044,79.69672961760917,63,12.845786607178765,79.6971050760942,0.116,0.116,best,True
2722,N/A,N/A,12.844974633647675,79.69670241635984,63,12.845786607178765,79.6971050760942,0.114,0.114,best,True
7993,N/A,N/A,12.8455087,79.6962433,63,12.845786607178765,79.6971050760942,0.173,0.173,best,True
4679,N/A,N/A,12.8451076,79.696377,63,12.845786607178765,79.6971050760942,0.139,0.139,best,True
7936,N/A,N/A,12.845007251858906,79.69669478535693,63,12.845786607178765,79.6971050760942,0.111,0.111,best,True
3814,N/A,N/A,12.845180644474995,79.6964709554974,63,12.845786607178765,79.6971050760942,0.13,0.13,best,True
5166,N/A,N/A,12.844965432409593,79.69660199925764,63,12.845786607178765,79.6971050760942,0.114,0.114,best,True
6196,N/A,N/A,12.8455087,79.69624329999999,63,12.845786607178765,79.6971050760942,0.173,0.173,best,True
8868,N/A,N/A,12.849551777489234,79.69295393208725,64,12.850879756916893,79.6920886976603,0.175,0.175,best,True
10922,N/A,N/A,12.849602,79.6929467,64,12.850879756916893,79.6920886976603,0.164,0.164,best,True
10739,N/A,N/A,12.849875288033378,79.69317279609649,64,12.850879756916893,79.6920886976603,0.197,0.189,best,True
1568,N/A,N/A,12.849837328101932,79.69312614034168,64,12.850879756916893,79.6920886976603,0.161,0.161,best,True
2311,N/A,N/A,12.852958360241985,79.69263596083553,64,12.850879756916893,79.6920886976603,0.6,0.592,best,True
2885,N/A,N/A,12.849844783508486,79.6932101223607,64,12.850879756916893,79.6920886976603,0.196,0.189,best,True
2800,N/A,N/A,12.850891667026286,79.69046385639793,64,12.850879756916893,79.6920886976603,0.245,0.245,best,True
2733,N/A,N/A,12.849818092720032,79.69322635864997,64,12.850879756916893,79.6920886976603,0.194,0.187,best,True
7999,N/A,N/A,12.849829679551258,79.6931767345459,64,12.850879756916893,79.6920886976603,0.192,0.184,best,True
7782,N/A,N/A,12.84989995511918,79.69322462431165,64,12.850879756916893,79.6920886976603,0.202,0.195,best,True
2712,N/A,N/A,12.849875928016766,79.69083401978116,64,12.850879756916893,79.6920886976603,0.371,0.371,best,True
7801,N/A,N/A,12.84987377901436,79.69321447046401,64,12.850879756916893,79.6920886976603,0.199,0.192,best,True
3109,N/A,N/A,12.849850200694394,79.69339331680494,64,12.850879756916893,79.6920886976603,0.207,0.2,best,True
2115,N/A,N/A,13.205530114128532,79.75647034807956,66,13.208519861396038,79.7585809203351,0.632,0.632,best,True
3546,N/A,N/A,13.211509608663542,79.76069149259065,66,13.208519861396038,79.7585809203351,0.841,0.841,best,True
10243,N/A,N/A,12.990702480164584,80.0908359055749,67,12.991058493388195,80.0917789018583,0.303,0.303,best,True
8261,N/A,N/A,12.9903608,80.0962634,67,12.991058493388195,80.0917789018583,0.77,0.757,best,True
8914,N/A,N/A,12.9983313,80.0964315,68,12.99861797530709,80.09580969624432,0.206,0.206,best,True
8292,N/A,N/A,13.0019634,80.0912972,68,12.99861797530709,80.09580969624432,0.703,0.703,best,True
8619,N/A,N/A,12.9983313,80.0964315,68,12.99861797530709,80.09580969624432,0.206,0.206,best,True
5733,N/A,N/A,13.0013489,80.09260139999999,68,12.99861797530709,80.09580969624432,0.727,0.727,best,True
7234,N/A,N/A,12.9983313,80.0964315,68,12.99861797530709,80.09580969624432,0.206,0.206,best,True
5608,N/A,N/A,12.997402887742886,80.09610797283993,68,12.99861797530709,80.09580969624432,0.315,0.315,best,True
7632,N/A,N/A,12.997418240123876,80.09594879685058,68,12.99861797530709,80.09580969624432,0.333,0.333,best,True
3515,N/A,N/A,12.99741362561062,80.09634185336492,68,12.99861797530709,80.09580969624432,0.29,0.29,best,True
3529,N/A,N/A,12.9969765,80.0961198,68,12.99861797530709,80.09580969624432,0.329,0.329,best,True
210,N/A,N/A,12.998008559962583,80.0966094688457,68,12.99861797530709,80.09580969624432,0.208,0.208,best,True
1255,N/A,N/A,12.99808802881724,80.09663925650688,68,12.99861797530709,80.09580969624432,0.199,0.199,best,True
1245,N/A,N/A,12.998079751919098,80.09662565389459,68,12.99861797530709,80.09580969624432,0.2,0.2,best,True
4417,N/A,N/A,12.998288742845624,80.09680280799599,68,12.99861797530709,80.09580969624432,0.518,0.196,best,True
4384,N/A,N/A,12.998200048461678,80.09661289661628,68,12.99861797530709,80.09580969624432,0.186,0.186,best,True
7412,N/A,N/A,13.0013489,80.09260139999999,68,12.99861797530709,80.09580969624432,0.727,0.727,best,True
2343,N/A,N/A,12.9970418,80.09654599999999,68,12.99861797530709,80.09580969624432,0.316,0.316,best,True
116,N/A,N/A,12.9976853,80.0936907,68,12.99861797530709,80.09580969624432,0.6,0.402,best,True
827,N/A,N/A,13.0038817,80.09956249999999,68,12.99861797530709,80.09580969624432,0.941,0.759,best,True
5131,N/A,N/A,12.997912746480438,80.09659141231771,68,12.99861797530709,80.09580969624432,0.219,0.219,best,True
5667,N/A,N/A,12.997422577651708,80.09576079763822,68,12.99861797530709,80.09580969624432,0.353,0.353,best,True
7867,N/A,N/A,12.997501871833178,80.09624920426025,68,12.99861797530709,80.09580969624432,0.301,0.301,best,True
10389,N/A,N/A,12.9780556,80.2101152,69,12.98032018644893,80.21118229240706,0.479,0.383,best,True
8178,N/A,N/A,12.985791294040606,80.2121352087288,69,12.98032018644893,80.21118229240706,0.948,0.923,best,True
8240,N/A,N/A,12.980813691536378,80.2135808296813,69,12.98032018644893,80.21118229240706,0.322,0.322,best,True
7181,N/A,N/A,12.982715837961775,80.20910256752224,69,12.98032018644893,80.21118229240706,0.56,0.56,best,True
5105,N/A,N/A,12.9783307,80.21289759999999,69,12.98032018644893,80.21118229240706,0.446,0.446,best,True
6458,N/A,N/A,12.979120986161815,80.21386133820619,69,12.98032018644893,80.21118229240706,0.611,0.586,best,True
7145,N/A,N/A,12.976128,80.2095104,69,12.98032018644893,80.21118229240706,0.723,0.628,best,True
197,N/A,N/A,12.9764434,80.2155084,69,12.98032018644893,80.21118229240706,0.958,0.958,best,True
3861,N/A,N/A,12.9826625,80.21085939999999,69,12.98032018644893,80.21118229240706,0.658,0.579,best,True
5368,N/A,N/A,12.983168179173548,80.2066565975444,69,12.98032018644893,80.21118229240706,0.812,0.812,best,True
3995,N/A,N/A,12.9796283,80.2110927,69,12.98032018644893,80.21118229240706,0.098,0.098,best,True
6498,N/A,N/A,12.982450383943624,80.20951132184847,69,12.98032018644893,80.21118229240706,0.435,0.435,best,True
6561,N/A,N/A,12.9798536,80.2082392,69,12.98032018644893,80.21118229240706,0.5,0.5,best,True
10749,N/A,N/A,13.17357989684277,80.30567217739474,70,13.17187828603465,80.30363600169242,0.456,0.42,best,True
8624,N/A,N/A,13.167826,80.3043618,70,13.17187828603465,80.30363600169242,0.874,0.833,best,True
8395,N/A,N/A,13.172492774606296,80.3056171840517,70,13.17187828603465,80.30363600169242,0.318,0.318,best,True
8123,N/A,N/A,13.167624363992235,80.30430070498642,70,13.17187828603465,80.30363600169242,0.853,0.854,best,True
6754,N/A,N/A,13.172355578553118,80.30564841530412,70,13.17187828603465,80.30363600169242,0.307,0.307,best,True
4236,N/A,N/A,13.17232900952274,80.30562749148577,70,13.17187828603465,80.30363600169242,0.75,0.315,best,True
7372,N/A,N/A,13.17247757893074,80.30534408576659,70,13.17187828603465,80.30363600169242,0.285,0.285,best,True
6651,N/A,N/A,13.175637,80.304791,70,13.17187828603465,80.30363600169242,0.745,0.713,best,True
4416,N/A,N/A,13.167826,80.3043618,70,13.17187828603465,80.30363600169242,0.874,0.833,best,True
319,N/A,N/A,13.1736007,80.3053739,70,13.17187828603465,80.30363600169242,0.498,0.466,best,True
6254,N/A,N/A,13.167826,80.3043618,70,13.17187828603465,80.30363600169242,0.874,0.833,best,True
3634,N/A,N/A,13.167826,80.3043618,70,13.17187828603465,80.30363600169242,0.874,0.833,best,True
3896,N/A,N/A,13.167648885611566,80.3043383685691,70,13.17187828603465,80.30363600169242,0.853,0.854,best,True
10067,N/A,N/A,12.8745852,79.9321972,71,12.878492681916086,79.93603255028646,0.909,0.909,best,True
9033,N/A,N/A,12.87361195077128,79.9377686931488,71,12.878492681916086,79.93603255028646,0.77,0.745,best,True
10523,N/A,N/A,12.879095059604838,79.93658018453367,71,12.878492681916086,79.93603255028646,0.116,0.116,best,True
229,N/A,N/A,12.8762005,79.931887,71,12.878492681916086,79.93603255028646,0.68,0.68,best,True
2785,N/A,N/A,12.8787415,79.93574149999999,71,12.878492681916086,79.93603255028646,0.021,0.021,best,True
4913,N/A,N/A,12.878970341474222,79.93658297839225,71,12.878492681916086,79.93603255028646,0.13,0.13,best,True
2254,N/A,N/A,12.879108579518295,79.93668041306378,71,12.878492681916086,79.93603255028646,0.125,0.125,best,True
6566,N/A,N/A,13.0525493,80.0955544,72,13.052767935026099,80.09593999810885,0.515,0.515,best,True
7752,N/A,N/A,13.050808358734717,80.09444960904301,72,13.052767935026099,80.09593999810885,0.666,0.574,best,True
5986,N/A,N/A,13.048434547437092,80.09493272137563,72,13.052767935026099,80.09593999810885,0.823,0.823,best,True
4882,N/A,N/A,13.0505597,80.09612059999999,72,13.052767935026099,80.09593999810885,0.449,0.449,best,True
3864,N/A,N/A,13.0514071,80.0945214,72,13.052767935026099,80.09593999810885,0.658,0.535,best,True
7758,N/A,N/A,13.05053403917025,80.09731408413185,72,13.052767935026099,80.09593999810885,0.58,0.404,best,True
2886,N/A,N/A,13.056559562871191,80.0975525682577,72,13.052767935026099,80.09593999810885,0.535,0.535,best,True
7750,N/A,N/A,13.0516882,80.0947788,72,13.052767935026099,80.09593999810885,0.71,0.482,best,True
7724,N/A,N/A,13.0525282,80.095538,72,13.052767935026099,80.09593999810885,0.512,0.512,best,True
7744,N/A,N/A,13.051775266682611,80.09481040873844,72,13.052767935026099,80.09593999810885,0.722,0.472,best,True
10352,N/A,N/A,13.0506113,80.09865289999999,73,13.050637453132069,80.10070233250744,0.376,0.376,best,True
9881,N/A,N/A,13.04872516344415,80.10370481822861,73,13.050637453132069,80.10070233250744,0.989,0.445,best,True
7130,N/A,N/A,13.050191291940896,80.09917338259113,73,13.050637453132069,80.10070233250744,0.444,0.317,best,True
7505,N/A,N/A,13.050859380647234,80.09935157881307,73,13.050637453132069,80.10070233250744,0.335,0.335,best,True
4111,N/A,N/A,13.050138200858813,80.09928449001815,73,13.050637453132069,80.10070233250744,0.309,0.309,best,True
7544,N/A,N/A,13.0508507,80.0993342,73,13.050637453132069,80.10070233250744,0.335,0.335,best,True
7550,N/A,N/A,13.0508507,80.0993342,73,13.050637453132069,80.10070233250744,0.335,0.335,best,True
7523,N/A,N/A,13.0508507,80.0993342,73,13.050637453132069,80.10070233250744,0.335,0.335,best,True
7310,N/A,N/A,13.0531504,80.1015682,73,13.050637453132069,80.10070233250744,0.686,0.669,best,True
4021,N/A,N/A,13.050381454308592,80.09930935506857,73,13.050637453132069,80.10070233250744,0.286,0.286,best,True
4273,N/A,N/A,13.054451,80.1024399,73,13.050637453132069,80.10070233250744,0.668,0.668,best,True
5690,N/A,N/A,13.054451,80.1024399,73,13.050637453132069,80.10070233250744,0.668,0.668,best,True
1803,N/A,N/A,13.049583970106347,80.10437450106068,73,13.050637453132069,80.10070233250744,0.865,0.502,best,True
9055,N/A,N/A,13.1203108106593,80.06312302332769,74,13.119658815626012,80.06520709571697,0.27,0.27,best,True
1754,N/A,N/A,13.12141059806896,80.06379082473833,74,13.119658815626012,80.06520709571697,0.376,0.376,best,True
334,N/A,N/A,13.1197819,80.0609883,74,13.119658815626012,80.06520709571697,0.527,0.527,best,True
818,N/A,N/A,13.120309342532442,80.06936545804271,74,13.119658815626012,80.06520709571697,0.903,0.602,best,True
4880,N/A,N/A,13.120400781174206,80.06567288918491,74,13.119658815626012,80.06520709571697,0.144,0.144,best,True
1372,N/A,N/A,13.120840996165487,80.065133212258,74,13.119658815626012,80.06520709571697,0.358,0.253,best,True
4916,N/A,N/A,13.1235884,80.0657406,74,13.119658815626012,80.06520709571697,0.804,0.59,best,True
2965,N/A,N/A,13.12080712380278,80.06519857586186,74,13.119658815626012,80.06520709571697,0.366,0.245,best,True
6312,N/A,N/A,13.120759885447082,80.06531179367266,74,13.119658815626012,80.06520709571697,0.379,0.232,best,True
1607,N/A,N/A,13.1228048,80.0612086,74,13.119658815626012,80.06520709571697,0.876,0.745,best,True
7259,N/A,N/A,13.12080583566741,80.0652064530625,74,13.119658815626012,80.06520709571697,0.367,0.244,best,True
7680,N/A,N/A,13.120827036193718,80.06506949286651,74,13.119658815626012,80.06520709571697,0.35,0.26,best,True
9194,N/A,N/A,13.126896838739595,80.25550169478046,75,13.129943425043184,80.2543425704198,0.481,0.481,best,True
11182,N/A,N/A,13.129201778689458,80.25893692443161,75,13.129943425043184,80.2543425704198,0.861,0.574,best,True
11205,N/A,N/A,13.129784,80.2514429,75,13.129943425043184,80.2543425704198,0.493,0.408,best,True
8902,N/A,N/A,13.129934994825453,80.25898494019624,75,13.129943425043184,80.2543425704198,0.788,0.568,best,True
3055,N/A,N/A,13.130181749950152,80.25503023763741,75,13.129943425043184,80.2543425704198,0.105,0.105,best,True
512,N/A,N/A,13.1272359,80.2533608,75,13.129943425043184,80.2543425704198,0.521,0.415,best,True
4223,N/A,N/A,13.1297011,80.2543387,75,13.129943425043184,80.2543425704198,0.001,0.001,best,True
3377,N/A,N/A,13.1287021,80.2528695,75,13.129943425043184,80.2543425704198,0.301,0.301,best,True
7019,N/A,N/A,13.131545177017664,80.25289326709617,75,13.129943425043184,80.2543425704198,0.991,0.349,best,True
1717,N/A,N/A,13.1286844,80.2523822,75,13.129943425043184,80.2543425704198,0.341,0.341,best,True
4530,N/A,N/A,13.129833111234554,80.2527006165873,75,13.129943425043184,80.2543425704198,0.271,0.271,best,True
5683,N/A,N/A,13.12838041238482,80.25493758085473,75,13.129943425043184,80.2543425704198,0.377,0.326,best,True
4682,N/A,N/A,13.130171518247035,80.25699462856561,75,13.129943425043184,80.2543425704198,0.371,0.326,best,True
740,N/A,N/A,13.1294436,80.2590802,75,13.129943425043184,80.2543425704198,0.839,0.578,best,True
4963,N/A,N/A,13.13158532216358,80.255227032697,75,13.129943425043184,80.2543425704198,0.743,0.351,best,True
8317,N/A,N/A,12.882141096251122,80.07437717259268,76,12.881855235418254,80.07644173567415,0.304,0.304,best,True
6366,N/A,N/A,12.8817218,80.0713071,76,12.881855235418254,80.07644173567415,0.791,0.685,best,True
9939,N/A,N/A,12.925414565485235,80.15336052289274,77,12.922946819174808,80.15215114337677,0.38,0.361,best,True
9630,N/A,N/A,12.923127936839604,80.15495983191427,77,12.922946819174808,80.15215114337677,0.436,0.431,best,True
8574,N/A,N/A,12.922643721781853,80.15181167633588,77,12.922946819174808,80.15215114337677,0.07,0.07,best,True
10916,N/A,N/A,12.92368916403696,80.15294706204074,77,12.922946819174808,80.15215114337677,0.748,0.16,best,True
9071,N/A,N/A,12.92034066597116,80.15563995487159,77,12.922946819174808,80.15215114337677,0.761,0.697,best,True
10726,N/A,N/A,12.9264122,80.1532243,77,12.922946819174808,80.15215114337677,0.53,0.511,best,True
8146,N/A,N/A,12.922441883765597,80.1526968026483,77,12.922946819174808,80.15215114337677,0.226,0.175,best,True
7512,N/A,N/A,12.9235123,80.1544938,77,12.922946819174808,80.15215114337677,0.483,0.267,best,True
7254,N/A,N/A,12.922610593576032,80.15167474565125,77,12.922946819174808,80.15215114337677,1.0,0.085,best,True
3587,N/A,N/A,12.92261903412922,80.1517888464298,77,12.922946819174808,80.15215114337677,0.072,0.075,best,True
3786,N/A,N/A,12.922632676888316,80.15146639036384,77,12.922946819174808,80.15215114337677,0.977,0.107,best,True
3060,N/A,N/A,12.92229713192662,80.15504062234706,77,12.922946819174808,80.15215114337677,0.742,0.624,best,True
389,N/A,N/A,12.922624568161345,80.15176984590869,77,12.922946819174808,80.15215114337677,0.075,0.075,best,True
577,N/A,N/A,12.9237383,80.1512476,77,12.922946819174808,80.15215114337677,0.387,0.387,best,True
888,N/A,N/A,12.922517384472792,80.14742834961214,77,12.922946819174808,80.15215114337677,0.541,0.541,best,True
7075,N/A,N/A,12.922496652739698,80.15183711682975,77,12.922946819174808,80.15215114337677,0.087,0.087,best,True
2857,N/A,N/A,12.922634465534449,80.15171737971225,77,12.922946819174808,80.15215114337677,0.075,0.075,best,True
464,N/A,N/A,12.922585270693094,80.15161612957426,77,12.922946819174808,80.15215114337677,0.993,0.091,best,True
8558,N/A,N/A,12.9170315,80.1459475,78,12.916540689547817,80.15263933140393,0.902,0.902,best,True
10897,N/A,N/A,12.9155116,80.1521428,78,12.916540689547817,80.15263933140393,0.134,0.149,best,True
9733,N/A,N/A,12.918804,80.1524266,78,12.916540689547817,80.15263933140393,0.307,0.307,best,True
8074,N/A,N/A,12.9177246,80.1556572,78,12.916540689547817,80.15263933140393,0.467,0.467,best,True
4613,N/A,N/A,12.91655233942708,80.14929232153754,78,12.916540689547817,80.15263933140393,0.472,0.472,best,True
3277,N/A,N/A,12.9155116,80.1521428,78,12.916540689547817,80.15263933140393,0.134,0.149,best,True
7563,N/A,N/A,12.9155116,80.1521428,78,12.916540689547817,80.15263933140393,0.134,0.149,best,True
4495,N/A,N/A,12.9170001,80.1541985,78,12.916540689547817,80.15263933140393,0.33,0.33,best,True
699,N/A,N/A,12.9155116,80.1521428,78,12.916540689547817,80.15263933140393,0.134,0.149,best,True
1530,N/A,N/A,12.9155116,80.1521428,78,12.916540689547817,80.15263933140393,0.134,0.149,best,True
1076,N/A,N/A,12.9162314,80.1561651,78,12.916540689547817,80.15263933140393,0.426,0.426,best,True
2837,N/A,N/A,12.91791784875288,80.15410911429672,78,12.916540689547817,80.15263933140393,0.418,0.418,best,True
7947,N/A,N/A,12.9155116,80.1521428,78,12.916540689547817,80.15263933140393,0.134,0.149,best,True
3742,N/A,N/A,12.917238265489493,80.1562975038208,78,12.916540689547817,80.15263933140393,0.523,0.523,best,True
11412,N/A,N/A,13.0942005,80.2541214,79,13.094110061859237,80.2537272070302,0.093,0.093,best,True
9625,N/A,N/A,13.095348956955869,80.25522429807079,79,13.094110061859237,80.2537272070302,0.339,0.339,best,True
7009,N/A,N/A,13.093299456328054,80.25391836846451,79,13.094110061859237,80.2537272070302,0.092,0.092,best,True
5995,N/A,N/A,13.0925934,80.2542208,79,13.094110061859237,80.2537272070302,0.186,0.186,best,True
7569,N/A,N/A,13.097583181173563,80.25614272065101,79,13.094110061859237,80.2537272070302,0.683,0.683,best,True
1458,N/A,N/A,13.0936672,80.2513742,79,13.094110061859237,80.2537272070302,0.317,0.317,best,True
1090,N/A,N/A,13.0931969,80.2525199,79,13.094110061859237,80.2537272070302,0.299,0.299,best,True
6682,N/A,N/A,13.09299090041642,80.25229596905527,79,13.094110061859237,80.2537272070302,0.325,0.325,best,True
9057,N/A,N/A,13.098153567056997,80.25100886455688,80,13.097173420665628,80.24901783551935,0.239,0.248,best,True
9536,N/A,N/A,13.097944394032597,80.2513254408589,80,13.097173420665628,80.24901783551935,0.279,0.279,best,True
8969,N/A,N/A,13.097942569335476,80.25092268685702,80,13.097173420665628,80.24901783551935,0.219,0.219,best,True
2291,N/A,N/A,13.098036828608445,80.25103078729587,80,13.097173420665628,80.24901783551935,0.235,0.235,best,True
3514,N/A,N/A,13.097819945669556,80.24985761659448,80,13.097173420665628,80.24901783551935,0.612,0.327,best,True
3823,N/A,N/A,13.098019543609864,80.25103294297799,80,13.097173420665628,80.24901783551935,0.234,0.234,best,True
4920,N/A,N/A,13.098051913849098,80.25101946345269,80,13.097173420665628,80.24901783551935,0.234,0.234,best,True
4249,N/A,N/A,13.097920928177832,80.25089026458832,80,13.097173420665628,80.24901783551935,0.215,0.215,best,True
5182,N/A,N/A,12.784135,80.2181739,81,12.784923927516928,80.21870339189726,0.32,0.32,best,True
4734,N/A,N/A,12.7846311,80.2180772,81,12.784923927516928,80.21870339189726,0.227,0.227,best,True
10741,N/A,N/A,13.1088659,80.1825205,83,13.109034229239724,80.18286447711982,0.021,0.021,best,True
11350,N/A,N/A,13.108872860626535,80.18353747710866,83,13.109034229239724,80.18286447711982,0.376,0.269,best,True
10126,N/A,N/A,13.108555124813131,80.18354106511379,83,13.109034229239724,80.18286447711982,0.411,0.238,best,True
10205,N/A,N/A,13.110077206930384,80.18323286662893,83,13.109034229239724,80.18286447711982,0.198,0.198,best,True
10990,N/A,N/A,13.1092887,80.1818774,83,13.109034229239724,80.18286447711982,0.09,0.09,best,True
11159,N/A,N/A,13.109288152894448,80.18188330955796,83,13.109034229239724,80.18286447711982,0.089,0.089,best,True
11284,N/A,N/A,13.10890645291414,80.1818485236923,83,13.109034229239724,80.18286447711982,0.079,0.079,best,True
9323,N/A,N/A,13.1126997,80.1823283,83,13.109034229239724,80.18286447711982,0.884,0.673,best,True
9390,N/A,N/A,13.1090805,80.18297299999999,83,13.109034229239724,80.18286447711982,0.006,0.006,best,True
329,N/A,N/A,13.108130946129544,80.18353491782366,83,13.109034229239724,80.18286447711982,0.675,0.206,best,True
5902,N/A,N/A,13.113095369650903,80.18193414712874,83,13.109034229239724,80.18286447711982,0.847,0.7,best,True
6623,N/A,N/A,13.1082733,80.1818582,83,13.109034229239724,80.18286447711982,0.493,0.387,best,True
3770,N/A,N/A,13.1090805,80.18297299999999,83,13.109034229239724,80.18286447711982,0.006,0.006,best,True
1542,N/A,N/A,13.1088659,80.1825205,83,13.109034229239724,80.18286447711982,0.021,0.021,best,True
5545,N/A,N/A,13.108093230511695,80.18348359274675,83,13.109034229239724,80.18286447711982,0.67,0.21,best,True
1535,N/A,N/A,13.108071025819914,80.18345800092494,83,13.109034229239724,80.18286447711982,0.668,0.21,best,True
3959,N/A,N/A,13.11136862011762,80.18379098808286,83,13.109034229239724,80.18286447711982,0.543,0.384,best,True
6065,N/A,N/A,13.1081798,80.1834167,83,13.109034229239724,80.18286447711982,0.458,0.191,best,True
5318,N/A,N/A,13.108069,80.18359799999999,83,13.109034229239724,80.18286447711982,0.683,0.223,best,True
5635,N/A,N/A,13.1092554,80.1831636,83,13.109034229239724,80.18286447711982,0.337,0.306,best,True
7787,N/A,N/A,13.105920999227214,80.18115153524309,83,13.109034229239724,80.18286447711982,0.744,0.742,best,True
396,N/A,N/A,13.10803519985924,80.18337290052433,83,13.109034229239724,80.18286447711982,0.659,0.221,best,True
1410,N/A,N/A,13.108113340461744,80.18313953898216,83,13.109034229239724,80.18286447711982,0.633,0.247,best,True
2453,N/A,N/A,13.108095532122114,80.18330843928679,83,13.109034229239724,80.18286447711982,0.651,0.229,best,True
4825,N/A,N/A,13.110001,80.1804087,83,13.109034229239724,80.18286447711982,0.377,0.309,best,True
6388,N/A,N/A,13.1090805,80.18297299999999,83,13.109034229239724,80.18286447711982,0.006,0.006,best,True
7159,N/A,N/A,13.108108465034864,80.18337256347654,83,13.109034229239724,80.18286447711982,0.658,0.222,best,True
4922,N/A,N/A,13.1082733,80.18185820000001,83,13.109034229239724,80.18286447711982,0.493,0.387,best,True
3551,N/A,N/A,13.108104095358216,80.18339247613906,83,13.109034229239724,80.18286447711982,0.66,0.22,best,True
3101,N/A,N/A,13.108358099327598,80.18339906556346,83,13.109034229239724,80.18286447711982,0.697,0.214,best,True
7176,N/A,N/A,13.1092554,80.1831636,83,13.109034229239724,80.18286447711982,0.337,0.306,best,True
7196,N/A,N/A,13.1092554,80.1831636,83,13.109034229239724,80.18286447711982,0.337,0.306,best,True
7083,N/A,N/A,13.1088659,80.1825205,83,13.109034229239724,80.18286447711982,0.021,0.021,best,True
7820,N/A,N/A,13.108134451267606,80.18243466931153,83,13.109034229239724,80.18286447711982,0.557,0.323,best,True
7875,N/A,N/A,13.1127902,80.1896663,84,13.11296195907075,80.18858522352224,0.293,0.293,best,True
3263,N/A,N/A,13.1149631,80.18543249999999,84,13.11296195907075,80.18858522352224,0.716,0.716,best,True
4905,N/A,N/A,13.1127902,80.1896663,84,13.11296195907075,80.18858522352224,0.293,0.293,best,True
7304,N/A,N/A,13.1133538,80.1904154,84,13.11296195907075,80.18858522352224,0.222,0.222,best,True
6632,N/A,N/A,13.1127902,80.1896663,84,13.11296195907075,80.18858522352224,0.293,0.293,best,True
9338,N/A,N/A,13.1072152,80.18674519999999,85,13.106406065835392,80.18556556459419,0.322,0.322,best,True
10501,N/A,N/A,13.108821761768374,80.18603811170065,85,13.106406065835392,80.18556556459419,0.572,0.408,best,True
9148,N/A,N/A,13.1077972,80.1863353,85,13.106406065835392,80.18556556459419,0.242,0.242,best,True
9707,N/A,N/A,13.1038566,80.1840347,85,13.106406065835392,80.18556556459419,0.488,0.488,best,True
7793,N/A,N/A,13.106092482818738,80.18645826684536,85,13.106406065835392,80.18556556459419,0.455,0.187,best,True
6428,N/A,N/A,13.1043981,80.18565389999999,85,13.106406065835392,80.18556556459419,0.237,0.237,best,True
3089,N/A,N/A,13.1077972,80.1863353,85,13.106406065835392,80.18556556459419,0.242,0.242,best,True
3457,N/A,N/A,13.1055386,80.1853564,85,13.106406065835392,80.18556556459419,0.162,0.162,best,True
6969,N/A,N/A,13.105881083550216,80.18629713279282,85,13.106406065835392,80.18556556459419,0.139,0.139,best,True
7361,N/A,N/A,13.107076596051993,80.18424159919736,85,13.106406065835392,80.18556556459419,0.212,0.212,best,True
7184,N/A,N/A,13.1059919,80.18372529999999,85,13.106406065835392,80.18556556459419,0.247,0.243,best,True
9545,N/A,N/A,13.0242974,80.1772675,86,13.024600111252019,80.17738758382603,0.512,0.081,best,True
5822,N/A,N/A,13.023869876086252,80.17905187740878,86,13.024600111252019,80.17738758382603,0.765,0.228,best,True
1059,N/A,N/A,13.0243823,80.1772356,86,13.024600111252019,80.17738758382603,0.504,0.074,best,True
3194,N/A,N/A,13.0243823,80.1772356,86,13.024600111252019,80.17738758382603,0.504,0.074,best,True
6101,N/A,N/A,13.0243823,80.1772356,86,13.024600111252019,80.17738758382603,0.504,0.074,best,True
6204,N/A,N/A,13.024947260726377,80.17640707390018,86,13.024600111252019,80.17738758382603,0.377,0.166,best,True
1917,N/A,N/A,13.0243823,80.1772356,86,13.024600111252019,80.17738758382603,0.504,0.074,best,True
5023,N/A,N/A,13.026373004221284,80.17729035516443,86,13.024600111252019,80.17738758382603,0.249,0.256,best,True
3040,N/A,N/A,13.024384260234257,80.17752904796075,86,13.024600111252019,80.17738758382603,0.514,0.051,best,True
10213,N/A,N/A,13.0281878,80.17027949999999,87,13.026428995972568,80.16995306547366,0.234,0.234,best,True
6752,N/A,N/A,13.0242098,80.1687601,87,13.026428995972568,80.16995306547366,0.325,0.325,best,True
925,N/A,N/A,13.027733012241113,80.17109389916207,87,13.026428995972568,80.16995306547366,0.292,0.292,best,True
5863,N/A,N/A,13.02711049496274,80.17264878277834,87,13.026428995972568,80.16995306547366,0.472,0.472,best,True
8077,N/A,N/A,13.0279776745638,80.17093363013802,87,13.026428995972568,80.16995306547366,0.245,0.245,best,True
1861,N/A,N/A,13.027888873026445,80.17104214869161,87,13.026428995972568,80.16995306547366,0.278,0.278,best,True
6643,N/A,N/A,13.021922138768666,80.17070638711803,87,13.026428995972568,80.16995306547366,0.652,0.646,best,True
6361,N/A,N/A,13.0280170968807,80.17069242977651,87,13.026428995972568,80.16995306547366,0.24,0.24,best,True
29,N/A,N/A,13.0283783,80.1688038,87,13.026428995972568,80.16995306547366,0.531,0.42,best,True
6233,N/A,N/A,13.029216942786183,80.16866250256446,87,13.026428995972568,80.16995306547366,0.909,0.451,best,True
2129,N/A,N/A,13.0281878,80.17027949999999,87,13.026428995972568,80.16995306547366,0.234,0.234,best,True
6326,N/A,N/A,13.022548210386269,80.17030883640216,87,13.026428995972568,80.16995306547366,0.565,0.537,best,True
6853,N/A,N/A,13.0279739,80.17096959999999,87,13.026428995972568,80.16995306547366,0.267,0.267,best,True
4777,N/A,N/A,13.055975639088638,79.9126868233142,88,13.057580035633906,79.91129836025915,0.691,0.691,best,True
6349,N/A,N/A,13.057134823164027,79.90923588630943,88,13.057580035633906,79.91129836025915,0.686,0.686,best,True
10209,N/A,N/A,13.059385196535526,80.19889496734744,89,13.060599786377608,80.19626918888785,0.955,0.447,best,True
8529,N/A,N/A,13.0655122,80.1970909,89,13.060599786377608,80.19626918888785,0.914,0.891,best,True
7841,N/A,N/A,13.062020729344278,80.19850140960692,89,13.060599786377608,80.19626918888785,0.455,0.455,best,True
424,N/A,N/A,13.0619853,80.1990136,89,13.060599786377608,80.19626918888785,0.607,0.51,best,True
9023,N/A,N/A,13.0606937,80.186694,90,13.062237922014157,80.1912803646869,0.666,0.666,best,True
11025,N/A,N/A,13.0607348,80.190539,90,13.062237922014157,80.1912803646869,0.832,0.482,best,True
9170,N/A,N/A,13.0620719,80.1923735,90,13.062237922014157,80.1912803646869,0.153,0.153,best,True
9821,N/A,N/A,13.0620719,80.1923735,90,13.062237922014157,80.1912803646869,0.153,0.153,best,True
8563,N/A,N/A,13.063832548384624,80.19231954774524,90,13.062237922014157,80.1912803646869,0.46,0.392,best,True
6047,N/A,N/A,13.06392807175695,80.18870689912377,90,13.062237922014157,80.1912803646869,0.519,0.519,best,True
2363,N/A,N/A,13.0620719,80.1923735,90,13.062237922014157,80.1912803646869,0.153,0.153,best,True
2467,N/A,N/A,13.0620719,80.1923735,90,13.062237922014157,80.1912803646869,0.153,0.153,best,True
374,N/A,N/A,13.0628306,80.19267669999999,90,13.062237922014157,80.1912803646869,0.241,0.241,best,True
4125,N/A,N/A,13.0620719,80.1923735,90,13.062237922014157,80.1912803646869,0.153,0.153,best,True
9421,N/A,N/A,13.0537182,80.1906046,91,13.056675485179683,80.19340537605507,0.636,0.636,best,True
2166,N/A,N/A,13.055934674868672,80.19342629135319,91,13.056675485179683,80.19340537605507,0.14,0.14,best,True
1089,N/A,N/A,13.0537182,80.1906046,91,13.056675485179683,80.19340537605507,0.636,0.636,best,True
1095,N/A,N/A,13.055664229401838,80.19132584706729,91,13.056675485179683,80.19340537605507,0.476,0.476,best,True
6250,N/A,N/A,13.05318818973267,80.1920730925903,91,13.056675485179683,80.19340537605507,0.485,0.485,best,True
6829,N/A,N/A,12.987384001978006,79.6755099055225,92,12.988829521237234,79.6761165809449,0.197,0.197,best,True
5357,N/A,N/A,12.991764365550967,79.67709231631586,92,12.988829521237234,79.6761165809449,0.343,0.343,best,True
299,N/A,N/A,12.987340196182728,79.67574752099637,92,12.988829521237234,79.6761165809449,0.169,0.169,best,True
11274,N/A,N/A,13.1290985812414,80.13908758320323,93,13.129310638700124,80.13848151681019,0.07,0.07,best,True
8707,N/A,N/A,13.128984941764902,80.13899240773749,93,13.129310638700124,80.13848151681019,0.059,0.059,best,True
8335,N/A,N/A,13.12902784261652,80.13894697652341,93,13.129310638700124,80.13848151681019,0.058,0.058,best,True
8708,N/A,N/A,13.129008975579826,80.13895991034583,93,13.129310638700124,80.13848151681019,0.059,0.059,best,True
7457,N/A,N/A,13.129237549017372,80.13909144136962,93,13.129310638700124,80.13848151681019,0.085,0.085,best,True
295,N/A,N/A,13.129256184140903,80.138780597809,93,13.129310638700124,80.13848151681019,0.024,0.024,best,True
2390,N/A,N/A,13.1303414,80.1361027,93,13.129310638700124,80.13848151681019,0.608,0.317,best,True
6136,N/A,N/A,13.129097628557554,80.13894424469362,93,13.129310638700124,80.13848151681019,0.049,0.049,best,True
6384,N/A,N/A,13.12912200870108,80.1390545196045,93,13.129310638700124,80.13848151681019,0.074,0.074,best,True
7671,N/A,N/A,13.129098652346212,80.1388932062505,93,13.129310638700124,80.13848151681019,0.046,0.046,best,True
110,N/A,N/A,13.130369160743676,80.13611052697338,93,13.129310638700124,80.13848151681019,0.572,0.313,best,True
6255,N/A,N/A,13.12908473969205,80.13881408721154,93,13.129310638700124,80.13848151681019,0.042,0.042,best,True
9479,N/A,N/A,13.132646133957778,80.13209113595494,94,13.13064527937792,80.13135266131503,0.522,0.323,best,True
10176,N/A,N/A,13.1275845489258,80.12897905961421,94,13.13064527937792,80.13135266131503,0.715,0.631,best,True
11186,N/A,N/A,13.1307405,80.1314386,94,13.13064527937792,80.13135266131503,0.009,0.009,best,True
11347,N/A,N/A,13.13098181528593,80.12931810088044,94,13.13064527937792,80.13135266131503,0.762,0.233,best,True
9344,N/A,N/A,13.130677672630576,80.13096674802556,94,13.13064527937792,80.13135266131503,0.935,0.042,best,True
10407,N/A,N/A,13.13067431201009,80.13112458671073,94,13.13064527937792,80.13135266131503,0.238,0.02,best,True
9646,N/A,N/A,13.127085,80.1298988,94,13.13064527937792,80.13135266131503,0.65,0.566,best,True
1791,N/A,N/A,13.130780752883147,80.13145412232407,94,13.13064527937792,80.13135266131503,0.199,0.059,best,True
3581,N/A,N/A,13.1307405,80.1314386,94,13.13064527937792,80.13135266131503,0.009,0.009,best,True
8139,N/A,N/A,13.130648733838404,80.13154447418255,94,13.13064527937792,80.13135266131503,0.022,0.022,best,True
6478,N/A,N/A,13.1307405,80.1314386,94,13.13064527937792,80.13135266131503,0.009,0.009,best,True
4951,N/A,N/A,13.130610309863892,80.13162178278975,94,13.13064527937792,80.13135266131503,0.029,0.029,best,True
6964,N/A,N/A,13.130589397006936,80.13175987980888,94,13.13064527937792,80.13135266131503,0.044,0.044,best,True
7932,N/A,N/A,13.1307837,80.131779,94,13.13064527937792,80.13135266131503,0.164,0.094,best,True
5994,N/A,N/A,13.1307405,80.1314386,94,13.13064527937792,80.13135266131503,0.009,0.009,best,True
4137,N/A,N/A,13.130633210007872,80.13022249959072,94,13.13064527937792,80.13135266131503,0.885,0.125,best,True
6944,N/A,N/A,13.130613,80.131721,94,13.13064527937792,80.13135266131503,0.04,0.04,best,True
3809,N/A,N/A,13.130613,80.131721,94,13.13064527937792,80.13135266131503,0.04,0.04,best,True
7024,N/A,N/A,13.1294312,80.131564,94,13.13064527937792,80.13135266131503,0.158,0.158,best,True
5944,N/A,N/A,13.130625738287934,80.13192004596927,94,13.13064527937792,80.13135266131503,0.061,0.061,best,True
7731,N/A,N/A,13.13064043697615,80.13162691723174,94,13.13064527937792,80.13135266131503,0.029,0.029,best,True
2851,N/A,N/A,13.130662125543331,80.13158175258647,94,13.13064527937792,80.13135266131503,0.025,0.025,best,True
4480,N/A,N/A,13.130613,80.131721,94,13.13064527937792,80.13135266131503,0.04,0.04,best,True
7244,N/A,N/A,13.130692956694984,80.131715448166,94,13.13064527937792,80.13135266131503,0.039,0.039,best,True
1749,N/A,N/A,13.1307405,80.1314386,94,13.13064527937792,80.13135266131503,0.009,0.009,best,True
1628,N/A,N/A,13.1307405,80.1314386,94,13.13064527937792,80.13135266131503,0.009,0.009,best,True
3116,N/A,N/A,13.130668725546537,80.13173835818284,94,13.13064527937792,80.13135266131503,0.042,0.042,best,True
7265,N/A,N/A,13.130704846286273,80.13167818327811,94,13.13064527937792,80.13135266131503,0.035,0.035,best,True
6265,N/A,N/A,13.13065476187353,80.13162210017718,94,13.13064527937792,80.13135266131503,0.029,0.029,best,True
3086,N/A,N/A,13.130671181476208,80.13186779200619,94,13.13064527937792,80.13135266131503,0.056,0.056,best,True
1082,N/A,N/A,13.130251838593429,80.13245349189881,94,13.13064527937792,80.13135266131503,0.132,0.132,best,True
642,N/A,N/A,13.130651561891524,80.13165747963639,94,13.13064527937792,80.13135266131503,0.033,0.033,best,True
2113,N/A,N/A,13.13066215358159,80.1318572308082,94,13.13064527937792,80.13135266131503,0.054,0.054,best,True
7296,N/A,N/A,13.130699215491434,80.13156380878902,94,13.13064527937792,80.13135266131503,0.023,0.023,best,True
7645,N/A,N/A,13.1307405,80.1314386,94,13.13064527937792,80.13135266131503,0.009,0.009,best,True
2072,N/A,N/A,13.130640256752804,80.13178366632185,94,13.13064527937792,80.13135266131503,0.046,0.046,best,True
1316,N/A,N/A,13.130662488463958,80.13161454045041,94,13.13064527937792,80.13135266131503,0.028,0.028,best,True
4966,N/A,N/A,13.130638364571922,80.13186514163858,94,13.13064527937792,80.13135266131503,0.055,0.055,best,True
7424,N/A,N/A,13.130688036674718,80.13173500557897,94,13.13064527937792,80.13135266131503,0.041,0.041,best,True
8893,N/A,N/A,13.1236578,80.1348755,95,13.124606670587534,80.134598693704,0.685,0.685,best,True
8885,N/A,N/A,13.1245089,80.1326219,95,13.124606670587534,80.134598693704,0.323,0.323,best,True
3038,N/A,N/A,13.1264827,80.1360766,95,13.124606670587534,80.134598693704,0.35,0.35,best,True
3705,N/A,N/A,13.124932023525195,80.13543816222402,95,13.124606670587534,80.134598693704,0.489,0.489,best,True
167,N/A,N/A,13.1216072,80.134563,95,13.124606670587534,80.134598693704,0.868,0.868,best,True
7299,N/A,N/A,13.1264514,80.134017,95,13.124606670587534,80.134598693704,0.435,0.436,best,True
11280,N/A,N/A,13.134195086004548,80.22364246974514,96,13.137478337392482,80.22686341623776,0.851,0.704,best,True
3811,N/A,N/A,13.136475951436015,80.23103934638506,96,13.137478337392482,80.22686341623776,0.718,0.718,best,True
4103,N/A,N/A,13.135552322736308,80.22164064744413,96,13.137478337392482,80.22686341623776,0.958,0.802,best,True
7034,N/A,N/A,13.139042276728905,80.22758110843485,96,13.137478337392482,80.22686341623776,0.243,0.243,best,True
1619,N/A,N/A,13.139046584716292,80.22748614470325,96,13.137478337392482,80.22686341623776,0.236,0.236,best,True
9856,N/A,N/A,13.09442643001109,79.65907441424804,97,13.092935909137132,79.65978023034442,0.5,0.226,best,True
9958,N/A,N/A,13.092553090893697,79.65957876556371,97,13.092935909137132,79.65978023034442,0.277,0.277,best,True
10764,N/A,N/A,13.09440737615158,79.6590343645785,97,13.092935909137132,79.65978023034442,0.491,0.217,best,True
10817,N/A,N/A,13.0947864,79.6581807,97,13.092935909137132,79.65978023034442,0.613,0.339,best,True
9142,N/A,N/A,13.0925574,79.659652,97,13.092935909137132,79.65978023034442,0.267,0.267,best,True
8833,N/A,N/A,13.094406695310592,79.65906537929298,97,13.092935909137132,79.65978023034442,0.499,0.225,best,True
10799,N/A,N/A,13.0949446,79.658699,97,13.092935909137132,79.65978023034442,0.558,0.283,best,True
8505,N/A,N/A,13.0907982,79.6582794,97,13.092935909137132,79.65978023034442,0.617,0.598,best,True
8246,N/A,N/A,13.0927977,79.6628189,97,13.092935909137132,79.65978023034442,0.442,0.442,best,True
8252,N/A,N/A,13.095973,79.6630162,97,13.092935909137132,79.65978023034442,0.646,0.626,best,True
8756,N/A,N/A,13.092541260743078,79.65968958154494,97,13.092935909137132,79.65978023034442,0.263,0.263,best,True
6508,N/A,N/A,13.0947864,79.6581807,97,13.092935909137132,79.65978023034442,0.613,0.339,best,True
5931,N/A,N/A,13.09255776654567,79.65948057771669,97,13.092935909137132,79.65978023034442,0.286,0.267,best,True
3135,N/A,N/A,13.09262396133524,79.65955050691073,97,13.092935909137132,79.65978023034442,0.285,0.251,best,True
6863,N/A,N/A,13.092565881479157,79.65962227735301,97,13.092935909137132,79.65978023034442,0.271,0.271,best,True
42,N/A,N/A,13.0925574,79.659652,97,13.092935909137132,79.65978023034442,0.267,0.267,best,True
7902,N/A,N/A,13.094606214550469,79.65908270767882,97,13.092935909137132,79.65978023034442,0.511,0.237,best,True
138,N/A,N/A,13.0925574,79.659652,97,13.092935909137132,79.65978023034442,0.267,0.267,best,True
4877,N/A,N/A,13.09252684016029,79.65960807474515,97,13.092935909137132,79.65978023034442,0.272,0.272,best,True
6809,N/A,N/A,13.09251596078782,79.65963305214706,97,13.092935909137132,79.65978023034442,0.269,0.269,best,True
2935,N/A,N/A,13.0949446,79.658699,97,13.092935909137132,79.65978023034442,0.558,0.283,best,True
6767,N/A,N/A,13.092606322200696,79.65938535563667,97,13.092935909137132,79.65978023034442,0.294,0.275,best,True
1990,N/A,N/A,13.0949446,79.658699,97,13.092935909137132,79.65978023034442,0.558,0.283,best,True
5430,N/A,N/A,13.0926454,79.65897840000001,97,13.092935909137132,79.65978023034442,0.335,0.316,best,True
2990,N/A,N/A,13.092555701822445,79.65951523350674,97,13.092935909137132,79.65978023034442,0.282,0.263,best,True
2890,N/A,N/A,13.092608015035966,79.65973528916243,97,13.092935909137132,79.65978023034442,0.259,0.259,best,True
3679,N/A,N/A,13.092529346294278,79.65971782831231,97,13.092935909137132,79.65978023034442,0.26,0.26,best,True
4717,N/A,N/A,13.09250357912967,79.65972110514491,97,13.092935909137132,79.65978023034442,0.26,0.26,best,True
11075,N/A,N/A,13.0239371,80.2551752,99,13.024069556681885,80.25837604854132,0.453,0.453,best,True
10511,N/A,N/A,13.0274281,80.256635,99,13.024069556681885,80.25837604854132,0.423,0.423,best,True
3137,N/A,N/A,13.025676846608029,80.25876325991536,99,13.024069556681885,80.25837604854132,0.352,0.362,best,True
5451,N/A,N/A,13.0223022,80.25913709999999,99,13.024069556681885,80.25837604854132,0.235,0.235,best,True
5187,N/A,N/A,13.0274281,80.256635,99,13.024069556681885,80.25837604854132,0.423,0.423,best,True
6609,N/A,N/A,13.027066837596026,80.2559457105493,99,13.024069556681885,80.25837604854132,0.462,0.462,best,True
894,N/A,N/A,13.0223503,80.26282979999999,99,13.024069556681885,80.25837604854132,0.754,0.754,best,True
3563,N/A,N/A,13.0223022,80.25913709999999,99,13.024069556681885,80.25837604854132,0.235,0.235,best,True
6159,N/A,N/A,13.021697334839631,80.26314963409926,99,13.024069556681885,80.25837604854132,0.739,0.675,best,True
3893,N/A,N/A,13.0274281,80.256635,99,13.024069556681885,80.25837604854132,0.423,0.423,best,True
20,N/A,N/A,13.02701060028691,80.25600881320891,99,13.024069556681885,80.25837604854132,0.464,0.467,best,True
2932,N/A,N/A,13.0223022,80.25913709999999,99,13.024069556681885,80.25837604854132,0.235,0.235,best,True
10014,N/A,N/A,13.01957443571561,80.1414988859272,100,13.019077946109949,80.14234223365808,0.675,0.167,best,True
8572,N/A,N/A,13.019217,80.1423697,100,13.019077946109949,80.14234223365808,0.455,0.056,best,True
9183,N/A,N/A,13.01967885670752,80.13952132485531,100,13.019077946109949,80.14234223365808,0.828,0.441,best,True
11045,N/A,N/A,13.019437941728151,80.14274189338533,100,13.019077946109949,80.14234223365808,0.395,0.076,best,True
6583,N/A,N/A,13.0177418,80.1448856,100,13.019077946109949,80.14234223365808,0.739,0.571,best,True
5795,N/A,N/A,13.01865139933228,80.14128753680528,100,13.019077946109949,80.14234223365808,0.164,0.164,best,True
1153,N/A,N/A,13.01913130270511,80.14247217474423,100,13.019077946109949,80.14234223365808,0.441,0.03,best,True
2020,N/A,N/A,13.019128163420556,80.14248210722074,100,13.019077946109949,80.14234223365808,0.44,0.031,best,True
1235,N/A,N/A,13.019052397881827,80.14264420221514,100,13.019077946109949,80.14234223365808,0.253,0.253,best,True
5100,N/A,N/A,13.018338397201584,80.14306576329001,100,13.019077946109949,80.14234223365808,0.391,0.391,best,True
3533,N/A,N/A,13.019852,80.142631,100,13.019077946109949,80.14234223365808,0.395,0.175,best,True
1299,N/A,N/A,13.01907923212318,80.14247422029487,100,13.019077946109949,80.14234223365808,0.445,0.026,best,True
4586,N/A,N/A,13.01913037261352,80.14237462881694,100,13.019077946109949,80.14234223365808,0.449,0.022,best,True
8375,N/A,N/A,13.02261637574739,80.1462159018177,101,13.022359746337981,80.14691875515602,0.161,0.13,best,True
10000,N/A,N/A,13.0228386,80.1463194,101,13.022359746337981,80.14691875515602,0.113,0.113,best,True
10312,N/A,N/A,13.0229855,80.1470993,101,13.022359746337981,80.14691875515602,0.205,0.205,best,True
10149,N/A,N/A,13.02276860248673,80.1461672323673,101,13.022359746337981,80.14691875515602,0.129,0.129,best,True
5709,N/A,N/A,13.022874325317762,80.14633017010573,101,13.022359746337981,80.14691875515602,0.49,0.117,best,True
1291,N/A,N/A,13.022867459388472,80.14645651154736,101,13.022359746337981,80.14691875515602,0.117,0.117,best,True
357,N/A,N/A,13.022861167742638,80.14629871219033,101,13.022359746337981,80.14691875515602,0.113,0.113,best,True
397,N/A,N/A,13.022901776537882,80.14634541501202,101,13.022359746337981,80.14691875515602,0.487,0.121,best,True
4953,N/A,N/A,13.022867956729096,80.1461926038375,101,13.022359746337981,80.14691875515602,0.113,0.113,best,True
3952,N/A,N/A,13.02067343827006,80.14909053690342,101,13.022359746337981,80.14691875515602,0.446,0.446,best,True
4773,N/A,N/A,13.023325880153251,80.14679581457395,101,13.022359746337981,80.14691875515602,0.419,0.189,best,True
5577,N/A,N/A,13.022943274605442,80.1465031559563,101,13.022359746337981,80.14691875515602,0.126,0.126,best,True
4674,N/A,N/A,13.0192134,80.1482094,101,13.022359746337981,80.14691875515602,0.912,0.912,best,True
4108,N/A,N/A,13.021592540865688,80.14935238371703,101,13.022359746337981,80.14691875515602,0.343,0.343,best,True
5099,N/A,N/A,13.022065897225318,80.14640478931175,101,13.022359746337981,80.14691875515602,0.247,0.233,best,True
9182,N/A,N/A,13.098305903962292,80.13537900234267,102,13.097973017107538,80.13454639493112,0.114,0.114,best,True
9309,N/A,N/A,13.098761,80.132513,102,13.097973017107538,80.13454639493112,0.303,0.267,best,True
9714,N/A,N/A,13.098163661208172,80.1366444922606,102,13.097973017107538,80.13454639493112,0.252,0.252,best,True
6617,N/A,N/A,13.099173754300576,80.13256282575726,102,13.097973017107538,80.13454639493112,0.364,0.328,best,True
6079,N/A,N/A,13.0957538,80.1357448,102,13.097973017107538,80.13454639493112,0.484,0.484,best,True
1539,N/A,N/A,13.098761,80.132513,102,13.097973017107538,80.13454639493112,0.303,0.267,best,True
6683,N/A,N/A,13.1006428,80.1346587,102,13.097973017107538,80.13454639493112,0.695,0.535,best,True
2554,N/A,N/A,13.0983046,80.13665110000001,102,13.097973017107538,80.13454639493112,0.252,0.252,best,True
4949,N/A,N/A,13.0965075,80.1345322,102,13.097973017107538,80.13454639493112,0.383,0.383,best,True
1493,N/A,N/A,13.099145143635964,80.13263490434036,102,13.097973017107538,80.13454639493112,0.368,0.332,best,True
1489,N/A,N/A,13.099181607702292,80.13257759096628,102,13.097973017107538,80.13454639493112,0.366,0.33,best,True
2829,N/A,N/A,13.0992671,80.1352879,102,13.097973017107538,80.13454639493112,0.503,0.41,best,True
8909,N/A,N/A,13.1014052,80.1359637,103,13.101311187638006,80.13919776585804,0.392,0.392,best,True
6176,N/A,N/A,13.1009772731792,80.13938070839383,103,13.101311187638006,80.13919776585804,0.092,0.092,best,True
7695,N/A,N/A,13.101094498285034,80.1393614905512,103,13.101311187638006,80.13919776585804,0.084,0.084,best,True
847,N/A,N/A,13.101317053030014,80.137802484086,103,13.101311187638006,80.13919776585804,0.193,0.193,best,True
1909,N/A,N/A,13.10125345412777,80.1424581739483,103,13.101311187638006,80.13919776585804,0.374,0.374,best,True
543,N/A,N/A,13.1006164,80.13964949999999,103,13.101311187638006,80.13919776585804,0.124,0.124,best,True
4795,N/A,N/A,13.1006164,80.13964949999999,103,13.101311187638006,80.13919776585804,0.124,0.124,best,True
3033,N/A,N/A,13.1006164,80.13964949999999,103,13.101311187638006,80.13919776585804,0.124,0.124,best,True
6866,N/A,N/A,13.1006164,80.13964949999999,103,13.101311187638006,80.13919776585804,0.124,0.124,best,True
2907,N/A,N/A,13.10099258539604,80.13948856745911,103,13.101311187638006,80.13919776585804,0.074,0.074,best,True
4168,N/A,N/A,13.1049174,80.13812229999999,103,13.101311187638006,80.13919776585804,0.934,0.536,best,True
9932,N/A,N/A,13.1137625,80.2086094,104,13.113307533130566,80.20908199729924,0.133,0.133,best,True
8582,N/A,N/A,13.1151231,80.2086819,104,13.113307533130566,80.20908199729924,0.278,0.278,best,True
8892,N/A,N/A,13.11154217696646,80.20625473854017,104,13.113307533130566,80.20908199729924,0.541,0.547,best,True
6351,N/A,N/A,13.114272141219828,80.21003158650818,104,13.113307533130566,80.20908199729924,0.178,0.178,best,True
3747,N/A,N/A,13.115590236214787,80.21007240914325,104,13.113307533130566,80.20908199729924,0.516,0.474,best,True
5332,N/A,N/A,13.11417600235638,80.20884652615744,104,13.113307533130566,80.20908199729924,0.2,0.2,best,True
1938,N/A,N/A,13.111726556924213,80.20595978813415,104,13.113307533130566,80.20908199729924,0.604,0.61,best,True
842,N/A,N/A,13.114114916822826,80.21141758544546,104,13.113307533130566,80.20908199729924,0.331,0.331,best,True
4399,N/A,N/A,13.1122677,80.2087265,104,13.113307533130566,80.20908199729924,0.149,0.149,best,True
4424,N/A,N/A,13.1124243,80.2123102,104,13.113307533130566,80.20908199729924,0.51,0.51,best,True
3632,N/A,N/A,13.113638204898743,80.20409532240046,104,13.113307533130566,80.20908199729924,0.558,0.558,best,True
10987,N/A,N/A,13.119776125240408,80.20875744811491,105,13.118839948042242,80.20735244039841,0.253,0.253,best,True
10540,N/A,N/A,13.1189858,80.2072457,105,13.118839948042242,80.20735244039841,0.01,0.01,best,True
10101,N/A,N/A,13.1187562,80.2077881,105,13.118839948042242,80.20735244039841,0.047,0.047,best,True
9768,N/A,N/A,13.1189858,80.2072457,105,13.118839948042242,80.20735244039841,0.01,0.01,best,True
10122,N/A,N/A,13.118830079073682,80.20721062098552,105,13.118839948042242,80.20735244039841,0.015,0.015,best,True
8793,N/A,N/A,13.118827341844929,80.20746458768396,105,13.118839948042242,80.20735244039841,0.012,0.012,best,True
1874,N/A,N/A,13.1178583,80.209936,105,13.118839948042242,80.20735244039841,0.508,0.508,best,True
7598,N/A,N/A,13.118802912235417,80.20782608472894,105,13.118839948042242,80.20735244039841,0.051,0.051,best,True
5498,N/A,N/A,13.118839907813802,80.20707393948517,105,13.118839948042242,80.20735244039841,0.03,0.03,best,True
100,N/A,N/A,13.1200108,80.2057618,105,13.118839948042242,80.20735244039841,0.308,0.308,best,True
150,N/A,N/A,13.1189858,80.2072457,105,13.118839948042242,80.20735244039841,0.01,0.01,best,True
6690,N/A,N/A,13.1189858,80.2072457,105,13.118839948042242,80.20735244039841,0.01,0.01,best,True
6131,N/A,N/A,13.118708530552771,80.20480523237163,105,13.118839948042242,80.20735244039841,0.276,0.276,best,True
2352,N/A,N/A,13.118598741855704,80.20761418364286,105,13.118839948042242,80.20735244039841,0.056,0.056,best,True
4893,N/A,N/A,13.118931101909242,80.20800405803439,105,13.118839948042242,80.20735244039841,0.07,0.07,best,True
5760,N/A,N/A,13.1195813,80.207244,105,13.118839948042242,80.20735244039841,0.358,0.358,best,True
4184,N/A,N/A,13.1198409,80.20922519999999,105,13.118839948042242,80.20735244039841,0.399,0.31,best,True
4743,N/A,N/A,13.1191632,80.2092952,105,13.118839948042242,80.20735244039841,0.236,0.236,best,True
7718,N/A,N/A,13.11694214902744,80.20517305571501,105,13.118839948042242,80.20735244039841,0.43,0.43,best,True
5703,N/A,N/A,13.118767742356903,80.20746518393048,105,13.118839948042242,80.20735244039841,0.007,0.007,best,True
3257,N/A,N/A,13.1189858,80.2072457,105,13.118839948042242,80.20735244039841,0.01,0.01,best,True
4043,N/A,N/A,13.1196347,80.2058005,105,13.118839948042242,80.20735244039841,0.266,0.266,best,True
323,N/A,N/A,13.11891265823426,80.2070096656067,105,13.118839948042242,80.20735244039841,0.036,0.036,best,True
7404,N/A,N/A,13.118804696800678,80.20774753392635,105,13.118839948042242,80.20735244039841,0.043,0.043,best,True
5196,N/A,N/A,13.117810310195308,80.20520729653069,105,13.118839948042242,80.20735244039841,0.335,0.335,best,True
1182,N/A,N/A,13.1187562,80.2077881,105,13.118839948042242,80.20735244039841,0.047,0.047,best,True
7559,N/A,N/A,13.1175957,80.2080896,105,13.118839948042242,80.20735244039841,0.198,0.198,best,True
7585,N/A,N/A,13.1187998,80.2124277,106,13.117710482965498,80.2130676837107,0.311,0.311,best,True
1891,N/A,N/A,13.1187998,80.2124277,106,13.117710482965498,80.2130676837107,0.311,0.311,best,True
2279,N/A,N/A,13.1170122,80.21359989999999,106,13.117710482965498,80.2130676837107,0.209,0.209,best,True
2674,N/A,N/A,13.1182463,80.2112019,106,13.117710482965498,80.2130676837107,0.475,0.28,best,True
717,N/A,N/A,13.1170304,80.2127872,106,13.117710482965498,80.2130676837107,0.078,0.078,best,True
4786,N/A,N/A,13.114968,80.2150621,106,13.117710482965498,80.2130676837107,0.765,0.567,best,True
2462,N/A,N/A,13.119116880758478,80.21396728597483,106,13.117710482965498,80.2130676837107,0.445,0.445,best,True
10350,N/A,N/A,12.983062015812004,80.18854959556528,108,12.981701227212737,80.18634284643747,0.441,0.388,best,True
10047,N/A,N/A,12.98051714709221,80.19154068021349,108,12.981701227212737,80.18634284643747,0.663,0.663,best,True
8583,N/A,N/A,12.981771945400704,80.18147072507642,108,12.981701227212737,80.18634284643747,0.718,0.668,best,True
8631,N/A,N/A,12.9812002,80.1858056,108,12.981701227212737,80.18634284643747,0.089,0.089,best,True
11301,N/A,N/A,12.9826816,80.183296,108,12.981701227212737,80.18634284643747,0.674,0.502,best,True
9070,N/A,N/A,12.9812002,80.1858056,108,12.981701227212737,80.18634284643747,0.089,0.089,best,True
9833,N/A,N/A,12.982612889912067,80.18571956080942,108,12.981701227212737,80.18634284643747,0.239,0.239,best,True
8919,N/A,N/A,12.981249859573166,80.18582705767211,108,12.981701227212737,80.18634284643747,0.087,0.087,best,True
7817,N/A,N/A,12.981560248623405,80.18565376934075,108,12.981701227212737,80.18634284643747,0.117,0.117,best,True
7649,N/A,N/A,12.980815820710609,80.18652028805901,108,12.981701227212737,80.18634284643747,0.117,0.117,best,True
4402,N/A,N/A,12.9812002,80.1858056,108,12.981701227212737,80.18634284643747,0.089,0.089,best,True
2652,N/A,N/A,12.98177770250159,80.1856891244055,108,12.981701227212737,80.18634284643747,0.141,0.141,best,True
7079,N/A,N/A,12.98164675993315,80.18559371897419,108,12.981701227212737,80.18634284643747,0.125,0.125,best,True
5852,N/A,N/A,12.981354785753572,80.18552159417693,108,12.981701227212737,80.18634284643747,0.133,0.133,best,True
4025,N/A,N/A,12.981521525661078,80.18563908554688,108,12.981701227212737,80.18634284643747,0.111,0.111,best,True
2795,N/A,N/A,12.9812002,80.1858056,108,12.981701227212737,80.18634284643747,0.089,0.089,best,True
6155,N/A,N/A,12.9812002,80.1858056,108,12.981701227212737,80.18634284643747,0.089,0.089,best,True
4245,N/A,N/A,12.98224564903262,80.18989802614827,108,12.981701227212737,80.18634284643747,0.746,0.466,best,True
69,N/A,N/A,12.9812002,80.1858056,108,12.981701227212737,80.18634284643747,0.089,0.089,best,True
1393,N/A,N/A,12.9813324,80.1865331,108,12.981701227212737,80.18634284643747,0.045,0.045,best,True
7520,N/A,N/A,12.98163174666378,80.18564410229519,108,12.981701227212737,80.18634284643747,0.124,0.124,best,True
7392,N/A,N/A,12.981484435333927,80.18569656585932,108,12.981701227212737,80.18634284643747,0.104,0.104,best,True
9513,N/A,N/A,12.98885098384126,80.1847130177751,109,12.987951785794069,80.18503084556777,0.146,0.133,best,True
11121,N/A,N/A,12.987871932670345,80.18531303358343,109,12.987951785794069,80.18503084556777,0.025,0.025,best,True
9817,N/A,N/A,12.9889738,80.18523460000002,109,12.987951785794069,80.18503084556777,0.104,0.104,best,True
10456,N/A,N/A,12.987848115361526,80.18531765175254,109,12.987951785794069,80.18503084556777,0.028,0.028,best,True
11309,N/A,N/A,12.98781360688745,80.18531853622844,109,12.987951785794069,80.18503084556777,0.032,0.032,best,True
9815,N/A,N/A,12.9889896,80.1882195,109,12.987951785794069,80.18503084556777,0.502,0.477,best,True
8175,N/A,N/A,12.9889738,80.18523460000002,109,12.987951785794069,80.18503084556777,0.104,0.104,best,True
6445,N/A,N/A,12.987598154027978,80.18535578819831,109,12.987951785794069,80.18503084556777,0.055,0.055,best,True
6865,N/A,N/A,12.98867407915615,80.18517652618048,109,12.987951785794069,80.18503084556777,0.071,0.071,best,True
2635,N/A,N/A,12.9880019,80.1852929,109,12.987951785794069,80.18503084556777,0.012,0.012,best,True
7282,N/A,N/A,12.9880019,80.1852929,109,12.987951785794069,80.18503084556777,0.012,0.012,best,True
194,N/A,N/A,12.98764076679419,80.18537342574788,109,12.987951785794069,80.18503084556777,0.052,0.052,best,True
5325,N/A,N/A,12.987093954621756,80.18570339163874,109,12.987951785794069,80.18503084556777,0.122,0.122,best,True
7068,N/A,N/A,12.98796806513851,80.18526210354723,109,12.987951785794069,80.18503084556777,0.01,0.01,best,True
5092,N/A,N/A,12.9876987,80.1853376,109,12.987951785794069,80.18503084556777,0.044,0.044,best,True
5647,N/A,N/A,12.9848712,80.1835445,109,12.987951785794069,80.18503084556777,0.648,0.543,best,True
10677,N/A,N/A,13.119010788205484,80.0821763076513,110,13.121333403534322,80.08397215460099,0.431,0.431,best,True
10560,N/A,N/A,13.126667875998242,80.08240495764807,110,13.121333403534322,80.08397215460099,0.873,0.875,best,True
11088,N/A,N/A,13.126132961338538,80.08259498252414,110,13.121333403534322,80.08397215460099,0.942,0.945,best,True
8061,N/A,N/A,13.118830690628942,80.08209447094085,110,13.121333403534322,80.08397215460099,0.449,0.449,best,True
6895,N/A,N/A,13.119043178835954,80.08212911321414,110,13.121333403534322,80.08397215460099,0.427,0.427,best,True
2142,N/A,N/A,13.118743483624716,80.0859287159849,110,13.121333403534322,80.08397215460099,0.865,0.865,best,True
1450,N/A,N/A,13.118727556848322,80.08590772388877,110,13.121333403534322,80.08397215460099,0.863,0.863,best,True
7077,N/A,N/A,13.119654076121645,80.08329972516746,110,13.121333403534322,80.08397215460099,0.471,0.471,best,True
11204,N/A,N/A,12.818247364752375,79.72005612613926,111,12.822664445417749,79.72079948327413,0.746,0.746,best,True
11203,N/A,N/A,12.81924334364125,79.72110040991994,111,12.822664445417749,79.72079948327413,0.504,0.504,best,True
11216,N/A,N/A,12.8215698,79.7173035,111,12.822664445417749,79.72079948327413,0.439,0.439,best,True
1037,N/A,N/A,12.815700110787828,79.7221436538854,111,12.822664445417749,79.72079948327413,0.999,0.999,best,True
2830,N/A,N/A,12.82085661388539,79.71764785695419,111,12.822664445417749,79.72079948327413,0.918,0.443,best,True
1178,N/A,N/A,12.8190334,79.7198066,111,12.822664445417749,79.72079948327413,0.732,0.732,best,True
4779,N/A,N/A,12.819353323177818,79.72105565748127,111,12.822664445417749,79.72079948327413,0.512,0.512,best,True
7982,N/A,N/A,12.8207055,79.7175736,111,12.822664445417749,79.72079948327413,0.918,0.443,best,True
7132,N/A,N/A,12.819369165035331,79.72092165297146,111,12.822664445417749,79.72079948327413,0.526,0.526,best,True
4967,N/A,N/A,12.820739129817737,79.71788367057977,111,12.822664445417749,79.72079948327413,0.889,0.414,best,True
9256,N/A,N/A,13.082229587736633,80.1687452921108,112,13.081872574399696,80.16703076051073,0.239,0.185,best,True
10804,N/A,N/A,13.0858714,80.1661027,112,13.081872574399696,80.16703076051073,0.737,0.737,best,True
10063,N/A,N/A,13.0814762,80.1669512,112,13.081872574399696,80.16703076051073,0.04,0.04,best,True
9962,N/A,N/A,13.084500918900092,80.16631729261107,112,13.081872574399696,80.16703076051073,0.339,0.339,best,True
9999,N/A,N/A,13.0814762,80.1669512,112,13.081872574399696,80.16703076051073,0.04,0.04,best,True
7766,N/A,N/A,13.081513,80.16696979999999,112,13.081872574399696,80.16703076051073,0.036,0.036,best,True
7696,N/A,N/A,13.0814762,80.1669512,112,13.081872574399696,80.16703076051073,0.04,0.04,best,True
3980,N/A,N/A,13.0814762,80.1669512,112,13.081872574399696,80.16703076051073,0.04,0.04,best,True
4087,N/A,N/A,13.0814762,80.1669512,112,13.081872574399696,80.16703076051073,0.04,0.04,best,True
6736,N/A,N/A,13.0814762,80.1669512,112,13.081872574399696,80.16703076051073,0.04,0.04,best,True
5453,N/A,N/A,13.0814762,80.1669512,112,13.081872574399696,80.16703076051073,0.04,0.04,best,True
4842,N/A,N/A,13.081484662185735,80.16698803325673,112,13.081872574399696,80.16703076051073,0.04,0.04,best,True
5481,N/A,N/A,13.0810062,80.1674173,112,13.081872574399696,80.16703076051073,0.39,0.349,best,True
3913,N/A,N/A,13.0814762,80.1669512,112,13.081872574399696,80.16703076051073,0.04,0.04,best,True
3401,N/A,N/A,13.0814762,80.1669512,112,13.081872574399696,80.16703076051073,0.04,0.04,best,True
1058,N/A,N/A,13.080807324459196,80.16751173584099,112,13.081872574399696,80.16703076051073,0.414,0.374,best,True
5066,N/A,N/A,13.08147975326898,80.1670479843885,112,13.081872574399696,80.16703076051073,0.042,0.042,best,True
4764,N/A,N/A,13.08151638330123,80.16691637380504,112,13.081872574399696,80.16703076051073,0.035,0.035,best,True
1905,N/A,N/A,13.0814762,80.1669512,112,13.081872574399696,80.16703076051073,0.04,0.04,best,True
2698,N/A,N/A,13.08158236569824,80.16698725225307,112,13.081872574399696,80.16703076051073,0.033,0.033,best,True
1484,N/A,N/A,13.0818914,80.1679107,112,13.081872574399696,80.16703076051073,0.138,0.099,best,True
8044,N/A,N/A,13.081678809055234,80.16671012202846,112,13.081872574399696,80.16703076051073,0.04,0.04,best,True
2657,N/A,N/A,13.0814762,80.1669512,112,13.081872574399696,80.16703076051073,0.04,0.04,best,True
7636,N/A,N/A,13.0814762,80.1669512,112,13.081872574399696,80.16703076051073,0.04,0.04,best,True
1429,N/A,N/A,13.0814762,80.1669512,112,13.081872574399696,80.16703076051073,0.04,0.04,best,True
2385,N/A,N/A,13.0814762,80.1669512,112,13.081872574399696,80.16703076051073,0.04,0.04,best,True
927,N/A,N/A,13.0814762,80.1669512,112,13.081872574399696,80.16703076051073,0.04,0.04,best,True
7467,N/A,N/A,13.081948536070882,80.1665167543326,112,13.081872574399696,80.16703076051073,0.057,0.057,best,True
5749,N/A,N/A,13.0814762,80.1669512,112,13.081872574399696,80.16703076051073,0.04,0.04,best,True
895,N/A,N/A,13.0814762,80.1669512,112,13.081872574399696,80.16703076051073,0.04,0.04,best,True
3998,N/A,N/A,13.0814762,80.1669512,112,13.081872574399696,80.16703076051073,0.04,0.04,best,True
9144,N/A,N/A,13.0845182,80.1621332,113,13.083949192492776,80.16201564379479,0.132,0.134,best,True
10386,N/A,N/A,13.082887801826388,80.16252405271672,113,13.083949192492776,80.16201564379479,0.453,0.453,best,True
6434,N/A,N/A,13.0845182,80.1621332,113,13.083949192492776,80.16201564379479,0.132,0.134,best,True
4075,N/A,N/A,13.085000611742036,80.16187778882671,113,13.083949192492776,80.16201564379479,0.209,0.209,best,True
6871,N/A,N/A,13.084500733881004,80.16287826502008,113,13.083949192492776,80.16201564379479,0.132,0.132,best,True
9777,N/A,N/A,13.0806666,80.1631252,114,13.080532086841036,80.16326008798082,0.052,0.052,best,True
10525,N/A,N/A,13.0789295,80.1617174,114,13.080532086841036,80.16326008798082,0.786,0.335,best,True
10200,N/A,N/A,13.0808045,80.16447629999999,114,13.080532086841036,80.16326008798082,0.135,0.135,best,True
8482,N/A,N/A,13.080894694318266,80.1645616287128,114,13.080532086841036,80.16326008798082,0.147,0.147,best,True
7577,N/A,N/A,13.080292324869117,80.16165174772715,114,13.080532086841036,80.16326008798082,0.889,0.204,best,True
2869,N/A,N/A,13.0807704,80.16441979999999,114,13.080532086841036,80.16326008798082,0.128,0.128,best,True
7655,N/A,N/A,13.0806487,80.1618568,114,13.080532086841036,80.16326008798082,0.199,0.2,best,True
2843,N/A,N/A,13.080940417019791,80.1646436594076,114,13.080532086841036,80.16326008798082,0.153,0.153,best,True
7335,N/A,N/A,13.079997815964663,80.16155126036304,114,13.080532086841036,80.16326008798082,0.855,0.237,best,True
3593,N/A,N/A,13.080348251703288,80.16174539749298,114,13.080532086841036,80.16326008798082,0.207,0.154,best,True
497,N/A,N/A,13.081080284655885,80.16094376686169,114,13.080532086841036,80.16326008798082,0.359,0.32,best,True
4984,N/A,N/A,13.0807704,80.16441979999999,114,13.080532086841036,80.16326008798082,0.128,0.128,best,True
4978,N/A,N/A,13.08021022367498,80.16165348826212,114,13.080532086841036,80.16326008798082,0.88,0.213,best,True
877,N/A,N/A,13.080811059833792,80.1643783977683,114,13.080532086841036,80.16326008798082,0.125,0.125,best,True
4727,N/A,N/A,13.080725445155336,80.16420431542169,114,13.080532086841036,80.16326008798082,0.104,0.104,best,True
1507,N/A,N/A,13.0800045,80.1640588,114,13.080532086841036,80.16326008798082,0.327,0.314,best,True
1502,N/A,N/A,13.0807704,80.16441979999999,114,13.080532086841036,80.16326008798082,0.128,0.128,best,True
4469,N/A,N/A,13.0807704,80.16441979999999,114,13.080532086841036,80.16326008798082,0.128,0.128,best,True
6017,N/A,N/A,13.080818819206936,80.1645163798983,114,13.080532086841036,80.16326008798082,0.139,0.139,best,True
4423,N/A,N/A,13.088978142913534,80.16092974259328,115,13.089573021456768,80.16086702129664,0.064,0.064,best,True
5951,N/A,N/A,13.0901679,80.1608043,115,13.089573021456768,80.16086702129664,0.09,0.09,best,True
8301,N/A,N/A,13.19929626411412,80.15431430087453,116,13.19692453030002,80.1561610368451,0.849,0.849,best,True
4442,N/A,N/A,13.1973305629947,80.15688238842179,116,13.19692453030002,80.1561610368451,0.09,0.09,best,True
7266,N/A,N/A,13.197251529045426,80.15678174783864,116,13.19692453030002,80.1561610368451,0.077,0.077,best,True
6058,N/A,N/A,12.963816024389049,80.25644185296949,117,12.966476127479085,80.25722800414397,0.762,0.325,best,True
2307,N/A,N/A,12.968545951611864,80.25911315152108,117,12.966476127479085,80.25722800414397,0.537,0.48,best,True
9757,N/A,N/A,12.9222291,80.0816821,119,12.919829443710714,80.07949522423954,0.519,0.519,best,True
1114,N/A,N/A,12.9228987,80.0808931,119,12.919829443710714,80.07949522423954,0.576,0.592,best,True
990,N/A,N/A,12.918597047101086,80.0778912924634,119,12.919829443710714,80.07949522423954,0.862,0.853,best,True
956,N/A,N/A,12.9191546,80.08361630000002,119,12.919829443710714,80.07949522423954,0.65,0.628,best,True
9399,N/A,N/A,13.042158,80.2281409,122,13.045394707397854,80.22925990798076,0.736,0.479,best,True
10628,N/A,N/A,13.046859631385828,80.22585559148632,122,13.045394707397854,80.22925990798076,0.991,0.457,best,True
10263,N/A,N/A,13.044902292219325,80.22570919447745,122,13.045394707397854,80.22925990798076,0.51,0.508,best,True
9528,N/A,N/A,13.0427783717187,80.22794942634606,122,13.045394707397854,80.22925990798076,0.681,0.458,best,True
9502,N/A,N/A,13.047476881131132,80.22927929891061,122,13.045394707397854,80.22925990798076,0.358,0.358,best,True
4092,N/A,N/A,13.048748215626494,80.2269113430176,122,13.045394707397854,80.22925990798076,0.651,0.647,best,True
7478,N/A,N/A,13.048897051113222,80.22691514637768,122,13.045394707397854,80.22925990798076,0.667,0.663,best,True
10846,N/A,N/A,13.039188384020882,80.11361656092329,123,13.039445710659992,80.11435567780407,0.137,0.137,best,True
10898,N/A,N/A,13.038219212033368,80.11312033953223,123,13.039445710659992,80.11435567780407,0.256,0.256,best,True
1939,N/A,N/A,13.038178483957395,80.11302187617916,123,13.039445710659992,80.11435567780407,0.273,0.273,best,True
5857,N/A,N/A,13.038163827135396,80.11308962965775,123,13.039445710659992,80.11435567780407,0.266,0.266,best,True
4404,N/A,N/A,13.038250199703588,80.1146189823559,123,13.039445710659992,80.11435567780407,0.301,0.289,best,True
3642,N/A,N/A,13.038160391624832,80.11313477047267,123,13.039445710659992,80.11435567780407,0.26,0.26,best,True
6462,N/A,N/A,13.040045033854184,80.11306189178264,123,13.039445710659992,80.11435567780407,0.155,0.155,best,True
4564,N/A,N/A,13.0410129,80.1150469,123,13.039445710659992,80.11435567780407,0.373,0.373,best,True
7289,N/A,N/A,13.041293533685232,80.11394935034032,123,13.039445710659992,80.11435567780407,0.272,0.271,best,True
4841,N/A,N/A,13.040260833010644,80.1126560976032,123,13.039445710659992,80.11435567780407,0.207,0.207,best,True
6856,N/A,N/A,13.041486383905571,80.11457555726108,123,13.039445710659992,80.11435567780407,0.268,0.27,best,True
3455,N/A,N/A,13.037497890857418,80.11542536910724,123,13.039445710659992,80.11435567780407,0.535,0.44,best,True
9703,N/A,N/A,13.073809416765496,80.11223409445495,126,13.075593220178503,80.11198602872867,0.454,0.232,best,True
9158,N/A,N/A,13.073706569844944,80.11216952906024,126,13.075593220178503,80.11198602872867,0.441,0.219,best,True
5941,N/A,N/A,13.07724620354643,80.11104387905995,126,13.075593220178503,80.11198602872867,0.273,0.273,best,True
4500,N/A,N/A,13.073723794749435,80.11214380973868,126,13.075593220178503,80.11198602872867,0.441,0.219,best,True
2014,N/A,N/A,13.0773771,80.1117548,126,13.075593220178503,80.11198602872867,0.285,0.285,best,True
3001,N/A,N/A,13.077015387305051,80.11388413242321,126,13.075593220178503,80.11198602872867,0.955,0.733,best,True
11213,N/A,N/A,13.13848029011424,80.11121024952006,127,13.140867936304486,80.11205543730414,0.38,0.38,best,True
11231,N/A,N/A,13.1434694,80.1135553,127,13.140867936304486,80.11205543730414,0.47,0.47,best,True
11305,N/A,N/A,13.1396354,80.1116257,127,13.140867936304486,80.11205543730414,0.307,0.284,best,True
9229,N/A,N/A,13.1392906,80.1085178,127,13.140867936304486,80.11205543730414,0.556,0.524,best,True
5133,N/A,N/A,13.138601027712667,80.11004117430475,127,13.140867936304486,80.11205543730414,0.432,0.432,best,True
9477,N/A,N/A,13.1356701,80.1011541,128,13.1390799346738,80.10357209331676,0.89,0.89,best,True
9533,N/A,N/A,13.13962248661632,80.10401711031336,128,13.1390799346738,80.10357209331676,0.086,0.086,best,True
10409,N/A,N/A,13.13970527240292,80.10405375881275,128,13.1390799346738,80.10357209331676,0.102,0.102,best,True
11318,N/A,N/A,13.139546647622089,80.10351835939994,128,13.1390799346738,80.10357209331676,0.122,0.122,best,True
8352,N/A,N/A,13.141433402825458,80.10453929207087,128,13.1390799346738,80.10357209331676,0.299,0.299,best,True
8463,N/A,N/A,13.141195690991829,80.10467856514015,128,13.1390799346738,80.10357209331676,0.287,0.287,best,True
8096,N/A,N/A,13.140036711417006,80.1040118779453,128,13.1390799346738,80.10357209331676,0.131,0.131,best,True
4411,N/A,N/A,13.1330554,80.1024462,128,13.1390799346738,80.10357209331676,0.986,0.856,best,True
3221,N/A,N/A,13.142956734577597,80.10470173234475,128,13.1390799346738,80.10357209331676,0.465,0.465,best,True
6878,N/A,N/A,13.14197743270804,80.10467111779165,128,13.1390799346738,80.10357209331676,0.358,0.358,best,True
450,N/A,N/A,13.1330554,80.1024462,128,13.1390799346738,80.10357209331676,0.986,0.856,best,True
3736,N/A,N/A,13.1330554,80.1024462,128,13.1390799346738,80.10357209331676,0.986,0.856,best,True
7886,N/A,N/A,13.1330554,80.1024462,128,13.1390799346738,80.10357209331676,0.986,0.856,best,True
3898,N/A,N/A,13.142861258701291,80.10599629349595,128,13.1390799346738,80.10357209331676,0.605,0.576,best,True
4521,N/A,N/A,13.142310176965182,80.10723949883234,128,13.1390799346738,80.10357209331676,0.922,0.907,best,True
6826,N/A,N/A,13.140595773579555,80.10436528562961,128,13.1390799346738,80.10357209331676,0.201,0.201,best,True
112,N/A,N/A,13.142777470394924,80.1047324812417,128,13.1390799346738,80.10357209331676,0.447,0.447,best,True
4032,N/A,N/A,13.1407044,80.1023549,128,13.1390799346738,80.10357209331676,0.352,0.346,best,True
11034,N/A,N/A,13.0910104,79.9078873,131,13.089430856953864,79.90859368281012,0.281,0.723,best,True
4761,N/A,N/A,13.09144157026456,79.91014418402855,131,13.089430856953864,79.90859368281012,0.697,0.86,best,True
7275,N/A,N/A,13.092120280410002,79.90777416581088,131,13.089430856953864,79.90859368281012,0.406,0.847,best,True
8452,N/A,N/A,13.1590674,79.8890067,132,13.157676943331419,79.89060203188407,0.251,0.251,best,True
2944,N/A,N/A,13.153742024290477,79.88999371607729,132,13.157676943331419,79.89060203188407,0.551,0.551,best,True
3504,N/A,N/A,13.155315345013616,79.89124054375384,132,13.157676943331419,79.89060203188407,0.644,0.588,best,True
1184,N/A,N/A,13.151802373388389,79.89141516173963,132,13.157676943331419,79.89060203188407,0.662,0.662,best,True
9697,N/A,N/A,12.805100600698928,79.76357080983588,133,12.80517279237947,79.76579286825553,0.247,0.247,best,True
8492,N/A,N/A,12.804277090524726,79.7686093849875,133,12.80517279237947,79.76579286825553,0.381,0.381,best,True
1592,N/A,N/A,12.80432298561608,79.76856735487935,133,12.80517279237947,79.76579286825553,0.376,0.376,best,True
4823,N/A,N/A,12.804544,79.7640426,133,12.80517279237947,79.76579286825553,0.326,0.326,best,True
1149,N/A,N/A,12.804274555878644,79.76865525229626,133,12.80517279237947,79.76579286825553,0.386,0.386,best,True
3792,N/A,N/A,12.804544,79.7640426,133,12.80517279237947,79.76579286825553,0.326,0.326,best,True
6970,N/A,N/A,12.804617186859948,79.76678395013862,133,12.80517279237947,79.76579286825553,0.18,0.18,best,True
2367,N/A,N/A,12.804292966939824,79.7686105161477,133,12.80517279237947,79.76579286825553,0.381,0.381,best,True
3361,N/A,N/A,12.8049443,79.7671032,133,12.80517279237947,79.76579286825553,0.221,0.221,best,True
4379,N/A,N/A,12.8046406,79.7689003,133,12.80517279237947,79.76579286825553,0.443,0.443,best,True
1792,N/A,N/A,13.033353831389926,79.85335933008716,134,13.030817516560232,79.85532981081812,0.462,0.462,best,True
2824,N/A,N/A,13.0334476,79.85356929999999,134,13.030817516560232,79.85532981081812,0.47,0.47,best,True
4544,N/A,N/A,13.0334476,79.85356929999999,134,13.030817516560232,79.85532981081812,0.47,0.47,best,True
1509,N/A,N/A,13.03335957285098,79.85334967427305,134,13.030817516560232,79.85532981081812,0.463,0.463,best,True
6260,N/A,N/A,13.033745266498718,79.85295658524021,134,13.030817516560232,79.85532981081812,0.522,0.522,best,True
7286,N/A,N/A,13.03342528013604,79.8533711215522,134,13.030817516560232,79.85532981081812,0.467,0.467,best,True
11388,N/A,N/A,13.09568420742927,80.19706223621634,135,13.094400338788047,80.19881473125574,0.751,0.631,best,True
9290,N/A,N/A,13.0960904,80.1975087,135,13.094400338788047,80.19881473125574,0.751,0.527,best,True
8784,N/A,N/A,13.093678,80.19848999999999,135,13.094400338788047,80.19881473125574,0.212,0.212,best,True
4066,N/A,N/A,13.0941243,80.1983688,135,13.094400338788047,80.19881473125574,0.179,0.179,best,True
6208,N/A,N/A,13.0941243,80.1983688,135,13.094400338788047,80.19881473125574,0.179,0.179,best,True
1431,N/A,N/A,13.094875557516277,80.20130397623417,135,13.094400338788047,80.19881473125574,0.34,0.34,best,True
3805,N/A,N/A,13.094756372953077,80.2013788491237,135,13.094400338788047,80.19881473125574,0.338,0.338,best,True
2702,N/A,N/A,13.092992925635697,80.19795199176406,135,13.094400338788047,80.19881473125574,0.353,0.29,best,True
851,N/A,N/A,13.092315769367724,80.19747224457274,135,13.094400338788047,80.19881473125574,0.489,0.397,best,True
2821,N/A,N/A,13.0954766,80.1997109,135,13.094400338788047,80.19881473125574,0.227,0.227,best,True
5826,N/A,N/A,13.0941243,80.1983688,135,13.094400338788047,80.19881473125574,0.179,0.179,best,True
2349,N/A,N/A,13.0941243,80.1983688,135,13.094400338788047,80.19881473125574,0.179,0.179,best,True
476,N/A,N/A,13.094868936700465,80.2017709483892,135,13.094400338788047,80.19881473125574,0.381,0.381,best,True
2165,N/A,N/A,13.094821456355223,80.20090558564453,135,13.094400338788047,80.19881473125574,0.287,0.287,best,True
900,N/A,N/A,13.093573345384582,80.19848184958141,135,13.094400338788047,80.19881473125574,0.222,0.222,best,True
4426,N/A,N/A,13.093222140038073,80.19877170810395,135,13.094400338788047,80.19881473125574,0.715,0.135,best,True
5242,N/A,N/A,13.093115026933448,80.19877068890095,135,13.094400338788047,80.19881473125574,0.703,0.146,best,True
2357,N/A,N/A,13.093678,80.19848999999999,135,13.094400338788047,80.19881473125574,0.212,0.212,best,True
6094,N/A,N/A,13.093678,80.19848999999999,135,13.094400338788047,80.19881473125574,0.212,0.212,best,True
8888,N/A,N/A,13.094525,80.205765,136,13.093900457997385,80.20480817137094,0.251,0.251,best,True
10038,N/A,N/A,13.0948405,80.20340399999999,136,13.093900457997385,80.20480817137094,0.485,0.508,best,True
11033,N/A,N/A,13.09312724554046,80.20756955868744,136,13.093900457997385,80.20480817137094,0.557,0.557,best,True
10268,N/A,N/A,13.09461978089974,80.20597773763355,136,13.093900457997385,80.20480817137094,0.224,0.224,best,True
1757,N/A,N/A,13.0947375,80.2039494,136,13.093900457997385,80.20480817137094,0.425,0.449,best,True
352,N/A,N/A,13.09468714442154,80.20377766070295,136,13.093900457997385,80.20480817137094,0.444,0.467,best,True
5385,N/A,N/A,13.0947375,80.2039494,136,13.093900457997385,80.20480817137094,0.425,0.449,best,True
6172,N/A,N/A,13.094579923974813,80.20576863053292,136,13.093900457997385,80.20480817137094,0.251,0.251,best,True
910,N/A,N/A,13.095197303401577,80.20400457954275,136,13.093900457997385,80.20480817137094,0.476,0.476,best,True
1177,N/A,N/A,13.094770880441397,80.20380047521664,136,13.093900457997385,80.20480817137094,0.441,0.465,best,True
1846,N/A,N/A,13.092640232738864,80.20682431304745,136,13.093900457997385,80.20480817137094,0.552,0.402,best,True
3435,N/A,N/A,13.09467792365217,80.20380988449035,136,13.093900457997385,80.20480817137094,0.44,0.464,best,True
6997,N/A,N/A,13.094701556385536,80.20370257313411,136,13.093900457997385,80.20480817137094,0.452,0.475,best,True
5963,N/A,N/A,13.094616952496825,80.20588207168883,136,13.093900457997385,80.20480817137094,0.239,0.239,best,True
7085,N/A,N/A,13.092531,80.206842,136,13.093900457997385,80.20480817137094,0.555,0.405,best,True
4909,N/A,N/A,13.094525,80.205765,136,13.093900457997385,80.20480817137094,0.251,0.251,best,True
9924,N/A,N/A,13.06430273005455,80.17188085385433,137,13.059952273327138,80.17272594996271,0.811,0.811,best,True
10211,N/A,N/A,13.054530227222113,80.1713154430014,137,13.059952273327138,80.17272594996271,0.937,0.928,best,True
10212,N/A,N/A,13.054621570134076,80.17129369404483,137,13.059952273327138,80.17272594996271,0.939,0.925,best,True
9294,N/A,N/A,13.0548854,80.1714638,137,13.059952273327138,80.17272594996271,0.898,0.898,best,True
300,N/A,N/A,13.062451122350302,80.17357226933541,137,13.059952273327138,80.17272594996271,0.778,0.778,best,True
478,N/A,N/A,13.058186518718513,80.1728044562278,137,13.059952273327138,80.17272594996271,0.463,0.463,best,True
1365,N/A,N/A,13.062878590998467,80.17072997536908,137,13.059952273327138,80.17272594996271,0.623,0.59,best,True
6757,N/A,N/A,13.062688279474267,80.17101067499276,137,13.059952273327138,80.17272594996271,0.541,0.541,best,True
10674,N/A,N/A,13.1718635,80.2008245,138,13.170991068687323,80.20116706147459,0.226,0.226,best,True
10335,N/A,N/A,13.168475024944248,80.2053875954183,138,13.170991068687323,80.20116706147459,0.987,0.93,best,True
11225,N/A,N/A,13.172071222544446,80.19869971516427,138,13.170991068687323,80.20116706147459,0.465,0.465,best,True
10259,N/A,N/A,13.17119858591514,80.19884763142446,138,13.170991068687323,80.20116706147459,0.397,0.397,best,True
10438,N/A,N/A,13.1704109,80.1977292,138,13.170991068687323,80.20116706147459,0.566,0.566,best,True
8692,N/A,N/A,13.17127172068491,80.19906570346186,138,13.170991068687323,80.20116706147459,0.372,0.372,best,True
9735,N/A,N/A,13.16069997344714,80.2024333398166,139,13.162073301915337,80.20286549568422,0.472,0.472,best,True
11093,N/A,N/A,13.163407919635793,80.20280335779509,139,13.162073301915337,80.20286549568422,0.991,0.329,best,True
552,N/A,N/A,13.1615575,80.2004457,139,13.162073301915337,80.20286549568422,0.981,0.981,best,True
355,N/A,N/A,13.159645710139914,80.20305953887848,139,13.162073301915337,80.20286549568422,0.27,0.27,best,True
4477,N/A,N/A,13.1615575,80.2004457,139,13.162073301915337,80.20286549568422,0.981,0.981,best,True
4284,N/A,N/A,13.1615575,80.2004457,139,13.162073301915337,80.20286549568422,0.981,0.981,best,True
3647,N/A,N/A,13.1615575,80.2004457,139,13.162073301915337,80.20286549568422,0.981,0.981,best,True
8812,N/A,N/A,12.933928711948218,80.12966870959161,140,12.934680863886769,80.12640777712569,0.971,0.971,best,True
4772,N/A,N/A,12.9339492,80.1242181,140,12.934680863886769,80.12640777712569,0.614,0.584,best,True
1879,N/A,N/A,12.937363892763225,80.12242412936025,140,12.934680863886769,80.12640777712569,0.802,0.771,best,True
3800,N/A,N/A,12.9341899,80.1228658,140,12.934680863886769,80.12640777712569,0.965,0.789,best,True
3081,N/A,N/A,12.933947820223876,80.12429236332092,140,12.934680863886769,80.12640777712569,0.606,0.576,best,True
3030,N/A,N/A,12.933959500922342,80.12437272226306,140,12.934680863886769,80.12640777712569,0.598,0.567,best,True
7315,N/A,N/A,12.936130310942447,80.12737593713477,140,12.934680863886769,80.12640777712569,0.198,0.2,best,True
6675,N/A,N/A,12.934719701196643,80.12487035777298,140,12.934680863886769,80.12640777712569,0.517,0.486,best,True
6649,N/A,N/A,12.935869129611865,80.12705758086942,140,12.934680863886769,80.12640777712569,0.146,0.146,best,True
6671,N/A,N/A,12.93497757219939,80.12407942802815,140,12.934680863886769,80.12640777712569,0.607,0.576,best,True
6678,N/A,N/A,12.9349450478163,80.12410968236492,140,12.934680863886769,80.12640777712569,0.603,0.572,best,True
7816,N/A,N/A,12.935771269188107,80.12711605709539,140,12.934680863886769,80.12640777712569,0.142,0.142,best,True
8136,N/A,N/A,12.8996987,79.67266320000002,141,12.899698700000005,79.67544411430666,0.732,3.84,outlier,True
5613,N/A,N/A,12.8996987,79.67266320000002,141,12.899698700000005,79.67544411430666,0.732,3.84,outlier,True
8028,N/A,N/A,12.8996987,79.67266320000002,141,12.899698700000005,79.67544411430666,0.732,3.84,outlier,True
2018,N/A,N/A,12.8996987,79.67266320000002,141,12.899698700000005,79.67544411430666,0.732,3.84,outlier,True
10541,N/A,N/A,13.0605182,80.1329398,143,13.06133604956967,80.13504153406666,0.349,0.349,best,True
7689,N/A,N/A,13.060802672500865,80.13673851994325,143,13.06133604956967,80.13504153406666,0.357,0.357,best,True
7674,N/A,N/A,13.0608821434212,80.13677062437044,143,13.06133604956967,80.13504153406666,0.347,0.347,best,True
1462,N/A,N/A,13.061027182306828,80.13732199591107,143,13.06133604956967,80.13504153406666,0.4,0.4,best,True
6120,N/A,N/A,13.06105389851356,80.13755567913432,143,13.06133604956967,80.13504153406666,0.425,0.425,best,True
349,N/A,N/A,13.0610927,80.1301731,143,13.06133604956967,80.13504153406666,0.811,0.811,best,True
5752,N/A,N/A,13.060691435706769,80.13648264846483,143,13.06133604956967,80.13504153406666,0.306,0.306,best,True
7805,N/A,N/A,13.060462988945524,80.13164516664152,143,13.06133604956967,80.13504153406666,0.547,0.547,best,True
7726,N/A,N/A,13.063102971719966,80.13280131060101,143,13.06133604956967,80.13504153406666,0.459,0.459,best,True
7448,N/A,N/A,13.0587069,80.13640339999999,143,13.06133604956967,80.13504153406666,0.598,0.598,best,True
7207,N/A,N/A,13.0620216,80.13692689999999,143,13.06133604956967,80.13504153406666,0.781,0.403,best,True
6484,N/A,N/A,13.0619388,80.13704609999999,143,13.06133604956967,80.13504153406666,0.776,0.398,best,True
6494,N/A,N/A,13.0619388,80.13704609999999,143,13.06133604956967,80.13504153406666,0.776,0.398,best,True
2024,N/A,N/A,13.0605182,80.1329398,143,13.06133604956967,80.13504153406666,0.349,0.349,best,True
7691,N/A,N/A,13.0620167,80.1370062,143,13.06133604956967,80.13504153406666,0.783,0.405,best,True
11057,N/A,N/A,13.065738144880264,80.13770574198162,144,13.066825783095123,80.13800267019813,0.118,0.118,best,True
9175,N/A,N/A,13.0667917,80.1361401,144,13.066825783095123,80.13800267019813,0.36,0.36,best,True
9095,N/A,N/A,13.0667604169545,80.13579171328628,144,13.066825783095123,80.13800267019813,0.385,0.385,best,True
1017,N/A,N/A,13.065850095444404,80.13772212902698,144,13.066825783095123,80.13800267019813,0.114,0.114,best,True
2059,N/A,N/A,13.065685153814693,80.13769041753707,144,13.066825783095123,80.13800267019813,0.124,0.124,best,True
934,N/A,N/A,13.065553980106817,80.13779659039754,144,13.066825783095123,80.13800267019813,0.138,0.138,best,True
6084,N/A,N/A,13.065793291963097,80.13776022042538,144,13.066825783095123,80.13800267019813,0.116,0.117,best,True
4466,N/A,N/A,13.0679495,80.1407649,144,13.066825783095123,80.13800267019813,0.666,0.666,best,True
5051,N/A,N/A,13.067963847787482,80.14049768932644,144,13.066825783095123,80.13800267019813,0.686,0.686,best,True
9968,N/A,N/A,13.122136745238665,80.28707136259615,146,13.124005677676546,80.28873314492651,0.42,0.376,best,True
10744,N/A,N/A,13.1251842,80.289183,146,13.124005677676546,80.28873314492651,0.183,0.183,best,True
9082,N/A,N/A,13.1251842,80.289183,146,13.124005677676546,80.28873314492651,0.183,0.183,best,True
7502,N/A,N/A,13.1203072,80.2881536,146,13.124005677676546,80.28873314492651,0.629,0.629,best,True
645,N/A,N/A,13.123092485938502,80.2874883267868,146,13.124005677676546,80.28873314492651,0.417,0.26,best,True
6057,N/A,N/A,13.1251842,80.289183,146,13.124005677676546,80.28873314492651,0.183,0.183,best,True
1687,N/A,N/A,13.12357371901884,80.2878086243442,146,13.124005677676546,80.28873314492651,0.197,0.197,best,True
5160,N/A,N/A,13.123618850407189,80.28791199323548,146,13.124005677676546,80.28873314492651,0.186,0.186,best,True
6374,N/A,N/A,13.1251842,80.289183,146,13.124005677676546,80.28873314492651,0.183,0.183,best,True
7073,N/A,N/A,13.12706832243295,80.29005882645984,146,13.124005677676546,80.28873314492651,0.414,0.414,best,True
6343,N/A,N/A,13.1251842,80.289183,146,13.124005677676546,80.28873314492651,0.183,0.183,best,True
1649,N/A,N/A,13.1251842,80.289183,146,13.124005677676546,80.28873314492651,0.183,0.183,best,True
1289,N/A,N/A,13.1238112,80.28819899999999,146,13.124005677676546,80.28873314492651,0.148,0.148,best,True
6195,N/A,N/A,13.1251842,80.289183,146,13.124005677676546,80.28873314492651,0.183,0.183,best,True
2277,N/A,N/A,13.125076190950306,80.28913322424316,146,13.124005677676546,80.28873314492651,0.17,0.17,best,True
6999,N/A,N/A,13.1251842,80.289183,146,13.124005677676546,80.28873314492651,0.183,0.183,best,True
6189,N/A,N/A,13.1238112,80.28819899999999,146,13.124005677676546,80.28873314492651,0.148,0.148,best,True
1612,N/A,N/A,13.1238112,80.28819899999999,146,13.124005677676546,80.28873314492651,0.148,0.148,best,True
2725,N/A,N/A,13.1251842,80.289183,146,13.124005677676546,80.28873314492651,0.183,0.183,best,True
5239,N/A,N/A,13.125234572923768,80.2891547082585,146,13.124005677676546,80.28873314492651,0.188,0.188,best,True
7617,N/A,N/A,13.125284201794962,80.2892530224759,146,13.124005677676546,80.28873314492651,0.203,0.203,best,True
1385,N/A,N/A,13.120354,80.286997,146,13.124005677676546,80.28873314492651,0.725,0.662,best,True
6979,N/A,N/A,13.1238112,80.28819899999999,146,13.124005677676546,80.28873314492651,0.148,0.148,best,True
1457,N/A,N/A,13.12519380792245,80.2891814843406,146,13.124005677676546,80.28873314492651,0.184,0.184,best,True
1360,N/A,N/A,13.1251842,80.289183,146,13.124005677676546,80.28873314492651,0.183,0.183,best,True
1339,N/A,N/A,13.125018530582096,80.28934593606357,146,13.124005677676546,80.28873314492651,0.22,0.22,best,True
5925,N/A,N/A,13.127639603086685,80.28757823899146,146,13.124005677676546,80.28873314492651,0.757,0.757,best,True
4484,N/A,N/A,13.120971961733307,80.29507417921917,147,13.123923387244437,80.29513949307307,0.981,0.539,best,True
4252,N/A,N/A,13.1256842,80.2948023,147,13.123923387244437,80.29513949307307,0.26,0.26,best,True
9803,N/A,N/A,13.059554433467234,80.21570144218126,148,13.056283342855972,80.21694051685982,0.689,0.595,best,True
8681,N/A,N/A,13.0538681,80.2159376,148,13.056283342855972,80.21694051685982,0.385,0.385,best,True
3020,N/A,N/A,13.05883374364682,80.21629028153554,148,13.056283342855972,80.21694051685982,0.49,0.396,best,True
704,N/A,N/A,13.056847280021774,80.21725257744218,148,13.056283342855972,80.21694051685982,0.098,0.098,best,True
769,N/A,N/A,13.0527579,80.2180858,148,13.056283342855972,80.21694051685982,0.64,0.567,best,True
2515,N/A,N/A,13.0558386,80.2183754,148,13.056283342855972,80.21694051685982,0.229,0.229,best,True
10883,N/A,N/A,13.0585373,80.2108285,149,13.05662557642283,80.21139096878105,0.808,0.266,best,True
10859,N/A,N/A,13.05830409550431,80.21061830899393,149,13.05662557642283,80.21139096878105,0.761,0.271,best,True
8295,N/A,N/A,13.055721809867658,80.21118695767213,149,13.05662557642283,80.21139096878105,0.101,0.101,best,True
11157,N/A,N/A,13.058566228946038,80.21159872082013,149,13.05662557642283,80.21139096878105,0.299,0.299,best,True
11085,N/A,N/A,13.0557401,80.21116549999999,149,13.05662557642283,80.21139096878105,0.099,0.09,best,True
3941,N/A,N/A,13.0509259,80.21205440000001,149,13.05662557642283,80.21139096878105,0.644,0.644,best,True
3053,N/A,N/A,13.05759135816175,80.21174271496207,149,13.05662557642283,80.21139096878105,0.191,0.191,best,True
5854,N/A,N/A,13.0509259,80.21205440000001,149,13.05662557642283,80.21139096878105,0.644,0.644,best,True
1876,N/A,N/A,13.053527041541733,80.20757690957267,149,13.05662557642283,80.21139096878105,0.812,0.801,best,True
5872,N/A,N/A,13.059141968805,80.21200290813208,149,13.05662557642283,80.21139096878105,0.407,0.407,best,True
1540,N/A,N/A,13.0588035,80.2117466,149,13.05662557642283,80.21139096878105,0.327,0.327,best,True
5853,N/A,N/A,13.0557209,80.2111536,149,13.05662557642283,80.21139096878105,0.419,0.148,best,True
5874,N/A,N/A,13.059088124577388,80.21212231640666,149,13.05662557642283,80.21139096878105,0.42,0.42,best,True
5038,N/A,N/A,13.05405609911664,80.21143937913764,149,13.05662557642283,80.21139096878105,0.285,0.285,best,True
6328,N/A,N/A,13.0557209,80.2111536,149,13.05662557642283,80.21139096878105,0.419,0.148,best,True
5366,N/A,N/A,13.058670057101704,80.21144138843798,149,13.05662557642283,80.21139096878105,0.868,0.227,best,True
5177,N/A,N/A,13.0557209,80.2111536,149,13.05662557642283,80.21139096878105,0.419,0.148,best,True
5850,N/A,N/A,13.058779624972797,80.21147631288495,149,13.05662557642283,80.21139096878105,0.856,0.24,best,True
3798,N/A,N/A,13.058637071749043,80.21145770905052,149,13.05662557642283,80.21139096878105,0.872,0.224,best,True
2599,N/A,N/A,13.058619590102852,80.21143539302393,149,13.05662557642283,80.21139096878105,0.874,0.222,best,True
942,N/A,N/A,13.0557209,80.2111536,149,13.05662557642283,80.21139096878105,0.419,0.148,best,True
3307,N/A,N/A,13.058942490732177,80.21144604546478,149,13.05662557642283,80.21139096878105,0.838,0.258,best,True
1175,N/A,N/A,13.05467854117998,80.21139800298363,149,13.05662557642283,80.21139096878105,0.217,0.217,best,True
3203,N/A,N/A,13.058654069682795,80.21146120134217,149,13.05662557642283,80.21139096878105,0.87,0.226,best,True
833,N/A,N/A,13.0557209,80.2111536,149,13.05662557642283,80.21139096878105,0.419,0.148,best,True
8493,N/A,N/A,13.1252341,79.96606609999999,150,13.128546243660042,79.96725777879183,0.747,0.782,best,True
10514,N/A,N/A,13.129014001519035,79.97174930913694,150,13.128546243660042,79.96725777879183,0.587,0.583,best,True
8952,N/A,N/A,13.12989226464818,79.96584663262489,150,13.128546243660042,79.96725777879183,0.424,0.431,best,True
8410,N/A,N/A,13.13299,79.968056,150,13.128546243660042,79.96725777879183,0.763,0.759,best,True
6044,N/A,N/A,13.1324996,79.9678049,150,13.128546243660042,79.96725777879183,0.704,0.7,best,True
5731,N/A,N/A,13.129945239453082,79.96584910978105,150,13.128546243660042,79.96725777879183,0.418,0.437,best,True
9854,N/A,N/A,13.0904226,80.2627045,151,13.087693252345963,80.26198890377053,0.841,0.841,best,True
7682,N/A,N/A,13.08777661348102,80.265426156189,151,13.087693252345963,80.26198890377053,0.986,0.55,best,True
1333,N/A,N/A,13.0898472,80.2591516,151,13.087693252345963,80.26198890377053,0.939,0.763,best,True
4326,N/A,N/A,13.089709792323443,80.26082524229979,151,13.087693252345963,80.26198890377053,0.81,0.847,best,True
3895,N/A,N/A,13.090416641626785,80.26151140265505,151,13.087693252345963,80.26198890377053,0.969,0.969,best,True
5098,N/A,N/A,13.0891581,80.2638429,151,13.087693252345963,80.26198890377053,0.399,0.399,best,True
1845,N/A,N/A,13.090459349655893,80.2612666804043,151,13.087693252345963,80.26198890377053,0.996,0.996,best,True
9369,N/A,N/A,13.091479262128068,80.26303984103015,152,13.09175859445717,80.2655142379361,0.705,0.53,best,True
8369,N/A,N/A,13.089860496946764,80.26508475029404,152,13.09175859445717,80.2655142379361,0.337,0.337,best,True
10592,N/A,N/A,13.0920326,80.26605289999999,152,13.09175859445717,80.2655142379361,0.071,0.071,best,True
9442,N/A,N/A,13.08999625767518,80.26502243887053,152,13.09175859445717,80.2655142379361,0.331,0.331,best,True
8155,N/A,N/A,13.089719571371594,80.26494484085272,152,13.09175859445717,80.2655142379361,0.358,0.358,best,True
5507,N/A,N/A,13.0901864,80.26802,152,13.09175859445717,80.2655142379361,0.49,0.452,best,True
13,N/A,N/A,13.0947086,80.2635744,152,13.09175859445717,80.2655142379361,0.685,0.508,best,True
5025,N/A,N/A,13.0941137,80.2657646,152,13.09175859445717,80.2655142379361,0.255,0.255,best,True
2313,N/A,N/A,13.08991282059024,80.26517666262185,152,13.09175859445717,80.2655142379361,0.325,0.325,best,True
2647,N/A,N/A,13.089885688079857,80.26512338116038,152,13.09175859445717,80.2655142379361,0.332,0.332,best,True
3371,N/A,N/A,13.089752,80.265034,152,13.09175859445717,80.2655142379361,0.356,0.356,best,True
4574,N/A,N/A,13.09493378319803,80.26660350111082,152,13.09175859445717,80.2655142379361,0.434,0.434,best,True
312,N/A,N/A,13.089914499355586,80.26519237409666,152,13.09175859445717,80.2655142379361,0.324,0.324,best,True
9025,N/A,N/A,13.114069738378204,80.21754803146055,153,13.117692761586556,80.22007579950885,0.85,0.774,best,True
9549,N/A,N/A,13.1143045,80.2185305,153,13.117692761586556,80.22007579950885,0.754,0.706,best,True
9478,N/A,N/A,13.11844020859327,80.22006266019,153,13.117692761586556,80.22007579950885,0.17,0.17,best,True
4033,N/A,N/A,13.1181605,80.2203268,153,13.117692761586556,80.22007579950885,0.108,0.108,best,True
6796,N/A,N/A,13.1181605,80.2203268,153,13.117692761586556,80.22007579950885,0.108,0.108,best,True
1055,N/A,N/A,13.1181605,80.2203268,153,13.117692761586556,80.22007579950885,0.108,0.108,best,True
2904,N/A,N/A,13.1181605,80.2203268,153,13.117692761586556,80.22007579950885,0.108,0.108,best,True
6163,N/A,N/A,13.1181605,80.2203268,153,13.117692761586556,80.22007579950885,0.108,0.108,best,True
6038,N/A,N/A,13.1181605,80.2203268,153,13.117692761586556,80.22007579950885,0.108,0.108,best,True
4944,N/A,N/A,13.1181605,80.2203268,153,13.117692761586556,80.22007579950885,0.108,0.108,best,True
1920,N/A,N/A,13.117876,80.220899,153,13.117692761586556,80.22007579950885,0.144,0.144,best,True
2625,N/A,N/A,13.1181605,80.2203268,153,13.117692761586556,80.22007579950885,0.108,0.108,best,True
5664,N/A,N/A,13.1181605,80.2203268,153,13.117692761586556,80.22007579950885,0.108,0.108,best,True
6193,N/A,N/A,13.1181605,80.2203268,153,13.117692761586556,80.22007579950885,0.108,0.108,best,True
7487,N/A,N/A,13.1181605,80.2203268,153,13.117692761586556,80.22007579950885,0.108,0.108,best,True
3123,N/A,N/A,13.1181605,80.2203268,153,13.117692761586556,80.22007579950885,0.108,0.108,best,True
5040,N/A,N/A,13.1181605,80.2203268,153,13.117692761586556,80.22007579950885,0.108,0.108,best,True
10201,N/A,N/A,13.1141389,80.2243742,154,13.114199389777967,80.22445358737286,0.068,0.068,best,True
8710,N/A,N/A,13.114357528629473,80.22463534833257,154,13.114199389777967,80.22445358737286,0.012,0.012,best,True
9133,N/A,N/A,13.1141389,80.2243742,154,13.114199389777967,80.22445358737286,0.068,0.068,best,True
10586,N/A,N/A,13.1141389,80.2243742,154,13.114199389777967,80.22445358737286,0.068,0.068,best,True
9718,N/A,N/A,13.114457284598464,80.2244261883408,154,13.114199389777967,80.22445358737286,0.013,0.013,best,True
10829,N/A,N/A,13.1141389,80.2243742,154,13.114199389777967,80.22445358737286,0.068,0.068,best,True
7114,N/A,N/A,13.11442897744392,80.224559412576,154,13.114199389777967,80.22445358737286,0.001,0.001,best,True
2977,N/A,N/A,13.1141389,80.2243742,154,13.114199389777967,80.22445358737286,0.068,0.068,best,True
4726,N/A,N/A,13.114566066851072,80.22397460426023,154,13.114199389777967,80.22445358737286,0.063,0.063,best,True
1852,N/A,N/A,13.114622,80.2242876,154,13.114199389777967,80.22445358737286,0.041,0.041,best,True
7212,N/A,N/A,13.1141389,80.2243742,154,13.114199389777967,80.22445358737286,0.068,0.068,best,True
3535,N/A,N/A,13.114336460522148,80.22450714659614,154,13.114199389777967,80.22445358737286,0.0,0.0,best,True
5008,N/A,N/A,13.114417290628891,80.22454648908365,154,13.114199389777967,80.22445358737286,0.001,0.001,best,True
1937,N/A,N/A,13.113373892355622,80.22728983970104,154,13.114199389777967,80.22445358737286,0.32,0.32,best,True
4516,N/A,N/A,13.1148534,80.2231238,154,13.114199389777967,80.22445358737286,0.16,0.16,best,True
253,N/A,N/A,13.114330232751742,80.2245386809471,154,13.114199389777967,80.22445358737286,0.003,0.003,best,True
2838,N/A,N/A,13.1141389,80.2243742,154,13.114199389777967,80.22445358737286,0.068,0.068,best,True
4154,N/A,N/A,13.114622,80.2242876,154,13.114199389777967,80.22445358737286,0.041,0.041,best,True
1197,N/A,N/A,13.1125576,80.2241985,154,13.114199389777967,80.22445358737286,0.313,0.313,best,True
6523,N/A,N/A,13.114338353905564,80.22470935777977,154,13.114199389777967,80.22445358737286,0.02,0.02,best,True
3346,N/A,N/A,13.114135266984349,80.22405952933164,154,13.114199389777967,80.22445358737286,0.081,0.081,best,True
5173,N/A,N/A,13.1141389,80.2243742,154,13.114199389777967,80.22445358737286,0.068,0.068,best,True
1093,N/A,N/A,13.1141389,80.2243742,154,13.114199389777967,80.22445358737286,0.068,0.068,best,True
3440,N/A,N/A,13.1141389,80.2243742,154,13.114199389777967,80.22445358737286,0.068,0.068,best,True
9402,N/A,N/A,13.1178255,80.2255088,155,13.117025527877267,80.22607551789551,0.291,0.188,best,True
9784,N/A,N/A,13.115663089953795,80.22849918073148,155,13.117025527877267,80.22607551789551,0.622,0.525,best,True
2701,N/A,N/A,13.1149791,80.2271923,155,13.117025527877267,80.22607551789551,0.376,0.326,best,True
5942,N/A,N/A,13.1164939,80.22451,155,13.117025527877267,80.22607551789551,0.271,0.271,best,True
5068,N/A,N/A,13.116463598523454,80.22493876991635,155,13.117025527877267,80.22607551789551,0.225,0.213,best,True
6105,N/A,N/A,13.118218926253538,80.22712869030818,155,13.117025527877267,80.22607551789551,0.355,0.355,best,True
1374,N/A,N/A,13.116412836164615,80.22498642010366,155,13.117025527877267,80.22607551789551,0.218,0.218,best,True
630,N/A,N/A,13.1184545,80.2243012,155,13.117025527877267,80.22607551789551,0.399,0.399,best,True
8993,N/A,N/A,13.110414946071378,80.2266379652593,156,13.110931028827935,80.22456992778183,0.349,0.349,best,True
10255,N/A,N/A,13.11200398622841,80.22628716249618,156,13.110931028827935,80.22456992778183,0.298,0.298,best,True
10547,N/A,N/A,13.1111506,80.2267732,156,13.110931028827935,80.22456992778183,0.275,0.275,best,True
9162,N/A,N/A,13.111431343892928,80.22487582648924,156,13.110931028827935,80.22456992778183,0.057,0.057,best,True
10995,N/A,N/A,13.1099685,80.2211178,156,13.110931028827935,80.22456992778183,0.516,0.513,best,True
8706,N/A,N/A,13.1123667,80.2258413,156,13.110931028827935,80.22456992778183,0.396,0.396,best,True
1581,N/A,N/A,13.109854982569756,80.2223241022855,156,13.110931028827935,80.22456992778183,0.365,0.365,best,True
2468,N/A,N/A,13.111825851350382,80.22285521518964,156,13.110931028827935,80.22456992778183,0.392,0.362,best,True
1966,N/A,N/A,13.1107144,80.2210435,156,13.110931028827935,80.22456992778183,0.447,0.447,best,True
5313,N/A,N/A,13.110503470479866,80.22699209758744,156,13.110931028827935,80.22456992778183,0.382,0.382,best,True
3157,N/A,N/A,13.110006536514549,80.22552103629286,156,13.110931028827935,80.22456992778183,0.239,0.239,best,True
9042,N/A,N/A,13.0477727,80.0525656,157,13.045778196700411,80.05190317930402,0.627,0.3016737538670874,best,True
10284,N/A,N/A,13.0477978,80.0521195,157,13.045778196700411,80.05190317930402,0.525,0.2920568117295617,best,True
9029,N/A,N/A,13.04353514741321,80.05336379833992,157,13.045778196700411,80.05190317930402,0.405,0.38273383464236743,best,True
9247,N/A,N/A,13.0435439292618,80.05330930239431,157,13.045778196700411,80.05190317930402,0.414,0.3775788112443939,best,True
11053,N/A,N/A,13.0437611,80.0534959,157,13.045778196700411,80.05190317930402,0.391,0.3668709277134121,best,True
8350,N/A,N/A,13.001293853248615,80.2007696320177,158,13.000708824421308,80.20560009677135,0.6864148411155898,0.6864148411155898,best,True
8275,N/A,N/A,13.002355004159762,80.207402234775,158,13.000708824421308,80.20560009677135,0.34734188318678677,0.34734188318678677,best,True
9526,N/A,N/A,13.0038717,80.21100729999999,158,13.000708824421308,80.20560009677135,0.8879386320992706,0.8879386320992706,best,True
9899,N/A,N/A,13.0021286,80.2004924,158,13.000708824421308,80.20560009677135,0.7487170278561385,0.7487170278561385,best,True
6444,N/A,N/A,12.9996798,80.2084826,158,13.000708824421308,80.20560009677135,0.432620407920701,0.432620407920701,best,True
836,N/A,N/A,13.0021286,80.2004924,158,13.000708824421308,80.20560009677135,0.7487170278561385,0.7487170278561385,best,True
3764,N/A,N/A,13.00168269765125,80.21109398577597,158,13.000708824421308,80.20560009677135,0.7873583338930017,0.7873583338930017,best,True
2744,N/A,N/A,12.99445036695827,80.2067751260642,158,13.000708824421308,80.20560009677135,0.9152168343002072,0.9152168343002072,best,True
1818,N/A,N/A,13.0011414,80.2064816,158,13.000708824421308,80.20560009677135,0.13901593712094312,0.13901593712094312,best,True
8115,N/A,N/A,13.004810647063945,80.20493103425818,158,13.000708824421308,80.20560009677135,0.5974211959689086,0.5974211959689086,best,True
245,N/A,N/A,13.0046356,80.2065948,158,13.000708824421308,80.20560009677135,0.5819095518166937,0.5819095518166937,best,True
2810,N/A,N/A,12.99939368587332,80.20392553539637,158,13.000708824421308,80.20560009677135,0.302569406612353,0.302569406612353,best,True
6456,N/A,N/A,13.0021286,80.2004924,158,13.000708824421308,80.20560009677135,0.7487170278561385,0.7487170278561385,best,True
469,N/A,N/A,12.99506852437475,80.20674781920239,158,13.000708824421308,80.20560009677135,0.827177459696461,0.827177459696461,best,True
5404,N/A,N/A,12.99586328698974,80.20831258408077,158,13.000708824421308,80.20560009677135,0.7949762219110954,0.7949762219110954,best,True
11257,N/A,N/A,12.8412201,79.7053379,159,12.844154983115683,79.70206670368171,0.6255059556944902,0.6255059556944902,best,True
9153,N/A,N/A,12.8447687,79.7040762,159,12.844154983115683,79.70206670368171,0.29699371813390885,0.29699371813390885,best,True
10809,N/A,N/A,12.8451174,79.7049707,159,12.844154983115683,79.70206670368171,0.4325479658999669,0.4325479658999669,best,True
4645,N/A,N/A,12.841754316764623,79.70287560234375,159,12.844154983115683,79.70206670368171,0.36363988325471597,0.36363988325471597,best,True
591,N/A,N/A,12.843540659144036,79.69974163230118,159,12.844154983115683,79.70206670368171,0.33979611917583424,0.33979611917583424,best,True
6842,N/A,N/A,12.84477860615141,79.70379755853071,159,12.844154983115683,79.70206670368171,0.2601997887805919,0.2601997887805919,best,True
7670,N/A,N/A,12.845704543123349,79.70025740312069,159,12.844154983115683,79.70206670368171,0.3389014802804287,0.3389014802804287,best,True
7374,N/A,N/A,12.84450568137732,79.70256310582948,159,12.844154983115683,79.70206670368171,0.08631924174586704,0.08631924174586704,best,True
3418,N/A,N/A,12.8458536,79.7003182,159,12.844154983115683,79.70206670368171,0.3472188513536016,0.3472188513536016,best,True
3015,N/A,N/A,12.8455693,79.7010539,159,12.844154983115683,79.70206670368171,0.24859712769403808,0.24859712769403808,best,True
5933,N/A,N/A,12.8426879,79.6994601,159,12.844154983115683,79.70206670368171,0.42405591541475707,0.42405591541475707,best,True
1510,N/A,N/A,12.84409379655004,79.70470862184557,159,12.844154983115683,79.70206670368171,0.3729251964586698,0.3729251964586698,best,True
7844,N/A,N/A,12.844794186995331,79.70483921581129,159,12.844154983115683,79.70206670368171,0.4019047759660636,0.4019047759660636,best,True
4366,N/A,N/A,12.843745456166834,79.6995955673397,159,12.844154983115683,79.70206670368171,0.35366002759947934,0.35366002759947934,best,True
4369,N/A,N/A,12.844557200204486,79.69977397154015,159,12.844154983115683,79.70206670368171,0.328675164052673,0.328675164052673,best,True
7264,N/A,N/A,12.843788283373486,79.69969758024479,159,12.844154983115683,79.70206670368171,0.33845940900001575,0.33845940900001575,best,True
8918,N/A,N/A,12.839158029107743,79.69989625941822,160,12.83883207552744,79.70012052388012,0.056561101778333255,0.056561101778333255,best,True
10119,N/A,N/A,12.838755143395844,79.70146700566728,160,12.83883207552744,79.70012052388012,0.19033823886499737,0.19033823886499737,best,True
9871,N/A,N/A,12.83812,79.7008659,160,12.83883207552744,79.70012052388012,0.1468065910311343,0.1468065910311343,best,True
8501,N/A,N/A,12.838767917765288,79.70115217208632,160,12.83883207552744,79.70012052388012,0.14587896855688343,0.14587896855688343,best,True
6534,N/A,N/A,12.838825472240808,79.70086614872965,160,12.83883207552744,79.70012052388012,0.10522733680263018,0.10522733680263018,best,True
6525,N/A,N/A,12.839748511228697,79.69768821010895,160,12.83883207552744,79.70012052388012,0.3676834158246869,0.3676834158246869,best,True
2088,N/A,N/A,12.83886327775948,79.70144612020657,160,12.83883207552744,79.70012052388012,0.18712279472230509,0.18712279472230509,best,True
8122,N/A,N/A,12.8381133,79.6994937,160,12.83883207552744,79.70012052388012,0.13605413670026203,0.13605413670026203,best,True
6850,N/A,N/A,12.8393951,79.6968207,160,12.83883207552744,79.70012052388012,0.47266023615390007,0.47266023615390007,best,True
7134,N/A,N/A,12.838783952826653,79.70120090989008,160,12.83883207552744,79.70012052388012,0.15262177206043606,0.15262177206043606,best,True
6706,N/A,N/A,12.83812,79.7008659,160,12.83883207552744,79.70012052388012,0.1468065910311343,0.1468065910311343,best,True
6936,N/A,N/A,12.8405697,79.7000708,160,12.83883207552744,79.70012052388012,0.24999994819833135,0.24999994819833135,best,True
5743,N/A,N/A,12.8372626,79.6985977,160,12.83883207552744,79.70012052388012,0.3116600482113517,0.3116600482113517,best,True
876,N/A,N/A,12.83880422858708,79.70115953209492,160,12.83883207552744,79.70012052388012,0.14668018795066387,0.14668018795066387,best,True
7219,N/A,N/A,12.8391939,79.70021679999999,160,12.83883207552744,79.70012052388012,0.05378126878778662,0.05378126878778662,best,True
9546,N/A,N/A,13.1314403,80.1740275,161,13.133040450599792,80.1738800337982,0.23107222767580002,0.23107222767580002,best,True
9314,N/A,N/A,13.132991684702336,80.17372929295276,161,13.133040450599792,80.1738800337982,0.022375251642885074,0.022375251642885074,best,True
8486,N/A,N/A,13.13276439100351,80.17355138970183,161,13.133040450599792,80.1738800337982,0.06101026314579089,0.06101026314579089,best,True
9285,N/A,N/A,13.1306424,80.1762985,161,13.133040450599792,80.1738800337982,0.4849321959994844,0.4849321959994844,best,True
8592,N/A,N/A,13.132963857892856,80.17371814689255,161,13.133040450599792,80.1738800337982,0.025338479180569036,0.025338479180569036,best,True
8320,N/A,N/A,13.1361961,80.1717341,161,13.133040450599792,80.1738800337982,0.5454095642781394,0.5454095642781394,best,True
5178,N/A,N/A,13.1328308,80.1736418,161,13.133040450599792,80.1738800337982,0.045130729994833696,0.045130729994833696,best,True
4354,N/A,N/A,13.1328308,80.1736418,161,13.133040450599792,80.1738800337982,0.045130729994833696,0.045130729994833696,best,True
1473,N/A,N/A,13.135067,80.1768464,161,13.133040450599792,80.1738800337982,0.509681142404652,0.509681142404652,best,True
3017,N/A,N/A,13.135306085237412,80.17194642323909,161,13.133040450599792,80.1738800337982,0.4248050257869188,0.4248050257869188,best,True
8000,N/A,N/A,13.130224094571917,80.17341069564515,161,13.133040450599792,80.1738800337982,0.41041835766974527,0.41041835766974527,best,True
6765,N/A,N/A,13.133227893789462,80.1740143571472,161,13.133040450599792,80.1738800337982,0.032942777902092074,0.032942777902092074,best,True
11411,N/A,N/A,13.131282852529072,80.17192653857143,162,13.132321302222781,80.16990216056485,0.3220692739399408,0.3220692739399408,best,True
9953,N/A,N/A,13.1322915,80.16946089999999,162,13.132321302222781,80.16990216056485,0.0623454377453775,0.0623454377453775,best,True
10446,N/A,N/A,13.1322915,80.16946089999999,162,13.132321302222781,80.16990216056485,0.0623454377453775,0.0623454377453775,best,True
10461,N/A,N/A,13.1343215,80.1686274,162,13.132321302222781,80.16990216056485,0.3391761938491377,0.3391761938491377,best,True
11311,N/A,N/A,13.1322915,80.16946089999999,162,13.132321302222781,80.16990216056485,0.0623454377453775,0.0623454377453775,best,True
10392,N/A,N/A,13.1271665,80.1708941,162,13.132321302222781,80.16990216056485,0.7544388678353093,0.7544388678353093,best,True
10307,N/A,N/A,13.1324452,80.1710447,162,13.132321302222781,80.16990216056485,0.16202951641341676,0.16202951641341676,best,True
10380,N/A,N/A,13.132169848427452,80.16947645594544,162,13.132321302222781,80.16990216056485,0.06383648492573243,0.06383648492573243,best,True
8607,N/A,N/A,13.1346042,80.1668531,162,13.132321302222781,80.16990216056485,0.540841509394925,0.540841509394925,best,True
6178,N/A,N/A,13.131815651307688,80.16973191668129,162,13.132321302222781,80.16990216056485,0.07658014651704872,0.07658014651704872,best,True
6382,N/A,N/A,13.136693,80.169371,162,13.132321302222781,80.16990216056485,0.6331844219129095,0.6331844219129095,best,True
6036,N/A,N/A,13.131749548099204,80.16981653556519,162,13.132321302222781,80.16990216056485,0.08311131735111532,0.08311131735111532,best,True
3269,N/A,N/A,13.134339816377478,80.17031725767984,162,13.132321302222781,80.16990216056485,0.2961424712026183,0.2961424712026183,best,True
5398,N/A,N/A,13.132012103365549,80.17029083798968,162,13.132321302222781,80.16990216056485,0.0705622901188267,0.0705622901188267,best,True
1185,N/A,N/A,13.131998493343136,80.16997499609948,162,13.132321302222781,80.16990216056485,0.047548323296625804,0.047548323296625804,best,True
5428,N/A,N/A,13.13219320163978,80.16965641731309,162,13.132321302222781,80.16990216056485,0.0392335612474541,0.0392335612474541,best,True
4865,N/A,N/A,13.132334420411954,80.17133230343497,162,13.132321302222781,80.16990216056485,0.20159474414388537,0.20159474414388537,best,True
5130,N/A,N/A,13.131915362484165,80.1702011896881,162,13.132321302222781,80.16990216056485,0.07200790127200943,0.07200790127200943,best,True
2337,N/A,N/A,13.131997030411744,80.16954639541234,162,13.132321302222781,80.16990216056485,0.06848165912708677,0.06848165912708677,best,True
5080,N/A,N/A,13.1336036,80.169587,162,13.132321302222781,80.16990216056485,0.18969639192049323,0.18969639192049323,best,True
3586,N/A,N/A,13.1322915,80.16946089999999,162,13.132321302222781,80.16990216056485,0.0623454377453775,0.0623454377453775,best,True
3072,N/A,N/A,13.13202267377606,80.17014636345499,162,13.132321302222781,80.16990216056485,0.05504065366651802,0.05504065366651802,best,True
3628,N/A,N/A,13.13203193450036,80.17024687244707,162,13.132321302222781,80.16990216056485,0.06397556974467847,0.06397556974467847,best,True
8013,N/A,N/A,13.13221731081057,80.16979668121186,162,13.132321302222781,80.16990216056485,0.0210888553270392,0.0210888553270392,best,True
5836,N/A,N/A,13.130572533644514,80.1709159523926,162,13.132321302222781,80.16990216056485,0.28927060998833953,0.28927060998833953,best,True
7369,N/A,N/A,13.132031783127458,80.17012896641965,162,13.132321302222781,80.16990216056485,0.052496179471418235,0.052496179471418235,best,True
614,N/A,N/A,13.131990595758923,80.16963175494422,162,13.132321302222781,80.16990216056485,0.06095044490906756,0.06095044490906756,best,True
2267,N/A,N/A,13.131161265713027,80.18040788065511,163,13.132605620179696,80.18154933261003,0.2627508104060802,0.2627508104060802,best,True
6344,N/A,N/A,13.1276992,80.1832333,163,13.132605620179696,80.18154933261003,0.7444996486943682,0.7444996486943682,best,True
5181,N/A,N/A,13.13150087014344,80.18256106489281,163,13.132605620179696,80.18154933261003,0.21349987255541844,0.21349987255541844,best,True
8391,N/A,N/A,13.038271207071714,80.27854584111029,164,13.034782325206901,80.27696585553339,0.5490090925230983,0.5490090925230983,best,True
8977,N/A,N/A,13.037744251620692,80.2784132710251,164,13.034782325206901,80.27696585553339,0.47235507284590195,0.47235507284590195,best,True
8903,N/A,N/A,13.0322277,80.2751388,164,13.034782325206901,80.27696585553339,0.44873522344060635,0.44873522344060635,best,True
5431,N/A,N/A,13.0335957,80.27768940000001,164,13.034782325206901,80.27696585553339,0.19883315796090345,0.19883315796090345,best,True
5075,N/A,N/A,13.0380839,80.2768694,164,13.034782325206901,80.27696585553339,0.4750273593100371,0.4750273593100371,best,True
6677,N/A,N/A,13.038705152039912,80.27865781562679,164,13.034782325206901,80.27696585553339,0.6125535317093711,0.6125535317093711,best,True
2106,N/A,N/A,13.0319065,80.2755197,164,13.034782325206901,80.27696585553339,0.4611410479878284,0.4611410479878284,best,True
5961,N/A,N/A,13.0387037,80.2793415,164,13.034782325206901,80.27696585553339,0.6559587115437479,0.6559587115437479,best,True
3825,N/A,N/A,13.030836504200051,80.27346828724376,164,13.034782325206901,80.27696585553339,0.7518554847043554,0.7518554847043554,best,True
5734,N/A,N/A,13.0354099137718,80.27775998175265,164,13.034782325206901,80.27696585553339,0.14382751339584768,0.14382751339584768,best,True
3482,N/A,N/A,13.0335957,80.27768940000001,164,13.034782325206901,80.27696585553339,0.19883315796090345,0.19883315796090345,best,True
5686,N/A,N/A,13.035449926465692,80.27776590766003,164,13.034782325206901,80.27696585553339,0.14814227150748197,0.14814227150748197,best,True
5845,N/A,N/A,13.0289717,80.2761551,164,13.034782325206901,80.27696585553339,0.8434680304916127,0.8434680304916127,best,True
2122,N/A,N/A,13.038866039204695,80.27650499773858,164,13.034782325206901,80.27696585553339,0.5909041878691197,0.5909041878691197,best,True
7748,N/A,N/A,13.0304492,80.2745672,164,13.034782325206901,80.27696585553339,0.709063587196402,0.709063587196402,best,True
2127,N/A,N/A,13.03520100634342,80.27756832794803,164,13.034782325206901,80.27696585553339,0.1041304201996984,0.1041304201996984,best,True
5787,N/A,N/A,13.028657730047588,80.27629689056661,164,13.034782325206901,80.27696585553339,0.8858759620098229,0.8858759620098229,best,True
5152,N/A,N/A,13.0397354,80.2792984,164,13.034782325206901,80.27696585553339,0.784618618458389,0.784618618458389,best,True
5576,N/A,N/A,13.03104847337246,80.27741638999593,164,13.034782325206901,80.27696585553339,0.540747519198851,0.540747519198851,best,True
5382,N/A,N/A,13.0381868,80.2746505,164,13.034782325206901,80.27696585553339,0.5885007323353961,0.5885007323353961,best,True
10007,N/A,N/A,12.9436859,80.1828429,165,12.942432968149612,80.18343079587781,0.19836269391210948,0.19836269391210948,best,True
10660,N/A,N/A,12.9381882,80.1845462,165,12.942432968149612,80.18343079587781,0.6304288217919553,0.6304288217919553,best,True
6072,N/A,N/A,12.940847586284493,80.18282070241413,165,12.942432968149612,80.18343079587781,0.24370938293904348,0.24370938293904348,best,True
4230,N/A,N/A,12.945821748678703,80.18310224854866,165,12.942432968149612,80.18343079587781,0.4895696769323921,0.4895696769323921,best,True
6806,N/A,N/A,12.9458348,80.1785485,165,12.942432968149612,80.18343079587781,0.8447946299141609,0.8447946299141609,best,True
5956,N/A,N/A,12.945792035849848,80.18309275987166,165,12.942432968149612,80.18343079587781,0.485445414163715,0.485445414163715,best,True
3026,N/A,N/A,12.942737801352754,80.18254264855196,165,12.942432968149612,80.18343079587781,0.13273347238261998,0.13273347238261998,best,True
502,N/A,N/A,12.940910024244449,80.18717885644159,165,12.942432968149612,80.18343079587781,0.5722854533657933,0.5722854533657933,best,True
2619,N/A,N/A,12.94346429440972,80.18610428507172,165,12.942432968149612,80.18343079587781,0.4052481824020728,0.4052481824020728,best,True
5090,N/A,N/A,12.939051032469314,80.18177608927283,165,12.942432968149612,80.18343079587781,0.5394962513533031,0.5394962513533031,best,True
3974,N/A,N/A,12.9398389,80.1863376,165,12.942432968149612,80.18343079587781,0.554365915795738,0.554365915795738,best,True
2424,N/A,N/A,12.945813225111571,80.18309079999999,165,12.942432968149612,80.18343079587781,0.4885052526105289,0.4885052526105289,best,True
5432,N/A,N/A,12.939643037544103,80.18261675623931,165,12.942432968149612,80.18343079587781,0.4173532523912927,0.4173532523912927,best,True
8992,N/A,N/A,12.936681091026768,80.18202351447279,166,12.9347008554259,80.18050095748859,0.3567065264438484,0.3567065264438484,best,True
8384,N/A,N/A,12.931672294954646,80.17781858798435,166,12.9347008554259,80.18050095748859,0.5769746310786065,0.5769746310786065,best,True
11232,N/A,N/A,12.935503174596535,80.18255584769338,166,12.9347008554259,80.18050095748859,0.3119984336234801,0.3119984336234801,best,True
10793,N/A,N/A,12.931530079802208,80.18151227530211,166,12.9347008554259,80.18050095748859,0.47781277755470986,0.47781277755470986,best,True
5851,N/A,N/A,12.93548123392914,80.18248450494079,166,12.9347008554259,80.18050095748859,0.30148195501697483,0.30148195501697483,best,True
5823,N/A,N/A,12.935370317564386,80.1825716153556,166,12.9347008554259,80.18050095748859,0.3075599170930721,0.3075599170930721,best,True
6992,N/A,N/A,12.93551386650191,80.18254571350793,166,12.9347008554259,80.18050095748859,0.3112450480509613,0.3112450480509613,best,True
2751,N/A,N/A,12.9362672,80.18363289999999,166,12.9347008554259,80.18050095748859,0.4959280414687164,0.4959280414687164,best,True
106,N/A,N/A,12.938458,80.1772328,166,12.9347008554259,80.18050095748859,0.7102965091404255,0.7102965091404255,best,True
2046,N/A,N/A,12.93145260912921,80.18170974411882,166,12.9347008554259,80.18050095748859,0.4973078594528389,0.4973078594528389,best,True
8081,N/A,N/A,12.931521486542012,80.18167352110291,166,12.9347008554259,80.18050095748859,0.4862524109336274,0.4862524109336274,best,True
5739,N/A,N/A,12.938522166489918,80.1773333228729,166,12.9347008554259,80.18050095748859,0.7083116364371244,0.7083116364371244,best,True
8546,N/A,N/A,13.211908808901812,80.27167621456879,167,13.211686383793689,80.27193306971643,0.048304197790672694,0.048304197790672694,best,True
2067,N/A,N/A,13.212388541329458,80.27156241038503,167,13.211686383793689,80.27193306971643,0.11369266948538785,0.11369266948538785,best,True
8108,N/A,N/A,13.2123325,80.2717625,167,13.211686383793689,80.27193306971643,0.09598367428793442,0.09598367428793442,best,True
2229,N/A,N/A,13.208902136324555,80.27376196306128,167,13.211686383793689,80.27193306971643,0.4761969594583337,0.4761969594583337,best,True
7591,N/A,N/A,13.208845,80.2719972,167,13.211686383793689,80.27193306971643,0.40875332691007604,0.40875332691007604,best,True
203,N/A,N/A,13.2150952,80.2710087,167,13.211686383793689,80.27193306971643,0.5072702688522246,0.5072702688522246,best,True
508,N/A,N/A,13.2123325,80.2717625,167,13.211686383793689,80.27193306971643,0.09598367428793442,0.09598367428793442,best,True
11220,N/A,N/A,13.152826393373992,80.07376680119692,168,13.152738706083152,80.07011825511096,0.5143931615281375,0.5143931615281375,best,True
10330,N/A,N/A,13.14840785853231,80.06738579779035,168,13.152738706083152,80.07011825511096,0.7323156665702983,0.7323156665702983,best,True
4581,N/A,N/A,13.1525268,80.0770564,168,13.152738706083152,80.07011825511096,0.9783612237966063,0.9783612237966063,best,True
6875,N/A,N/A,13.153204515434949,80.06326282955425,168,13.152738706083152,80.07011825511096,0.9685460529299038,0.9685460529299038,best,True
4834,N/A,N/A,13.152326608755237,80.0671929050761,168,13.152738706083152,80.07011825511096,0.4165472974426276,0.4165472974426276,best,True
1338,N/A,N/A,13.1521192,80.0687898,168,13.152738706083152,80.07011825511096,0.20735544659358832,0.20735544659358832,best,True
7565,N/A,N/A,13.1521573,80.0688011,168,13.152738706083152,80.07011825511096,0.20360742433275644,0.20360742433275644,best,True
3073,N/A,N/A,13.152400862923422,80.06737013346854,168,13.152738706083152,80.07011825511096,0.39036573980874356,0.39036573980874356,best,True
1166,N/A,N/A,13.152288727894796,80.06721483913415,168,13.152738706083152,80.07011825511096,0.41430355318007245,0.41430355318007245,best,True
8423,N/A,N/A,13.1465216,79.9080448,169,13.140237413996886,79.90699371192827,0.9158610840449901,0.9158610840449901,best,True
11401,N/A,N/A,13.1414202,79.9033125,169,13.140237413996886,79.90699371192827,0.546041208747258,0.546041208747258,best,True
10563,N/A,N/A,13.139338503050665,79.90747690583936,169,13.140237413996886,79.90699371192827,0.14612479401393683,0.14612479401393683,best,True
10145,N/A,N/A,13.139867688900312,79.90495395448646,169,13.140237413996886,79.90699371192827,0.29238116941279757,0.29238116941279757,best,True
10752,N/A,N/A,13.1417106,79.9043604,169,13.140237413996886,79.90699371192827,0.42738176453268006,0.42738176453268006,best,True
5890,N/A,N/A,13.1444151,79.9091257,169,13.140237413996886,79.90699371192827,0.6717962820461931,0.6717962820461931,best,True
3844,N/A,N/A,13.139264476975471,79.90755170081118,169,13.140237413996886,79.90699371192827,0.16051722370355692,0.16051722370355692,best,True
2780,N/A,N/A,13.137663914992292,79.90418168520564,169,13.140237413996886,79.90699371192827,0.5423023677105189,0.5423023677105189,best,True
1808,N/A,N/A,13.1431541,79.9082887,169,13.140237413996886,79.90699371192827,0.45747253201244387,0.45747253201244387,best,True
4282,N/A,N/A,13.138435081082102,79.90770303344723,169,13.140237413996886,79.90699371192827,0.2778266421806737,0.2778266421806737,best,True
1397,N/A,N/A,13.1393298,79.9073439,169,13.140237413996886,79.90699371192827,0.13955463873655802,0.13955463873655802,best,True
269,N/A,N/A,13.1393298,79.9073439,169,13.140237413996886,79.90699371192827,0.13955463873655802,0.13955463873655802,best,True
419,N/A,N/A,13.139348199048948,79.90747685766702,169,13.140237413996886,79.90699371192827,0.14488929879297263,0.14488929879297263,best,True
8041,N/A,N/A,13.139867308153631,79.90725734188719,169,13.140237413996886,79.90699371192827,0.06491618545309973,0.06491618545309973,best,True
7065,N/A,N/A,13.139216803775277,79.90753113268622,169,13.140237413996886,79.90699371192827,0.16517867821643334,0.16517867821643334,best,True
7287,N/A,N/A,13.1385372,79.9078229,169,13.140237413996886,79.90699371192827,0.27102232268537485,0.27102232268537485,best,True
3005,N/A,N/A,13.1393298,79.9073439,169,13.140237413996886,79.90699371192827,0.13955463873655802,0.13955463873655802,best,True
2007,N/A,N/A,13.139200988458956,79.90764809973778,169,13.140237413996886,79.90699371192827,0.17528960623925652,0.17528960623925652,best,True
3445,N/A,N/A,13.1394604,79.9075707,169,13.140237413996886,79.90699371192827,0.13821133100468597,0.13821133100468597,best,True
7410,N/A,N/A,13.139336715500042,79.90753612679767,169,13.140237413996886,79.90699371192827,0.1504183377929254,0.1504183377929254,best,True
9868,N/A,N/A,13.0346429,80.1749156,170,13.034275049435495,80.17423279740818,0.10985980337927335,0.10985980337927335,best,True
10513,N/A,N/A,13.033624488891377,80.17240166034742,170,13.034275049435495,80.17423279740818,0.2746393745523022,0.2746393745523022,best,True
6945,N/A,N/A,13.034557759415106,80.17538113187712,170,13.034275049435495,80.17423279740818,0.166954155631906,0.166954155631906,best,True
9185,N/A,N/A,13.0398782,80.1661956,171,13.040387666187414,80.17123966667295,0.7150153345097767,0.7150153345097767,best,True
9687,N/A,N/A,13.0402725,80.1722913,171,13.040387666187414,80.17123966667295,0.1492102116639803,0.1492102116639803,best,True
11382,N/A,N/A,13.0409465,80.1722485,171,13.040387666187414,80.17123966667295,0.16338734969510074,0.16338734969510074,best,True
10535,N/A,N/A,13.045365531381334,80.1708842814247,171,13.040387666187414,80.17123966667295,0.7176687628930976,0.7176687628930976,best,True
10961,N/A,N/A,13.038215633633111,80.16608678709879,171,13.040387666187414,80.17123966667295,0.790901807124841,0.790901807124841,best,True
11060,N/A,N/A,13.040709819336428,80.17219690618128,171,13.040387666187414,80.17123966667295,0.14270825310148874,0.14270825310148874,best,True
9604,N/A,N/A,13.038000359249413,80.17227456474438,171,13.040387666187414,80.17123966667295,0.3730675818489687,0.3730675818489687,best,True
9830,N/A,N/A,13.040564506983692,80.17224302023773,171,13.040387666187414,80.17123966667295,0.14374800525304954,0.14374800525304954,best,True
8367,N/A,N/A,13.04056237684246,80.17221885201843,171,13.040387666187414,80.17123966667295,0.14033999533196984,0.14033999533196984,best,True
6370,N/A,N/A,13.039714,80.1744659,171,13.040387666187414,80.17123966667295,0.4651259596510598,0.4651259596510598,best,True
4118,N/A,N/A,13.038937785293223,80.16930750035492,171,13.040387666187414,80.17123966667295,0.3430898583271815,0.3430898583271815,best,True
3080,N/A,N/A,13.03894230302589,80.16946154041443,171,13.040387666187414,80.17123966667295,0.32569339968142447,0.32569339968142447,best,True
3583,N/A,N/A,13.040626368151733,80.1723695144584,171,13.040387666187414,80.17123966667295,0.16297357898687376,0.16297357898687376,best,True
274,N/A,N/A,13.04080911143452,80.17293969674026,171,13.040387666187414,80.17123966667295,0.24726071131649693,0.24726071131649693,best,True
7481,N/A,N/A,13.0375614,80.16862979999999,171,13.040387666187414,80.17123966667295,0.5483193423065796,0.5483193423065796,best,True
7596,N/A,N/A,13.040615724047324,80.1720600006325,171,13.040387666187414,80.17123966667295,0.12023331732450744,0.12023331732450744,best,True
4766,N/A,N/A,13.039994,80.17331469999999,171,13.040387666187414,80.17123966667295,0.29802252905258386,0.29802252905258386,best,True
4053,N/A,N/A,13.038986956279505,80.16941793554159,171,13.040387666187414,80.17123966667295,0.32644844361415565,0.32644844361415565,best,True
1995,N/A,N/A,13.038910758186228,80.1693591394237,171,13.040387666187414,80.17123966667295,0.3397530779726482,0.3397530779726482,best,True
4609,N/A,N/A,13.040503542711347,80.17210369155822,171,13.040387666187414,80.17123966667295,0.12296835139581373,0.12296835139581373,best,True
6555,N/A,N/A,13.040434497129985,80.17196970694094,171,13.040387666187414,80.17123966667295,0.10316112973905903,0.10316112973905903,best,True
2241,N/A,N/A,13.040418013406486,80.17209991827293,171,13.040387666187414,80.17123966667295,0.12138027928782195,0.12138027928782195,best,True
7926,N/A,N/A,13.040445852632406,80.17196305898331,171,13.040387666187414,80.17123966667295,0.10234631086318606,0.10234631086318606,best,True
5777,N/A,N/A,13.0404578,80.1721651,171,13.040387666187414,80.17123966667295,0.13088212708175775,0.13088212708175775,best,True
4654,N/A,N/A,13.042570270717658,80.1697508960869,171,13.040387666187414,80.17123966667295,0.37762932871254795,0.37762932871254795,best,True
7562,N/A,N/A,13.040553710348648,80.17211140569228,171,13.040387666187414,80.17123966667295,0.12521975829276194,0.12521975829276194,best,True
2447,N/A,N/A,13.0404578,80.1721651,171,13.040387666187414,80.17123966667295,0.13088212708175775,0.13088212708175775,best,True
3190,N/A,N/A,13.0436258484275,80.17085811475476,171,13.040387666187414,80.17123966667295,0.4688130489806575,0.4688130489806575,best,True
2870,N/A,N/A,13.040914572343668,80.17333686289287,171,13.040387666187414,80.17123966667295,0.3052748488383272,0.3052748488383272,best,True
3143,N/A,N/A,13.040843758657765,80.16785925737118,171,13.040387666187414,80.17123966667295,0.481154332560584,0.481154332560584,best,True
1979,N/A,N/A,13.0409465,80.1722485,171,13.040387666187414,80.17123966667295,0.16338734969510074,0.16338734969510074,best,True
7084,N/A,N/A,13.040504802055626,80.17216416869792,171,13.040387666187414,80.17123966667295,0.13144556353324557,0.13144556353324557,best,True
8014,N/A,N/A,13.040502181908725,80.1721476796846,171,13.040387666187414,80.17123966667295,0.1290913939548254,0.1290913939548254,best,True
10720,N/A,N/A,13.301670955115735,80.16076977664875,172,13.2984150135552,80.1553636548624,0.8939618262853145,0.8939618262853145,best,True
11173,N/A,N/A,13.299015126043232,80.15444331358201,172,13.2984150135552,80.1553636548624,0.15574227474581917,0.15574227474581917,best,True
8855,N/A,N/A,13.301743733445296,80.16072893812398,172,13.2984150135552,80.1553636548624,0.8946241469631976,0.8946241469631976,best,True
6186,N/A,N/A,13.298755954702749,80.15323106826644,172,13.2984150135552,80.1553636548624,0.3043712933772201,0.3043712933772201,best,True
6216,N/A,N/A,13.29871159501199,80.15393617485532,172,13.2984150135552,80.1553636548624,0.20554897487359328,0.20554897487359328,best,True
8064,N/A,N/A,13.1032407,80.0267692,173,13.100757163281225,80.02656698279695,0.3583199213540167,0.3583199213540167,best,True
4591,N/A,N/A,13.1053439,80.0313891,173,13.100757163281225,80.02656698279695,0.9472412592014295,0.9472412592014295,best,True
9465,N/A,N/A,12.987456160401424,80.20390350926209,174,12.988319590478266,80.20482261971489,0.1795098022025197,0.1795098022025197,best,True
8985,N/A,N/A,12.985188290355278,80.20499871651738,174,12.988319590478266,80.20482261971489,0.4510263112035851,0.4510263112035851,best,True
930,N/A,N/A,12.989428307439471,80.20352800065484,174,12.988319590478266,80.20482261971489,0.24241389342428615,0.24241389342428615,best,True
8026,N/A,N/A,12.987950158372596,80.20505173337384,174,12.988319590478266,80.20482261971489,0.062186182952071095,0.062186182952071095,best,True
2926,N/A,N/A,12.991728364424716,80.20338757201716,174,12.988319590478266,80.20482261971489,0.5303831730519805,0.5303831730519805,best,True
377,N/A,N/A,12.9891813,80.2075557,174,12.988319590478266,80.20482261971489,0.40489680922718363,0.40489680922718363,best,True
6874,N/A,N/A,12.986923068421826,80.20537822151609,174,12.988319590478266,80.20482261971489,0.21559203418621065,0.21559203418621065,best,True
6214,N/A,N/A,12.9891813,80.2075557,174,12.988319590478266,80.20482261971489,0.40489680922718363,0.40489680922718363,best,True
3932,N/A,N/A,12.991497,80.2033055,174,12.988319590478266,80.20482261971489,0.5045861975903062,0.5045861975903062,best,True
7807,N/A,N/A,12.98748129440809,80.2014218169377,174,12.988319590478266,80.20482261971489,0.4945595443561859,0.4945595443561859,best,True
6562,N/A,N/A,12.98795797036588,80.20505149472046,174,12.988319590478266,80.20482261971489,0.0612112823933388,0.0612112823933388,best,True
6124,N/A,N/A,12.986873675706738,80.20535718683729,174,12.988319590478266,80.20482261971489,0.22119615334359005,0.22119615334359005,best,True
4732,N/A,N/A,12.986691648234462,80.20534858331622,174,12.988319590478266,80.20482261971489,0.2456003186405749,0.2456003186405749,best,True
2107,N/A,N/A,12.9877029,80.2059639,174,12.988319590478266,80.20482261971489,0.18378051813106452,0.18378051813106452,best,True
1280,N/A,N/A,12.9883291,80.20352799999999,174,12.988319590478266,80.20482261971489,0.18259410824254224,0.18259410824254224,best,True
6505,N/A,N/A,12.9886812,80.2030932,174,12.988319590478266,80.20482261971489,0.24939435925787198,0.24939435925787198,best,True
6045,N/A,N/A,12.9891813,80.2075557,174,12.988319590478266,80.20482261971489,0.40489680922718363,0.40489680922718363,best,True
10379,N/A,N/A,12.99201174048157,80.19890658262186,175,12.990536073333544,80.19929662631401,0.21924314519811597,0.21924314519811597,best,True
11295,N/A,N/A,12.9942571,80.19949299999999,175,12.990536073333544,80.19929662631401,0.5358725426551224,0.5358725426551224,best,True
11081,N/A,N/A,12.991733625443892,80.1987385154654,175,12.990536073333544,80.19929662631401,0.18936586015005177,0.18936586015005177,best,True
11008,N/A,N/A,12.993568989878977,80.19923542270682,175,12.990536073333544,80.19929662631401,0.43627807430485804,0.43627807430485804,best,True
7407,N/A,N/A,12.9905957,80.1986398,175,12.990536073333544,80.19929662631401,0.09303191037688179,0.09303191037688179,best,True
4004,N/A,N/A,12.991746061178302,80.19874909072858,175,12.990536073333544,80.19929662631401,0.1903841510927761,0.1903841510927761,best,True
7128,N/A,N/A,12.99504616224532,80.20093923182374,175,12.990536073333544,80.19929662631401,0.6887674155046236,0.6887674155046236,best,True
4002,N/A,N/A,12.99175222592504,80.19874092493558,175,12.990536073333544,80.19929662631401,0.19166293398583917,0.19166293398583917,best,True
4006,N/A,N/A,12.99012724136157,80.19994456875611,175,12.990536073333544,80.19929662631401,0.10866487770355567,0.10866487770355567,best,True
5839,N/A,N/A,12.9906945,80.2006912,175,12.990536073333544,80.19929662631401,0.1979997231668208,0.1979997231668208,best,True
5847,N/A,N/A,12.9906462,80.2006519,175,12.990536073333544,80.19929662631401,0.19179676926706204,0.19179676926706204,best,True
1142,N/A,N/A,12.9886996,80.1979372,175,12.990536073333544,80.19929662631401,0.32637312357349724,0.32637312357349724,best,True
6704,N/A,N/A,12.990346234492094,80.20021471603773,175,12.990536073333544,80.19929662631401,0.13233048453384832,0.13233048453384832,best,True
7097,N/A,N/A,12.987557748535735,80.20077230958255,175,12.990536073333544,80.19929662631401,0.4762270617416814,0.4762270617416814,best,True
3631,N/A,N/A,12.991844473310575,80.19898431524656,175,12.990536073333544,80.19929662631401,0.1932598796560295,0.1932598796560295,best,True
3178,N/A,N/A,12.987683663815735,80.20094840128904,175,12.990536073333544,80.19929662631401,0.47176360977975346,0.47176360977975346,best,True
5972,N/A,N/A,12.992043015877972,80.1988599882501,175,12.990536073333544,80.19929662631401,0.22530686842391492,0.22530686842391492,best,True
1936,N/A,N/A,12.9875186,80.2002344,175,12.990536073333544,80.19929662631401,0.45367836311349474,0.45367836311349474,best,True
328,N/A,N/A,12.9855695,80.1985605,175,12.990536073333544,80.19929662631401,0.7217957714400095,0.7217957714400095,best,True
4014,N/A,N/A,12.9857957,80.19511539999999,175,12.990536073333544,80.19929662631401,0.9014147414543064,0.9014147414543064,best,True
6467,N/A,N/A,12.99201945745769,80.19887168515015,175,12.990536073333544,80.19929662631401,0.22159781359967912,0.22159781359967912,best,True
8309,N/A,N/A,13.00529931910443,80.10941516506276,176,13.009943373978238,80.10627639146449,0.8012720000277644,0.8012720000277644,best,True
2987,N/A,N/A,13.010763922561404,80.1020592796648,176,13.009943373978238,80.10627639146449,0.6063109801700913,0.6063109801700913,best,True
1992,N/A,N/A,13.0049891,80.1106124,176,13.009943373978238,80.10627639146449,0.938939693363793,0.938939693363793,best,True
3281,N/A,N/A,13.015085694392798,80.10570767949574,176,13.009943373978238,80.10627639146449,0.7439033119336523,0.7439033119336523,best,True
2665,N/A,N/A,13.006968535890858,80.10842235184504,176,13.009943373978238,80.10627639146449,0.5240565895335053,0.5240565895335053,best,True
4956,N/A,N/A,13.00608878130909,80.11049665132494,176,13.009943373978238,80.10627639146449,0.8133531961102852,0.8133531961102852,best,True
1170,N/A,N/A,13.0075176,80.1058016,176,13.009943373978238,80.10627639146449,0.35524145900089726,0.35524145900089726,best,True
2130,N/A,N/A,12.979361534118652,80.0528335571289,177,12.97578744672703,80.05229014200646,0.5197058019615605,0.5197058019615605,best,True
4452,N/A,N/A,12.97530953043395,80.04858630384095,177,12.97578744672703,80.05229014200646,0.526906363238603,0.526906363238603,best,True
4005,N/A,N/A,12.974732873685104,80.04833166389453,177,12.97578744672703,80.05229014200646,0.5785538555300599,0.5785538555300599,best,True
10891,N/A,N/A,13.073961560324936,80.20966247727421,178,13.071995247980755,80.20975421626703,0.28309153715797764,0.28309153715797764,best,True
11414,N/A,N/A,13.071224604275574,80.20838261534152,178,13.071995247980755,80.20975421626703,0.22289157653551164,0.22289157653551164,best,True
10025,N/A,N/A,13.07361051713435,80.2077554068571,178,13.071995247980755,80.20975421626703,0.36521808761918606,0.36521808761918606,best,True
10838,N/A,N/A,13.071220036058296,80.20840583316787,178,13.071995247980755,80.20975421626703,0.22038915905169004,0.22038915905169004,best,True
10920,N/A,N/A,13.0709284,80.2101763,178,13.071995247980755,80.20975421626703,0.1645707490112019,0.1645707490112019,best,True
8541,N/A,N/A,13.072365532358292,80.21200706322935,178,13.071995247980755,80.20975421626703,0.32206081714399215,0.32206081714399215,best,True
9050,N/A,N/A,13.0709284,80.2101763,178,13.071995247980755,80.20975421626703,0.1645707490112019,0.1645707490112019,best,True
9038,N/A,N/A,13.0719475,80.2117603,178,13.071995247980755,80.20975421626703,0.2829199611314644,0.2829199611314644,best,True
11169,N/A,N/A,13.073346984732654,80.20664410820615,178,13.071995247980755,80.20975421626703,0.47965477437239346,0.47965477437239346,best,True
10283,N/A,N/A,13.071510177185385,80.20597609720001,178,13.071995247980755,80.20975421626703,0.537224254961939,0.537224254961939,best,True
10225,N/A,N/A,13.071141295344724,80.20875981968669,178,13.071995247980755,80.20975421626703,0.18638580080709416,0.18638580080709416,best,True
10088,N/A,N/A,13.071996347218716,80.21145392498717,178,13.071995247980755,80.20975421626703,0.23964099730096097,0.23964099730096097,best,True
1516,N/A,N/A,13.073107,80.2095144,178,13.071995247980755,80.20975421626703,0.16342851329684105,0.16342851329684105,best,True
6509,N/A,N/A,13.07308190137301,80.20767467461111,178,13.071995247980755,80.20975421626703,0.33224440023514856,0.33224440023514856,best,True
7665,N/A,N/A,13.0719475,80.2117603,178,13.071995247980755,80.20975421626703,0.2829199611314644,0.2829199611314644,best,True
2508,N/A,N/A,13.073046499570712,80.21097873731372,178,13.071995247980755,80.20975421626703,0.22948825508635404,0.22948825508635404,best,True
1107,N/A,N/A,13.0719475,80.2117603,178,13.071995247980755,80.20975421626703,0.2829199611314644,0.2829199611314644,best,True
2316,N/A,N/A,13.0719924,80.208663,178,13.071995247980755,80.20975421626703,0.15385049410257387,0.15385049410257387,best,True
1763,N/A,N/A,13.0723224,80.2110191,178,13.071995247980755,80.20975421626703,0.18443757789165424,0.18443757789165424,best,True
5172,N/A,N/A,13.0709284,80.2101763,178,13.071995247980755,80.20975421626703,0.1645707490112019,0.1645707490112019,best,True
3224,N/A,N/A,13.069393,80.2101254,178,13.071995247980755,80.20975421626703,0.37789762017355916,0.37789762017355916,best,True
4770,N/A,N/A,13.0719475,80.2117603,178,13.071995247980755,80.20975421626703,0.2829199611314644,0.2829199611314644,best,True
9077,N/A,N/A,13.0772399,80.2094707,179,13.076805471046422,80.20941307872869,0.06300571265215471,0.06300571265215471,best,True
11323,N/A,N/A,13.0769287,80.2071258,179,13.076805471046422,80.20941307872869,0.3229624176391706,0.3229624176391706,best,True
11163,N/A,N/A,13.0769287,80.2071258,179,13.076805471046422,80.20941307872869,0.3229624176391706,0.3229624176391706,best,True
9726,N/A,N/A,13.076207117472862,80.2061423298656,179,13.076805471046422,80.20941307872869,0.46909362441340674,0.46909362441340674,best,True
8380,N/A,N/A,13.0756776,80.2086998,179,13.076805471046422,80.20941307872869,0.19085417655351183,0.19085417655351183,best,True
3150,N/A,N/A,13.076924651780574,80.21064986546781,179,13.076805471046422,80.20941307872869,0.1752108618155707,0.1752108618155707,best,True
988,N/A,N/A,13.0772399,80.2094707,179,13.076805471046422,80.20941307872869,0.06300571265215471,0.06300571265215471,best,True
7400,N/A,N/A,13.078950596579803,80.21142945323307,179,13.076805471046422,80.20941307872869,0.4195185543746054,0.4195185543746054,best,True
3012,N/A,N/A,13.076845755979765,80.20998350625428,179,13.076805471046422,80.20941307872869,0.08063110896775492,0.08063110896775492,best,True
662,N/A,N/A,13.07696540292078,80.21047763444297,179,13.076805471046422,80.20941307872869,0.15184043151953844,0.15184043151953844,best,True
1643,N/A,N/A,13.076415026725366,80.21026248447232,179,13.076805471046422,80.20941307872869,0.13226684627030227,0.13226684627030227,best,True
6621,N/A,N/A,13.077062621781431,80.21064218175295,179,13.076805471046422,80.20941307872869,0.17718970851401367,0.17718970851401367,best,True
2711,N/A,N/A,13.077031270127286,80.21048183986422,179,13.076805471046422,80.20941307872869,0.15414073563725203,0.15414073563725203,best,True
4008,N/A,N/A,13.0769907,80.21068269999999,179,13.076805471046422,80.20941307872869,0.18097110978850106,0.18097110978850106,best,True
4708,N/A,N/A,13.077075597670586,80.21052860783902,179,13.076805471046422,80.20941307872869,0.16200192590903953,0.16200192590903953,best,True
7869,N/A,N/A,13.076278292153212,80.20916205030417,179,13.076805471046422,80.20941307872869,0.0836726472447685,0.0836726472447685,best,True
1546,N/A,N/A,13.074931174597507,80.20768688489119,179,13.076805471046422,80.20941307872869,0.36317124869426803,0.36317124869426803,best,True
8371,N/A,N/A,13.1159932,80.1025032,180,13.115746306657213,80.10304313225265,0.08398674201671398,0.08398674201671398,best,True
11097,N/A,N/A,13.1149238,80.1034375,180,13.115746306657213,80.10304313225265,0.1307052236122591,0.1307052236122591,best,True
9561,N/A,N/A,13.115853,80.105324,180,13.115746306657213,80.10304313225265,0.3218873612908839,0.3218873612908839,best,True
10915,N/A,N/A,13.113887461743628,80.1034745122384,180,13.115746306657213,80.10304313225265,0.27416943377373,0.27416943377373,best,True
8851,N/A,N/A,13.116225258928289,80.10257743077598,180,13.115746306657213,80.10304313225265,0.09515507742395836,0.09515507742395836,best,True
8208,N/A,N/A,13.1115221,80.1024363,180,13.115746306657213,80.10304313225265,0.6135219853994462,0.6135219853994462,best,True
7227,N/A,N/A,13.1159932,80.1025032,180,13.115746306657213,80.10304313225265,0.08398674201671398,0.08398674201671398,best,True
7473,N/A,N/A,13.1159932,80.1025032,180,13.115746306657213,80.10304313225265,0.08398674201671398,0.08398674201671398,best,True
7064,N/A,N/A,13.11601890439817,80.10309781256063,180,13.115746306657213,80.10304313225265,0.03995579013163905,0.03995579013163905,best,True
7894,N/A,N/A,13.116305544480408,80.10311404881175,180,13.115746306657213,80.10304313225265,0.08104896583305006,0.08104896583305006,best,True
7843,N/A,N/A,13.11624067356888,80.10304118191523,180,13.115746306657213,80.10304313225265,0.07110083527097706,0.07110083527097706,best,True
2238,N/A,N/A,13.1159932,80.1025032,180,13.115746306657213,80.10304313225265,0.08398674201671398,0.08398674201671398,best,True
3076,N/A,N/A,13.115734025157984,80.10521876046339,180,13.115746306657213,80.10304313225265,0.30669152341619643,0.30669152341619643,best,True
7021,N/A,N/A,13.1159932,80.1025032,180,13.115746306657213,80.10304313225265,0.08398674201671398,0.08398674201671398,best,True
3655,N/A,N/A,13.11606777886851,80.10302362997729,180,13.115746306657213,80.10304313225265,0.046316088952732315,0.046316088952732315,best,True
6091,N/A,N/A,13.1159932,80.1025032,180,13.115746306657213,80.10304313225265,0.08398674201671398,0.08398674201671398,best,True
6982,N/A,N/A,13.116072913616724,80.1030599761685,180,13.115746306657213,80.10304313225265,0.0470328851725281,0.0470328851725281,best,True
4007,N/A,N/A,13.1159932,80.1025032,180,13.115746306657213,80.10304313225265,0.08398674201671398,0.08398674201671398,best,True
563,N/A,N/A,13.1161979113755,80.10336313035633,180,13.115746306657213,80.10304313225265,0.07907775878818721,0.07907775878818721,best,True
1267,N/A,N/A,13.11621487480372,80.1032647594519,180,13.115746306657213,80.10304313225265,0.07427942555552391,0.07427942555552391,best,True
6002,N/A,N/A,13.116165316879934,80.103214402968,180,13.115746306657213,80.10304313225265,0.06491878986602928,0.06491878986602928,best,True
5197,N/A,N/A,13.1159932,80.1025032,180,13.115746306657213,80.10304313225265,0.08398674201671398,0.08398674201671398,best,True
7187,N/A,N/A,13.116108138415454,80.10277678531953,180,13.115746306657213,80.10304313225265,0.06416942789902098,0.06416942789902098,best,True
7627,N/A,N/A,13.116181164193144,80.10312527530924,180,13.115746306657213,80.10304313225265,0.06360449687610081,0.06360449687610081,best,True
5250,N/A,N/A,13.1159932,80.1025032,180,13.115746306657213,80.10304313225265,0.08398674201671398,0.08398674201671398,best,True
2910,N/A,N/A,13.1202812,80.102594,181,13.121311083587495,80.10185632138838,0.18097500587982024,0.18097500587982024,best,True
6857,N/A,N/A,13.1206137,80.10198319999999,181,13.121311083587495,80.10185632138838,0.1018805183129906,0.1018805183129906,best,True
6900,N/A,N/A,13.119645851618952,80.10221636270137,181,13.121311083587495,80.10185632138838,0.2448137282585116,0.2448137282585116,best,True
132,N/A,N/A,13.1206137,80.10198319999999,181,13.121311083587495,80.10185632138838,0.1018805183129906,0.1018805183129906,best,True
6046,N/A,N/A,13.119631391806784,80.10181385284525,181,13.121311083587495,80.10185632138838,0.24164906332935163,0.24164906332935163,best,True
4818,N/A,N/A,13.127080658099231,80.10054731278379,181,13.121311083587495,80.10185632138838,0.8500538655722297,0.8500538655722297,best,True
9842,N/A,N/A,13.040966229780858,80.12750691082682,182,13.040424002886189,80.1295161004155,0.29384689740516795,0.29384689740516795,best,True
8908,N/A,N/A,13.0409988,80.12731040000001,182,13.040424002886189,80.1295161004155,0.3218183560308933,0.3218183560308933,best,True
11020,N/A,N/A,13.041318331446009,80.13214093451536,182,13.040424002886189,80.1295161004155,0.3918324372920554,0.3918324372920554,best,True
10359,N/A,N/A,13.043344045353216,80.13007355827084,182,13.040424002886189,80.1295161004155,0.4272538313721565,0.4272538313721565,best,True
8411,N/A,N/A,13.0409988,80.12731040000001,182,13.040424002886189,80.1295161004155,0.3218183560308933,0.3218183560308933,best,True
9190,N/A,N/A,13.040886943592607,80.12770607552268,182,13.040424002886189,80.1295161004155,0.26376788770458015,0.26376788770458015,best,True
656,N/A,N/A,13.039602241971645,80.1305070651302,182,13.040424002886189,80.1295161004155,0.18301179666760425,0.18301179666760425,best,True
6802,N/A,N/A,13.0389636,80.1305051,182,13.040424002886189,80.1295161004155,0.25211692947689834,0.25211692947689834,best,True
5444,N/A,N/A,13.03963539415189,80.13102626842809,182,13.040424002886189,80.1295161004155,0.24126582651459003,0.24126582651459003,best,True
5420,N/A,N/A,13.0389341,80.1311692,182,13.040424002886189,80.1295161004155,0.31662370731131,0.31662370731131,best,True
896,N/A,N/A,13.042865093536776,80.1315544239837,182,13.040424002886189,80.1295161004155,0.4537227043811022,0.4537227043811022,best,True
7605,N/A,N/A,13.0409665,80.12731629999999,182,13.040424002886189,80.1295161004155,0.31984964248420433,0.31984964248420433,best,True
6011,N/A,N/A,13.040454180397656,80.12895231740053,182,13.040424002886189,80.1295161004155,0.0796159140364432,0.0796159140364432,best,True
7733,N/A,N/A,13.039455996599838,80.12883756558728,182,13.040424002886189,80.1295161004155,0.16892674213465905,0.16892674213465905,best,True
7996,N/A,N/A,13.039160893539576,80.13215901527805,182,13.040424002886189,80.1295161004155,0.4145894615189415,0.4145894615189415,best,True
7720,N/A,N/A,13.040935574215595,80.12703430476553,182,13.040424002886189,80.1295161004155,0.357601550943993,0.357601550943993,best,True
7699,N/A,N/A,13.040412130359796,80.1291447224726,182,13.040424002886189,80.1295161004155,0.05239484105583952,0.05239484105583952,best,True
5619,N/A,N/A,13.041022,80.1272919,182,13.040424002886189,80.1295161004155,0.3252065723653692,0.3252065723653692,best,True
4221,N/A,N/A,13.041397203296444,80.12598258556393,182,13.040424002886189,80.1295161004155,0.517536442588571,0.517536442588571,best,True
5465,N/A,N/A,13.039470789304357,80.13120868935977,182,13.040424002886189,80.1295161004155,0.27523875574621237,0.27523875574621237,best,True
5458,N/A,N/A,13.039800187845088,80.13061731096442,182,13.040424002886189,80.1295161004155,0.17933408379690227,0.17933408379690227,best,True
5445,N/A,N/A,13.03951532946022,80.13122424062988,182,13.040424002886189,80.1295161004155,0.27403025308577295,0.27403025308577295,best,True
5414,N/A,N/A,13.039532069881998,80.13120154845909,182,13.040424002886189,80.1295161004155,0.27007024097898047,0.27007024097898047,best,True
6998,N/A,N/A,13.039805815598449,80.13053902234317,182,13.040424002886189,80.1295161004155,0.1694392707562579,0.1694392707562579,best,True
5675,N/A,N/A,13.041252312944296,80.12688213595003,182,13.040424002886189,80.1295161004155,0.3900449189583379,0.3900449189583379,best,True
4889,N/A,N/A,13.039329298824711,80.13173997104516,182,13.040424002886189,80.1295161004155,0.3508868976734145,0.3508868976734145,best,True
6003,N/A,N/A,13.040450989217378,80.12894068460731,182,13.040424002886189,80.1295161004155,0.08123061158360491,0.08123061158360491,best,True
159,N/A,N/A,13.0402131,80.1323547,182,13.040424002886189,80.1295161004155,0.40141113630664316,0.40141113630664316,best,True
4569,N/A,N/A,13.0397546,80.1316621,182,13.040424002886189,80.1295161004155,0.3175478053078558,0.3175478053078558,best,True
6019,N/A,N/A,13.041078321423209,80.12724612399904,182,13.040424002886189,80.1295161004155,0.3336294911219483,0.3336294911219483,best,True
603,N/A,N/A,13.039390682126395,80.13150717058527,182,13.040424002886189,80.1295161004155,0.31766266513666347,0.31766266513666347,best,True
2456,N/A,N/A,13.039482843181348,80.13157626931152,182,13.040424002886189,80.1295161004155,0.32048654446067715,0.32048654446067715,best,True
5315,N/A,N/A,13.041010893776694,80.12742561004806,182,13.040424002886189,80.1295161004155,0.30662071220584913,0.30662071220584913,best,True
4395,N/A,N/A,13.0409665,80.12731629999999,182,13.040424002886189,80.1295161004155,0.31984964248420433,0.31984964248420433,best,True
6340,N/A,N/A,13.0436774,80.13126319999999,182,13.040424002886189,80.1295161004155,0.5287943536783041,0.5287943536783041,best,True
7798,N/A,N/A,13.0393157,80.1287769,182,13.040424002886189,80.1295161004155,0.19045116799536835,0.19045116799536835,best,True
7257,N/A,N/A,13.041018894464068,80.1274219951027,182,13.040424002886189,80.1295161004155,0.3074290181634637,0.3074290181634637,best,True
7419,N/A,N/A,13.03872832338511,80.1291787956381,182,13.040424002886189,80.1295161004155,0.2484675370194645,0.2484675370194645,best,True
2169,N/A,N/A,13.0316048,80.1252127,183,13.031561700000001,80.1251906,0.006937934125001439,0.006937934125001439,best,True
3385,N/A,N/A,13.0315186,80.1251685,183,13.031561700000001,80.1251906,0.006937934348333788,0.006937934348333788,best,True
10996,N/A,N/A,13.043844364105269,80.18522082963867,184,13.044899207201777,80.18607067226463,0.1933260336751909,0.1933260336751909,best,True
8617,N/A,N/A,13.044472099638066,80.18590822056812,184,13.044899207201777,80.18607067226463,0.06555869250438612,0.06555869250438612,best,True
6352,N/A,N/A,13.0471119,80.1835382,184,13.044899207201777,80.18607067226463,0.47831249498513373,0.47831249498513373,best,True
3437,N/A,N/A,13.04515272525062,80.18652053802569,184,13.044899207201777,80.18607067226463,0.07316539125710675,0.07316539125710675,best,True
6165,N/A,N/A,13.044779677523266,80.1861625527635,184,13.044899207201777,80.18607067226463,0.021526033029387416,0.021526033029387416,best,True
2731,N/A,N/A,13.04521556774475,80.18647433362491,184,13.044899207201777,80.18607067226463,0.0728686208374605,0.0728686208374605,best,True
2537,N/A,N/A,13.044871091383342,80.18630846370863,184,13.044899207201777,80.18607067226463,0.0337726800451884,0.0337726800451884,best,True
5621,N/A,N/A,13.045087571748994,80.18654511330415,184,13.044899207201777,80.18607067226463,0.07217549175614625,0.07217549175614625,best,True
238,N/A,N/A,13.044656671248998,80.18634010238814,184,13.044899207201777,80.18607067226463,0.05157553066448201,0.05157553066448201,best,True
7595,N/A,N/A,13.04497,80.1860672,184,13.044899207201777,80.18607067226463,0.010193194717367788,0.010193194717367788,best,True
2185,N/A,N/A,13.045360953786888,80.18674437447675,184,13.044899207201777,80.18607067226463,0.11590582877899018,0.11590582877899018,best,True
384,N/A,N/A,13.0460115,80.1871742,184,13.044899207201777,80.18607067226463,0.22316478897088216,0.22316478897088216,best,True
789,N/A,N/A,13.0446544,80.1863229,184,13.044899207201777,80.18607067226463,0.050045086228257214,0.050045086228257214,best,True
861,N/A,N/A,13.0413135,80.1866363,184,13.044899207201777,80.18607067226463,0.5218278802673044,0.5218278802673044,best,True
5701,N/A,N/A,13.0446544,80.1863229,184,13.044899207201777,80.18607067226463,0.050045086228257214,0.050045086228257214,best,True
5552,N/A,N/A,13.0446544,80.1863229,184,13.044899207201777,80.18607067226463,0.050045086228257214,0.050045086228257214,best,True
222,N/A,N/A,13.0464757,80.18459229999999,184,13.044899207201777,80.18607067226463,0.3079958028999571,0.3079958028999571,best,True
8430,N/A,N/A,13.0521264,80.1864293,185,13.050569260788405,80.19160014004548,0.7627130795100536,0.7627130795100536,best,True
7620,N/A,N/A,13.050396009510791,80.18815363486118,185,13.050569260788405,80.19160014004548,0.4866011973501755,0.4866011973501755,best,True
6446,N/A,N/A,13.049482931644098,80.1920534237498,185,13.050569260788405,80.19160014004548,0.16880369416947216,0.16880369416947216,best,True
3472,N/A,N/A,13.052549622034062,80.19149067920794,185,13.050569260788405,80.19160014004548,0.2852338338276557,0.2852338338276557,best,True
1135,N/A,N/A,13.04839188177945,80.19461223085024,185,13.050569260788405,80.19160014004548,0.5276773159581145,0.5276773159581145,best,True
4232,N/A,N/A,13.052138639992585,80.1918083103381,185,13.050569260788405,80.19160014004548,0.22760898624308645,0.22760898624308645,best,True
3311,N/A,N/A,13.052578130716554,80.19208285026622,185,13.050569260788405,80.19160014004548,0.29682490272978906,0.29682490272978906,best,True
30,N/A,N/A,13.0499125,80.1936168,185,13.050569260788405,80.19160014004548,0.29963016657558483,0.29963016657558483,best,True
193,N/A,N/A,13.048986606099312,80.19411961806867,185,13.050569260788405,80.19160014004548,0.4219163866766056,0.4219163866766056,best,True
6585,N/A,N/A,13.049468694415744,80.19127379430387,185,13.050569260788405,80.19160014004548,0.16483667946070424,0.16483667946070424,best,True
6392,N/A,N/A,13.051243602676976,80.19152371169541,185,13.050569260788405,80.19160014004548,0.09758086824582261,0.09758086824582261,best,True
3964,N/A,N/A,13.049556110591286,80.19203732720455,185,13.050569260788405,80.19160014004548,0.1582145203449934,0.1582145203449934,best,True
9996,N/A,N/A,13.0456778,80.1902475,186,13.046223769168469,80.19011544112068,0.0806990746186996,0.0806990746186996,best,True
4101,N/A,N/A,13.046406278322287,80.18988936570987,186,13.046223769168469,80.19011544112068,0.04129358958886573,0.04129358958886573,best,True
3766,N/A,N/A,13.04609144348127,80.18956254495237,186,13.046223769168469,80.19011544112068,0.08024985857307412,0.08024985857307412,best,True
7500,N/A,N/A,13.0467637,80.1904012,186,13.046223769168469,80.19011544112068,0.08748435636152804,0.08748435636152804,best,True
2636,N/A,N/A,13.046287,80.18935640000001,186,13.046223769168469,80.19011544112068,0.10741349420997555,0.10741349420997555,best,True
5799,N/A,N/A,13.046403645221906,80.18932487465848,186,13.046223769168469,80.19011544112068,0.11443548922975415,0.11443548922975415,best,True
3824,N/A,N/A,13.046232604205612,80.1903756417726,186,13.046223769168469,80.19011544112068,0.0367113382090923,0.0367113382090923,best,True
258,N/A,N/A,13.046316066160362,80.18993511051258,186,13.046223769168469,80.19011544112068,0.028683672475182678,0.028683672475182678,best,True
6080,N/A,N/A,13.046471377282923,80.19068097724612,186,13.046223769168469,80.19011544112068,0.08733307411352077,0.08733307411352077,best,True
174,N/A,N/A,13.046405453684203,80.19060086083752,186,13.046223769168469,80.19011544112068,0.07326419259777663,0.07326419259777663,best,True
4757,N/A,N/A,13.044263,80.1910829,186,13.046223769168469,80.19011544112068,0.3132607266957942,0.3132607266957942,best,True
733,N/A,N/A,13.0467637,80.1904012,186,13.046223769168469,80.19011544112068,0.08748435636152804,0.08748435636152804,best,True
743,N/A,N/A,13.0467637,80.1904012,186,13.046223769168469,80.19011544112068,0.08748435636152804,0.08748435636152804,best,True
1105,N/A,N/A,13.046287,80.18935640000001,186,13.046223769168469,80.19011544112068,0.10741349420997555,0.10741349420997555,best,True
10926,N/A,N/A,13.0857974,80.24457149999999,187,13.085790754883844,80.24506265268369,0.06925007707592457,0.06925007707592457,best,True
11395,N/A,N/A,13.085657276664024,80.24521696534234,187,13.085790754883844,80.24506265268369,0.029014003634818642,0.029014003634818642,best,True
8502,N/A,N/A,13.089936573243383,80.24433474099999,187,13.085790754883844,80.24506265268369,0.6050207360129662,0.6050207360129662,best,True
8286,N/A,N/A,13.091728,80.244176,187,13.085790754883844,80.24506265268369,0.8629989995556618,0.8629989995556618,best,True
7182,N/A,N/A,13.0856795,80.2452474,187,13.085790754883844,80.24506265268369,0.03056822801967358,0.03056822801967358,best,True
6818,N/A,N/A,13.08564474711778,80.24541400690032,187,13.085790754883844,80.24506265268369,0.05380167520801399,0.05380167520801399,best,True
3216,N/A,N/A,13.085740921279555,80.24559080866024,187,13.085790754883844,80.24506265268369,0.0748044088711308,0.0748044088711308,best,True
27,N/A,N/A,13.086690280159328,80.24529109247109,187,13.085790754883844,80.24506265268369,0.1333186882400973,0.1333186882400973,best,True
4367,N/A,N/A,13.0856795,80.2452474,187,13.085790754883844,80.24506265268369,0.03056822801967358,0.03056822801967358,best,True
1445,N/A,N/A,13.0856795,80.2452474,187,13.085790754883844,80.24506265268369,0.03056822801967358,0.03056822801967358,best,True
5297,N/A,N/A,13.085247462780016,80.24527160528986,187,13.085790754883844,80.24506265268369,0.08350526515222258,0.08350526515222258,best,True
4102,N/A,N/A,13.081909039287307,80.24409693201656,187,13.085790754883844,80.24506265268369,0.5746327204700831,0.5746327204700831,best,True
1963,N/A,N/A,13.0856795,80.2452474,187,13.085790754883844,80.24506265268369,0.03056822801967358,0.03056822801967358,best,True
2319,N/A,N/A,13.0856795,80.2452474,187,13.085790754883844,80.24506265268369,0.03056822801967358,0.03056822801967358,best,True
7959,N/A,N/A,13.085231881167774,80.24541749764862,187,13.085790754883844,80.24506265268369,0.09467426312440425,0.09467426312440425,best,True
7921,N/A,N/A,13.08536652836453,80.24548626077268,187,13.085790754883844,80.24506265268369,0.08537635709822047,0.08537635709822047,best,True
4320,N/A,N/A,13.08569992751878,80.2454312985054,187,13.085790754883844,80.24506265268369,0.05358876665942309,0.05358876665942309,best,True
257,N/A,N/A,13.081391357351889,80.24430402733601,187,13.085790754883844,80.24506265268369,0.6416996159767584,0.6416996159767584,best,True
7792,N/A,N/A,13.085585447858673,80.24535066504708,187,13.085790754883844,80.24506265268369,0.050205455418662594,0.050205455418662594,best,True
10232,N/A,N/A,13.081334674391757,80.23842260523392,188,13.082850734551196,80.238107120716,0.22253091500671757,0.22253091500671757,best,True
8802,N/A,N/A,13.0834903,80.2398595,188,13.082850734551196,80.238107120716,0.2636235668963013,0.2636235668963013,best,True
5970,N/A,N/A,13.083599364177529,80.24024396044561,188,13.082850734551196,80.238107120716,0.3199202245449311,0.3199202245449311,best,True
3425,N/A,N/A,13.082628571482546,80.23707991886579,188,13.082850734551196,80.238107120716,0.1483012227591229,0.1483012227591229,best,True
1205,N/A,N/A,13.082209997255347,80.23672333975068,188,13.082850734551196,80.238107120716,0.21575918456998452,0.21575918456998452,best,True
6604,N/A,N/A,13.0838415,80.2363134,188,13.082850734551196,80.238107120716,0.29026617410752764,0.29026617410752764,best,True
10742,N/A,N/A,12.938327693062698,80.20520750270735,189,12.935999049626888,80.21027821581956,0.7898218398787308,0.7898218398787308,best,True
5924,N/A,N/A,12.9348912,80.21371239999999,189,12.935999049626888,80.21027821581956,0.5099767752029291,0.5099767752029291,best,True
61,N/A,N/A,12.937723107747525,80.21488142988052,189,12.935999049626888,80.21027821581956,0.6950851048151019,0.6950851048151019,best,True
6121,N/A,N/A,12.932475,80.2130295,189,12.935999049626888,80.21027821581956,0.6383616455571766,0.6383616455571766,best,True
5880,N/A,N/A,12.934060596446605,80.21001879271239,189,12.935999049626888,80.21027821581956,0.2811779333645289,0.2811779333645289,best,True
3155,N/A,N/A,12.938392450131383,80.2052359854366,189,12.935999049626888,80.21027821581956,0.7901970075355165,0.7901970075355165,best,True
3641,N/A,N/A,12.9361233,80.20986189999999,189,12.935999049626888,80.21027821581956,0.06138655862299753,0.06138655862299753,best,True
10918,N/A,N/A,12.884554956648756,80.01248710002119,190,12.886868108108064,80.00875044794861,0.6234048223415599,0.6234048223415599,best,True
9637,N/A,N/A,12.888367747630882,80.01399138485584,190,12.886868108108064,80.00875044794861,0.7702722017249072,0.7702722017249072,best,True
10997,N/A,N/A,12.884821236260676,80.01259435486608,190,12.886868108108064,80.00875044794861,0.6170945658956545,0.6170945658956545,best,True
3453,N/A,N/A,12.8872321,80.00970910000001,190,12.886868108108064,80.00875044794861,0.14503651305712878,0.14503651305712878,best,True
10894,N/A,N/A,13.099303,80.2250043,193,13.099257828538187,80.22810169352219,0.43670001075257203,0.43670001075257203,best,True
10168,N/A,N/A,13.099560874474976,80.23063055769433,193,13.099257828538187,80.22810169352219,0.35915800520967067,0.35915800520967067,best,True
9573,N/A,N/A,13.099707689274467,80.22469344163346,193,13.099257828538187,80.22810169352219,0.4848107554546647,0.4848107554546647,best,True
8565,N/A,N/A,13.099718,80.229782,193,13.099257828538187,80.22810169352219,0.24595086824306356,0.24595086824306356,best,True
8196,N/A,N/A,13.099718,80.229782,193,13.099257828538187,80.22810169352219,0.24595086824306356,0.24595086824306356,best,True
9776,N/A,N/A,13.099446685373922,80.230735727092,193,13.099257828538187,80.22810169352219,0.3723219732086434,0.3723219732086434,best,True
5108,N/A,N/A,13.0998495,80.2254866,193,13.099257828538187,80.22810169352219,0.37835296529624546,0.37835296529624546,best,True
1596,N/A,N/A,13.0998495,80.2254866,193,13.099257828538187,80.22810169352219,0.37835296529624546,0.37835296529624546,best,True
1648,N/A,N/A,13.09624319333488,80.23027469584638,193,13.099257828538187,80.22810169352219,0.5308706378231707,0.5308706378231707,best,True
7495,N/A,N/A,13.0991092,80.2278939,193,13.099257828538187,80.22810169352219,0.03626341720599387,0.03626341720599387,best,True
6640,N/A,N/A,13.1000027,80.2267596,193,13.099257828538187,80.22810169352219,0.21742356275799662,0.21742356275799662,best,True
305,N/A,N/A,13.0985856,80.2306909,193,13.099257828538187,80.22810169352219,0.37759793468000674,0.37759793468000674,best,True
10973,N/A,N/A,12.8846194,80.1297523,194,12.883962767806963,80.13506886716556,0.7560631934414672,0.7560631934414672,best,True
6383,N/A,N/A,12.883306135613926,80.1403854343311,194,12.883962767806963,80.13506886716556,0.7560651314658057,0.7560651314658057,best,True
9499,N/A,N/A,13.1214371,80.148208,195,13.121924275018813,80.14787459098235,0.08436841099271947,0.08436841099271947,best,True
9370,N/A,N/A,13.12139316548414,80.14811578380387,195,13.121924275018813,80.14787459098235,0.08360945869821243,0.08360945869821243,best,True
11185,N/A,N/A,13.1226034,80.14741479999999,195,13.121924275018813,80.14787459098235,0.11722015723429213,0.11722015723429213,best,True
10222,N/A,N/A,13.120912708904768,80.14818700154426,195,13.121924275018813,80.14787459098235,0.15200344482252717,0.15200344482252717,best,True
8724,N/A,N/A,13.122763863489942,80.1462423562794,195,13.121924275018813,80.14787459098235,0.2598422068846072,0.2598422068846072,best,True
9291,N/A,N/A,13.121074671860416,80.14852540400403,195,13.121924275018813,80.14787459098235,0.15279628193457698,0.15279628193457698,best,True
9580,N/A,N/A,13.122804215240404,80.14893641673056,195,13.121924275018813,80.14787459098235,0.19600693979137393,0.19600693979137393,best,True
8329,N/A,N/A,13.1227581,80.1495844,195,13.121924275018813,80.14787459098235,0.26920233049985404,0.26920233049985404,best,True
10429,N/A,N/A,13.121493378443107,80.14814911375251,195,13.121924275018813,80.14787459098235,0.07306152285714583,0.07306152285714583,best,True
9403,N/A,N/A,13.121813112464327,80.14763583448111,195,13.121924275018813,80.14787459098235,0.037259685654993935,0.037259685654993935,best,True
8460,N/A,N/A,13.121490013331805,80.14822641626314,195,13.121924275018813,80.14787459098235,0.07975135898961572,0.07975135898961572,best,True
6692,N/A,N/A,13.1226034,80.14741479999999,195,13.121924275018813,80.14787459098235,0.11722015723429213,0.11722015723429213,best,True
4117,N/A,N/A,13.12174107616959,80.14788216365793,195,13.121924275018813,80.14787459098235,0.026369453283849664,0.026369453283849664,best,True
928,N/A,N/A,13.122511309295078,80.14812245854115,195,13.121924275018813,80.14787459098235,0.09137198190409158,0.09137198190409158,best,True
120,N/A,N/A,13.1226034,80.14741479999999,195,13.121924275018813,80.14787459098235,0.11722015723429213,0.11722015723429213,best,True
632,N/A,N/A,13.12197476851083,80.14784814534147,195,13.121924275018813,80.14787459098235,0.008162935333175667,0.008162935333175667,best,True
7253,N/A,N/A,13.1226034,80.14741479999999,195,13.121924275018813,80.14787459098235,0.11722015723429213,0.11722015723429213,best,True
1311,N/A,N/A,13.121900738673627,80.14773650613196,195,13.121924275018813,80.14787459098235,0.019756728622702592,0.019756728622702592,best,True
2137,N/A,N/A,13.121761282341083,80.14770998269212,195,13.121924275018813,80.14787459098235,0.03298351678052835,0.03298351678052835,best,True
8085,N/A,N/A,13.121811995851766,80.14766278960684,195,13.121924275018813,80.14787459098235,0.03394299098321768,0.03394299098321768,best,True
5479,N/A,N/A,13.123516165968502,80.14623455390625,195,13.121924275018813,80.14787459098235,0.32536338635945955,0.32536338635945955,best,True
4587,N/A,N/A,13.1226034,80.14741479999999,195,13.121924275018813,80.14787459098235,0.11722015723429213,0.11722015723429213,best,True
4534,N/A,N/A,13.1214371,80.148208,195,13.121924275018813,80.14787459098235,0.08436841099271947,0.08436841099271947,best,True
4132,N/A,N/A,13.1214371,80.148208,195,13.121924275018813,80.14787459098235,0.08436841099271947,0.08436841099271947,best,True
1679,N/A,N/A,13.121855048361866,80.14782176190184,195,13.121924275018813,80.14787459098235,0.0124331127148353,0.0124331127148353,best,True
1376,N/A,N/A,13.1226034,80.14741479999999,195,13.121924275018813,80.14787459098235,0.11722015723429213,0.11722015723429213,best,True
6192,N/A,N/A,13.1214371,80.148208,195,13.121924275018813,80.14787459098235,0.08436841099271947,0.08436841099271947,best,True
3890,N/A,N/A,13.121793425904627,80.14803533472731,195,13.121924275018813,80.14787459098235,0.02945439837971636,0.02945439837971636,best,True
7371,N/A,N/A,13.1226034,80.14741479999999,195,13.121924275018813,80.14787459098235,0.11722015723429213,0.11722015723429213,best,True
2412,N/A,N/A,13.1214371,80.148208,195,13.121924275018813,80.14787459098235,0.08436841099271947,0.08436841099271947,best,True
7509,N/A,N/A,13.1214371,80.148208,195,13.121924275018813,80.14787459098235,0.08436841099271947,0.08436841099271947,best,True
7300,N/A,N/A,13.1214371,80.148208,195,13.121924275018813,80.14787459098235,0.08436841099271947,0.08436841099271947,best,True
7057,N/A,N/A,13.1214371,80.148208,195,13.121924275018813,80.14787459098235,0.08436841099271947,0.08436841099271947,best,True
1468,N/A,N/A,13.1214371,80.148208,195,13.121924275018813,80.14787459098235,0.08436841099271947,0.08436841099271947,best,True
1508,N/A,N/A,13.121687142691655,80.14819961763011,195,13.121924275018813,80.14787459098235,0.05711602200893626,0.05711602200893626,best,True
108,N/A,N/A,13.1214371,80.148208,195,13.121924275018813,80.14787459098235,0.08436841099271947,0.08436841099271947,best,True
2182,N/A,N/A,13.1226034,80.14741479999999,195,13.121924275018813,80.14787459098235,0.11722015723429213,0.11722015723429213,best,True
7450,N/A,N/A,13.121837391987548,80.14784255285804,195,13.121924275018813,80.14787459098235,0.013286666438297347,0.013286666438297347,best,True
7511,N/A,N/A,13.12187072141162,80.14770910912321,195,13.121924275018813,80.14787459098235,0.024565182187432852,0.024565182187432852,best,True
22,N/A,N/A,13.1214371,80.148208,195,13.121924275018813,80.14787459098235,0.08436841099271947,0.08436841099271947,best,True
7447,N/A,N/A,13.1226034,80.14741479999999,195,13.121924275018813,80.14787459098235,0.11722015723429213,0.11722015723429213,best,True
6909,N/A,N/A,13.1214371,80.148208,195,13.121924275018813,80.14787459098235,0.08436841099271947,0.08436841099271947,best,True
2005,N/A,N/A,13.1214371,80.148208,195,13.121924275018813,80.14787459098235,0.08436841099271947,0.08436841099271947,best,True
4570,N/A,N/A,13.1218875,80.14755559999999,195,13.121924275018813,80.14787459098235,0.0452752880890243,0.0452752880890243,best,True
4901,N/A,N/A,13.121806341027485,80.1478700637586,195,13.121924275018813,80.14787459098235,0.0169733837716898,0.0169733837716898,best,True
5710,N/A,N/A,13.122115807993914,80.14729478753758,195,13.121924275018813,80.14787459098235,0.0862469927846121,0.0862469927846121,best,True
5586,N/A,N/A,13.12187408096779,80.14771892779353,195,13.121924275018813,80.14787459098235,0.02309944166535888,0.02309944166535888,best,True
4270,N/A,N/A,13.121620268568282,80.14818574296186,195,13.121924275018813,80.14787459098235,0.06193049259917923,0.06193049259917923,best,True
7471,N/A,N/A,13.122108280977782,80.14738493310642,195,13.121924275018813,80.14787459098235,0.07392201912816421,0.07392201912816421,best,True
11296,N/A,N/A,13.11872822243337,80.14976981845687,196,13.119603636515455,80.14970358827487,0.12624855626400044,0.12624855626400044,best,True
11283,N/A,N/A,13.11870972847565,80.14980596722017,196,13.119603636515455,80.14970358827487,0.12937017015440094,0.12937017015440094,best,True
8947,N/A,N/A,13.1196793,80.1500391,196,13.119603636515455,80.14970358827487,0.04853028562861756,0.04853028562861756,best,True
1443,N/A,N/A,13.1196793,80.1500391,196,13.119603636515455,80.14970358827487,0.04853028562861756,0.04853028562861756,best,True
6563,N/A,N/A,13.119277769061192,80.14729591453279,196,13.119603636515455,80.14970358827487,0.34261217429105895,0.34261217429105895,best,True
5757,N/A,N/A,13.1196793,80.1500391,196,13.119603636515455,80.14970358827487,0.04853028562861756,0.04853028562861756,best,True
2027,N/A,N/A,13.1196793,80.1500391,196,13.119603636515455,80.14970358827487,0.04853028562861756,0.04853028562861756,best,True
7306,N/A,N/A,13.117878633916495,80.15028343425368,196,13.119603636515455,80.14970358827487,0.26120928768073176,0.26120928768073176,best,True
3470,N/A,N/A,13.120118917121932,80.149522952883,196,13.119603636515455,80.14970358827487,0.07836051636287392,0.07836051636287392,best,True
3136,N/A,N/A,13.119753896825165,80.14990382173215,196,13.119603636515455,80.14970358827487,0.03554839922521184,0.03554839922521184,best,True
2503,N/A,N/A,13.120029922011314,80.14949480986321,196,13.119603636515455,80.14970358827487,0.06800650634817046,0.06800650634817046,best,True
1675,N/A,N/A,13.120711654549948,80.14948697987872,196,13.119603636515455,80.14970358827487,0.16225505927620576,0.16225505927620576,best,True
4571,N/A,N/A,13.1199510689317,80.14963396140259,196,13.119603636515455,80.14970358827487,0.050922852953179235,0.050922852953179235,best,True
6841,N/A,N/A,13.119558495786064,80.1496387656884,196,13.119603636515455,80.14970358827487,0.01120906592170517,0.01120906592170517,best,True
4414,N/A,N/A,13.1203163846808,80.14921895131113,196,13.119603636515455,80.14970358827487,0.12318652034318008,0.12318652034318008,best,True
3863,N/A,N/A,13.1196793,80.1500391,196,13.119603636515455,80.14970358827487,0.04853028562861756,0.04853028562861756,best,True
669,N/A,N/A,13.1196793,80.1500391,196,13.119603636515455,80.14970358827487,0.04853028562861756,0.04853028562861756,best,True
5893,N/A,N/A,13.1196793,80.1500391,196,13.119603636515455,80.14970358827487,0.04853028562861756,0.04853028562861756,best,True
701,N/A,N/A,13.1196793,80.1500391,196,13.119603636515455,80.14970358827487,0.04853028562861756,0.04853028562861756,best,True
9493,N/A,N/A,13.122610241049124,80.15414713384007,197,13.121323440708457,80.15438598386483,0.1881065278472947,0.1881065278472947,best,True
4277,N/A,N/A,13.120454698445188,80.15478543624573,197,13.121323440708457,80.15438598386483,0.13704514513613764,0.13704514513613764,best,True
4867,N/A,N/A,13.120389320348098,80.15456458242858,197,13.121323440708457,80.15438598386483,0.13668460968564433,0.13668460968564433,best,True
8005,N/A,N/A,13.121839502991422,80.15404678294492,197,13.121323440708457,80.15438598386483,0.0882886761293201,0.0882886761293201,best,True
8837,N/A,N/A,13.1245553,80.15219189999999,198,13.123648640183903,80.15215501213893,0.13050036087385755,0.13050036087385755,best,True
9566,N/A,N/A,13.1245553,80.15219189999999,198,13.123648640183903,80.15215501213893,0.13050036087385755,0.13050036087385755,best,True
8293,N/A,N/A,13.123073841103423,80.15300277283364,198,13.123648640183903,80.15215501213893,0.1453079546069562,0.1453079546069562,best,True
6367,N/A,N/A,13.1223382,80.1516277,198,13.123648640183903,80.15215501213893,0.20259679911559775,0.20259679911559775,best,True
1051,N/A,N/A,13.1245553,80.15219189999999,198,13.123648640183903,80.15215501213893,0.13050036087385755,0.13050036087385755,best,True
3667,N/A,N/A,13.1228139,80.1517239,198,13.123648640183903,80.15215501213893,0.13455748901753997,0.13455748901753997,best,True
9187,N/A,N/A,13.038148028520627,80.23535693833638,200,13.036429682453798,80.23679292640627,0.3194928258927087,0.3194928258927087,best,True
9950,N/A,N/A,13.035862770448636,80.23660590404755,200,13.036429682453798,80.23679292640627,0.08569224304558215,0.08569224304558215,best,True
9798,N/A,N/A,13.035286719077044,80.24123591265223,200,13.036429682453798,80.23679292640627,0.6477111527548199,0.6477111527548199,best,True
2041,N/A,N/A,13.039637624037876,80.23419768262016,200,13.036429682453798,80.23679292640627,0.5888800171004437,0.5888800171004437,best,True
5379,N/A,N/A,13.0383872,80.232448,200,13.036429682453798,80.23679292640627,0.6742614811681942,0.6742614811681942,best,True
1903,N/A,N/A,13.0359112,80.2365138,200,13.036429682453798,80.23679292640627,0.08431835097532131,0.08431835097532131,best,True
4085,N/A,N/A,13.035241,80.2348738,200,13.036429682453798,80.23679292640627,0.3200922001381003,0.3200922001381003,best,True
4359,N/A,N/A,13.0347027,80.2399225,200,13.036429682453798,80.23679292640627,0.5063959898498231,0.5063959898498231,best,True
5935,N/A,N/A,13.0346899,80.2399818,200,13.036429682453798,80.23679292640627,0.5145919909055963,0.5145919909055963,best,True
11006,N/A,N/A,13.0281996,80.2328098,201,13.030645231345789,80.23677817072195,0.6609537868914404,0.6609537868914404,best,True
9375,N/A,N/A,13.030380747452387,80.23600235624829,201,13.030645231345789,80.23677817072195,0.11582412108567719,0.11582412108567719,best,True
11084,N/A,N/A,13.0309697,80.2396235,201,13.030645231345789,80.23677817072195,0.40393234533816275,0.40393234533816275,best,True
2985,N/A,N/A,13.032465882854789,80.2348278185657,201,13.030645231345789,80.23677817072195,0.37973861148113547,0.37973861148113547,best,True
5745,N/A,N/A,13.030694393577598,80.23940688073175,201,13.030645231345789,80.23677817072195,0.37074930294273784,0.37074930294273784,best,True
4052,N/A,N/A,13.0297239,80.23375279999999,201,13.030645231345789,80.23677817072195,0.4467212007643053,0.4467212007643053,best,True
1451,N/A,N/A,13.0311403,80.239795,201,13.030645231345789,80.23677817072195,0.43132855306336626,0.43132855306336626,best,True
3165,N/A,N/A,13.0311403,80.239795,201,13.030645231345789,80.23677817072195,0.43132855306336626,0.43132855306336626,best,True
2759,N/A,N/A,13.03047716209582,80.23899344858874,201,13.030645231345789,80.23677817072195,0.31331656002986047,0.31331656002986047,best,True
3177,N/A,N/A,13.0331204,80.23402089999999,201,13.030645231345789,80.23677817072195,0.5271556213522461,0.5271556213522461,best,True
5602,N/A,N/A,13.030855251116906,80.2396284794145,201,13.030645231345789,80.23677817072195,0.4030633636079233,0.4030633636079233,best,True
3389,N/A,N/A,13.02857513905196,80.23268206511437,201,13.030645231345789,80.23677817072195,0.6498201252107839,0.6498201252107839,best,True
10875,N/A,N/A,12.948345963293736,79.81760212560853,202,12.949880559187399,79.81688336803737,0.24287789729559564,0.24287789729559564,best,True
4451,N/A,N/A,12.951415155081063,79.8161646104662,202,12.949880559187399,79.81688336803737,0.24287766186279972,0.24287766186279972,best,True
10351,N/A,N/A,12.9613217,80.1601513,203,12.957996954711561,80.15816027168202,0.5545361740954416,0.5545361740954416,best,True
10290,N/A,N/A,12.9565609,80.152851,203,12.957996954711561,80.15816027168202,0.776852557370606,0.776852557370606,best,True
6365,N/A,N/A,12.9572091,80.1595322,203,12.957996954711561,80.15816027168202,0.22424834028034699,0.22424834028034699,best,True
5629,N/A,N/A,12.954414277065172,80.15885581146836,203,12.957996954711561,80.15816027168202,0.524514894423381,0.524514894423381,best,True
7611,N/A,N/A,12.954969380784515,80.154935924581,203,12.957996954711561,80.15816027168202,0.6296386590953126,0.6296386590953126,best,True
4861,N/A,N/A,12.9534824,80.1559735,203,12.957996954711561,80.15816027168202,0.7188243483226276,0.7188243483226276,best,True
5982,N/A,N/A,12.9544091,80.1586459,203,12.957996954711561,80.15816027168202,0.5205291188017438,0.5205291188017438,best,True
2140,N/A,N/A,12.960531,80.1610275,203,12.957996954711561,80.15816027168202,0.5444121315011919,0.5444121315011919,best,True
4804,N/A,N/A,12.958477112795908,80.15956711558725,203,12.957996954711561,80.15816027168202,0.2101127907774879,0.2101127907774879,best,True
9816,N/A,N/A,12.958722029475071,80.12912363983389,204,12.957370746788808,80.12888430239258,0.1972507900126192,0.1972507900126192,best,True
9265,N/A,N/A,12.95875061931827,80.12922494369747,204,12.957370746788808,80.12888430239258,0.20418601190523977,0.20418601190523977,best,True
9470,N/A,N/A,12.959515293915528,80.13525974971537,204,12.957370746788808,80.12888430239258,0.9507005267076066,0.9507005267076066,best,True
7247,N/A,N/A,12.957537424766832,80.12547247562675,204,12.957370746788808,80.12888430239258,0.48184903279158864,0.48184903279158864,best,True
4303,N/A,N/A,12.9597011,80.1294644,204,12.957370746788808,80.12888430239258,0.3449934397940592,0.3449934397940592,best,True
5437,N/A,N/A,12.958661677417137,80.1293732148511,204,12.957370746788808,80.12888430239258,0.19805489254642294,0.19805489254642294,best,True
3047,N/A,N/A,12.9586466,80.13217379999999,204,12.957370746788808,80.12888430239258,0.4989608741789148,0.4989608741789148,best,True
4594,N/A,N/A,12.95746006947758,80.12521648046345,204,12.957370746788808,80.12888430239258,0.5175211149089014,0.5175211149089014,best,True
3985,N/A,N/A,12.9514818,80.131906,204,12.957370746788808,80.12888430239258,0.948147272644695,0.948147272644695,best,True
764,N/A,N/A,12.95859991032638,80.1290406557917,204,12.957370746788808,80.12888430239258,0.17814768002552284,0.17814768002552284,best,True
4562,N/A,N/A,12.951294918010952,80.12919730731481,204,12.957370746788808,80.12888430239258,0.8749350912655038,0.8749350912655038,best,True
5018,N/A,N/A,12.95609606778573,80.1275122449668,204,12.957370746788808,80.12888430239258,0.2665768235327215,0.2665768235327215,best,True
3191,N/A,N/A,12.957516968243368,80.12521772198214,204,12.957370746788808,80.12888430239258,0.5176138347899664,0.5176138347899664,best,True
7080,N/A,N/A,12.957473701883398,80.1252483132425,204,12.957370746788808,80.12888430239258,0.5130851867663956,0.5130851867663956,best,True
3734,N/A,N/A,12.9597011,80.1294644,204,12.957370746788808,80.12888430239258,0.3449934397940592,0.3449934397940592,best,True
1039,N/A,N/A,12.95746482922851,80.12532024772571,204,12.957370746788808,80.12888430239258,0.5029068966521152,0.5029068966521152,best,True
4765,N/A,N/A,12.96076075276307,80.13397978184528,204,12.957370746788808,80.12888430239258,0.868493802689567,0.868493802689567,best,True
5634,N/A,N/A,12.9587792,80.1289575,204,12.957370746788808,80.12888430239258,0.20282553240005977,0.20282553240005977,best,True
1432,N/A,N/A,12.957480673164287,80.12330997079466,204,12.957370746788808,80.12888430239258,0.7864417158561965,0.7864417158561965,best,True
8939,N/A,N/A,12.8433283,80.1379946,205,12.8385052,80.1351312,0.8027636291611466,0.8027636291611466,best,True
10574,N/A,N/A,12.8359936,80.1387662,205,12.8385052,80.1351312,0.6273913107563407,0.6273913107563407,best,True
9699,N/A,N/A,12.8361937,80.12863279999999,205,12.8385052,80.1351312,0.9754582528271984,0.9754582528271984,best,True
9003,N/A,N/A,13.1482618,80.2524797,206,13.146357510802629,80.24706390224661,0.8109831081035025,0.8109831081035025,best,True
9597,N/A,N/A,13.149135001737038,80.24985429580789,206,13.146357510802629,80.24706390224661,0.5605814501949328,0.5605814501949328,best,True
9026,N/A,N/A,13.145291514281377,80.24682760148892,206,13.146357510802629,80.24706390224661,0.15688897333900761,0.15688897333900761,best,True
6740,N/A,N/A,13.1433079,80.2493324,206,13.146357510802629,80.24706390224661,0.5427731192446357,0.5427731192446357,best,True
161,N/A,N/A,13.1505463,80.2418734,206,13.146357510802629,80.24706390224661,0.9477022708312116,0.9477022708312116,best,True
8092,N/A,N/A,13.1418716,80.243336,206,13.146357510802629,80.24706390224661,0.832065099720494,0.832065099720494,best,True
350,N/A,N/A,13.1463254,80.24432940000001,206,13.146357510802629,80.24706390224661,0.38544780909071374,0.38544780909071374,best,True
243,N/A,N/A,13.1463254,80.24432940000001,206,13.146357510802629,80.24706390224661,0.38544780909071374,0.38544780909071374,best,True
5322,N/A,N/A,13.14548585103532,80.24598300101927,206,13.146357510802629,80.24706390224661,0.19729799414093316,0.19729799414093316,best,True
4563,N/A,N/A,13.147596,80.24667889999999,206,13.146357510802629,80.24706390224661,0.18620362402587215,0.18620362402587215,best,True
99,N/A,N/A,13.142753633756758,80.24304168256859,206,13.146357510802629,80.24706390224661,0.7681488081567605,0.7681488081567605,best,True
4542,N/A,N/A,13.145943224451909,80.24529396408927,206,13.146357510802629,80.24706390224661,0.25648460821833674,0.25648460821833674,best,True
2694,N/A,N/A,13.151378136777018,80.24239768872538,206,13.146357510802629,80.24706390224661,0.9766962272710736,0.9766962272710736,best,True
2161,N/A,N/A,12.9076179,80.1035791,207,12.909896,80.1025636,0.35758820634045757,0.35758820634045757,best,True
2808,N/A,N/A,12.910122,80.1081909,207,12.909896,80.1025636,0.7945691883715463,0.7945691883715463,best,True
1883,N/A,N/A,12.9133377,80.09814329999999,207,12.909896,80.1025636,0.796179790443727,0.796179790443727,best,True
4680,N/A,N/A,12.9085064,80.1003411,207,12.909896,80.1025636,0.3718275681021018,0.3718275681021018,best,True
11096,N/A,N/A,12.904982406691094,80.09518684835248,208,12.907177270012147,80.0942654125474,0.3413829659845924,0.3413829659845924,best,True
8485,N/A,N/A,12.90429886007628,80.09450306026909,208,12.907177270012147,80.0942654125474,0.4153244010091122,0.4153244010091122,best,True
718,N/A,N/A,12.9135679,80.0942959,208,12.907177270012147,80.0942654125474,0.9191018063717094,0.9191018063717094,best,True
6481,N/A,N/A,12.91127508801941,80.0939971524726,208,12.907177270012147,80.0942654125474,0.5905565436059291,0.5905565436059291,best,True
1465,N/A,N/A,12.912372036613212,80.09598119789055,208,12.907177270012147,80.0942654125474,0.7853407271373621,0.7853407271373621,best,True
3919,N/A,N/A,12.9057722,80.0953897,208,12.907177270012147,80.0942654125474,0.2568928571893386,0.2568928571893386,best,True
2340,N/A,N/A,12.9054176,80.0949806,208,12.907177270012147,80.0942654125474,0.27244639752576966,0.27244639752576966,best,True
6872,N/A,N/A,12.9075909,80.0953942,208,12.907177270012147,80.0942654125474,0.16999988508086908,0.16999988508086908,best,True
3851,N/A,N/A,12.904753986950622,80.09468414540825,208,12.907177270012147,80.0942654125474,0.3534846768790937,0.3534846768790937,best,True
2282,N/A,N/A,12.912487372416551,80.0908719825414,208,12.907177270012147,80.0942654125474,0.9013461506665159,0.9013461506665159,best,True
5849,N/A,N/A,12.90767006559063,80.09717073889693,208,12.907177270012147,80.0942654125474,0.4159721829207555,0.4159721829207555,best,True
539,N/A,N/A,12.9036431,80.0896446,208,12.907177270012147,80.0942654125474,0.8266483671883541,0.8266483671883541,best,True
6194,N/A,N/A,12.9096563,80.091708,208,12.907177270012147,80.0942654125474,0.5072413243561841,0.5072413243561841,best,True
4979,N/A,N/A,12.9054176,80.0949806,208,12.907177270012147,80.0942654125474,0.27244639752576966,0.27244639752576966,best,True
6986,N/A,N/A,12.904351016820083,80.09450611613381,208,12.907177270012147,80.0942654125474,0.4078838920313783,0.4078838920313783,best,True
3633,N/A,N/A,12.904292062162298,80.0945143794751,208,12.907177270012147,80.0942654125474,0.41643054216213876,0.41643054216213876,best,True
7753,N/A,N/A,12.90446509486631,80.09470279186571,208,12.907177270012147,80.0942654125474,0.39491200298329043,0.39491200298329043,best,True
10815,N/A,N/A,13.0090054,80.25165989999999,209,13.006001492021758,80.2500856883091,0.4857246034843969,0.4857246034843969,best,True
10240,N/A,N/A,13.006475,80.2518152,209,13.006001492021758,80.2500856883091,0.25323571840182013,0.25323571840182013,best,True
4113,N/A,N/A,13.00667138783284,80.24667884666029,209,13.006001492021758,80.2500856883091,0.49001990856157807,0.49001990856157807,best,True
852,N/A,N/A,13.006526,80.2471336,209,13.006001492021758,80.2500856883091,0.42310200644387863,0.42310200644387863,best,True
179,N/A,N/A,13.003313463689492,80.2471310493111,209,13.006001492021758,80.2500856883091,0.5684010106163253,0.5684010106163253,best,True
224,N/A,N/A,13.006636158924277,80.24683212173528,209,13.006001492021758,80.2500856883091,0.46783038241625746,0.46783038241625746,best,True
7860,N/A,N/A,13.006480439241832,80.25441701003416,209,13.006001492021758,80.2500856883091,0.6147033895781183,0.6147033895781183,best,True
5269,N/A,N/A,13.006659702855844,80.24562712323822,209,13.006001492021758,80.2500856883091,0.6358622926695601,0.6358622926695601,best,True
3591,N/A,N/A,13.006637519581572,80.24587396456803,209,13.006001492021758,80.2500856883091,0.6009675086994797,0.6009675086994797,best,True
2720,N/A,N/A,13.006598391530328,80.24601655635374,209,13.006001492021758,80.2500856883091,0.5802414714325875,0.5802414714325875,best,True
7281,N/A,N/A,13.006399279941355,80.24641122516553,209,13.006001492021758,80.2500856883091,0.5213457953456639,0.5213457953456639,best,True
11404,N/A,N/A,13.108238480719368,80.24820774527096,210,13.108633687458836,80.24822750254856,0.056907159969260386,0.056907159969260386,best,True
10343,N/A,N/A,13.106830642568184,80.24811771658018,210,13.108633687458836,80.24822750254856,0.2597768284766484,0.2597768284766484,best,True
11294,N/A,N/A,13.1083605,80.2427757,210,13.108633687458836,80.24822750254856,0.7695370074152079,0.7695370074152079,best,True
8819,N/A,N/A,13.1030607,80.2486798,210,13.108633687458836,80.24822750254856,0.8040436305118355,0.8040436305118355,best,True
10004,N/A,N/A,13.106820193229469,80.24798897054747,210,13.108633687458836,80.24822750254856,0.2629768779293657,0.2629768779293657,best,True
8764,N/A,N/A,13.108164829467862,80.24800850953362,210,13.108633687458836,80.24822750254856,0.07416227134819053,0.07416227134819053,best,True
9424,N/A,N/A,13.1110434,80.2461167,210,13.108633687458836,80.24822750254856,0.4567798640700436,0.4567798640700436,best,True
9296,N/A,N/A,13.111557940304715,80.24867901971284,210,13.108633687458836,80.24822750254856,0.4253576596104081,0.4253576596104081,best,True
8597,N/A,N/A,13.1058904,80.2463902,210,13.108633687458836,80.24822750254856,0.4719597762147975,0.4719597762147975,best,True
8299,N/A,N/A,13.108264706256026,80.2482625225709,210,13.108633687458836,80.24822750254856,0.053296316701912295,0.053296316701912295,best,True
4987,N/A,N/A,13.1085964,80.24808999999999,210,13.108633687458836,80.24822750254856,0.02011169786979343,0.02011169786979343,best,True
8072,N/A,N/A,13.1114714,80.2526411,210,13.108633687458836,80.24822750254856,0.7440870562160022,0.7440870562160022,best,True
51,N/A,N/A,13.112830315006722,80.25157423303767,210,13.108633687458836,80.24822750254856,0.7660705256460738,0.7660705256460738,best,True
1285,N/A,N/A,13.106291307680234,80.24992093856343,210,13.108633687458836,80.24822750254856,0.41289047140681795,0.41289047140681795,best,True
6977,N/A,N/A,13.1112605,80.2472274,210,13.108633687458836,80.24822750254856,0.40323889705073307,0.40323889705073307,best,True
2664,N/A,N/A,13.10820011417444,80.2485961947617,210,13.108633687458836,80.24822750254856,0.08117686301624558,0.08117686301624558,best,True
227,N/A,N/A,13.1074086,80.24424220000002,210,13.108633687458836,80.24822750254856,0.588784846993851,0.588784846993851,best,True
7911,N/A,N/A,13.1114714,80.25264109999999,210,13.108633687458836,80.24822750254856,0.7440870562137074,0.7440870562137074,best,True
5794,N/A,N/A,13.108278232310878,80.2481624978438,210,13.108633687458836,80.24822750254856,0.05193665636056852,0.05193665636056852,best,True
11410,N/A,N/A,13.0233774,80.1569389,211,13.025057612289492,80.15708445228574,0.2425180920134365,0.2425180920134365,best,True
8824,N/A,N/A,13.025123175614944,80.15415383558195,211,13.025057612289492,80.15708445228574,0.41337140924612686,0.41337140924612686,best,True
8187,N/A,N/A,13.0248793,80.1576492,211,13.025057612289492,80.15708445228574,0.08366570360744426,0.08366570360744426,best,True
9267,N/A,N/A,13.029187677674878,80.15737675333823,211,13.025057612289492,80.15708445228574,0.5954141648124875,0.5954141648124875,best,True
6327,N/A,N/A,13.0231613,80.1600043,211,13.025057612289492,80.15708445228574,0.4938782672605704,0.4938782672605704,best,True
3475,N/A,N/A,13.02345473273662,80.15437097708009,211,13.025057612289492,80.15708445228574,0.44672049045846335,0.44672049045846335,best,True
8057,N/A,N/A,13.0262197,80.1590972,211,13.025057612289492,80.15708445228574,0.32938093113557326,0.32938093113557326,best,True
8803,N/A,N/A,13.02826764831621,80.15128553167877,212,13.028231227070552,80.15210421028446,0.11556409357973892,0.11556409357973892,best,True
10477,N/A,N/A,13.0272342,80.1530692,212,13.028231227070552,80.15210421028446,0.1976827552219109,0.1976827552219109,best,True
7056,N/A,N/A,13.028254682787264,80.1512266880512,212,13.028231227070552,80.15210421028446,0.12378908471842792,0.12378908471842792,best,True
3187,N/A,N/A,13.030659584239208,80.15286488486731,212,13.028231227070552,80.15210421028446,0.3653474989051079,0.3653474989051079,best,True
7320,N/A,N/A,13.0260675,80.152976,212,13.028231227070552,80.15210421028446,0.3345900229430978,0.3345900229430978,best,True
1216,N/A,N/A,13.028110445806313,80.15117535922953,212,13.028231227070552,80.15210421028446,0.1321280786801579,0.1321280786801579,best,True
2883,N/A,N/A,13.0268937,80.1504006,212,13.028231227070552,80.15210421028446,0.3077594623702278,0.3077594623702278,best,True
2159,N/A,N/A,13.027850940864434,80.15323741510161,212,13.028231227070552,80.15210421028446,0.16889859445000488,0.16889859445000488,best,True
3827,N/A,N/A,13.03114315429206,80.15551592572555,212,13.028231227070552,80.15210421028446,0.6378422144295898,0.6378422144295898,best,True
3144,N/A,N/A,13.028162091294668,80.1511508251723,212,13.028231227070552,80.15210421028446,0.13480807032217906,0.13480807032217906,best,True
1067,N/A,N/A,13.02833067071283,80.15123980574124,212,13.028231227070552,80.15210421028446,0.1227294836996427,0.1227294836996427,best,True
689,N/A,N/A,13.0282403,80.15104699999999,212,13.028231227070552,80.15210421028446,0.1490873964028749,0.1490873964028749,best,True
4782,N/A,N/A,13.028213386033778,80.15137265141598,212,13.028231227070552,80.15210421028446,0.10319211614628072,0.10319211614628072,best,True
3532,N/A,N/A,13.02786965955334,80.15391389832737,212,13.028231227070552,80.15210421028446,0.26043615618445926,0.26043615618445926,best,True
6859,N/A,N/A,13.028170442158189,80.15108736895606,212,13.028231227070552,80.15210421028446,0.14365535360808204,0.14365535360808204,best,True
8417,N/A,N/A,13.15827874398209,80.22240091879917,213,13.158899588171133,80.22660135385028,0.5987055527042549,0.5987055527042549,best,True
9700,N/A,N/A,13.1589259,80.2276329,213,13.158899588171133,80.22660135385028,0.14543526442906166,0.14543526442906166,best,True
8728,N/A,N/A,13.16350439515332,80.22802998064509,213,13.158899588171133,80.22660135385028,0.6922013452717038,0.6922013452717038,best,True
5504,N/A,N/A,13.1555912,80.22472549999999,213,13.158899588171133,80.22660135385028,0.544335297772737,0.544335297772737,best,True
6648,N/A,N/A,13.158218316029746,80.22588593377284,213,13.158899588171133,80.22660135385028,0.14059639009513433,0.14059639009513433,best,True
884,N/A,N/A,13.156641397378028,80.22662269145371,213,13.158899588171133,80.22660135385028,0.32479005213948203,0.32479005213948203,best,True
3339,N/A,N/A,13.1555912,80.22472549999999,213,13.158899588171133,80.22660135385028,0.544335297772737,0.544335297772737,best,True
7272,N/A,N/A,13.156646043038544,80.22660214874122,213,13.158899588171133,80.22660135385028,0.32410800300138926,0.32410800300138926,best,True
2386,N/A,N/A,13.15936174755391,80.22413797811096,213,13.158899588171133,80.22660135385028,0.3534930218938052,0.3534930218938052,best,True
470,N/A,N/A,13.1596214,80.22864589999999,213,13.158899588171133,80.22660135385028,0.30628714845498045,0.30628714845498045,best,True
2865,N/A,N/A,13.1555912,80.22472549999999,213,13.158899588171133,80.22660135385028,0.544335297772737,0.544335297772737,best,True
2227,N/A,N/A,13.16498008352244,80.22991568832734,213,13.158899588171133,80.22660135385028,0.9914421683402289,0.9914421683402289,best,True
637,N/A,N/A,13.157999300384354,80.22582173952357,213,13.158899588171133,80.22660135385028,0.1698193971192437,0.1698193971192437,best,True
9324,N/A,N/A,13.154686163643367,80.22726858031,214,13.153596597575751,80.22978449754264,0.3876815117309208,0.3876815117309208,best,True
9414,N/A,N/A,13.1544202,80.2355354,214,13.153596597575751,80.22978449754264,0.8191572028794445,0.8191572028794445,best,True
10485,N/A,N/A,13.1532782,80.2264245,214,13.153596597575751,80.22978449754264,0.4757770978620022,0.4757770978620022,best,True
10160,N/A,N/A,13.15631,80.2305628,214,13.153596597575751,80.22978449754264,0.4053695330692218,0.4053695330692218,best,True
5830,N/A,N/A,13.15255046481284,80.22963004605774,214,13.153596597575751,80.22978449754264,0.15202287806785428,0.15202287806785428,best,True
7362,N/A,N/A,13.150331073015442,80.2297353853505,214,13.153596597575751,80.22978449754264,0.469703063559131,0.469703063559131,best,True
2286,N/A,N/A,13.154308082745828,80.22817459303744,214,13.153596597575751,80.22978449754264,0.24891033318665168,0.24891033318665168,best,True
5626,N/A,N/A,13.15562661515331,80.22984755464148,214,13.153596597575751,80.22978449754264,0.29209510679112616,0.29209510679112616,best,True
4945,N/A,N/A,13.151851530738243,80.22822757737076,214,13.153596597575751,80.22978449754264,0.3333808261076621,0.3333808261076621,best,True
8012,N/A,N/A,13.151734030276431,80.22829145310625,214,13.153596597575751,80.22978449754264,0.3406477279818925,0.3406477279818925,best,True
3209,N/A,N/A,13.157368673296704,80.23377492087579,214,13.153596597575751,80.22978449754264,0.7814252680278464,0.7814252680278464,best,True
2323,N/A,N/A,13.150694137226845,80.22994115976167,214,13.153596597575751,80.22978449754264,0.4180192625702567,0.4180192625702567,best,True
10435,N/A,N/A,13.085665664337196,80.10086130982415,216,13.0874591857207,80.09848565071877,0.4227402167947456,0.4227402167947456,best,True
9091,N/A,N/A,13.09067599707758,80.1007795529861,216,13.0874591857207,80.09848565071877,0.5644668047219337,0.5644668047219337,best,True
7311,N/A,N/A,13.08467248803412,80.10079525268016,216,13.0874591857207,80.09848565071877,0.5163823404757908,0.5163823404757908,best,True
1652,N/A,N/A,13.089317165899676,80.10072323083995,216,13.0874591857207,80.09848565071877,0.4134195379055412,0.4134195379055412,best,True
9172,N/A,N/A,13.093656803860329,80.10852823395052,217,13.092968624709489,80.10685532577182,0.25576829403475554,0.25576829403475554,best,True
11381,N/A,N/A,13.093640599200718,80.10854322090148,217,13.092968624709489,80.10685532577182,0.25683179469380824,0.25683179469380824,best,True
9272,N/A,N/A,13.09371475466786,80.10845765146298,217,13.092968624709489,80.10685532577182,0.2500843602972416,0.2500843602972416,best,True
10234,N/A,N/A,13.09279374346725,80.10413658836909,217,13.092968624709489,80.10685532577182,0.3841053014004122,0.3841053014004122,best,True
10362,N/A,N/A,13.090809161986876,80.10445148692064,217,13.092968624709489,80.10685532577182,0.45967659484080714,0.45967659484080714,best,True
8449,N/A,N/A,13.0962821,80.1047681,217,13.092968624709489,80.10685532577182,0.5600708537270436,0.5600708537270436,best,True
6778,N/A,N/A,13.093659512364349,80.10853211487186,217,13.092968624709489,80.10685532577182,0.2564235717729748,0.2564235717729748,best,True
6476,N/A,N/A,13.0893928,80.10676219999999,217,13.092968624709489,80.10685532577182,0.5144449603463687,0.5144449603463687,best,True
7399,N/A,N/A,13.0944088,80.1056256,217,13.092968624709489,80.10685532577182,0.2701043712594798,0.2701043712594798,best,True
6687,N/A,N/A,13.0914994,80.1051684,217,13.092968624709489,80.10685532577182,0.318131666436407,0.318131666436407,best,True
392,N/A,N/A,13.091516957879143,80.10509490966797,217,13.092968624709489,80.10685532577182,0.3243179950220144,0.3243179950220144,best,True
7303,N/A,N/A,13.092613165042202,80.10680478257994,217,13.092968624709489,80.10685532577182,0.05161662972163787,0.05161662972163787,best,True
5807,N/A,N/A,13.093718,80.10850800000001,217,13.092968624709489,80.10685532577182,0.2567093967312545,0.2567093967312545,best,True
5855,N/A,N/A,13.09126566437799,80.10879030631885,217,13.092968624709489,80.10685532577182,0.36660664385054076,0.36660664385054076,best,True
6660,N/A,N/A,13.0937281,80.10850339999999,217,13.092968624709489,80.10685532577182,0.25673559316578953,0.25673559316578953,best,True
3013,N/A,N/A,13.09067520072526,80.10736271815469,217,13.092968624709489,80.10685532577182,0.3375089398444818,0.3375089398444818,best,True
1614,N/A,N/A,13.096129563675724,80.10326090819004,217,13.092968624709489,80.10685532577182,0.6807663710181104,0.6807663710181104,best,True
3812,N/A,N/A,13.092148234677628,80.10509241267967,217,13.092968624709489,80.10685532577182,0.2751169152552409,0.2751169152552409,best,True
6855,N/A,N/A,13.093776643489868,80.10854032000044,217,13.092968624709489,80.10685532577182,0.26444804452081655,0.26444804452081655,best,True
4891,N/A,N/A,13.093718,80.10850800000001,217,13.092968624709489,80.10685532577182,0.2567093967312545,0.2567093967312545,best,True
2,N/A,N/A,13.093193913483988,80.10852248713985,217,13.092968624709489,80.10685532577182,0.2372550172549502,0.2372550172549502,best,True
11091,N/A,N/A,12.873657791082492,79.74278422154912,218,12.87362667248893,79.74279392715236,0.004680261829313063,0.004680261829313063,best,True
6920,N/A,N/A,12.873612709105464,79.74283308999158,218,12.87362667248893,79.74279392715236,0.005879511627432354,0.005879511627432354,best,True
4637,N/A,N/A,12.873609517278831,79.7427644699164,218,12.87362667248893,79.74279392715236,0.004833562156333247,0.004833562156333247,best,True
10714,N/A,N/A,13.123299335876563,80.2227901695363,219,13.123256843935126,80.22270983401597,0.012867896235795045,0.012867896235795045,best,True
8889,N/A,N/A,13.123456894832607,80.2228021863988,219,13.123256843935126,80.22270983401597,0.03157956600196509,0.03157956600196509,best,True
9796,N/A,N/A,13.122070761474296,80.22013745581613,219,13.123256843935126,80.22270983401597,0.4007248304944837,0.4007248304944837,best,True
9547,N/A,N/A,13.12311424057462,80.22294209000913,219,13.123256843935126,80.22270983401597,0.03863246922152119,0.03863246922152119,best,True
11153,N/A,N/A,13.12331970235864,80.22286479586329,219,13.123256843935126,80.22270983401597,0.02364032276753484,0.02364032276753484,best,True
8794,N/A,N/A,13.124182,80.222034,219,13.123256843935126,80.22270983401597,0.16364491797905478,0.16364491797905478,best,True
11143,N/A,N/A,13.123277063743918,80.22289443970695,219,13.123256843935126,80.22270983401597,0.02618405116225889,0.02618405116225889,best,True
9913,N/A,N/A,13.123937740875435,80.22218183584175,219,13.123256843935126,80.22270983401597,0.12300032469015913,0.12300032469015913,best,True
8067,N/A,N/A,13.12330419500628,80.222820390029,219,13.123256843935126,80.22270983401597,0.017007007813947764,0.017007007813947764,best,True
6811,N/A,N/A,13.123325222930768,80.2229181130719,219,13.123256843935126,80.22270983401597,0.030962378915910648,0.030962378915910648,best,True
6699,N/A,N/A,13.1236478,80.22298669999999,219,13.123256843935126,80.22270983401597,0.06844461778434184,0.06844461778434184,best,True
6144,N/A,N/A,13.123435218769142,80.22277615204784,219,13.123256843935126,80.22270983401597,0.02730419476357753,0.02730419476357753,best,True
2234,N/A,N/A,13.1226004,80.22463739999999,219,13.123256843935126,80.22270983401597,0.2876455424286468,0.2876455424286468,best,True
3141,N/A,N/A,13.1232845,80.2228044,219,13.123256843935126,80.22270983401597,0.013910815513269052,0.013910815513269052,best,True
991,N/A,N/A,13.12340772443285,80.22280361639336,219,13.123256843935126,80.22270983401597,0.025409408600746933,0.025409408600746933,best,True
3785,N/A,N/A,13.123367489919223,80.22285447821032,219,13.123256843935126,80.22270983401597,0.0258639707262523,0.0258639707262523,best,True
3492,N/A,N/A,13.1237175,80.2220572,219,13.123256843935126,80.22270983401597,0.1133687737087957,0.1133687737087957,best,True
2444,N/A,N/A,13.121233907223836,80.22106227617473,219,13.123256843935126,80.22270983401597,0.37226666314491597,0.37226666314491597,best,True
6839,N/A,N/A,13.1232696621559,80.2228103589487,219,13.123256843935126,80.22270983401597,0.01428943934337728,0.01428943934337728,best,True
4327,N/A,N/A,13.123358282233232,80.22278674972766,219,13.123256843935126,80.22270983401597,0.018176574831921807,0.018176574831921807,best,True
5248,N/A,N/A,13.123367506157242,80.22281828223498,219,13.123256843935126,80.22270983401597,0.022067932800392275,0.022067932800392275,best,True
3847,N/A,N/A,13.1236478,80.22298669999999,219,13.123256843935126,80.22270983401597,0.06844461778434184,0.06844461778434184,best,True
1275,N/A,N/A,13.123291930336295,80.22285739415928,219,13.123256843935126,80.22270983401597,0.021403469772069528,0.021403469772069528,best,True
2556,N/A,N/A,13.12324325241028,80.2227848625996,219,13.123256843935126,80.22270983401597,0.010755177671672904,0.010755177671672904,best,True
7430,N/A,N/A,13.1232845,80.2228044,219,13.123256843935126,80.22270983401597,0.013910815513269052,0.013910815513269052,best,True
3637,N/A,N/A,13.123633371309609,80.22339047579348,219,13.123256843935126,80.22270983401597,0.11017090436868168,0.11017090436868168,best,True
3500,N/A,N/A,13.1232845,80.2228044,219,13.123256843935126,80.22270983401597,0.013910815513269052,0.013910815513269052,best,True
5546,N/A,N/A,13.1226746,80.2227107,219,13.123256843935126,80.22270983401597,0.08373899226270072,0.08373899226270072,best,True
2043,N/A,N/A,13.1232845,80.2228044,219,13.123256843935126,80.22270983401597,0.013910815513269052,0.013910815513269052,best,True
3813,N/A,N/A,13.123275833786758,80.22294372435563,219,13.123256843935126,80.22270983401597,0.03308217098377974,0.03308217098377974,best,True
2532,N/A,N/A,13.12327324064629,80.22282518458215,219,13.123256843935126,80.22270983401597,0.016429961548773072,0.016429961548773072,best,True
2045,N/A,N/A,13.123295075582076,80.22286158074132,219,13.123256843935126,80.22270983401597,0.022085667680048944,0.022085667680048944,best,True
5573,N/A,N/A,13.123310097223255,80.22286761028434,219,13.123256843935126,80.22270983401597,0.023522012096134443,0.023522012096134443,best,True
8941,N/A,N/A,13.12176212125355,80.2247540618173,220,13.12028796704444,80.22438034895961,0.21846087365325953,0.21846087365325953,best,True
10022,N/A,N/A,13.119821399306709,80.22497775867737,220,13.12028796704444,80.22438034895961,0.1076772459415968,0.1076772459415968,best,True
8832,N/A,N/A,13.1197813,80.2252965,220,13.12028796704444,80.22438034895961,0.14828265213962394,0.14828265213962394,best,True
5999,N/A,N/A,13.119240135712,80.22527362775824,220,13.12028796704444,80.22438034895961,0.19638231683050245,0.19638231683050245,best,True
6162,N/A,N/A,13.1197813,80.2252965,220,13.12028796704444,80.22438034895961,0.14828265213962394,0.14828265213962394,best,True
5078,N/A,N/A,13.119477052482043,80.22495092834166,220,13.12028796704444,80.22438034895961,0.14167126390625573,0.14167126390625573,best,True
233,N/A,N/A,13.119445137556715,80.22516212761477,220,13.12028796704444,80.22438034895961,0.16382235304711903,0.16382235304711903,best,True
1890,N/A,N/A,13.1202689,80.2215765,220,13.12028796704444,80.22438034895961,0.3952455516859418,0.3952455516859418,best,True
1961,N/A,N/A,13.1202689,80.2215765,220,13.12028796704444,80.22438034895961,0.3952455516859418,0.3952455516859418,best,True
3160,N/A,N/A,13.119322476994276,80.22519189525592,220,13.12028796704444,80.22438034895961,0.17991170627545375,0.17991170627545375,best,True
3797,N/A,N/A,13.120907448272446,80.22295973700973,220,13.12028796704444,80.22438034895961,0.21917725109095576,0.21917725109095576,best,True
4406,N/A,N/A,13.1218337,80.2249642,220,13.12028796704444,80.22438034895961,0.23705397875364986,0.23705397875364986,best,True
1362,N/A,N/A,13.1218337,80.2249642,220,13.12028796704444,80.22438034895961,0.23705397875364986,0.23705397875364986,best,True
9917,N/A,N/A,13.123373482825746,80.22842549358712,221,13.125669411384285,80.22677725393616,0.4037492688069884,0.4037492688069884,best,True
8814,N/A,N/A,13.1275136962268,80.22398751288333,221,13.125669411384285,80.22677725393616,0.4743327330572298,0.4743327330572298,best,True
9121,N/A,N/A,13.1262859,80.2287657,221,13.125669411384285,80.22677725393616,0.29397808846272877,0.29397808846272877,best,True
1501,N/A,N/A,13.12678280132089,80.22509880377562,221,13.125669411384285,80.22677725393616,0.28568689808498987,0.28568689808498987,best,True
325,N/A,N/A,13.12439117654798,80.22760875943474,221,13.125669411384285,80.22677725393616,0.2180226216234469,0.2180226216234469,best,True
10226,N/A,N/A,13.2379184,80.2005577,223,13.23867995,80.2051898,0.6617638698867134,0.6617638698867134,best,True
1251,N/A,N/A,13.2394415,80.2098219,223,13.23867995,80.2051898,0.6617618711065034,0.6617618711065034,best,True
11247,N/A,N/A,12.914057123434016,80.1553184874621,224,12.908518059690337,80.15611909933769,0.8045882960667688,0.8045882960667688,best,True
10267,N/A,N/A,12.9070157,80.1528888,224,12.908518059690337,80.15611909933769,0.5043625765531163,0.5043625765531163,best,True
9787,N/A,N/A,12.913641697813995,80.16015873647113,224,12.908518059690337,80.15611909933769,0.9315498315957482,0.9315498315957482,best,True
997,N/A,N/A,12.9142449,80.1540875,224,12.908518059690337,80.15611909933769,0.8720725477943071,0.8720725477943071,best,True
4556,N/A,N/A,12.9115838,80.1550625,224,12.908518059690337,80.15611909933769,0.46542754313378565,0.46542754313378565,best,True
2740,N/A,N/A,12.9119239,80.1540021,224,12.908518059690337,80.15611909933769,0.5736979390991962,0.5736979390991962,best,True
1972,N/A,N/A,12.905160404926056,80.15300587077178,224,12.908518059690337,80.15611909933769,0.6527650192001351,0.6527650192001351,best,True
5338,N/A,N/A,12.903226,80.1585618,224,12.908518059690337,80.15611909933769,0.8354840765872213,0.8354840765872213,best,True
5268,N/A,N/A,12.90660038948078,80.15938275248415,224,12.908518059690337,80.15611909933769,0.5367232887643334,0.5367232887643334,best,True
4385,N/A,N/A,12.908953802335024,80.15723947788783,224,12.908518059690337,80.15611909933769,0.17003448221995382,0.17003448221995382,best,True
2951,N/A,N/A,12.908871480405992,80.15736714774008,224,12.908518059690337,80.15611909933769,0.18326622533990988,0.18326622533990988,best,True
7918,N/A,N/A,12.908371,80.1607541,224,12.908518059690337,80.15611909933769,0.6542557198787545,0.6542557198787545,best,True
5742,N/A,N/A,12.913649489570147,80.15497448499626,224,12.908518059690337,80.15611909933769,0.7554559457874028,0.7554559457874028,best,True
1440,N/A,N/A,12.9100198,80.1496489,224,12.908518059690337,80.15611909933769,0.9380265310069633,0.9380265310069633,best,True
1246,N/A,N/A,12.90769456809442,80.15215352883604,224,12.908518059690337,80.15611909933769,0.5718683084124069,0.5718683084124069,best,True
11146,N/A,N/A,13.061363426947125,80.24314143547363,225,13.059048200929185,80.24465571189295,0.3955485090770698,0.3955485090770698,best,True
11109,N/A,N/A,13.059544106787015,80.24774414603273,225,13.059048200929185,80.24465571189295,0.4412607970736704,0.4412607970736704,best,True
8521,N/A,N/A,13.059662,80.2428493,225,13.059048200929185,80.24465571189295,0.26956226991887966,0.26956226991887966,best,True
8157,N/A,N/A,13.053062301603156,80.24755683314416,225,13.059048200929185,80.24465571189295,0.9531330395586262,0.9531330395586262,best,True
1148,N/A,N/A,13.0591582,80.2399657,225,13.059048200929185,80.24465571189295,0.6614655741876311,0.6614655741876311,best,True
18,N/A,N/A,13.0591582,80.2399657,225,13.059048200929185,80.24465571189295,0.6614655741876311,0.6614655741876311,best,True
241,N/A,N/A,13.05960080195466,80.24775438786662,225,13.059048200929185,80.24465571189295,0.4440724895836148,0.4440724895836148,best,True
6668,N/A,N/A,13.059395412969875,80.24780270239293,225,13.059048200929185,80.24465571189295,0.44651626341918266,0.44651626341918266,best,True
4971,N/A,N/A,13.05980494645528,80.24318668449033,225,13.059048200929185,80.24465571189295,0.23398089792855664,0.23398089792855664,best,True
4702,N/A,N/A,13.063845590121009,80.24230458626099,225,13.059048200929185,80.24465571189295,0.7654661622523408,0.7654661622523408,best,True
3640,N/A,N/A,13.063909603472837,80.24197333344765,225,13.059048200929185,80.24465571189295,0.7949050265471537,0.7949050265471537,best,True
870,N/A,N/A,13.053412,80.2461797,225,13.059048200929185,80.24465571189295,0.8385973190679538,0.8385973190679538,best,True
1402,N/A,N/A,13.0553192,80.2438066,225,13.059048200929185,80.24465571189295,0.5495066889404278,0.5495066889404278,best,True
7664,N/A,N/A,13.05562862362678,80.24236716928527,225,13.059048200929185,80.24465571189295,0.5882122356922613,0.5882122356922613,best,True
9524,N/A,N/A,13.102488330720131,79.90832297906309,226,13.103056628794663,79.90717131811975,0.18176474148077879,0.18176474148077879,best,True
10431,N/A,N/A,13.1042637,79.907201,226,13.103056628794663,79.90717131811975,0.1736523439926269,0.1736523439926269,best,True
1624,N/A,N/A,13.10336329208904,79.90776977944265,226,13.103056628794663,79.90717131811975,0.09519900120609529,0.09519900120609529,best,True
4386,N/A,N/A,13.1033201,79.9075199,226,13.103056628794663,79.90717131811975,0.06205327239738671,0.06205327239738671,best,True
1319,N/A,N/A,13.10318928041036,79.90772847565026,226,13.103056628794663,79.90717131811975,0.08082726809813061,0.08082726809813061,best,True
922,N/A,N/A,13.103261166859182,79.9077685792655,226,13.103056628794663,79.90717131811975,0.08918784269184896,0.08918784269184896,best,True
2728,N/A,N/A,13.1032096,79.9076198,226,13.103056628794663,79.90717131811975,0.06694176691784028,0.06694176691784028,best,True
1003,N/A,N/A,13.103252696146129,79.90775919933625,226,13.103056628794663,79.90717131811975,0.08754062640035118,0.08754062640035118,best,True
2770,N/A,N/A,13.103257355652213,79.90777156430211,226,13.103056628794663,79.90717131811975,0.08940671942943522,0.08940671942943522,best,True
1550,N/A,N/A,13.101214356215577,79.90493774414062,226,13.103056628794663,79.90717131811975,0.41151748179712905,0.41151748179712905,best,True
4630,N/A,N/A,13.10219775858604,79.90522228940549,226,13.103056628794663,79.90717131811975,0.3012478275226286,0.3012478275226286,best,True
6615,N/A,N/A,13.103661908857289,79.90643450683093,226,13.103056628794663,79.90717131811975,0.1355244973556829,0.1355244973556829,best,True
8253,N/A,N/A,13.1064375,79.9100469,227,13.105821741543433,79.90956255645426,0.11182374134885831,0.11182374134885831,best,True
10358,N/A,N/A,13.1054137,79.9093001,227,13.105821741543433,79.90956255645426,0.06937439776696766,0.06937439776696766,best,True
10185,N/A,N/A,13.104380183957268,79.90897853861325,227,13.105821741543433,79.90956255645426,0.22307437301240438,0.22307437301240438,best,True
10374,N/A,N/A,13.106566141548292,79.9095926366944,227,13.105821741543433,79.90956255645426,0.10714415538190955,0.10714415538190955,best,True
6405,N/A,N/A,13.106995299313937,79.9077340641349,227,13.105821741543433,79.90956255645426,0.3081051407441386,0.3081051407441386,best,True
963,N/A,N/A,13.10659528804197,79.90954370894174,227,13.105821741543433,79.90956255645426,0.11128380629993469,0.11128380629993469,best,True
3322,N/A,N/A,13.106567261404942,79.90947984375269,227,13.105821741543433,79.90956255645426,0.10785340340277892,0.10785340340277892,best,True
6729,N/A,N/A,13.106616095860163,79.90919159453276,227,13.105821741543433,79.90956255645426,0.12564458146073315,0.12564458146073315,best,True
4831,N/A,N/A,13.1059537,79.9107916,227,13.105821741543433,79.90956255645426,0.1742947831800896,0.1742947831800896,best,True
2360,N/A,N/A,13.10269224530778,79.91096657787287,227,13.105821741543433,79.90956255645426,0.4916836677045967,0.4916836677045967,best,True
8556,N/A,N/A,13.047748108442772,80.1133411973081,228,13.04698507120996,80.11104502607184,0.3418604494597491,0.3418604494597491,best,True
10646,N/A,N/A,13.046604710332828,80.11178703932228,228,13.04698507120996,80.11104502607184,0.11806442993734217,0.11806442993734217,best,True
10539,N/A,N/A,13.045903916747266,80.1057616557476,228,13.04698507120996,80.11104502607184,0.7610300661414416,0.7610300661414416,best,True
11367,N/A,N/A,13.048369044116944,80.10804376020452,228,13.04698507120996,80.11104502607184,0.4676605510755955,0.4676605510755955,best,True
9489,N/A,N/A,13.046441739358116,80.11176175295795,228,13.04698507120996,80.11104502607184,0.12774797820400727,0.12774797820400727,best,True
5503,N/A,N/A,13.045791290723638,80.11276677551777,228,13.04698507120996,80.11104502607184,0.29734878659545705,0.29734878659545705,best,True
7576,N/A,N/A,13.048267,80.110055,228,13.04698507120996,80.11104502607184,0.23125431010784767,0.23125431010784767,best,True
2157,N/A,N/A,13.0498197,80.1109373,228,13.04698507120996,80.11104502607184,0.407959667258123,0.407959667258123,best,True
6495,N/A,N/A,13.04870043063904,80.10708753666648,228,13.04698507120996,80.11104502607184,0.6101204656186733,0.6101204656186733,best,True
5499,N/A,N/A,13.045919233236422,80.11201021065501,228,13.04698507120996,80.11104502607184,0.2049861048150983,0.2049861048150983,best,True
7002,N/A,N/A,13.04646640966315,80.11184531103261,228,13.04698507120996,80.11104502607184,0.1352695301493053,0.1352695301493053,best,True
4926,N/A,N/A,13.045746381131451,80.11275359392947,228,13.04698507120996,80.11104502607184,0.2996278909293603,0.2996278909293603,best,True
7096,N/A,N/A,13.046930790920314,80.11167688335888,228,13.04698507120996,80.11104502607184,0.08943552569519239,0.08943552569519239,best,True
1320,N/A,N/A,13.04657703500842,80.11180682544398,228,13.04698507120996,80.11104502607184,0.12240141327430748,0.12240141327430748,best,True
7013,N/A,N/A,13.046634502116024,80.11155095177149,228,13.04698507120996,80.11104502607184,0.08735610901525286,0.08735610901525286,best,True
2678,N/A,N/A,13.0468873,80.110815,228,13.04698507120996,80.11104502607184,0.03535141439342126,0.03535141439342126,best,True
6440,N/A,N/A,13.0468142062763,80.1118343897909,228,13.04698507120996,80.11104502607184,0.1139836301833743,0.1139836301833743,best,True
1681,N/A,N/A,13.046544332993886,80.1117776036743,228,13.04698507120996,80.11104502607184,0.12119412536081045,0.12119412536081045,best,True
6280,N/A,N/A,13.0474108,80.1109276,228,13.04698507120996,80.11104502607184,0.06342763499225507,0.06342763499225507,best,True
7715,N/A,N/A,13.046584826891872,80.11162621538962,228,13.04698507120996,80.11104502607184,0.10014639522999434,0.10014639522999434,best,True
107,N/A,N/A,13.04652473681072,80.11177894473788,228,13.04698507120996,80.11104502607184,0.12285093330698497,0.12285093330698497,best,True
7749,N/A,N/A,13.0450079,80.1156829,229,13.045119853273802,80.11574024976173,0.018017752307221815,0.018017752307221815,best,True
7790,N/A,N/A,13.0450079,80.1156829,229,13.045119853273802,80.11574024976173,0.018017752307221815,0.018017752307221815,best,True
3567,N/A,N/A,13.0450079,80.1156829,229,13.045119853273802,80.11574024976173,0.018017752307221815,0.018017752307221815,best,True
6005,N/A,N/A,13.0450079,80.1156829,229,13.045119853273802,80.11574024976173,0.018017752307221815,0.018017752307221815,best,True
4941,N/A,N/A,13.0450079,80.1156829,229,13.045119853273802,80.11574024976173,0.018017752307221815,0.018017752307221815,best,True
4271,N/A,N/A,13.0451258,80.1157406,229,13.045119853273802,80.11574024976173,0.0008566835827363659,0.0008566835827363659,best,True
2859,N/A,N/A,13.0450079,80.1156829,229,13.045119853273802,80.11574024976173,0.018017752307221815,0.018017752307221815,best,True
6277,N/A,N/A,13.0450079,80.1156829,229,13.045119853273802,80.11574024976173,0.018017752307221815,0.018017752307221815,best,True
6251,N/A,N/A,13.0450079,80.1156829,229,13.045119853273802,80.11574024976173,0.018017752307221815,0.018017752307221815,best,True
7230,N/A,N/A,13.0450079,80.1156829,229,13.045119853273802,80.11574024976173,0.018017752307221815,0.018017752307221815,best,True
7172,N/A,N/A,13.0450079,80.1156829,229,13.045119853273802,80.11574024976173,0.018017752307221815,0.018017752307221815,best,True
6226,N/A,N/A,13.0450079,80.1156829,229,13.045119853273802,80.11574024976173,0.018017752307221815,0.018017752307221815,best,True
7350,N/A,N/A,13.0450079,80.1156829,229,13.045119853273802,80.11574024976173,0.018017752307221815,0.018017752307221815,best,True
4323,N/A,N/A,13.04425763831775,80.1154653648466,229,13.045119853273802,80.11574024976173,0.12992038088573438,0.12992038088573438,best,True
7802,N/A,N/A,13.045459164110529,80.11583653378067,229,13.045119853273802,80.11574024976173,0.05065308091915773,0.05065308091915773,best,True
569,N/A,N/A,13.04720415650015,80.11672139708415,229,13.045119853273802,80.11574024976173,0.3301491776256298,0.3301491776256298,best,True
6215,N/A,N/A,13.0450079,80.1156829,229,13.045119853273802,80.11574024976173,0.018017752307221815,0.018017752307221815,best,True
8003,N/A,N/A,13.0450079,80.1156829,229,13.045119853273802,80.11574024976173,0.018017752307221815,0.018017752307221815,best,True
10182,N/A,N/A,13.0484537,80.1157389,230,13.04983420524152,80.11557961902015,0.19981072993149357,0.19981072993149357,best,True
1259,N/A,N/A,13.0490093,80.1161213,230,13.04983420524152,80.11557961902015,0.1410978832166626,0.1410978832166626,best,True
5351,N/A,N/A,13.050896302371005,80.11630571408924,230,13.04983420524152,80.11557961902015,0.18388764212973832,0.18388764212973832,best,True
5358,N/A,N/A,13.050783615950882,80.11637706269978,230,13.04983420524152,80.11557961902015,0.17688228802223713,0.17688228802223713,best,True
214,N/A,N/A,13.0497218,80.1136999,230,13.04983420524152,80.11557961902015,0.26553674555955087,0.26553674555955087,best,True
2438,N/A,N/A,13.0486844,80.1181245,230,13.04983420524152,80.11557961902015,0.3951045024975569,0.3951045024975569,best,True
7732,N/A,N/A,13.05129031836874,80.11268995635197,230,13.04983420524152,80.11557961902015,0.4581147776009229,0.4581147776009229,best,True
10567,N/A,N/A,13.0806471,80.1853564,231,13.080827199259105,80.1840489340252,0.18614332513389933,0.18614332513389933,best,True
10130,N/A,N/A,13.081120204734608,80.18446956112706,231,13.080827199259105,80.1840489340252,0.07274959282515717,0.07274959282515717,best,True
8618,N/A,N/A,13.081122,80.18391199999999,231,13.080827199259105,80.1840489340252,0.04658678445865682,0.04658678445865682,best,True
9565,N/A,N/A,13.07886444191572,80.18536210624895,231,13.080827199259105,80.1840489340252,0.3375805111605895,0.3375805111605895,best,True
8562,N/A,N/A,13.0810959,80.1838368,231,13.080827199259105,80.1840489340252,0.04886588198511038,0.04886588198511038,best,True
2557,N/A,N/A,13.08098732250898,80.18415007346341,231,13.080827199259105,80.1840489340252,0.02708609700211643,0.02708609700211643,best,True
567,N/A,N/A,13.0810113,80.1840177,231,13.080827199259105,80.1840489340252,0.02684114550101477,0.02684114550101477,best,True
1157,N/A,N/A,13.0810113,80.1840177,231,13.080827199259105,80.1840489340252,0.02684114550101477,0.02684114550101477,best,True
1053,N/A,N/A,13.081174938541636,80.18391013985196,231,13.080827199259105,80.1840489340252,0.05370385208927836,0.05370385208927836,best,True
4208,N/A,N/A,13.0810959,80.1838368,231,13.080827199259105,80.1840489340252,0.04886588198511038,0.04886588198511038,best,True
1379,N/A,N/A,13.0796288,80.1835108,231,13.080827199259105,80.1840489340252,0.18831383138597577,0.18831383138597577,best,True
3828,N/A,N/A,13.0810959,80.1838368,231,13.080827199259105,80.1840489340252,0.04886588198511038,0.04886588198511038,best,True
2353,N/A,N/A,13.081122,80.18391199999999,231,13.080827199259105,80.1840489340252,0.04658678445865682,0.04658678445865682,best,True
4110,N/A,N/A,13.0810959,80.1838368,231,13.080827199259105,80.1840489340252,0.04886588198511038,0.04886588198511038,best,True
6963,N/A,N/A,13.082702880444744,80.1832174637119,231,13.080827199259105,80.1840489340252,0.2941304105765713,0.2941304105765713,best,True
7957,N/A,N/A,13.0794593,80.1835998,231,13.080827199259105,80.1840489340252,0.2066713109096091,0.2066713109096091,best,True
9103,N/A,N/A,13.075457,80.1796009,232,13.076368067805113,80.17750053523537,0.32381886212784255,0.32381886212784255,best,True
8568,N/A,N/A,13.074357292945512,80.17956299109758,232,13.076368067805113,80.17750053523537,0.4101030322217087,0.4101030322217087,best,True
8378,N/A,N/A,13.0776883,80.1785187,232,13.076368067805113,80.17750053523537,0.23803142575758124,0.23803142575758124,best,True
10256,N/A,N/A,13.0745961,80.17605689999999,232,13.076368067805113,80.17750053523537,0.3261477621438661,0.3261477621438661,best,True
7858,N/A,N/A,13.0786309,80.1778659,232,13.076368067805113,80.17750053523537,0.3294930742732941,0.3294930742732941,best,True
1669,N/A,N/A,13.0776323,80.175713,232,13.076368067805113,80.17750053523537,0.31076153043231197,0.31076153043231197,best,True
6096,N/A,N/A,13.077987021247193,80.17851534807697,232,13.076368067805113,80.17750053523537,0.2732842310938009,0.2732842310938009,best,True
793,N/A,N/A,13.0744966,80.1761701,232,13.076368067805113,80.17750053523537,0.32806841106986223,0.32806841106986223,best,True
4627,N/A,N/A,13.076467096053312,80.17550097794376,232,13.076368067805113,80.17750053523537,0.2822709347460505,0.2822709347460505,best,True
9915,N/A,N/A,13.079235672546712,80.17831988424753,233,13.080461567904209,80.18021541100592,0.3201600463058049,0.3201600463058049,best,True
9708,N/A,N/A,13.080993721016512,80.18184721129657,233,13.080461567904209,80.18021541100592,0.24245503004028662,0.24245503004028662,best,True
9910,N/A,N/A,13.080425,80.18038539999999,233,13.080461567904209,80.18021541100592,0.024536106950511664,0.024536106950511664,best,True
9455,N/A,N/A,13.080429823434594,80.18037722673714,233,13.080461567904209,80.18021541100592,0.02326587570525899,0.02326587570525899,best,True
10584,N/A,N/A,13.08067627129096,80.18097590784039,233,13.080461567904209,80.18021541100592,0.11157626181638415,0.11157626181638415,best,True
9965,N/A,N/A,13.082159164946876,80.17996735263137,233,13.080461567904209,80.18021541100592,0.24664133448969322,0.24664133448969322,best,True
10026,N/A,N/A,13.082112696160603,80.17893386511628,233,13.080461567904209,80.18021541100592,0.29838663337049787,0.29838663337049787,best,True
9141,N/A,N/A,13.0810525,80.1798413,233,13.080461567904209,80.18021541100592,0.10002449743836592,0.10002449743836592,best,True
8866,N/A,N/A,13.0799565,80.1812276,233,13.080461567904209,80.18021541100592,0.16012698479675117,0.16012698479675117,best,True
626,N/A,N/A,13.080130071509291,80.1804208185292,233,13.080461567904209,80.18021541100592,0.05578209094955309,0.05578209094955309,best,True
7091,N/A,N/A,13.08017992022146,80.18043691719923,233,13.080461567904209,80.18021541100592,0.05114727210095632,0.05114727210095632,best,True
5079,N/A,N/A,13.0815184,80.1788992,233,13.080461567904209,80.18021541100592,0.23986794129354913,0.23986794129354913,best,True
6258,N/A,N/A,13.080019391367774,80.18041849199719,233,13.080461567904209,80.18021541100592,0.06974207454298592,0.06974207454298592,best,True
6698,N/A,N/A,13.0799688,80.18047969999999,233,13.080461567904209,80.18021541100592,0.0800683295610165,0.0800683295610165,best,True
1954,N/A,N/A,13.079226016869134,80.17890211568591,233,13.080461567904209,80.18021541100592,0.25662962944751233,0.25662962944751233,best,True
1186,N/A,N/A,13.080237168169496,80.18049904908915,233,13.080461567904209,80.18021541100592,0.05138730417861716,0.05138730417861716,best,True
6746,N/A,N/A,13.07993985943646,80.18049744385964,233,13.080461567904209,80.18021541100592,0.08491702891780095,0.08491702891780095,best,True
3024,N/A,N/A,13.080417041855712,80.1806835835369,233,13.080461567904209,80.18021541100592,0.06631504422457803,0.06631504422457803,best,True
176,N/A,N/A,13.0809163,80.1805414,233,13.080461567904209,80.18021541100592,0.07993372599399262,0.07993372599399262,best,True
944,N/A,N/A,13.08008445842588,80.1804295831069,233,13.080461567904209,80.18021541100592,0.06207487580945996,0.06207487580945996,best,True
7233,N/A,N/A,13.080014148736902,80.18043958025102,233,13.080461567904209,80.18021541100592,0.07169039918035741,0.07169039918035741,best,True
10247,N/A,N/A,13.0785923,80.1805661,234,13.078232615369359,80.18080516357134,0.061741338882400215,0.061741338882400215,best,True
11098,N/A,N/A,13.078475923247392,80.18154314869233,234,13.078232615369359,80.18080516357134,0.10977220764870006,0.10977220764870006,best,True
10824,N/A,N/A,13.0785923,80.1805661,234,13.078232615369359,80.18080516357134,0.061741338882400215,0.061741338882400215,best,True
11189,N/A,N/A,13.078059295120104,80.1791677945816,234,13.078232615369359,80.18080516357134,0.23218790676718876,0.23218790676718876,best,True
9301,N/A,N/A,13.077139624647888,80.18187500880369,234,13.078232615369359,80.18080516357134,0.21785503085820265,0.21785503085820265,best,True
10605,N/A,N/A,13.078439764400503,80.18093311752862,234,13.078232615369359,80.18080516357134,0.034828297748850816,0.034828297748850816,best,True
10292,N/A,N/A,13.0785923,80.1805661,234,13.078232615369359,80.18080516357134,0.061741338882400215,0.061741338882400215,best,True
4636,N/A,N/A,13.0785923,80.1805661,234,13.078232615369359,80.18080516357134,0.061741338882400215,0.061741338882400215,best,True
7587,N/A,N/A,13.0785923,80.1805661,234,13.078232615369359,80.18080516357134,0.061741338882400215,0.061741338882400215,best,True
2941,N/A,N/A,13.07843096185742,80.18086589265135,234,13.078232615369359,80.18080516357134,0.029783486836790912,0.029783486836790912,best,True
1519,N/A,N/A,13.078269427792304,80.18032427856517,234,13.078232615369359,80.18080516357134,0.0680043958495312,0.0680043958495312,best,True
6088,N/A,N/A,13.0785923,80.1805661,234,13.078232615369359,80.18080516357134,0.061741338882400215,0.061741338882400215,best,True
1856,N/A,N/A,13.078272399164447,80.18061393863898,234,13.078232615369359,80.18080516357134,0.027560486679530434,0.027560486679530434,best,True
5656,N/A,N/A,13.0778008,80.1796598,234,13.078232615369359,80.18080516357134,0.17301086303886612,0.17301086303886612,best,True
5718,N/A,N/A,13.0785923,80.1805661,234,13.078232615369359,80.18080516357134,0.061741338882400215,0.061741338882400215,best,True
2756,N/A,N/A,13.0753444,80.1811008,234,13.078232615369359,80.18080516357134,0.4174704740907889,0.4174704740907889,best,True
6926,N/A,N/A,13.0762955,80.1837236,234,13.078232615369359,80.18080516357134,0.49690591812816903,0.49690591812816903,best,True
6085,N/A,N/A,13.0785923,80.1805661,234,13.078232615369359,80.18080516357134,0.061741338882400215,0.061741338882400215,best,True
2321,N/A,N/A,13.0785923,80.1805661,234,13.078232615369359,80.18080516357134,0.061741338882400215,0.061741338882400215,best,True
2331,N/A,N/A,13.0782037099312,80.18271762078618,234,13.078232615369359,80.18080516357134,0.2696615205273914,0.2696615205273914,best,True
5688,N/A,N/A,13.0785923,80.1805661,234,13.078232615369359,80.18080516357134,0.061741338882400215,0.061741338882400215,best,True
3212,N/A,N/A,13.0785923,80.1805661,234,13.078232615369359,80.18080516357134,0.061741338882400215,0.061741338882400215,best,True
4275,N/A,N/A,13.078286914057898,80.18061540164098,234,13.078232615369359,80.18080516357134,0.027870194035178097,0.027870194035178097,best,True
4863,N/A,N/A,13.0782663549589,80.18058481408217,234,13.078232615369359,80.18080516357134,0.03144284914837331,0.03144284914837331,best,True
5699,N/A,N/A,13.078314678963784,80.18060269816507,234,13.078232615369359,80.18080516357134,0.03088851743647382,0.03088851743647382,best,True
7763,N/A,N/A,13.0785923,80.1805661,234,13.078232615369359,80.18080516357134,0.061741338882400215,0.061741338882400215,best,True
3098,N/A,N/A,13.078462237487855,80.18095163510745,234,13.078232615369359,80.18080516357134,0.03894930359847556,0.03894930359847556,best,True
378,N/A,N/A,13.0782128,80.1805381,234,13.078232615369359,80.18080516357134,0.0377598907875007,0.0377598907875007,best,True
2874,N/A,N/A,13.0785923,80.1805661,234,13.078232615369359,80.18080516357134,0.061741338882400215,0.061741338882400215,best,True
88,N/A,N/A,13.0785794,80.18140369999999,234,13.078232615369359,80.18080516357134,0.09802213465710694,0.09802213465710694,best,True
5588,N/A,N/A,13.0785923,80.1805661,234,13.078232615369359,80.18080516357134,0.061741338882400215,0.061741338882400215,best,True
723,N/A,N/A,13.078297300189792,80.18061848503916,234,13.078232615369359,80.18080516357134,0.02791482363374438,0.02791482363374438,best,True
6739,N/A,N/A,13.023655793319548,80.02272377388556,235,13.024277532177674,80.02269493716348,0.08951083542114731,0.08951083542114731,best,True
7997,N/A,N/A,13.024847935391142,80.02434107476837,235,13.024277532177674,80.02269493716348,0.2462014839211939,0.2462014839211939,best,True
7931,N/A,N/A,13.0240869,80.0217803,235,13.024277532177674,80.02269493716348,0.13186069898106975,0.13186069898106975,best,True
7558,N/A,N/A,13.0245195,80.0219346,235,13.024277532177674,80.02269493716348,0.11272601574528825,0.11272601574528825,best,True
10159,N/A,N/A,13.053049457713977,80.06110001757989,236,13.055873518804617,80.0618257643206,0.4188496252296835,0.4188496252296835,best,True
8718,N/A,N/A,13.0501172,80.0610012,236,13.055873518804617,80.0618257643206,0.8359989957461886,0.8359989957461886,best,True
10661,N/A,N/A,13.058572868571003,80.06118846090891,236,13.055873518804617,80.0618257643206,0.3984849170064026,0.3984849170064026,best,True
9090,N/A,N/A,13.0580412,80.0638058,236,13.055873518804617,80.0618257643206,0.4184902860995844,0.4184902860995844,best,True
9284,N/A,N/A,13.055494,80.056709,236,13.055873518804617,80.0618257643206,0.7235187839100113,0.7235187839100113,best,True
8700,N/A,N/A,13.054582,80.06169009999999,236,13.055873518804617,80.0618257643206,0.18672889689726072,0.18672889689726072,best,True
1706,N/A,N/A,13.054569233825376,80.06164490049213,236,13.055873518804617,80.0618257643206,0.1893081021686222,0.1893081021686222,best,True
1888,N/A,N/A,13.055023897656946,80.06101864091929,236,13.055873518804617,80.0618257643206,0.16697989022586893,0.16697989022586893,best,True
7818,N/A,N/A,13.055951319270564,80.06695921159059,236,13.055873518804617,80.0618257643206,0.7238950759213519,0.7238950759213519,best,True
7746,N/A,N/A,13.054474900145404,80.06213302704015,236,13.055873518804617,80.0618257643206,0.20576233147905845,0.20576233147905845,best,True
6946,N/A,N/A,13.0586184,80.066225,236,13.055873518804617,80.0618257643206,0.7352505520270693,0.7352505520270693,best,True
1335,N/A,N/A,13.055306878467476,80.05675602167003,236,13.055873518804617,80.0618257643206,0.7194576734211222,0.7194576734211222,best,True
7521,N/A,N/A,13.055871654882049,80.0596424108706,236,13.055873518804617,80.0618257643206,0.30784982494106605,0.30784982494106605,best,True
4035,N/A,N/A,13.054615207172128,80.06149435917922,236,13.055873518804617,80.0618257643206,0.18690605502427102,0.18690605502427102,best,True
2064,N/A,N/A,13.059121839004144,80.06419861158031,236,13.055873518804617,80.0618257643206,0.574618254068136,0.574618254068136,best,True
7913,N/A,N/A,13.054582,80.06169009999999,236,13.055873518804617,80.0618257643206,0.18672889689726072,0.18672889689726072,best,True
2327,N/A,N/A,13.05460728177404,80.06154159593937,236,13.055873518804617,80.0618257643206,0.18646619091963704,0.18646619091963704,best,True
2364,N/A,N/A,12.9819641,79.9690258,237,12.98209371846997,79.96813863583486,0.12650694571906865,0.12650694571906865,best,True
2096,N/A,N/A,12.9835937,79.9677099,237,12.98209371846997,79.96813863583486,0.22404108330300238,0.22404108330300238,best,True
268,N/A,N/A,12.981746073879885,79.96811404333944,237,12.98209371846997,79.96813863583486,0.050118215199979436,0.050118215199979436,best,True
3469,N/A,N/A,12.981071,79.9677048,237,12.98209371846997,79.96813863583486,0.15930646464060852,0.15930646464060852,best,True
8601,N/A,N/A,13.15063621325499,80.19143347770998,239,13.152659911100097,80.19720428881253,0.8638678423780971,0.8638678423780971,best,True
10236,N/A,N/A,13.150458045934805,80.19117380718153,239,13.152659911100097,80.19720428881253,0.9070372966043745,0.9070372966043745,best,True
8402,N/A,N/A,13.15556998253794,80.19491071694469,239,13.152659911100097,80.19720428881253,0.5288346375469491,0.5288346375469491,best,True
1386,N/A,N/A,13.150703105498849,80.19151488152718,239,13.152659911100097,80.19720428881253,0.8498397026525051,0.8498397026525051,best,True
5446,N/A,N/A,13.1558496,80.1947591,239,13.152659911100097,80.19720428881253,0.5737751867159548,0.5737751867159548,best,True
6133,N/A,N/A,13.1568679,80.195437,239,13.152659911100097,80.19720428881253,0.6544532872452351,0.6544532872452351,best,True
6082,N/A,N/A,13.153793624034568,80.19607109024354,239,13.152659911100097,80.19720428881253,0.2282441200150574,0.2282441200150574,best,True
64,N/A,N/A,13.157749079341748,80.19674350981647,239,13.152659911100097,80.19720428881253,0.7348065861869142,0.7348065861869142,best,True
239,N/A,N/A,13.148953239077336,80.20014282802056,239,13.152659911100097,80.19720428881253,0.6750789547828124,0.6750789547828124,best,True
3200,N/A,N/A,13.156536879026222,80.19739375348378,239,13.152659911100097,80.19720428881253,0.5582298271668795,0.5582298271668795,best,True
4133,N/A,N/A,13.150478461461516,80.19117616501742,239,13.152659911100097,80.19720428881253,0.9057045714658964,0.9057045714658964,best,True
82,N/A,N/A,13.150536699539597,80.20196868990352,239,13.152659911100097,80.19720428881253,0.7376841511009169,0.7376841511009169,best,True
7336,N/A,N/A,13.1579957,80.1970565,239,13.152659911100097,80.19720428881253,0.7676830461911361,0.7676830461911361,best,True
6334,N/A,N/A,13.15611553647548,80.19435846951859,239,13.152659911100097,80.19720428881253,0.6386551881854624,0.6386551881854624,best,True
6528,N/A,N/A,13.1495144,80.2031535,239,13.152659911100097,80.19720428881253,0.9527610370168147,0.9527610370168147,best,True
8232,N/A,N/A,12.810338,79.706283,240,12.811024145978376,79.70852302222097,0.33119114572515146,0.33119114572515146,best,True
11332,N/A,N/A,12.810338,79.706283,240,12.811024145978376,79.70852302222097,0.33119114572515146,0.33119114572515146,best,True
9850,N/A,N/A,12.8125535,79.7087387,240,12.811024145978376,79.70852302222097,0.22204435160977234,0.22204435160977234,best,True
1913,N/A,N/A,12.809711491734408,79.70602862539369,240,12.811024145978376,79.70852302222097,0.39947266429764733,0.39947266429764733,best,True
89,N/A,N/A,12.8101529,79.7140628,240,12.811024145978376,79.70852302222097,0.7918407056042207,0.7918407056042207,best,True
1517,N/A,N/A,12.810554075642427,79.70633981476135,240,12.811024145978376,79.70852302222097,0.3154588400229552,0.3154588400229552,best,True
2190,N/A,N/A,12.810344216802411,79.70695822044169,240,12.811024145978376,79.70852302222097,0.2415303979827506,0.2415303979827506,best,True
5084,N/A,N/A,12.81029133183681,79.70646623402669,240,12.811024145978376,79.70852302222097,0.3088271847230597,0.3088271847230597,best,True
4216,N/A,N/A,12.810338,79.706283,240,12.811024145978376,79.70852302222097,0.33119114572515146,0.33119114572515146,best,True
1344,N/A,N/A,12.810478456622388,79.70641936714311,240,12.811024145978376,79.70852302222097,0.30709915376840824,0.30709915376840824,best,True
8036,N/A,N/A,12.810553992665293,79.70638929615326,240,12.811024145978376,79.70852302222097,0.3086437160782073,0.3086437160782073,best,True
8042,N/A,N/A,12.81053306910535,79.70638929615326,240,12.811024145978376,79.70852302222097,0.3093169000782604,0.3093169000782604,best,True
5123,N/A,N/A,12.8103978,79.7071457,240,12.811024145978376,79.70852302222097,0.21424719342861923,0.21424719342861923,best,True
4662,N/A,N/A,12.810422929399676,79.7065719812328,240,12.811024145978376,79.70852302222097,0.28861894403795857,0.28861894403795857,best,True
3680,N/A,N/A,12.8101405,79.71315899999999,240,12.811024145978376,79.70852302222097,0.6665323954821862,0.6665323954821862,best,True
6854,N/A,N/A,12.8105302,79.70634969999999,240,12.811024145978376,79.70852302222097,0.31485316071480635,0.31485316071480635,best,True
4338,N/A,N/A,12.8154065,79.7131501,240,12.811024145978376,79.70852302222097,0.90757435294168,0.90757435294168,best,True
1086,N/A,N/A,12.811873730461109,79.71185619394318,240,12.811024145978376,79.70852302222097,0.4860388323685983,0.4860388323685983,best,True
4648,N/A,N/A,12.814056625297686,79.70891131517057,240,12.811024145978376,79.70852302222097,0.4395534394332496,0.4395534394332496,best,True
9582,N/A,N/A,12.9777778,80.1877741,241,12.978591571050234,80.18692365818005,0.16758599299993596,0.16758599299993596,best,True
5636,N/A,N/A,12.9781943,80.18651090000002,241,12.978591571050234,80.18692365818005,0.08156953371741683,0.08156953371741683,best,True
1842,N/A,N/A,12.97861983141729,80.1861734688073,241,12.978591571050234,80.18692365818005,0.10588643290581314,0.10588643290581314,best,True
4911,N/A,N/A,12.978919868451518,80.18995513374485,241,12.978591571050234,80.18692365818005,0.43016496303031726,0.43016496303031726,best,True
915,N/A,N/A,12.980328779480056,80.18280952005837,241,12.978591571050234,80.18692365818005,0.6317673765270205,0.6317673765270205,best,True
3480,N/A,N/A,12.97681426594267,80.18550238941044,241,12.978591571050234,80.18692365818005,0.3248400028316344,0.3248400028316344,best,True
190,N/A,N/A,12.979405411198275,80.1874437698353,241,12.978591571050234,80.18692365818005,0.13813437186570215,0.13813437186570215,best,True
7574,N/A,N/A,12.97867231191206,80.18921998358414,241,12.978591571050234,80.18692365818005,0.3240869741835517,0.3240869741835517,best,True
9522,N/A,N/A,12.976012,80.1826679,242,12.975311026525823,80.1824678723414,0.10468681447264079,0.10468681447264079,best,True
8176,N/A,N/A,12.971911558826177,80.18282125302683,242,12.975311026525823,80.1824678723414,0.4914432760261511,0.4914432760261511,best,True
3242,N/A,N/A,12.9761394,80.18305529999999,242,12.975311026525823,80.1824678723414,0.14511393194708494,0.14511393194708494,best,True
7836,N/A,N/A,12.979000818432338,80.18122771071559,242,12.975311026525823,80.1824678723414,0.5587481692261027,0.5587481692261027,best,True
2752,N/A,N/A,12.9776691,80.1820987,242,12.975311026525823,80.1824678723414,0.34311059634971247,0.34311059634971247,best,True
8007,N/A,N/A,12.9792449,80.1798959,242,12.975311026525823,80.1824678723414,0.6720762254795949,0.6720762254795949,best,True
550,N/A,N/A,12.9761394,80.18305529999999,242,12.975311026525823,80.1824678723414,0.14511393194708494,0.14511393194708494,best,True
1167,N/A,N/A,12.9761394,80.18305529999999,242,12.975311026525823,80.1824678723414,0.14511393194708494,0.14511393194708494,best,True
2224,N/A,N/A,12.971032311116378,80.18310872076943,242,12.975311026525823,80.1824678723414,0.6219650408628628,0.6219650408628628,best,True
6373,N/A,N/A,12.976003096256283,80.18324750710084,242,12.975311026525823,80.1824678723414,0.14831934336113928,0.14831934336113928,best,True
5336,N/A,N/A,12.972318,80.1834196,242,12.975311026525823,80.1824678723414,0.4509002179524746,0.4509002179524746,best,True
6679,N/A,N/A,12.976098887410872,80.18325512457159,242,12.975311026525823,80.1824678723414,0.15864525867392065,0.15864525867392065,best,True
4104,N/A,N/A,12.971102158138985,80.18311332275394,242,12.975311026525823,80.1824678723414,0.6121242734630845,0.6121242734630845,best,True
4193,N/A,N/A,12.976052339131458,80.18324900381776,242,12.975311026525823,80.1824678723414,0.15331358088886626,0.15331358088886626,best,True
7736,N/A,N/A,12.9761394,80.18305529999999,242,12.975311026525823,80.1824678723414,0.14511393194708494,0.14511393194708494,best,True
1321,N/A,N/A,12.978243435860549,80.1785153332587,242,12.975311026525823,80.1824678723414,0.6990316667274349,0.6990316667274349,best,True
4081,N/A,N/A,12.97104124576594,80.18311255378936,242,12.975311026525823,80.1824678723414,0.620772695101908,0.620772695101908,best,True
10077,N/A,N/A,12.9560647,80.18629539999999,243,12.954573418091476,80.18693313293323,0.23257578090912992,0.23257578090912992,best,True
9532,N/A,N/A,12.9482448,80.1896242,243,12.954573418091476,80.18693313293323,0.9861608602074461,0.9861608602074461,best,True
6448,N/A,N/A,12.9560647,80.18629539999999,243,12.954573418091476,80.18693313293323,0.23257578090912992,0.23257578090912992,best,True
664,N/A,N/A,12.95503505795849,80.18663337176649,243,12.954573418091476,80.18693313293323,0.07871363429461671,0.07871363429461671,best,True
559,N/A,N/A,12.955905953367234,80.1868273761714,243,12.954573418091476,80.18693313293323,0.19222378904004261,0.19222378904004261,best,True
817,N/A,N/A,12.9491632,80.1852782,243,12.954573418091476,80.18693313293323,0.8123562439928895,0.8123562439928895,best,True
5475,N/A,N/A,12.9491632,80.1852782,243,12.954573418091476,80.18693313293323,0.8123562439928895,0.8123562439928895,best,True
2285,N/A,N/A,12.9556074,80.1868681,243,12.954573418091476,80.18693313293323,0.14898905170222634,0.14898905170222634,best,True
7112,N/A,N/A,12.9558781,80.1870754,243,12.954573418091476,80.18693313293323,0.1887082682902723,0.1887082682902723,best,True
310,N/A,N/A,12.9560647,80.18629539999999,243,12.954573418091476,80.18693313293323,0.23257578090912992,0.23257578090912992,best,True
4400,N/A,N/A,12.9562098,80.1868721,243,12.954573418091476,80.18693313293323,0.23550044771756481,0.23550044771756481,best,True
5763,N/A,N/A,12.955235981416797,80.1867985243443,243,12.954573418091476,80.18693313293323,0.0971625700225487,0.0971625700225487,best,True
4394,N/A,N/A,12.9561731967211,80.18686435464963,243,12.954573418091476,80.18693313293323,0.23028323352905,0.23028323352905,best,True
3615,N/A,N/A,12.9555591,80.1834189,243,12.954573418091476,80.18693313293323,0.5155737318063096,0.5155737318063096,best,True
4533,N/A,N/A,12.9564231,80.19032659999999,243,12.954573418091476,80.18693313293323,0.5476202986690535,0.5476202986690535,best,True
4623,N/A,N/A,12.9563817,80.1901786,243,12.954573418091476,80.18693313293323,0.526503578652412,0.526503578652412,best,True
10861,N/A,N/A,13.070166387515966,80.26729943678355,244,13.070942773573897,80.26269701020269,0.658434194878472,0.658434194878472,best,True
8668,N/A,N/A,13.0719524,80.26347299999999,244,13.070942773573897,80.26269701020269,0.18180832082826173,0.18180832082826173,best,True
9199,N/A,N/A,13.068371609321874,80.26843442349808,244,13.070942773573897,80.26269701020269,0.8894361689110993,0.8894361689110993,best,True
4992,N/A,N/A,13.0689208,80.26711139999999,244,13.070942773573897,80.26269701020269,0.6869726088806903,0.6869726088806903,best,True
3598,N/A,N/A,13.0689208,80.26711139999999,244,13.070942773573897,80.26269701020269,0.6869726088806903,0.6869726088806903,best,True
7626,N/A,N/A,13.071397895630934,80.26008287948093,244,13.070942773573897,80.26269701020269,0.37433322310019757,0.37433322310019757,best,True
5034,N/A,N/A,13.0743539,80.2565183,244,13.070942773573897,80.26269701020269,0.9997732485985207,0.9997732485985207,best,True
4928,N/A,N/A,13.074430193190748,80.26544674469973,244,13.070942773573897,80.26269701020269,0.6339260932987918,0.6339260932987918,best,True
1104,N/A,N/A,13.072088905112585,80.26411150236818,244,13.070942773573897,80.26269701020269,0.2587337038319036,0.2587337038319036,best,True
2391,N/A,N/A,13.0675072,80.2617137,244,13.070942773573897,80.26269701020269,0.5131868748869678,0.5131868748869678,best,True
6584,N/A,N/A,13.072346636536867,80.26361565006792,244,13.070942773573897,80.26269701020269,0.23987576589728,0.23987576589728,best,True
10645,N/A,N/A,13.101276365062112,80.21303647805529,245,13.099619460105492,80.21577973298375,0.45424912194007094,0.45424912194007094,best,True
8470,N/A,N/A,13.1004657,80.21425479999999,245,13.099619460105492,80.21577973298375,0.24703613985198253,0.24703613985198253,best,True
8783,N/A,N/A,13.0948725,80.2149777,245,13.099619460105492,80.21577973298375,0.6920105617939072,0.6920105617939072,best,True
3498,N/A,N/A,13.097053295266948,80.21508426083496,245,13.099619460105492,80.21577973298375,0.38186848656893596,0.38186848656893596,best,True
3075,N/A,N/A,13.100458557027313,80.21444578140546,245,13.099619460105492,80.21577973298375,0.22344357331974726,0.22344357331974726,best,True
3260,N/A,N/A,13.09905107500346,80.21948933974156,245,13.099619460105492,80.21577973298375,0.5293080913094085,0.5293080913094085,best,True
611,N/A,N/A,13.1009015,80.2142874,245,13.099619460105492,80.21577973298375,0.27974423490648126,0.27974423490648126,best,True
5737,N/A,N/A,13.099090610393302,80.2196289994313,245,13.099619460105492,80.21577973298375,0.5479504773515617,0.5479504773515617,best,True
4860,N/A,N/A,13.100728330155306,80.21436421293816,245,13.099619460105492,80.21577973298375,0.2554483715783159,0.2554483715783159,best,True
4549,N/A,N/A,13.099095456534792,80.21965228065848,245,13.099619460105492,80.21577973298375,0.5511051903946976,0.5511051903946976,best,True
532,N/A,N/A,13.0999331,80.2139104,245,13.099619460105492,80.21577973298375,0.26735935364707303,0.26735935364707303,best,True
1110,N/A,N/A,13.0986177,80.2139972,245,13.099619460105492,80.21577973298375,0.28966248181191706,0.28966248181191706,best,True
3044,N/A,N/A,13.1006285,80.2147232,245,13.099619460105492,80.21577973298375,0.20795217629529436,0.20795217629529436,best,True
4194,N/A,N/A,13.0986274,80.2173956,245,13.099619460105492,80.21577973298375,0.2687897214075496,0.2687897214075496,best,True
6954,N/A,N/A,13.101491641854372,80.21667140593446,245,13.099619460105492,80.21577973298375,0.2971551266635794,0.2971551266635794,best,True
2737,N/A,N/A,13.100706721015849,80.2142432368001,245,13.099619460105492,80.21577973298375,0.267150818239474,0.267150818239474,best,True
3675,N/A,N/A,13.099247,80.219814,245,13.099619460105492,80.21577973298375,0.5712432079240655,0.5712432079240655,best,True
3557,N/A,N/A,13.100904829585412,80.2140588979077,245,13.099619460105492,80.21577973298375,0.3050001304050909,0.3050001304050909,best,True
8982,N/A,N/A,13.108053260111726,80.21418763684007,246,13.105587961415015,80.2137065474715,0.3609890736521524,0.3609890736521524,best,True
2906,N/A,N/A,13.1045808,80.2132127,246,13.105587961415015,80.2137065474715,0.16071218132389703,0.16071218132389703,best,True
4071,N/A,N/A,13.1070217,80.2145556,246,13.105587961415015,80.2137065474715,0.2384217678047571,0.2384217678047571,best,True
3151,N/A,N/A,13.1019667683148,80.21118193261711,246,13.105587961415015,80.2137065474715,0.630792548131704,0.630792548131704,best,True
5000,N/A,N/A,13.105578,80.214664,246,13.105587961415015,80.2137065474715,0.13497999882163608,0.13497999882163608,best,True
6838,N/A,N/A,13.103495062893588,80.21336871031478,246,13.105587961415015,80.2137065474715,0.304746713153711,0.304746713153711,best,True
3562,N/A,N/A,13.1074416,80.2148047,246,13.105587961415015,80.2137065474715,0.30827941109552237,0.30827941109552237,best,True
5344,N/A,N/A,13.1065665,80.21367710000001,246,13.105587961415015,80.2137065474715,0.1407954212564786,0.1407954212564786,best,True
2863,N/A,N/A,13.1380541,79.6614376,247,13.1380541,79.6614376,0.0,0.0,best,True
2916,N/A,N/A,13.1380541,79.6614376,247,13.1380541,79.6614376,0.0,0.0,best,True
3867,N/A,N/A,13.1380541,79.6614376,247,13.1380541,79.6614376,0.0,0.0,best,True
8938,N/A,N/A,13.124840682439496,79.99732775754131,248,13.122872920337592,79.99480917813143,0.45401590294687927,0.45401590294687927,best,True
9131,N/A,N/A,13.1248349,79.9968324,248,13.122872920337592,79.99480917813143,0.40119479311824213,0.40119479311824213,best,True
10148,N/A,N/A,13.1248349,79.9968324,248,13.122872920337592,79.99480917813143,0.40119479311824213,0.40119479311824213,best,True
11005,N/A,N/A,13.124902,79.997101,248,13.122872920337592,79.99480917813143,0.43534576330537816,0.43534576330537816,best,True
4341,N/A,N/A,13.1271687,79.9893446,248,13.122872920337592,79.99480917813143,0.987441875686795,0.987441875686795,best,True
200,N/A,N/A,13.124902,79.997101,248,13.122872920337592,79.99480917813143,0.43534576330537816,0.43534576330537816,best,True
1598,N/A,N/A,13.124902,79.997101,248,13.122872920337592,79.99480917813143,0.43534576330537816,0.43534576330537816,best,True
4185,N/A,N/A,13.124902,79.997101,248,13.122872920337592,79.99480917813143,0.43534576330537816,0.43534576330537816,best,True
5462,N/A,N/A,13.124858146098864,79.99712853380329,248,13.122872920337592,79.99480917813143,0.43405911576268014,0.43405911576268014,best,True
4844,N/A,N/A,13.124902,79.997101,248,13.122872920337592,79.99480917813143,0.43534576330537816,0.43534576330537816,best,True
10543,N/A,N/A,12.959411909283784,80.24462368465527,249,12.964170257856106,80.24449404011052,0.684586211589771,0.684586211589771,best,True
8336,N/A,N/A,12.961361410912456,80.2455253137829,249,12.964170257856106,80.24449404011052,0.42935762920400217,0.42935762920400217,best,True
9563,N/A,N/A,12.965202935955968,80.24713041654414,249,12.964170257856106,80.24449404011052,0.40042302880830105,0.40042302880830105,best,True
7183,N/A,N/A,12.966697743753858,80.24392237545852,249,12.964170257856106,80.24449404011052,0.37233690167073236,0.37233690167073236,best,True
3934,N/A,N/A,12.96741274745969,80.24579469370524,249,12.964170257856106,80.24449404011052,0.5011209742477124,0.5011209742477124,best,True
2534,N/A,N/A,12.967509928928544,80.24579635593108,249,12.964170257856106,80.24449404011052,0.5142364206623679,0.5142364206623679,best,True
6158,N/A,N/A,12.9675278458604,80.2457864539377,249,12.964170257856106,80.24449404011052,0.5161491002496684,0.5161491002496684,best,True
6862,N/A,N/A,12.959337484253172,80.24448034420756,249,12.964170257856106,80.24449404011052,0.6950483652499823,0.6950483652499823,best,True
8792,N/A,N/A,13.01047934074098,80.11441492081168,251,13.00998529909132,80.11834052525185,0.5581470665479056,0.5581470665479056,best,True
10625,N/A,N/A,13.008756837549088,80.11461759518477,251,13.00998529909132,80.11834052525185,0.5539556470941562,0.5539556470941562,best,True
11248,N/A,N/A,13.0098711,80.1200496,251,13.00998529909132,80.11834052525185,0.24158048953752392,0.24158048953752392,best,True
9995,N/A,N/A,13.0108473,80.1177335,251,13.00998529909132,80.11834052525185,0.15065693674641123,0.15065693674641123,best,True
8580,N/A,N/A,13.01011612716932,80.11890747116394,251,13.00998529909132,80.11834052525185,0.08213740899182528,0.08213740899182528,best,True
364,N/A,N/A,13.0101843,80.1189182,251,13.00998529909132,80.11834052525185,0.08634740742096285,0.08634740742096285,best,True
3270,N/A,N/A,13.009695629674454,80.12125703046625,251,13.00998529909132,80.11834052525185,0.4134035323568037,0.4134035323568037,best,True
8110,N/A,N/A,13.0107204,80.114367,251,13.00998529909132,80.11834052525185,0.5702496684905771,0.5702496684905771,best,True
4330,N/A,N/A,13.0101843,80.1189182,251,13.00998529909132,80.11834052525185,0.08634740742096285,0.08634740742096285,best,True
3408,N/A,N/A,13.0101843,80.1189182,251,13.00998529909132,80.11834052525185,0.08634740742096285,0.08634740742096285,best,True
5200,N/A,N/A,13.0101843,80.1189182,251,13.00998529909132,80.11834052525185,0.08634740742096285,0.08634740742096285,best,True
6744,N/A,N/A,13.0101843,80.1189182,251,13.00998529909132,80.11834052525185,0.08634740742096285,0.08634740742096285,best,True
2418,N/A,N/A,13.0101843,80.1189182,251,13.00998529909132,80.11834052525185,0.08634740742096285,0.08634740742096285,best,True
2131,N/A,N/A,13.00979435443481,80.12121561532166,251,13.00998529909132,80.11834052525185,0.40638733670797117,0.40638733670797117,best,True
313,N/A,N/A,13.0068145,80.1211443,251,13.00998529909132,80.11834052525185,0.603573828504438,0.603573828504438,best,True
1264,N/A,N/A,13.0101843,80.1189182,251,13.00998529909132,80.11834052525185,0.08634740742096285,0.08634740742096285,best,True
7149,N/A,N/A,13.0101843,80.1189182,251,13.00998529909132,80.11834052525185,0.08634740742096285,0.08634740742096285,best,True
3625,N/A,N/A,13.0101843,80.1189182,251,13.00998529909132,80.11834052525185,0.08634740742096285,0.08634740742096285,best,True
3486,N/A,N/A,13.010966393166424,80.11449914683692,251,13.00998529909132,80.11834052525185,0.5598018989745412,0.5598018989745412,best,True
9855,N/A,N/A,13.011640376542626,80.12480094736748,252,13.014415253064552,80.12255063242029,0.5098773123016964,0.5098773123016964,best,True
7538,N/A,N/A,13.014268070675016,80.12001969405372,252,13.014415253064552,80.12255063242029,0.35754533971848623,0.35754533971848623,best,True
8106,N/A,N/A,13.011685364137076,80.12488805619111,252,13.014415253064552,80.12255063242029,0.5126403965887129,0.5126403965887129,best,True
7604,N/A,N/A,13.012642553853032,80.12016661640365,252,13.014415253064552,80.12255063242029,0.4219354651607276,0.4219354651607276,best,True
5457,N/A,N/A,12.933942190488256,79.9087937731619,253,12.932703716619486,79.90932245444068,0.19309957864151506,0.19309957864151506,best,True
6031,N/A,N/A,12.928123018923404,79.91221426860491,253,12.932703716619486,79.90932245444068,0.7748712880448545,0.7748712880448545,best,True
1150,N/A,N/A,12.933743400743149,79.90841204853967,253,12.932703716619486,79.90932245444068,0.19710932683543836,0.19710932683543836,best,True
3095,N/A,N/A,12.933848586983068,79.90860376841474,253,12.932703716619486,79.90932245444068,0.19336374278719043,0.19336374278719043,best,True
841,N/A,N/A,12.933861385959558,79.9085884134822,253,12.932703716619486,79.90932245444068,0.1960688547888697,0.1960688547888697,best,True
8537,N/A,N/A,13.212515541523226,79.70641857474205,254,13.212013700836074,79.71282903658827,0.9061730348951073,0.9061730348951073,best,True
8497,N/A,N/A,13.211788141986846,79.71615209681211,254,13.212013700836074,79.71282903658827,0.46937337977286925,0.46937337977286925,best,True
8288,N/A,N/A,13.21173741899815,79.71591643821068,254,13.212013700836074,79.71282903658827,0.4368553637410186,0.4368553637410186,best,True
9134,N/A,N/A,13.1272076,80.0406965,255,13.12897598638596,80.04178021922813,0.2966807582748293,0.2966807582748293,best,True
9448,N/A,N/A,13.1241375,80.0446406,255,13.12897598638596,80.04178021922813,0.8042446797905378,0.8042446797905378,best,True
9966,N/A,N/A,13.1320523,80.0408051,255,13.12897598638596,80.04178021922813,0.4632971859778967,0.4632971859778967,best,True
9439,N/A,N/A,13.125007878269654,80.04585561024778,255,13.12897598638596,80.04178021922813,0.8097526123867129,0.8097526123867129,best,True
2912,N/A,N/A,13.12604694083581,80.04416441561304,255,13.12897598638596,80.04178021922813,0.5388900305735362,0.5388900305735362,best,True
2097,N/A,N/A,13.126675376831171,80.04324734837381,255,13.12897598638596,80.04178021922813,0.3901877749216943,0.3901877749216943,best,True
5714,N/A,N/A,13.1256677,80.0445816,255,13.12897598638596,80.04178021922813,0.6183158846260312,0.6183158846260312,best,True
3416,N/A,N/A,13.125455015952088,80.03932947378826,255,13.12897598638596,80.04178021922813,0.6129989277506441,0.6129989277506441,best,True
1488,N/A,N/A,13.12413551081866,80.04170606601056,255,13.12897598638596,80.04178021922813,0.6962406813612058,0.6962406813612058,best,True
4482,N/A,N/A,13.125430993376924,80.03955667183939,255,13.12897598638596,80.04178021922813,0.5984796424363414,0.5984796424363414,best,True
4095,N/A,N/A,13.125041312546475,80.0445177806077,255,13.12897598638596,80.04178021922813,0.6849341418062384,0.6849341418062384,best,True
3264,N/A,N/A,13.12503115880314,80.04429194082184,255,13.12897598638596,80.04178021922813,0.6687561659156384,0.6687561659156384,best,True
9213,N/A,N/A,12.93240014627891,80.15053678661714,256,12.936072351543121,80.14617281868469,0.8111122969849108,0.8111122969849108,best,True
10239,N/A,N/A,12.939526578334169,80.14386604671215,256,12.936072351543121,80.14617281868469,0.5938705355139393,0.5938705355139393,best,True
9192,N/A,N/A,12.9387231,80.14607749999999,256,12.936072351543121,80.14617281868469,0.38146489159426333,0.38146489159426333,best,True
8313,N/A,N/A,12.934633949314986,80.14704094028396,256,12.936072351543121,80.14617281868469,0.24039997350459708,0.24039997350459708,best,True
3503,N/A,N/A,12.9387231,80.14607749999999,256,12.936072351543121,80.14617281868469,0.38146489159426333,0.38146489159426333,best,True
4024,N/A,N/A,12.932742118446503,80.14442389080747,256,12.936072351543121,80.14617281868469,0.5387601236732414,0.5387601236732414,best,True
6666,N/A,N/A,12.9329142,80.1468034,256,12.936072351543121,80.14617281868469,0.46283067890951285,0.46283067890951285,best,True
2471,N/A,N/A,12.9387231,80.14607749999999,256,12.936072351543121,80.14617281868469,0.38146489159426333,0.38146489159426333,best,True
3441,N/A,N/A,12.93594562775709,80.14504956083766,256,12.936072351543121,80.14617281868469,0.15949843550699433,0.15949843550699433,best,True
4721,N/A,N/A,12.9387231,80.14607749999999,256,12.936072351543121,80.14617281868469,0.38146489159426333,0.38146489159426333,best,True
6431,N/A,N/A,12.933964726897017,80.1496672803948,256,12.936072351543121,80.14617281868469,0.5786895804666932,0.5786895804666932,best,True
5911,N/A,N/A,12.931909574574991,80.14353965593232,256,12.936072351543121,80.14617281868469,0.7045583888688856,0.7045583888688856,best,True
5048,N/A,N/A,12.9373605,80.1451044,256,12.936072351543121,80.14617281868469,0.23882429538370908,0.23882429538370908,best,True
3594,N/A,N/A,12.9387231,80.14607749999999,256,12.936072351543121,80.14617281868469,0.38146489159426333,0.38146489159426333,best,True
9054,N/A,N/A,12.9360621,80.1517272,257,12.939593234787726,80.15116273174792,0.5140486806035451,0.5140486806035451,best,True
10578,N/A,N/A,12.940336430748069,80.15016088187672,257,12.939593234787726,80.15116273174792,0.17719280730875275,0.17719280730875275,best,True
8811,N/A,N/A,12.940478,80.150728,257,12.939593234787726,80.15116273174792,0.14125262402626265,0.14125262402626265,best,True
10260,N/A,N/A,12.940236503227185,80.15073993041328,257,12.939593234787726,80.15116273174792,0.11007294586595834,0.11007294586595834,best,True
8926,N/A,N/A,12.940456038231048,80.15072396601511,257,12.939593234787726,80.15116273174792,0.13866715602265806,0.13866715602265806,best,True
10355,N/A,N/A,12.941465328353138,80.14903244467524,257,12.939593234787726,80.15116273174792,0.40347925953785607,0.40347925953785607,best,True
10329,N/A,N/A,12.940793962462116,80.14894172126934,257,12.939593234787726,80.15116273174792,0.3577437059600419,0.3577437059600419,best,True
2797,N/A,N/A,12.9360621,80.1517272,257,12.939593234787726,80.15116273174792,0.5140486806035451,0.5140486806035451,best,True
3083,N/A,N/A,12.940992,80.148146,257,12.939593234787726,80.15116273174792,0.47070501574604506,0.47070501574604506,best,True
7663,N/A,N/A,12.940478,80.150728,257,12.939593234787726,80.15116273174792,0.14125262402626265,0.14125262402626265,best,True
2246,N/A,N/A,12.9403644,80.1506036,257,12.939593234787726,80.15116273174792,0.1360942049529806,0.1360942049529806,best,True
4264,N/A,N/A,12.9355184,80.1514421,257,12.939593234787726,80.15116273174792,0.5873620083293735,0.5873620083293735,best,True
6685,N/A,N/A,12.939687215460768,80.14845820945234,257,12.939593234787726,80.15116273174792,0.38175059108657944,0.38175059108657944,best,True
3214,N/A,N/A,12.9355622,80.156197,257,12.939593234787726,80.15116273174792,0.9167474319249518,0.9167474319249518,best,True
2104,N/A,N/A,12.940234408899114,80.15036900782891,257,12.939593234787726,80.15116273174792,0.14505033450812568,0.14505033450812568,best,True
5832,N/A,N/A,12.94045535896351,80.15062787787562,257,12.939593234787726,80.15116273174792,0.14514119427379715,0.14514119427379715,best,True
4436,N/A,N/A,12.940478,80.150728,257,12.939593234787726,80.15116273174792,0.14125262402626265,0.14125262402626265,best,True
436,N/A,N/A,12.9438542,80.1539034,257,12.939593234787726,80.15116273174792,0.7245676000913593,0.7245676000913593,best,True
7386,N/A,N/A,12.9403937,80.15062400000001,257,12.939593234787726,80.15116273174792,0.13794358471944546,0.13794358471944546,best,True
7388,N/A,N/A,12.936985868627469,80.14993738409875,257,12.939593234787726,80.15116273174792,0.4129102415069612,0.4129102415069612,best,True
5158,N/A,N/A,12.940478,80.150728,257,12.939593234787726,80.15116273174792,0.14125262402626265,0.14125262402626265,best,True
2158,N/A,N/A,12.9403455,80.1506789,257,12.939593234787726,80.15116273174792,0.12791915395090483,0.12791915395090483,best,True
11378,N/A,N/A,13.061374357987498,80.15152594001,258,13.061515857999977,80.15268484331888,0.16466244296098173,0.16466244296098173,best,True
10369,N/A,N/A,13.061330033263456,80.1515697975144,258,13.061515857999977,80.15268484331888,0.1594717104287083,0.1594717104287083,best,True
10059,N/A,N/A,13.061374327339967,80.15141108779079,258,13.061515857999977,80.15268484331888,0.18074350558774901,0.18074350558774901,best,True
10397,N/A,N/A,13.05770081322042,80.15523811657323,258,13.061515857999977,80.15268484331888,0.6562411542914485,0.6562411542914485,best,True
9011,N/A,N/A,13.063192200391562,80.15512304687466,258,13.061515857999977,80.15268484331888,0.41988823968758754,0.41988823968758754,best,True
1181,N/A,N/A,13.061103,80.15136249999999,258,13.061515857999977,80.15268484331888,0.19567115078396957,0.19567115078396957,best,True
5803,N/A,N/A,13.0580334,80.1562697,258,13.061515857999977,80.15268484331888,0.7115688981016834,0.7115688981016834,best,True
1929,N/A,N/A,13.061413533306975,80.15128009430289,258,13.061515857999977,80.15268484331888,0.19860911418198074,0.19860911418198074,best,True
4261,N/A,N/A,13.061103,80.15136249999999,258,13.061515857999977,80.15268484331888,0.19567115078396957,0.19567115078396957,best,True
5488,N/A,N/A,13.06578327801622,80.15209330920807,258,13.061515857999977,80.15268484331888,0.619382769087567,0.619382769087567,best,True
2354,N/A,N/A,13.06691964864677,80.15355098443816,258,13.061515857999977,80.15268484331888,0.7867111617074186,0.7867111617074186,best,True
721,N/A,N/A,13.059840270243456,80.15342149594974,258,13.061515857999977,80.15268484331888,0.2624137883624518,0.2624137883624518,best,True
2167,N/A,N/A,13.061103,80.15136249999999,258,13.061515857999977,80.15268484331888,0.19567115078396957,0.19567115078396957,best,True
5984,N/A,N/A,13.0644673,80.15245329999999,258,13.061515857999977,80.15268484331888,0.4257309175904318,0.4257309175904318,best,True
215,N/A,N/A,13.061448802358594,80.15136716051737,258,13.061515857999977,80.15268484331888,0.1860373288963285,0.1860373288963285,best,True
6652,N/A,N/A,13.064519440393996,80.1525522103247,258,13.061515857999977,80.15268484331888,0.4323808005518268,0.4323808005518268,best,True
5086,N/A,N/A,13.06385110107298,80.15234684604715,258,13.061515857999977,80.15268484331888,0.33921960643414456,0.33921960643414456,best,True
9208,N/A,N/A,13.067496859055185,80.14924518612074,259,13.061499503939467,80.14720240333038,0.9093587701653203,0.9093587701653203,best,True
11049,N/A,N/A,13.061450345877864,80.14385298102714,259,13.061499503939467,80.14720240333038,0.4723060209400522,0.4723060209400522,best,True
8654,N/A,N/A,13.0554861,80.1484461,259,13.061499503939467,80.14720240333038,0.882448206440224,0.882448206440224,best,True
9198,N/A,N/A,13.0675782,80.1474057,259,13.061499503939467,80.14720240333038,0.8747099430406661,0.8747099430406661,best,True
7683,N/A,N/A,13.061589492391963,80.14500573138432,259,13.061499503939467,80.14720240333038,0.3099908172484462,0.3099908172484462,best,True
5508,N/A,N/A,13.06148318597076,80.1450454558561,259,13.061499503939467,80.14720240333038,0.30412868489678074,0.30412868489678074,best,True
5482,N/A,N/A,13.0612272,80.1489311,259,13.061499503939467,80.14720240333038,0.2468645801728808,0.2468645801728808,best,True
7323,N/A,N/A,13.0612147,80.1438277,259,13.061499503939467,80.14720240333038,0.4775776210605216,0.4775776210605216,best,True
1946,N/A,N/A,13.061121222813142,80.14389317634402,259,13.061499503939467,80.14720240333038,0.4697471660064944,0.4697471660064944,best,True
2451,N/A,N/A,13.061930595276555,80.14954984304482,259,13.061499503939467,80.14720240333038,0.33673476830356275,0.33673476830356275,best,True
7101,N/A,N/A,13.0610002,80.1489548,259,13.061499503939467,80.14720240333038,0.2573038020025915,0.2573038020025915,best,True
6545,N/A,N/A,13.0612272,80.1489311,259,13.061499503939467,80.14720240333038,0.2468645801728808,0.2468645801728808,best,True
8080,N/A,N/A,13.0612753,80.1489877,259,13.061499503939467,80.14720240333038,0.2537755767427135,0.2537755767427135,best,True
5783,N/A,N/A,13.057184757706557,80.14702837617867,259,13.061499503939467,80.14720240333038,0.6210329780716061,0.6210329780716061,best,True
2472,N/A,N/A,13.0612272,80.1489311,259,13.061499503939467,80.14720240333038,0.2468645801728808,0.2468645801728808,best,True
8739,N/A,N/A,13.01374052631685,79.67566311820556,261,13.00793316542941,79.67520917710598,0.8376629505596679,0.8376629505596679,best,True
6801,N/A,N/A,13.013741915348398,79.67568677643843,261,13.00793316542941,79.67520917710598,0.8381236537848191,0.8381236537848191,best,True
7609,N/A,N/A,13.003679265075188,79.67428754986574,261,13.00793316542941,79.67520917710598,0.625448641701203,0.625448641701203,best,True
7872,N/A,N/A,13.06814173690716,80.03681214591722,263,13.069350014775166,80.03428563681301,0.3963425080463782,0.3963425080463782,best,True
916,N/A,N/A,13.068283557516583,80.03452063886049,263,13.069350014775166,80.03428563681301,0.15691626650523835,0.15691626650523835,best,True
7330,N/A,N/A,13.0675051,80.03560279999999,263,13.069350014775166,80.03428563681301,0.3238689884880825,0.3238689884880825,best,True
5919,N/A,N/A,13.06777371611906,80.03558558925107,263,13.069350014775166,80.03428563681301,0.2915252511956887,0.2915252511956887,best,True
7414,N/A,N/A,13.0675051,80.03560279999999,263,13.069350014775166,80.03428563681301,0.3238689884880825,0.3238689884880825,best,True
9347,N/A,N/A,13.05509578337251,80.16647309421764,264,13.06073356130768,80.16386249899371,0.8904651597176367,0.8904651597176367,best,True
8974,N/A,N/A,13.061259161663871,80.1632830873222,264,13.06073356130768,80.16386249899371,0.11130205626014851,0.11130205626014851,best,True
8311,N/A,N/A,13.0615251,80.1647153,264,13.06073356130768,80.16386249899371,0.16558181045986875,0.16558181045986875,best,True
10909,N/A,N/A,13.0615449,80.1646353,264,13.06073356130768,80.16386249899371,0.15965107541999218,0.15965107541999218,best,True
10527,N/A,N/A,13.061181845960336,80.16393376431652,264,13.06073356130768,80.16386249899371,0.0652507427758517,0.0652507427758517,best,True
10797,N/A,N/A,13.061269588057074,80.16348728302508,264,13.06073356130768,80.16386249899371,0.09349822856184561,0.09349822856184561,best,True
9873,N/A,N/A,13.06121817714295,80.16467204536518,264,13.06073356130768,80.16386249899371,0.1337395738244003,0.1337395738244003,best,True
8348,N/A,N/A,13.0615449,80.1646353,264,13.06073356130768,80.16386249899371,0.15965107541999218,0.15965107541999218,best,True
3817,N/A,N/A,13.061286837217075,80.1634238716402,264,13.06073356130768,80.16386249899371,0.10077946800735788,0.10077946800735788,best,True
2680,N/A,N/A,13.0615449,80.1646353,264,13.06073356130768,80.16386249899371,0.15965107541999218,0.15965107541999218,best,True
198,N/A,N/A,13.061128438121594,80.1632611601853,264,13.06073356130768,80.16386249899371,0.10204876030971027,0.10204876030971027,best,True
4864,N/A,N/A,13.061216096339717,80.16332498639386,264,13.06073356130768,80.16386249899371,0.10276084405926743,0.10276084405926743,best,True
1492,N/A,N/A,13.0611433,80.1629186,264,13.06073356130768,80.16386249899371,0.14554861327834703,0.14554861327834703,best,True
7363,N/A,N/A,13.061211489505109,80.16361864686664,264,13.06073356130768,80.16386249899371,0.07685529231007454,0.07685529231007454,best,True
1188,N/A,N/A,13.061178406586262,80.16362541719465,264,13.06073356130768,80.16386249899371,0.0721841767881275,0.0721841767881275,best,True
4290,N/A,N/A,13.0615449,80.1646353,264,13.06073356130768,80.16386249899371,0.15965107541999218,0.15965107541999218,best,True
5093,N/A,N/A,13.061114,80.16303099999999,264,13.06073356130768,80.16386249899371,0.12937700157145987,0.12937700157145987,best,True
5564,N/A,N/A,13.061138218298716,80.16346390508005,264,13.06073356130768,80.16386249899371,0.08090387904245183,0.08090387904245183,best,True
4202,N/A,N/A,13.061114,80.16303099999999,264,13.06073356130768,80.16386249899371,0.12937700157145987,0.12937700157145987,best,True
5962,N/A,N/A,13.061114,80.16303099999999,264,13.06073356130768,80.16386249899371,0.12937700157145987,0.12937700157145987,best,True
5780,N/A,N/A,13.0562852,80.16546199999999,264,13.06073356130768,80.16386249899371,0.6783510966530255,0.6783510966530255,best,True
4213,N/A,N/A,13.06121004358303,80.16363516860898,264,13.06073356130768,80.16386249899371,0.07565336970838138,0.07565336970838138,best,True
5390,N/A,N/A,13.061180965843237,80.16331935496122,264,13.06073356130768,80.16386249899371,0.10002516416550646,0.10002516416550646,best,True
6267,N/A,N/A,13.061152525654512,80.1636831117258,264,13.06073356130768,80.16386249899371,0.06534877493267086,0.06534877493267086,best,True
6270,N/A,N/A,13.061128954626309,80.1637374830978,264,13.06073356130768,80.16386249899371,0.05953482866469967,0.05953482866469967,best,True
5775,N/A,N/A,13.0584052,80.163339,264,13.06073356130768,80.16386249899371,0.34290393828452387,0.34290393828452387,best,True
5195,N/A,N/A,13.06106922333512,80.16327599282933,264,13.06073356130768,80.16386249899371,0.09575445870833227,0.09575445870833227,best,True
838,N/A,N/A,13.062954580545645,80.16665980559044,265,13.063596214739224,80.16770147878674,0.1734543722705148,0.1734543722705148,best,True
2567,N/A,N/A,13.063659332674105,80.16784737222228,265,13.063596214739224,80.16770147878674,0.02248407396555911,0.02248407396555911,best,True
593,N/A,N/A,13.06350870841542,80.16764301264621,265,13.063596214739224,80.16770147878674,0.015044614140223041,0.015044614140223041,best,True
604,N/A,N/A,13.063438316036333,80.1675962166001,265,13.063596214739224,80.16770147878674,0.027128706157399554,0.027128706157399554,best,True
3548,N/A,N/A,13.064420136024612,80.16876098687464,265,13.063596214739224,80.16770147878674,0.19067538608283655,0.19067538608283655,best,True
10698,N/A,N/A,12.9517688,79.9410384,266,12.951858925610601,79.93996906942029,0.1513928233992874,0.1513928233992874,best,True
9021,N/A,N/A,12.952030180349684,79.9409844662048,266,12.951858925610601,79.93996906942029,0.14533133295045245,0.14533133295045245,best,True
8703,N/A,N/A,12.955052820905424,79.93788861784397,266,12.951858925610601,79.93996906942029,0.5450830819521025,0.5450830819521025,best,True
3058,N/A,N/A,12.95165240875377,79.93943941090082,266,12.951858925610601,79.93996906942029,0.08039945448804645,0.08039945448804645,best,True
6129,N/A,N/A,12.95164411133685,79.93939091818541,266,12.951858925610601,79.93996906942029,0.08720821842485306,0.08720821842485306,best,True
262,N/A,N/A,12.950515726813403,79.9418562850225,266,12.951858925610601,79.93996906942029,0.32891242314100394,0.32891242314100394,best,True
7061,N/A,N/A,12.951667069868718,79.93939779398902,266,12.951858925610601,79.93996906942029,0.08517572543531524,0.08517572543531524,best,True
4638,N/A,N/A,12.9525983,79.9423486,266,12.951858925610601,79.93996906942029,0.35209104283991954,0.35209104283991954,best,True
4632,N/A,N/A,12.951616340850949,79.93938063895563,266,12.951858925610601,79.93996906942029,0.0900366799739837,0.0900366799739837,best,True
4960,N/A,N/A,12.951629448448417,79.93940510194119,266,12.951858925610601,79.93996906942029,0.08612604783107691,0.08612604783107691,best,True
6122,N/A,N/A,12.9504537,79.940182,266,12.951858925610601,79.93996906942029,0.20431799513380075,0.20431799513380075,best,True
1327,N/A,N/A,12.9516782,79.9383166,266,12.951858925610601,79.93996906942029,0.23453765874772403,0.23453765874772403,best,True
7506,N/A,N/A,12.957399238209405,79.94718027456052,267,12.955832542763089,79.94324383753835,0.5992287002306113,0.5992287002306113,best,True
523,N/A,N/A,12.955812666324336,79.94265542097997,267,12.955832542763089,79.94324383753835,0.08304836106029603,0.08304836106029603,best,True
6938,N/A,N/A,12.95558563933526,79.9425789717408,267,12.955832542763089,79.94324383753835,0.10028022485783439,0.10028022485783439,best,True
2260,N/A,N/A,12.95580395432261,79.94271634137188,267,12.955832542763089,79.94324383753835,0.07451953129597479,0.07451953129597479,best,True
5870,N/A,N/A,12.955499465625644,79.94211057722839,267,12.955832542763089,79.94324383753835,0.16687546358731078,0.16687546358731078,best,True
7375,N/A,N/A,12.9557240979235,79.94265432198321,267,12.955832542763089,79.94324383753835,0.08460417869769313,0.08460417869769313,best,True
5317,N/A,N/A,12.955850738559592,79.94276685186186,267,12.955832542763089,79.94324383753835,0.06733212350822756,0.06733212350822756,best,True
3912,N/A,N/A,12.955678881150911,79.94515049830797,267,12.955832542763089,79.94324383753835,0.26985071387594894,0.26985071387594894,best,True
5900,N/A,N/A,12.955774368342787,79.94264347667664,267,12.955832542763089,79.94324383753835,0.0850962567106936,0.0850962567106936,best,True
5878,N/A,N/A,12.955663712468736,79.94253990631519,267,12.955832542763089,79.94324383753835,0.10221883279629611,0.10221883279629611,best,True
5920,N/A,N/A,12.955365208131177,79.94268557189523,267,12.955832542763089,79.94324383753835,0.10352963057237917,0.10352963057237917,best,True
8986,N/A,N/A,12.988317529891775,80.11786912596672,268,12.987826770160808,80.11592512527422,0.28311491350136403,0.28311491350136403,best,True
8386,N/A,N/A,12.98788815075146,80.11821287513013,268,12.987826770160808,80.11592512527422,0.32277819675339214,0.32277819675339214,best,True
4767,N/A,N/A,12.9870043,80.1149166,268,12.987826770160808,80.11592512527422,0.18499728181727892,0.18499728181727892,best,True
5027,N/A,N/A,12.9880971,80.11270189999999,268,12.987826770160808,80.11592512527422,0.4562534511574663,0.4562534511574663,best,True
9897,N/A,N/A,12.95636643662164,80.14314051549617,269,12.956730747784468,80.14253516998971,0.10018051766878565,0.10018051766878565,best,True
9929,N/A,N/A,12.9558248,80.14331399999999,269,12.956730747784468,80.14253516998971,0.17042562549878293,0.17042562549878293,best,True
9514,N/A,N/A,12.954965714935028,80.1469147113865,269,12.956730747784468,80.14253516998971,0.6678777356463421,0.6678777356463421,best,True
8750,N/A,N/A,12.9558248,80.14331399999999,269,12.956730747784468,80.14253516998971,0.17042562549878293,0.17042562549878293,best,True
6894,N/A,N/A,12.9610983,80.137236,269,12.956730747784468,80.14253516998971,0.9763513547472329,0.9763513547472329,best,True
7840,N/A,N/A,12.955728986301876,80.14307087552098,269,12.956730747784468,80.14253516998971,0.1626861352091952,0.1626861352091952,best,True
4037,N/A,N/A,12.9558248,80.14331399999999,269,12.956730747784468,80.14253516998971,0.17042562549878293,0.17042562549878293,best,True
6550,N/A,N/A,12.9558248,80.14331399999999,269,12.956730747784468,80.14253516998971,0.17042562549878293,0.17042562549878293,best,True
6786,N/A,N/A,12.954505650330022,80.14268039474499,269,12.956730747784468,80.14253516998971,0.32066657434166357,0.32066657434166357,best,True
1496,N/A,N/A,12.961017980308016,80.13721239602079,269,12.956730747784468,80.14253516998971,0.9715307721097152,0.9715307721097152,best,True
6289,N/A,N/A,12.9558248,80.14331399999999,269,12.956730747784468,80.14253516998971,0.17042562549878293,0.17042562549878293,best,True
3476,N/A,N/A,12.9558248,80.14331399999999,269,12.956730747784468,80.14253516998971,0.17042562549878293,0.17042562549878293,best,True
7796,N/A,N/A,12.953536,80.1443901,269,12.956730747784468,80.14253516998971,0.5287424485541597,0.5287424485541597,best,True
1969,N/A,N/A,12.9558248,80.14331399999999,269,12.956730747784468,80.14253516998971,0.17042562549878293,0.17042562549878293,best,True
6873,N/A,N/A,12.956813638021014,80.13861390769065,269,12.956730747784468,80.14253516998971,0.553240349003893,0.553240349003893,best,True
2690,N/A,N/A,12.9587561,80.14671799999999,269,12.956730747784468,80.14253516998971,0.6579912243825561,0.6579912243825561,best,True
5840,N/A,N/A,12.9560044028861,80.14322998107392,269,12.956730747784468,80.14253516998971,0.1432397730605899,0.1432397730605899,best,True
1330,N/A,N/A,12.9558248,80.14331399999999,269,12.956730747784468,80.14253516998971,0.17042562549878293,0.17042562549878293,best,True
6943,N/A,N/A,12.958104135300712,80.14400600992586,269,12.956730747784468,80.14253516998971,0.2864558539235956,0.2864558539235956,best,True
11391,N/A,N/A,12.9515582,80.14002169999999,270,12.951623036852492,80.14031278702751,0.042105522007006055,0.042105522007006055,best,True
8573,N/A,N/A,12.9514922,80.1408089,270,12.951623036852492,80.14031278702751,0.07246610640034597,0.07246610640034597,best,True
9717,N/A,N/A,12.9511449,80.1441013,270,12.951623036852492,80.14031278702751,0.5388045979755329,0.5388045979755329,best,True
6538,N/A,N/A,12.950939172348694,80.1404195385016,270,12.951623036852492,80.14031278702751,0.09949881802270992,0.09949881802270992,best,True
1994,N/A,N/A,12.9501382466114,80.1391545678684,270,12.951623036852492,80.14031278702751,0.2688708398803367,0.2688708398803367,best,True
5076,N/A,N/A,12.9529389,80.1368968,270,12.951623036852492,80.14031278702751,0.517680163785247,0.517680163785247,best,True
6951,N/A,N/A,12.9514922,80.1408089,270,12.951623036852492,80.14031278702751,0.07246610640034597,0.07246610640034597,best,True
5119,N/A,N/A,12.95187510420218,80.14076197510803,270,12.951623036852492,80.14031278702751,0.07299909684285277,0.07299909684285277,best,True
7429,N/A,N/A,12.95163829669266,80.14062493079695,270,12.951623036852492,80.14031278702751,0.044084864173395924,0.044084864173395924,best,True
3379,N/A,N/A,12.953517472313704,80.14178416021396,270,12.951623036852492,80.14031278702751,0.342502833248879,0.342502833248879,best,True
3229,N/A,N/A,12.952289583623184,80.14127436732853,270,12.951623036852492,80.14031278702751,0.1660939158553484,0.1660939158553484,best,True
5519,N/A,N/A,12.951418573079776,80.14043651997495,270,12.951623036852492,80.14031278702751,0.03419538114293255,0.03419538114293255,best,True
1630,N/A,N/A,12.9503844,80.13645500000001,270,12.951623036852492,80.14031278702751,0.5725868838879515,0.5725868838879515,best,True
2128,N/A,N/A,12.951895267063286,80.14083035859271,270,12.951623036852492,80.14031278702751,0.08284283457061044,0.08284283457061044,best,True
11415,N/A,N/A,13.033630115567496,80.25869519694281,272,13.034455279911542,80.25792007936204,0.16133905808211904,0.16133905808211904,best,True
10969,N/A,N/A,13.038238,80.25713610000001,272,13.034455279911542,80.25792007936204,0.555149220876434,0.555149220876434,best,True
8887,N/A,N/A,13.031501770957204,80.25908148553073,272,13.034455279911542,80.25792007936204,0.45525137279456385,0.45525137279456385,best,True
10068,N/A,N/A,13.0365612,80.26350889999999,272,13.034455279911542,80.25792007936204,0.8442764534450741,0.8442764534450741,best,True
6016,N/A,N/A,13.033036686139493,80.25253130786317,272,13.034455279911542,80.25792007936204,0.7867893709800843,0.7867893709800843,best,True
7566,N/A,N/A,13.033366,80.2570913,272,13.034455279911542,80.25792007936204,0.19544905092552328,0.19544905092552328,best,True
1770,N/A,N/A,13.029938623829784,80.2598339266503,272,13.034455279911542,80.25792007936204,0.7034159175865384,0.7034159175865384,best,True
2290,N/A,N/A,13.038288731564958,80.25747046835131,272,13.034455279911542,80.25792007936204,0.5549604659607006,0.5549604659607006,best,True
371,N/A,N/A,13.032828,80.2561772,272,13.034455279911542,80.25792007936204,0.3393718081927046,0.3393718081927046,best,True
2179,N/A,N/A,13.034931061410084,80.25618920213594,272,13.034455279911542,80.25792007936204,0.2534824889737671,0.2534824889737671,best,True
3580,N/A,N/A,13.0380715,80.254239,272,13.034455279911542,80.25792007936204,0.7347922798092548,0.7347922798092548,best,True
4552,N/A,N/A,13.03307166946952,80.26308686487013,272,13.034455279911542,80.25792007936204,0.7552599192156716,0.7552599192156716,best,True
9306,N/A,N/A,13.1198567,80.2325773,273,13.119730230506079,80.23491540046227,0.33008538637225127,0.33008538637225127,best,True
9732,N/A,N/A,13.1176241,80.2333515,273,13.119730230506079,80.23491540046227,0.37463434896567804,0.37463434896567804,best,True
9550,N/A,N/A,13.1198567,80.2325773,273,13.119730230506079,80.23491540046227,0.33008538637225127,0.33008538637225127,best,True
324,N/A,N/A,13.119837264358814,80.23247004930676,273,13.119730230506079,80.23491540046227,0.34504573060043014,0.34504573060043014,best,True
3595,N/A,N/A,13.1175047,80.2332976,273,13.119730230506079,80.23491540046227,0.39300967196733044,0.39300967196733044,best,True
7730,N/A,N/A,13.122129477933296,80.2384732896043,273,13.119730230506079,80.23491540046227,0.6087658670038415,0.6087658670038415,best,True
949,N/A,N/A,13.118550248803066,80.23897847494415,273,13.119730230506079,80.23491540046227,0.5973550559185344,0.5973550559185344,best,True
5809,N/A,N/A,13.119938,80.2342226,273,13.119730230506079,80.23491540046227,0.10212800431005933,0.10212800431005933,best,True
2762,N/A,N/A,13.117236992170424,80.23237943901948,273,13.119730230506079,80.23491540046227,0.5063290656884994,0.5063290656884994,best,True
4262,N/A,N/A,13.12173672376713,80.23651680360788,273,13.119730230506079,80.23491540046227,0.3663781785654763,0.3663781785654763,best,True
7694,N/A,N/A,13.122178379987393,80.23870357340397,273,13.119730230506079,80.23491540046227,0.6396194025389097,0.6396194025389097,best,True
7050,N/A,N/A,13.1197169,80.2386166,273,13.119730230506079,80.23491540046227,0.5217330256691722,0.5217330256691722,best,True
6073,N/A,N/A,13.118579101476335,80.23542475649263,273,13.119730230506079,80.23491540046227,0.18045555731416407,0.18045555731416407,best,True
5073,N/A,N/A,13.1210051,80.23853609999999,273,13.119730230506079,80.23491540046227,0.5423161256257998,0.5423161256257998,best,True
5520,N/A,N/A,13.119880954274194,80.23245575288402,273,13.119730230506079,80.23491540046227,0.3473943847947,0.3473943847947,best,True
3611,N/A,N/A,13.119925875832696,80.2324033685956,273,13.119730230506079,80.23491540046227,0.35521777329361925,0.35521777329361925,best,True
1983,N/A,N/A,13.1198567,80.2325773,273,13.119730230506079,80.23491540046227,0.33008538637225127,0.33008538637225127,best,True
9221,N/A,N/A,13.122215411782436,80.23048463427453,274,13.124198710446365,80.23145015303918,0.31604590227800006,0.31604590227800006,best,True
10396,N/A,N/A,13.1288146,80.23196109999999,274,13.124198710446365,80.23145015303918,0.6677574330225021,0.6677574330225021,best,True
8346,N/A,N/A,13.120320504934917,80.22878316894067,274,13.124198710446365,80.23145015303918,0.6726332736939014,0.6726332736939014,best,True
8308,N/A,N/A,13.1223382,80.23178279999999,274,13.124198710446365,80.23145015303918,0.27165783999966725,0.27165783999966725,best,True
7515,N/A,N/A,13.124545143714371,80.2318989933089,274,13.124198710446365,80.23145015303918,0.08053169605355702,0.08053169605355702,best,True
5896,N/A,N/A,13.1228364,80.231862,274,13.124198710446365,80.23145015303918,0.20434867859953562,0.20434867859953562,best,True
7581,N/A,N/A,13.121638330423185,80.23227759110941,274,13.124198710446365,80.23145015303918,0.3862667707102275,0.3862667707102275,best,True
1313,N/A,N/A,13.1288146,80.23196109999999,274,13.124198710446365,80.23145015303918,0.6677574330225021,0.6677574330225021,best,True
7250,N/A,N/A,13.126265203162358,80.23203998971915,274,13.124198710446365,80.23145015303918,0.3086156267158165,0.3086156267158165,best,True
8188,N/A,N/A,13.1847336,80.3113632,275,13.182798492486551,80.31174871210193,0.28356352925571626,0.28356352925571626,best,True
6774,N/A,N/A,13.176918401388326,80.3134267075527,275,13.182798492486551,80.31174871210193,0.8781247302780839,0.8781247302780839,best,True
7708,N/A,N/A,13.183757930376698,80.30843475935353,275,13.182798492486551,80.31174871210193,0.4869807490652589,0.4869807490652589,best,True
5454,N/A,N/A,13.184643252609394,80.31217297783877,275,13.182798492486551,80.31174871210193,0.2719699984627855,0.2719699984627855,best,True
219,N/A,N/A,13.184718083995827,80.31293752802937,275,13.182798492486551,80.31174871210193,0.322935633933633,0.322935633933633,best,True
4847,N/A,N/A,13.179768788963791,80.30755097263877,275,13.182798492486551,80.31174871210193,0.7347299223105273,0.7347299223105273,best,True
6437,N/A,N/A,13.1768451,80.3129655,275,13.182798492486551,80.31174871210193,0.8732291959413492,0.8732291959413492,best,True
3325,N/A,N/A,13.18472425296409,80.31206206288422,275,13.182798492486551,80.31174871210193,0.28046435376335777,0.28046435376335777,best,True
1906,N/A,N/A,13.17927000000001,80.3074823518814,275,13.182798492486551,80.31174871210193,0.7867825339752378,0.7867825339752378,best,True
2177,N/A,N/A,13.1851165,80.31286,275,13.182798492486551,80.31174871210193,0.36833190593283427,0.36833190593283427,best,True
4218,N/A,N/A,13.184710777118148,80.31291515308763,275,13.182798492486551,80.31174871210193,0.3204086039274706,0.3204086039274706,best,True
3115,N/A,N/A,13.18479354435032,80.31192613548201,275,13.182798492486551,80.31174871210193,0.28801905930755467,0.28801905930755467,best,True
8078,N/A,N/A,13.18425646045764,80.31612998758828,275,13.182798492486551,80.31174871210193,0.6520695194203088,0.6520695194203088,best,True
7555,N/A,N/A,13.18492220258747,80.3122546330904,275,13.182798492486551,80.31174871210193,0.31364657068989504,0.31364657068989504,best,True
11353,N/A,N/A,13.185017297002522,80.30270350710131,276,13.188190476150737,80.30694747100901,0.7523105432947296,0.7523105432947296,best,True
8690,N/A,N/A,13.1897004,80.30847419999999,276,13.188190476150737,80.30694747100901,0.3056931185431296,0.3056931185431296,best,True
9527,N/A,N/A,13.1866086,80.30782789999999,276,13.188190476150737,80.30694747100901,0.25914112754634816,0.25914112754634816,best,True
4568,N/A,N/A,13.186339015508596,80.30771390850596,276,13.188190476150737,80.30694747100901,0.2873519746971289,0.2873519746971289,best,True
2009,N/A,N/A,13.185545693419048,80.30302887501196,276,13.188190476150737,80.30694747100901,0.6705505545690049,0.6705505545690049,best,True
6725,N/A,N/A,13.1899947,80.3096124,276,13.188190476150737,80.30694747100901,0.4564758868447409,0.4564758868447409,best,True
2287,N/A,N/A,13.190923903275737,80.30847507745287,276,13.188190476150737,80.30694747100901,0.4482087856083981,0.4482087856083981,best,True
1658,N/A,N/A,13.1913942,80.3077439,276,13.188190476150737,80.30694747100901,0.4742374105483136,0.4742374105483136,best,True
8260,N/A,N/A,12.9715336,80.1454751,277,12.970780880141684,80.14387586377731,0.2501990700934744,0.2501990700934744,best,True
8461,N/A,N/A,12.971689237388134,80.14177853633036,277,12.970780880141684,80.14387586377731,0.3233827453219279,0.3233827453219279,best,True
6612,N/A,N/A,12.970708997628222,80.14512218966837,277,12.970780880141684,80.14387586377731,0.17609385901701083,0.17609385901701083,best,True
1641,N/A,N/A,12.970666244770788,80.1450159958222,277,12.970780880141684,80.14387586377731,0.1616547783744348,0.1616547783744348,best,True
3804,N/A,N/A,12.970760968705264,80.14536998710003,277,12.970780880141684,80.14387586377731,0.21076057284931407,0.21076057284931407,best,True
7206,N/A,N/A,12.973415603112286,80.14349765164152,277,12.970780880141684,80.14387586377731,0.38266065156477996,0.38266065156477996,best,True
7285,N/A,N/A,12.97138477547901,80.14303926132297,277,12.970780880141684,80.14387586377731,0.14651689349717487,0.14651689349717487,best,True
421,N/A,N/A,12.9717888,80.1458109,277,12.970780880141684,80.14387586377731,0.30903660941036776,0.30903660941036776,best,True
10163,N/A,N/A,12.9692343,80.1502144,278,12.966734551506098,80.14889706166086,0.40468951376392376,0.40468951376392376,best,True
8751,N/A,N/A,12.963690910476275,80.14700734188298,278,12.966734551506098,80.14889706166086,0.5125009461710589,0.5125009461710589,best,True
8441,N/A,N/A,12.9664642,80.1502256,278,12.966734551506098,80.14889706166086,0.1913803517436086,0.1913803517436086,best,True
8473,N/A,N/A,12.9692343,80.1502144,278,12.966734551506098,80.14889706166086,0.40468951376392376,0.40468951376392376,best,True
9372,N/A,N/A,12.96647216628324,80.14880791615694,278,12.966734551506098,80.14889706166086,0.03977577186262743,0.03977577186262743,best,True
5917,N/A,N/A,12.9664071,80.14876629999999,278,12.966734551506098,80.14889706166086,0.05057670614552162,0.05057670614552162,best,True
8010,N/A,N/A,12.96666530595566,80.14884367962593,278,12.966734551506098,80.14889706166086,0.01248485701284116,0.01248485701284116,best,True
3227,N/A,N/A,12.961712649986945,80.1472758158225,278,12.966734551506098,80.14889706166086,0.7575834332746983,0.7575834332746983,best,True
1414,N/A,N/A,12.9664071,80.14876629999999,278,12.966734551506098,80.14889706166086,0.05057670614552162,0.05057670614552162,best,True
6547,N/A,N/A,12.96687350169264,80.14907636914677,278,12.966734551506098,80.14889706166086,0.03223336442766255,0.03223336442766255,best,True
879,N/A,N/A,12.964270417682066,80.14379024744417,278,12.966734551506098,80.14889706166086,0.8027732322802653,0.8027732322802653,best,True
400,N/A,N/A,12.96690687120432,80.14919057819468,278,12.966734551506098,80.14889706166086,0.04825108151521509,0.04825108151521509,best,True
7945,N/A,N/A,12.966617839136507,80.14885282448986,278,12.966734551506098,80.14889706166086,0.017907687754579488,0.017907687754579488,best,True
2218,N/A,N/A,12.966701845830176,80.14891598406956,278,12.966734551506098,80.14889706166086,0.005408173290877349,0.005408173290877349,best,True
3909,N/A,N/A,12.967002617969875,80.14912384907673,278,12.966734551506098,80.14889706166086,0.050095731175913864,0.050095731175913864,best,True
4539,N/A,N/A,12.966600072177116,80.14880540642427,278,12.966734551506098,80.14889706166086,0.023263563744511738,0.023263563744511738,best,True
10080,N/A,N/A,13.09752313870305,80.14678497153676,279,13.097267038178346,80.14684396227851,0.0377597267409941,0.0377597267409941,best,True
9282,N/A,N/A,13.0959624627668,80.1451913035603,279,13.097267038178346,80.14684396227851,0.2991400913476835,0.2991400913476835,best,True
7027,N/A,N/A,13.09744804989135,80.14660940369725,279,13.097267038178346,80.14684396227851,0.042085020573410646,0.042085020573410646,best,True
7678,N/A,N/A,13.100637274560912,80.14926243483359,279,13.097267038178346,80.14684396227851,0.5926087115016463,0.5926087115016463,best,True
7528,N/A,N/A,13.097503907341109,80.14655909797207,279,13.097267038178346,80.14684396227851,0.052661789939812714,0.052661789939812714,best,True
1931,N/A,N/A,13.097488,80.146684,279,13.097267038178346,80.14684396227851,0.038967048428570766,0.038967048428570766,best,True
2908,N/A,N/A,13.095519551425928,80.14719913247166,279,13.097267038178346,80.14684396227851,0.2562638803784268,0.2562638803784268,best,True
7094,N/A,N/A,13.095515945454318,80.14725732417021,279,13.097267038178346,80.14684396227851,0.25849746554313996,0.25849746554313996,best,True
4479,N/A,N/A,13.09742999657466,80.14663930557299,279,13.097267038178346,80.14684396227851,0.037171107441692275,0.037171107441692275,best,True
5167,N/A,N/A,13.096938252744028,80.14801544124033,279,13.097267038178346,80.14684396227851,0.1717856593521639,0.1717856593521639,best,True
3754,N/A,N/A,13.09743699180799,80.14637033846992,279,13.097267038178346,80.14684396227851,0.07110252136583131,0.07110252136583131,best,True
6202,N/A,N/A,13.09740101293018,80.14618680692313,279,13.097267038178346,80.14684396227851,0.09462504919883975,0.09462504919883975,best,True
7408,N/A,N/A,13.097533556494517,80.14671436559135,279,13.097267038178346,80.14684396227851,0.04246225711385579,0.04246225711385579,best,True
6288,N/A,N/A,13.097400393802005,80.1463415458599,279,13.097267038178346,80.14684396227851,0.07337897862911609,0.07337897862911609,best,True
9166,N/A,N/A,13.091690390493952,80.14530199947505,280,13.092535570050876,80.14631527897645,0.18756757460427456,0.18756757460427456,best,True
8701,N/A,N/A,13.093243566485144,80.14650827000867,280,13.092535570050876,80.14631527897645,0.10539674943100123,0.10539674943100123,best,True
9398,N/A,N/A,13.0939405,80.1415575,280,13.092535570050876,80.14631527897645,0.7005128976145805,0.7005128976145805,best,True
8915,N/A,N/A,13.0918432,80.1526393,280,13.092535570050876,80.14631527897645,0.8970911520005728,0.8970911520005728,best,True
2016,N/A,N/A,13.0910324,80.144042,280,13.092535570050876,80.14631527897645,0.3865823969218044,0.3865823969218044,best,True
2816,N/A,N/A,13.094658878926564,80.14433640032941,280,13.092535570050876,80.14631527897645,0.41362096115385055,0.41362096115385055,best,True
2281,N/A,N/A,13.094816803289383,80.14550635089955,280,13.092535570050876,80.14631527897645,0.3473431419765657,0.3473431419765657,best,True
3092,N/A,N/A,13.090847377383325,80.1465796863083,280,13.092535570050876,80.14631527897645,0.24564169467497193,0.24564169467497193,best,True
3559,N/A,N/A,13.0898426,80.14293719999999,280,13.092535570050876,80.14631527897645,0.6138454010622709,0.6138454010622709,best,True
5171,N/A,N/A,13.09361640759812,80.14645060593223,280,13.092535570050876,80.14631527897645,0.15661312660312787,0.15661312660312787,best,True
9989,N/A,N/A,13.11863214894513,80.19855178791408,281,13.119014429141226,80.19845095161837,0.056787604651050025,0.056787604651050025,best,True
10051,N/A,N/A,13.1201316,80.1960924,281,13.119014429141226,80.19845095161837,0.3692559905855949,0.3692559905855949,best,True
8667,N/A,N/A,13.119195887754053,80.20061383760377,281,13.119014429141226,80.19845095161837,0.3060009956104319,0.3060009956104319,best,True
10637,N/A,N/A,13.118721112379854,80.19833275844357,281,13.119014429141226,80.19845095161837,0.045355989284616,0.045355989284616,best,True
6761,N/A,N/A,13.121839,80.1927187,281,13.119014429141226,80.19845095161837,0.9043979232379529,0.9043979232379529,best,True
7415,N/A,N/A,13.11871755592932,80.19869898919501,281,13.119014429141226,80.19845095161837,0.055185906170554515,0.055185906170554515,best,True
2076,N/A,N/A,13.119266968874047,80.19896187701909,281,13.119014429141226,80.19845095161837,0.08066137681087385,0.08066137681087385,best,True
2710,N/A,N/A,13.118676,80.1985605,281,13.119014429141226,80.19845095161837,0.05106411056276486,0.05106411056276486,best,True
225,N/A,N/A,13.11888614225832,80.1987624246228,281,13.119014429141226,80.19845095161837,0.04762519276676922,0.04762519276676922,best,True
5892,N/A,N/A,13.118767237715527,80.19869533210407,281,13.119014429141226,80.19845095161837,0.049503511095556126,0.049503511095556126,best,True
5174,N/A,N/A,13.118156023855516,80.19453288047876,281,13.119014429141226,80.19845095161837,0.5659327560029768,0.5659327560029768,best,True
7202,N/A,N/A,13.118291952935335,80.19830889293875,281,13.119014429141226,80.19845095161837,0.10581923123882771,0.10581923123882771,best,True
3967,N/A,N/A,13.11873293794687,80.20078362837862,281,13.119014429141226,80.19845095161837,0.3313033884311013,0.3313033884311013,best,True
3949,N/A,N/A,13.1189741,80.2009921,281,13.119014429141226,80.19845095161837,0.35825406600079246,0.35825406600079246,best,True
3866,N/A,N/A,13.1189732,80.2009828,281,13.119014429141226,80.19845095161837,0.3569454128843652,0.3569454128843652,best,True
2301,N/A,N/A,13.1181863,80.1962376,281,13.119014429141226,80.19845095161837,0.3339605818571351,0.3339605818571351,best,True
2342,N/A,N/A,13.118793807996058,80.19872345891622,281,13.119014429141226,80.19845095161837,0.04982345544743788,0.04982345544743788,best,True
5804,N/A,N/A,13.11939147989585,80.19900936730414,281,13.119014429141226,80.19845095161837,0.09558670062100988,0.09558670062100988,best,True
3830,N/A,N/A,13.118940697197424,80.2010087458301,281,13.119014429141226,80.19845095161837,0.3607094811815326,0.3607094811815326,best,True
11135,N/A,N/A,13.1124555,80.2017349,282,13.114683183556052,80.19853100069547,0.5537390601550898,0.5537390601550898,best,True
6119,N/A,N/A,13.115671793927367,80.19864865914064,282,13.114683183556052,80.19853100069547,0.1431469407618687,0.1431469407618687,best,True
2333,N/A,N/A,13.1157602,80.19936229999999,282,13.114683183556052,80.19853100069547,0.19423005553377576,0.19423005553377576,best,True
3565,N/A,N/A,13.115983024719313,80.19850478350249,282,13.114683183556052,80.19853100069547,0.18698086810773007,0.18698086810773007,best,True
4122,N/A,N/A,13.116517695460091,80.1987265641184,282,13.114683183556052,80.19853100069547,0.26527747161641796,0.26527747161641796,best,True
1956,N/A,N/A,13.1144641,80.1936046,282,13.114683183556052,80.19853100069547,0.6951655415504381,0.6951655415504381,best,True
431,N/A,N/A,13.1157602,80.19936229999999,282,13.114683183556052,80.19853100069547,0.19423005553377576,0.19423005553377576,best,True
7597,N/A,N/A,13.110191,80.1989867,282,13.114683183556052,80.19853100069547,0.6492555229551958,0.6492555229551958,best,True
2542,N/A,N/A,13.115345137897696,80.19784819949768,282,13.114683183556052,80.19853100069547,0.13538039117087403,0.13538039117087403,best,True
8323,N/A,N/A,13.102702297936355,80.29061759573138,283,13.099344573495335,80.28903295361125,0.5320773707151115,0.5320773707151115,best,True
8528,N/A,N/A,13.0998285,80.28688609999999,283,13.099344573495335,80.28903295361125,0.31054948852689257,0.31054948852689257,best,True
8517,N/A,N/A,13.0986765,80.284052,283,13.099344573495335,80.28903295361125,0.7087284971979732,0.7087284971979732,best,True
8514,N/A,N/A,13.1004882,80.2915871,283,13.099344573495335,80.28903295361125,0.39585484649070496,0.39585484649070496,best,True
10135,N/A,N/A,13.100489966080088,80.29434336948657,283,13.099344573495335,80.28903295361125,0.7665380125991006,0.7665380125991006,best,True
7237,N/A,N/A,13.098634,80.2888311,283,13.099344573495335,80.28903295361125,0.10608303261762361,0.10608303261762361,best,True
1273,N/A,N/A,13.0984303,80.2883617,283,13.099344573495335,80.28903295361125,0.1620022605702677,0.1620022605702677,best,True
1732,N/A,N/A,13.101504644432252,80.29418632450586,283,13.099344573495335,80.28903295361125,0.7901237895108194,0.7901237895108194,best,True
6015,N/A,N/A,13.0963045,80.2865916,283,13.099344573495335,80.28903295361125,0.5564338370020762,0.5564338370020762,best,True
1357,N/A,N/A,13.0963045,80.2865916,283,13.099344573495335,80.28903295361125,0.5564338370020762,0.5564338370020762,best,True
7442,N/A,N/A,13.0994269,80.287314,283,13.099344573495335,80.28903295361125,0.2426166020746763,0.2426166020746763,best,True
9593,N/A,N/A,13.0929471,80.2920097,284,13.09312590124254,80.29146246780964,0.08132035216657764,0.08132035216657764,best,True
3585,N/A,N/A,13.0929471,80.2920097,284,13.09312590124254,80.29146246780964,0.08132035216657764,0.08132035216657764,best,True
4822,N/A,N/A,13.0943129,80.2923716,284,13.09312590124254,80.29146246780964,0.21347207073622881,0.21347207073622881,best,True
5693,N/A,N/A,13.095090772369256,80.2926519023758,284,13.09312590124254,80.29146246780964,0.32859412365850726,0.32859412365850726,best,True
1755,N/A,N/A,13.095204334862222,80.29271133962602,284,13.09312590124254,80.29146246780964,0.34691788771048215,0.34691788771048215,best,True
6572,N/A,N/A,13.0950257,80.2927862,284,13.09312590124254,80.29146246780964,0.3308779387338997,0.3308779387338997,best,True
5402,N/A,N/A,13.0929471,80.2920097,284,13.09312590124254,80.29146246780964,0.08132035216657764,0.08132035216657764,best,True
3862,N/A,N/A,13.0929471,80.2920097,284,13.09312590124254,80.29146246780964,0.08132035216657764,0.08132035216657764,best,True
1257,N/A,N/A,13.09526264489492,80.29272440620764,284,13.09312590124254,80.29146246780964,0.3550887288796068,0.3550887288796068,best,True
10081,N/A,N/A,13.12753818785279,80.12562103421627,285,13.12815398311525,80.1251788365743,0.10829963032239831,0.10829963032239831,best,True
10538,N/A,N/A,13.129519047244091,80.12503193087464,285,13.12815398311525,80.1251788365743,0.19741401053114974,0.19741401053114974,best,True
10427,N/A,N/A,13.123305,80.1245254,285,13.12815398311525,80.1251788365743,0.7034420283593047,0.7034420283593047,best,True
9742,N/A,N/A,13.1286067,80.122771,285,13.12815398311525,80.1251788365743,0.3455911174002088,0.3455911174002088,best,True
9497,N/A,N/A,13.129595091286436,80.12504566223528,285,13.12815398311525,80.1251788365743,0.20811006433360626,0.20811006433360626,best,True
10884,N/A,N/A,13.128362649335845,80.12297565709895,285,13.12815398311525,80.1251788365743,0.31200114693941156,0.31200114693941156,best,True
3364,N/A,N/A,13.129392139679505,80.12485785754508,285,13.12815398311525,80.1251788365743,0.1837308768932329,0.1837308768932329,best,True
1220,N/A,N/A,13.12933477436864,80.12470107341865,285,13.12815398311525,80.1251788365743,0.1826881606763564,0.1826881606763564,best,True
1415,N/A,N/A,13.129356991505489,80.12483463706131,285,13.12815398311525,80.1251788365743,0.17969180417906416,0.17969180417906416,best,True
4235,N/A,N/A,13.129286133503973,80.12474997098947,285,13.12815398311525,80.1251788365743,0.17368666942725347,0.17368666942725347,best,True
76,N/A,N/A,13.1290704,80.1258003,285,13.12815398311525,80.1251788365743,0.15825602252291587,0.15825602252291587,best,True
6473,N/A,N/A,13.1294145634792,80.1248978204239,285,13.12815398311525,80.1251788365743,0.18557482669700326,0.18557482669700326,best,True
7837,N/A,N/A,13.12945278287793,80.12491907697101,285,13.12815398311525,80.1251788365743,0.19034951588245722,0.19034951588245722,best,True
628,N/A,N/A,13.12934188666702,80.12482451766499,285,13.12815398311525,80.1251788365743,0.17799601886951208,0.17799601886951208,best,True
146,N/A,N/A,13.1275387,80.1257603,285,13.12815398311525,80.1251788365743,0.12061641851039273,0.12061641851039273,best,True
1573,N/A,N/A,13.1275387,80.1257603,285,13.12815398311525,80.1251788365743,0.12061641851039273,0.12061641851039273,best,True
5859,N/A,N/A,13.127878592409749,80.12593082221987,285,13.12815398311525,80.1251788365743,0.11315608722963617,0.11315608722963617,best,True
3545,N/A,N/A,13.126810217145874,80.12533681306645,285,13.12815398311525,80.1251788365743,0.1945404833581136,0.1945404833581136,best,True
2078,N/A,N/A,13.125275,80.1281218,285,13.12815398311525,80.1251788365743,0.5861164250723959,0.5861164250723959,best,True
2253,N/A,N/A,13.129362580238762,80.12489135865073,285,13.12815398311525,80.1251788365743,0.1784825714469662,0.1784825714469662,best,True
4522,N/A,N/A,13.125253507825011,80.1273982356237,285,13.12815398311525,80.1251788365743,0.5214251201242351,0.5214251201242351,best,True
7854,N/A,N/A,13.125093696164168,80.11755208484824,286,13.126431682546604,80.11825581682838,0.21649392402934828,0.21649392402934828,best,True
8083,N/A,N/A,13.125582507832966,80.11879064882682,286,13.126431682546604,80.11825581682838,0.14352376701754285,0.14352376701754285,best,True
254,N/A,N/A,13.1255679924039,80.1186042081936,286,13.126431682546604,80.11825581682838,0.13357203528431116,0.13357203528431116,best,True
1636,N/A,N/A,13.13108629838415,80.11373446650391,286,13.126431682546604,80.11825581682838,0.9242896156602146,0.9242896156602146,best,True
4685,N/A,N/A,13.1269534,80.117655,286,13.126431682546604,80.11825581682838,0.11314817492586607,0.11314817492586607,best,True
3450,N/A,N/A,13.1259402,80.1173524,286,13.126431682546604,80.11825581682838,0.1456469383083396,0.1456469383083396,best,True
601,N/A,N/A,13.122394024441482,80.11793838204535,286,13.126431682546604,80.11825581682838,0.5824214458382284,0.5824214458382284,best,True
6775,N/A,N/A,13.125720381444058,80.1191269958961,286,13.126431682546604,80.11825581682838,0.15982865220950285,0.15982865220950285,best,True
2547,N/A,N/A,13.130547374476,80.12060287114467,286,13.126431682546604,80.11825581682838,0.67810355503574,0.67810355503574,best,True
3929,N/A,N/A,13.125865020960488,80.11943621305365,286,13.126431682546604,80.11825581682838,0.1852742256779113,0.1852742256779113,best,True
7974,N/A,N/A,13.12599761190546,80.12002071459989,286,13.126431682546604,80.11825581682838,0.25649083374440756,0.25649083374440756,best,True
8608,N/A,N/A,12.912331808613295,80.14310828121285,287,12.910032609535165,80.14261051861376,0.338042317487542,0.338042317487542,best,True
2839,N/A,N/A,12.913403441222924,80.1471885071827,287,12.910032609535165,80.14261051861376,0.8075627647377478,0.8075627647377478,best,True
3276,N/A,N/A,12.9138151,80.14704510000001,287,12.910032609535165,80.14261051861376,0.8290600162688245,0.8290600162688245,best,True
2638,N/A,N/A,12.90773803396719,80.14246595631178,287,12.910032609535165,80.14261051861376,0.33063234454619417,0.33063234454619417,best,True
4838,N/A,N/A,12.9082059,80.13971819999999,287,12.910032609535165,80.14261051861376,0.48530984411089967,0.48530984411089967,best,True
1083,N/A,N/A,12.9108354,80.1408298,287,12.910032609535165,80.14261051861376,0.27648518027975433,0.27648518027975433,best,True
6703,N/A,N/A,12.9081603,80.143796,287,12.910032609535165,80.14261051861376,0.3169862333590832,0.3169862333590832,best,True
5046,N/A,N/A,12.9124137,80.14252619999999,287,12.910032609535165,80.14261051861376,0.34265177587995815,0.34265177587995815,best,True
7331,N/A,N/A,12.910746500000002,80.140278,287,12.910032609535165,80.14261051861376,0.3447178879772822,0.3447178879772822,best,True
7592,N/A,N/A,12.912243888322015,80.14302035035873,287,12.910032609535165,80.14261051861376,0.32323639674419224,0.32323639674419224,best,True
133,N/A,N/A,12.90685188053616,80.14244294682351,287,12.910032609535165,80.14261051861376,0.4580585600004071,0.4580585600004071,best,True
7625,N/A,N/A,12.905053977000236,80.14201477875974,287,12.910032609535165,80.14261051861376,0.7209360551428735,0.7209360551428735,best,True
4001,N/A,N/A,12.9082059,80.13971819999999,287,12.910032609535165,80.14261051861376,0.48530984411089967,0.48530984411089967,best,True
6153,N/A,N/A,12.91213026529416,80.14294333768449,287,12.910032609535165,80.14261051861376,0.305314165209273,0.305314165209273,best,True
5224,N/A,N/A,12.912342482898982,80.14318677316858,287,12.910032609535165,80.14261051861376,0.3420060381370698,0.3420060381370698,best,True
955,N/A,N/A,12.91232511222818,80.14098934035047,287,12.910032609535165,80.14261051861376,0.4012682531989777,0.4012682531989777,best,True
907,N/A,N/A,12.905577381549811,80.14599936319495,287,12.910032609535165,80.14261051861376,0.7994612919855735,0.7994612919855735,best,True
244,N/A,N/A,12.9082059,80.13971819999999,287,12.910032609535165,80.14261051861376,0.48530984411089967,0.48530984411089967,best,True
11314,N/A,N/A,13.016079377444331,79.73019794574681,288,13.017056945531957,79.73141007445699,0.22132664562130788,0.22132664562130788,best,True
5015,N/A,N/A,13.015646695317027,79.73240276163848,288,13.017056945531957,79.73141007445699,0.2464423734130543,0.2464423734130543,best,True
7102,N/A,N/A,13.0165029,79.7360938,288,13.017056945531957,79.73141007445699,0.6652913471673452,0.6652913471673452,best,True
5833,N/A,N/A,13.015440050187411,79.73448166558795,288,13.017056945531957,79.73141007445699,0.4916321653756675,0.4916321653756675,best,True
10493,N/A,N/A,13.1559484,79.9183749,289,13.153186889207277,79.91370816350805,0.7683506071488295,0.7683506071488295,best,True
9959,N/A,N/A,13.153876131433538,79.91370417722335,289,13.153186889207277,79.91370816350805,0.09912933156148773,0.09912933156148773,best,True
5590,N/A,N/A,13.155056519720308,79.91772315405737,289,13.153186889207277,79.91370816350805,0.6265200345938834,0.6265200345938834,best,True
1078,N/A,N/A,13.148441910425396,79.91349850850018,289,13.153186889207277,79.91370816350805,0.6830685183376963,0.6830685183376963,best,True
10402,N/A,N/A,13.13681412167901,79.92143941919167,290,13.135617045600817,79.91858047730884,0.43821278785146084,0.43821278785146084,best,True
10467,N/A,N/A,13.136907991936528,79.91720049333122,290,13.135617045600817,79.91858047730884,0.26889925864613085,0.26889925864613085,best,True
10562,N/A,N/A,13.136948921356597,79.91769579729994,290,13.135617045600817,79.91858047730884,0.22856456147310572,0.22856456147310572,best,True
8913,N/A,N/A,13.1412918,79.9166465,290,13.135617045600817,79.91858047730884,0.8604706549044606,0.8604706549044606,best,True
8416,N/A,N/A,13.1371985,79.9182348,290,13.135617045600817,79.91858047730884,0.23260695219356983,0.23260695219356983,best,True
7161,N/A,N/A,13.13755334372284,79.91914948933609,290,13.135617045600817,79.91858047730884,0.28980010198160366,0.28980010198160366,best,True
1234,N/A,N/A,13.132543574617076,79.91998454906106,290,13.135617045600817,79.91858047730884,0.4843126986644013,0.4843126986644013,best,True
2891,N/A,N/A,13.131022593915109,79.9167706168795,290,13.135617045600817,79.91858047730884,0.708314328456679,0.708314328456679,best,True
7321,N/A,N/A,13.13677302466357,79.91780334755241,290,13.135617045600817,79.91858047730884,0.19909593673817477,0.19909593673817477,best,True
6639,N/A,N/A,13.129237245391952,79.91929256629841,290,13.135617045600817,79.91858047730884,0.9230235446279537,0.9230235446279537,best,True
7307,N/A,N/A,13.136959666729572,79.91747548068236,290,13.135617045600817,79.91858047730884,0.2480834160729308,0.2480834160729308,best,True
4505,N/A,N/A,13.1326198,79.9196587,290,13.135617045600817,79.91858047730884,0.45707421004661647,0.45707421004661647,best,True
223,N/A,N/A,13.1359139,79.91772,290,13.135617045600817,79.91858047730884,0.1285818846620915,0.1285818846620915,best,True
4811,N/A,N/A,13.1369692,79.9214132,290,13.135617045600817,79.91858047730884,0.4441201327022735,0.4441201327022735,best,True
777,N/A,N/A,13.135502,79.9182222,290,13.135617045600817,79.91858047730884,0.053141839093792574,0.053141839093792574,best,True
11223,N/A,N/A,13.1293379,79.9272319,291,13.134237443137557,79.92740707105973,0.7050901221357274,0.7050901221357274,best,True
4183,N/A,N/A,13.135113458429323,79.92804921757161,291,13.134237443137557,79.92740707105973,0.15513204581896345,0.15513204581896345,best,True
3704,N/A,N/A,13.138900540625848,79.92575633958718,291,13.134237443137557,79.92740707105973,0.7098674632216696,0.7098674632216696,best,True
4156,N/A,N/A,13.134893750750804,79.92824268392931,291,13.134237443137557,79.92740707105973,0.15093851301246153,0.15093851301246153,best,True
3735,N/A,N/A,13.134985716011917,79.92810970139178,291,13.134237443137557,79.92740707105973,0.14625361858695124,0.14625361858695124,best,True
5407,N/A,N/A,13.135011414040171,79.92817888101396,291,13.134237443137557,79.92740707105973,0.15564648276629972,0.15564648276629972,best,True
415,N/A,N/A,13.135091131079845,79.92809030814597,291,13.134237443137557,79.92740707105973,0.15604213309568335,0.15604213309568335,best,True
5788,N/A,N/A,13.130565634162544,79.92559753683803,291,13.134237443137557,79.92740707105973,0.5864549667757994,0.5864549667757994,best,True
10347,N/A,N/A,13.057369246044663,80.12795437249142,292,13.054781481037814,80.12467201524261,0.5938883267186472,0.5938883267186472,best,True
4205,N/A,N/A,13.052341010310313,80.12305269930448,292,13.054781481037814,80.12467201524261,0.41871812069003417,0.41871812069003417,best,True
5818,N/A,N/A,13.060383261915756,80.12251162946603,292,13.054781481037814,80.12467201524261,0.8613118509149073,0.8613118509149073,best,True
5299,N/A,N/A,13.057067398163152,80.12803918130803,292,13.054781481037814,80.12467201524261,0.5774826254627351,0.5774826254627351,best,True
6004,N/A,N/A,13.0532824,80.12492820000001,292,13.054781481037814,80.12467201524261,0.21860322645835892,0.21860322645835892,best,True
5284,N/A,N/A,13.052283391443622,80.12296090614232,292,13.054781481037814,80.12467201524261,0.43276839719790317,0.43276839719790317,best,True
5722,N/A,N/A,13.0523937,80.1228485,292,13.054781481037814,80.12467201524261,0.4289983514182923,0.4289983514182923,best,True
4169,N/A,N/A,13.0532824,80.12492820000001,292,13.054781481037814,80.12467201524261,0.21860322645835892,0.21860322645835892,best,True
3238,N/A,N/A,13.0532824,80.12492820000001,292,13.054781481037814,80.12467201524261,0.21860322645835892,0.21860322645835892,best,True
7615,N/A,N/A,13.053117580031206,80.12369224588653,292,13.054781481037814,80.12467201524261,0.27631572412148564,0.27631572412148564,best,True
5975,N/A,N/A,13.050954884545064,80.1276690483125,292,13.054781481037814,80.12467201524261,0.6938675649223026,0.6938675649223026,best,True
10647,N/A,N/A,12.9015838,80.0625336,293,12.902412466233748,80.06820990181036,0.8096619848178427,0.8096619848178427,best,True
8951,N/A,N/A,12.907544328505749,80.0676650112439,293,12.902412466233748,80.06820990181036,0.7420499825476073,0.7420499825476073,best,True
8587,N/A,N/A,12.90272181459464,80.06536232787144,293,12.902412466233748,80.06820990181036,0.4042058775908122,0.4042058775908122,best,True
8239,N/A,N/A,12.89993097965815,80.07423105891235,293,12.902412466233748,80.06820990181036,0.9214204596528857,0.9214204596528857,best,True
8610,N/A,N/A,12.902764025083217,80.06560077946867,293,12.902412466233748,80.06820990181036,0.3715640871728523,0.3715640871728523,best,True
3068,N/A,N/A,12.89993097965815,80.07423105891235,293,12.902412466233748,80.06820990181036,0.9214204596528857,0.9214204596528857,best,True
5238,N/A,N/A,12.89993097965815,80.07423105891235,293,12.902412466233748,80.06820990181036,0.9214204596528857,0.9214204596528857,best,True
7312,N/A,N/A,12.89834779049841,80.06482654986377,293,12.902412466233748,80.06820990181036,0.7547094672608036,0.7547094672608036,best,True
5272,N/A,N/A,12.9045376,80.06629339999999,293,12.902412466233748,80.06820990181036,0.4080710622908656,0.4080710622908656,best,True
7345,N/A,N/A,12.908711217490364,80.06856431762715,293,12.902412466233748,80.06820990181036,0.9072564818319017,0.9072564818319017,best,True
6627,N/A,N/A,12.89993097965815,80.07423105891235,293,12.902412466233748,80.06820990181036,0.9214204596528857,0.9214204596528857,best,True
11400,N/A,N/A,12.980373,80.229309,294,12.980963937984189,80.22916728372344,0.08730712304378717,0.08730712304378717,best,True
8818,N/A,N/A,12.976527465473096,80.22760459801198,294,12.980963937984189,80.22916728372344,0.6750459315326784,0.6750459315326784,best,True
10381,N/A,N/A,12.9818176,80.23035589999999,294,12.980963937984189,80.22916728372344,0.20779199667291295,0.20779199667291295,best,True
8860,N/A,N/A,12.978399534102584,80.2304851279378,294,12.980963937984189,80.22916728372344,0.413000710016908,0.413000710016908,best,True
8673,N/A,N/A,12.98551366957257,80.22894613803861,294,12.980963937984189,80.22916728372344,0.6550828297970336,0.6550828297970336,best,True
221,N/A,N/A,12.9804213,80.22505869999999,294,12.980963937984189,80.22916728372344,0.5847106379542164,0.5847106379542164,best,True
5070,N/A,N/A,12.9854027,80.2289567,294,12.980963937984189,80.22916728372344,0.6390708332469174,0.6390708332469174,best,True
7458,N/A,N/A,12.98049264783696,80.2289243463171,294,12.980963937984189,80.22916728372344,0.07594900789274928,0.07594900789274928,best,True
2324,N/A,N/A,12.9838049,80.2260867,294,12.980963937984189,80.22916728372344,0.5964228045193154,0.5964228045193154,best,True
3386,N/A,N/A,12.981123801302871,80.23429589747829,294,12.980963937984189,80.22916728372344,0.7237094891586779,0.7237094891586779,best,True
5988,N/A,N/A,12.9828008,80.226693,294,12.980963937984189,80.22916728372344,0.4376894294505686,0.4376894294505686,best,True
617,N/A,N/A,12.981144535636568,80.23427899762594,294,12.980963937984189,80.22916728372344,0.7214283008625682,0.7214283008625682,best,True
3574,N/A,N/A,12.980155515838169,80.22823345044186,294,12.980963937984189,80.22916728372344,0.17568497154622653,0.17568497154622653,best,True
6396,N/A,N/A,12.9798144,80.2279238,294,12.980963937984189,80.22916728372344,0.24102212920006236,0.24102212920006236,best,True
810,N/A,N/A,12.9766672,80.23035689999999,294,12.980963937984189,80.22916728372344,0.6403277505957022,0.6403277505957022,best,True
8758,N/A,N/A,13.02108777043412,80.18355865152859,295,13.022086610900324,80.18428725927633,0.17661573828846208,0.17661573828846208,best,True
10453,N/A,N/A,13.020910072471484,80.18365354547728,295,13.022086610900324,80.18428725927633,0.1913583193003412,0.1913583193003412,best,True
9379,N/A,N/A,13.0260906,80.1847873,295,13.022086610900324,80.18428725927633,0.5801545117686274,0.5801545117686274,best,True
5885,N/A,N/A,13.0208210548181,80.18393931566001,295,13.022086610900324,80.18428725927633,0.18850971686408635,0.18850971686408635,best,True
7290,N/A,N/A,13.020782999496094,80.18373816542051,295,13.022086610900324,80.18428725927633,0.2028458699841921,0.2028458699841921,best,True
5772,N/A,N/A,13.020524,80.184243,295,13.022086610900324,80.18428725927633,0.2248211441060204,0.2248211441060204,best,True
800,N/A,N/A,13.023352606556577,80.18512636752202,295,13.022086610900324,80.18428725927633,0.21714773927702946,0.21714773927702946,best,True
2371,N/A,N/A,13.0180773,80.18702239999999,295,13.022086610900324,80.18428725927633,0.6937278274689448,0.6937278274689448,best,True
363,N/A,N/A,13.025085494002935,80.18176203796726,295,13.022086610900324,80.18428725927633,0.5593077824641142,0.5593077824641142,best,True
3536,N/A,N/A,13.02086942212424,80.18374056846386,295,13.022086610900324,80.18428725927633,0.19127977203395363,0.19127977203395363,best,True
5658,N/A,N/A,13.0253514,80.1855885,295,13.022086610900324,80.18428725927633,0.5041233995465465,0.5041233995465465,best,True
9651,N/A,N/A,13.031168848959815,80.19146580231629,296,13.03090264625048,80.1871167412048,0.6144664491707742,0.6144664491707742,best,True
8448,N/A,N/A,13.0310159,80.1873942,296,13.03090264625048,80.1871167412048,0.0423802527005114,0.0423802527005114,best,True
10460,N/A,N/A,13.032303766721384,80.18690044695002,296,13.03090264625048,80.1871167412048,0.20380428109294602,0.20380428109294602,best,True
2155,N/A,N/A,13.02868565735916,80.18438310632934,296,13.03090264625048,80.1871167412048,0.5002575549104444,0.5002575549104444,best,True
881,N/A,N/A,13.0314445,80.1913417,296,13.03090264625048,80.1871167412048,0.6008473757518749,0.6008473757518749,best,True
6108,N/A,N/A,13.033943671686991,80.18839101930637,296,13.03090264625048,80.1871167412048,0.47283388102660634,0.47283388102660634,best,True
3558,N/A,N/A,13.0288496,80.1863415,296,13.03090264625048,80.1871167412048,0.3148563413885241,0.3148563413885241,best,True
541,N/A,N/A,13.0314445,80.1913417,296,13.03090264625048,80.1871167412048,0.6008473757518749,0.6008473757518749,best,True
2435,N/A,N/A,13.0314445,80.1913417,296,13.03090264625048,80.1871167412048,0.6008473757518749,0.6008473757518749,best,True
1444,N/A,N/A,13.0294998,80.1860767,296,13.03090264625048,80.1871167412048,0.24942935054280793,0.24942935054280793,best,True
7421,N/A,N/A,13.0317443,80.1816719,296,13.03090264625048,80.1871167412048,0.7772738177231976,0.7772738177231976,best,True
4045,N/A,N/A,13.028648338933012,80.18633090536908,296,13.03090264625048,80.1871167412048,0.3426289083944338,0.3426289083944338,best,True
9986,N/A,N/A,13.03271545960654,80.16302447526012,297,13.031615764514408,80.16360667648681,0.17819644172003704,0.17819644172003704,best,True
10073,N/A,N/A,13.0324123,80.1640371,297,13.031615764514408,80.16360667648681,0.12964314362340276,0.12964314362340276,best,True
9382,N/A,N/A,13.0324123,80.1640371,297,13.031615764514408,80.16360667648681,0.12964314362340276,0.12964314362340276,best,True
9228,N/A,N/A,13.0324123,80.1640371,297,13.031615764514408,80.16360667648681,0.12964314362340276,0.12964314362340276,best,True
3032,N/A,N/A,13.03215310477768,80.16339707031356,297,13.031615764514408,80.16360667648681,0.08273969571658563,0.08273969571658563,best,True
791,N/A,N/A,13.032059456913998,80.16370873652129,297,13.031615764514408,80.16360667648681,0.06541461164277616,0.06541461164277616,best,True
8032,N/A,N/A,13.0324123,80.1640371,297,13.031615764514408,80.16360667648681,0.12964314362340276,0.12964314362340276,best,True
7737,N/A,N/A,13.02980076072095,80.16454062428397,297,13.031615764514408,80.16360667648681,0.29237504516152574,0.29237504516152574,best,True
969,N/A,N/A,13.0324123,80.1640371,297,13.031615764514408,80.16360667648681,0.12964314362340276,0.12964314362340276,best,True
1176,N/A,N/A,13.03236131155129,80.16426325225268,297,13.031615764514408,80.16360667648681,0.14166549628787944,0.14166549628787944,best,True
5729,N/A,N/A,13.0323486,80.1640757,297,13.031615764514408,80.16360667648681,0.12442922791844742,0.12442922791844742,best,True
1490,N/A,N/A,13.0321127,80.1633548,297,13.031615764514408,80.16360667648681,0.07980825572844806,0.07980825572844806,best,True
4434,N/A,N/A,13.0321268735546,80.16352149724521,297,13.031615764514408,80.16360667648681,0.07448256621576918,0.07448256621576918,best,True
5072,N/A,N/A,13.0303587,80.1592273,297,13.031615764514408,80.16360667648681,0.6434674483467385,0.6434674483467385,best,True
6300,N/A,N/A,13.0318529,80.16354199999999,297,13.031615764514408,80.16360667648681,0.03530320763667152,0.03530320763667152,best,True
2306,N/A,N/A,13.032002077029263,80.16339730231319,297,13.031615764514408,80.16360667648681,0.0629169182989107,0.0629169182989107,best,True
504,N/A,N/A,13.03219905489025,80.16341815356036,297,13.031615764514408,80.16360667648681,0.08800024543066608,0.08800024543066608,best,True
6338,N/A,N/A,13.032178028131272,80.16340039755326,297,13.031615764514408,80.16360667648681,0.08593723969162588,0.08593723969162588,best,True
2683,N/A,N/A,13.02764172464132,80.16284635126101,297,13.031615764514408,80.16360667648681,0.5815156120745856,0.5815156120745856,best,True
3740,N/A,N/A,13.032038684412552,80.16363143185343,297,13.031615764514408,80.16360667648681,0.06092442230170884,0.06092442230170884,best,True
7814,N/A,N/A,13.032101969295468,80.16337648206986,297,13.031615764514408,80.16360667648681,0.07709284003869278,0.07709284003869278,best,True
6950,N/A,N/A,13.0324123,80.1640371,297,13.031615764514408,80.16360667648681,0.12964314362340276,0.12964314362340276,best,True
6967,N/A,N/A,13.0324123,80.1640371,297,13.031615764514408,80.16360667648681,0.12964314362340276,0.12964314362340276,best,True
3721,N/A,N/A,13.0305664,80.1648974,297,13.031615764514408,80.16360667648681,0.23643970856765642,0.23643970856765642,best,True
1106,N/A,N/A,13.0323486,80.1640757,297,13.031615764514408,80.16360667648681,0.12442922791844742,0.12442922791844742,best,True
6279,N/A,N/A,13.0322336215999,80.16337117386274,297,13.031615764514408,80.16360667648681,0.09486281772319771,0.09486281772319771,best,True
6798,N/A,N/A,13.0324123,80.1640371,297,13.031615764514408,80.16360667648681,0.12964314362340276,0.12964314362340276,best,True
2972,N/A,N/A,13.0323486,80.1640757,297,13.031615764514408,80.16360667648681,0.12442922791844742,0.12442922791844742,best,True
4898,N/A,N/A,13.031199072821636,80.16429582274097,297,13.031615764514408,80.16360667648681,0.11417108137817968,0.11417108137817968,best,True
4040,N/A,N/A,13.0324123,80.1640371,297,13.031615764514408,80.16360667648681,0.12964314362340276,0.12964314362340276,best,True
9554,N/A,N/A,13.0359496,80.1672281,298,13.035575721544014,80.16487230991007,0.33651367448834374,0.33651367448834374,best,True
8831,N/A,N/A,13.0346903,80.1644877,298,13.035575721544014,80.16487230991007,0.1384093246606919,0.1384093246606919,best,True
5934,N/A,N/A,13.0343555,80.1650031,298,13.035575721544014,80.16487230991007,0.17645871426699503,0.17645871426699503,best,True
6771,N/A,N/A,13.038151730453066,80.16477381386466,298,13.035575721544014,80.16487230991007,0.37074195015394107,0.37074195015394107,best,True
7003,N/A,N/A,13.0346903,80.1644877,298,13.035575721544014,80.16487230991007,0.1384093246606919,0.1384093246606919,best,True
1672,N/A,N/A,13.038205654354806,80.16551587442969,298,13.035575721544014,80.16487230991007,0.38897116645040525,0.38897116645040525,best,True
2475,N/A,N/A,13.034362287544228,80.16250589098624,298,13.035575721544014,80.16487230991007,0.37656963353151734,0.37656963353151734,best,True
7927,N/A,N/A,13.0342004,80.16497629999999,298,13.035575721544014,80.16487230991007,0.19834156631628258,0.19834156631628258,best,True
8431,N/A,N/A,12.84426963254201,80.0598777923623,299,12.844035660832725,80.06006781522488,0.043027345817793106,0.043027345817793106,best,True
11074,N/A,N/A,12.84495025801074,80.06157811595378,299,12.844035660832725,80.06006781522488,0.25045139364885544,0.25045139364885544,best,True
8761,N/A,N/A,12.846284549821332,80.06182687514115,299,12.844035660832725,80.06006781522488,0.40770965857537905,0.40770965857537905,best,True
8773,N/A,N/A,12.844366507687646,80.05996103908565,299,12.844035660832725,80.06006781522488,0.04991055293967454,0.04991055293967454,best,True
8241,N/A,N/A,12.845377977790855,80.06134253196434,299,12.844035660832725,80.06006781522488,0.26386833396074927,0.26386833396074927,best,True
616,N/A,N/A,12.84506459494783,80.06060937471388,299,12.844035660832725,80.06006781522488,0.16654844292793977,0.16654844292793977,best,True
6518,N/A,N/A,12.8447677,80.0616833,299,12.844035660832725,80.06006781522488,0.251109016521022,0.251109016521022,best,True
2573,N/A,N/A,12.844456398491047,80.05999857356198,299,12.844035660832725,80.06006781522488,0.061293475960791224,0.061293475960791224,best,True
7896,N/A,N/A,12.8388855,80.0554292,299,12.844035660832725,80.06006781522488,0.9884900392106641,0.9884900392106641,best,True
457,N/A,N/A,12.83960294820558,80.05465733044434,299,12.844035660832725,80.06006781522488,0.9946740387096841,0.9946740387096841,best,True
8008,N/A,N/A,12.84449127436756,80.06003671248368,299,12.844035660832725,80.06006781522488,0.06567222738938308,0.06567222738938308,best,True
7556,N/A,N/A,12.8447677,80.0616833,299,12.844035660832725,80.06006781522488,0.251109016521022,0.251109016521022,best,True
9203,N/A,N/A,13.0708305,80.1956291,300,13.075001917075472,80.2009562046802,0.9612580799326769,0.9612580799326769,best,True
9912,N/A,N/A,13.0751132,80.1956054,300,13.075001917075472,80.2009562046802,0.7545672953325179,0.7545672953325179,best,True
10468,N/A,N/A,13.07459546507198,80.19930146496932,300,13.075001917075472,80.2009562046802,0.24051018164803667,0.24051018164803667,best,True
9914,N/A,N/A,13.074651418179656,80.1948886980525,300,13.075001917075472,80.2009562046802,0.856928422359434,0.856928422359434,best,True
10624,N/A,N/A,13.074025775076509,80.20037129622655,300,13.075001917075472,80.2009562046802,0.16281772530640637,0.16281772530640637,best,True
10296,N/A,N/A,13.07662277319334,80.20451541028143,300,13.075001917075472,80.2009562046802,0.5533057087903005,0.5533057087903005,best,True
8720,N/A,N/A,13.076232,80.20351780000001,300,13.075001917075472,80.2009562046802,0.4021550908545468,0.4021550908545468,best,True
5494,N/A,N/A,13.075090955474405,80.20485481113812,300,13.075001917075472,80.2009562046802,0.5498046546961829,0.5498046546961829,best,True
1045,N/A,N/A,13.07620008299982,80.20345658789518,300,13.075001917075472,80.2009562046802,0.39238569952603963,0.39238569952603963,best,True
3267,N/A,N/A,13.072194147337925,80.19798158627131,300,13.075001917075472,80.2009562046802,0.5821956552766739,0.5821956552766739,best,True
843,N/A,N/A,13.0757486,80.1958707,300,13.075001917075472,80.2009562046802,0.7249900839470962,0.7249900839470962,best,True
7709,N/A,N/A,13.076504014491034,80.2041642840698,300,13.075001917075472,80.2009562046802,0.5012422844413092,0.5012422844413092,best,True
5655,N/A,N/A,13.074919,80.204422,300,13.075001917075472,80.2009562046802,0.4887801307288036,0.4887801307288036,best,True
7268,N/A,N/A,13.0789142,80.1991269,300,13.075001917075472,80.2009562046802,0.618958610084718,0.618958610084718,best,True
2195,N/A,N/A,13.073807100876754,80.20055313163456,300,13.075001917075472,80.2009562046802,0.18099205030576038,0.18099205030576038,best,True
651,N/A,N/A,13.0764366,80.2038354,300,13.075001917075472,80.2009562046802,0.4553614167683833,0.4553614167683833,best,True
3462,N/A,N/A,13.071869432070503,80.20306627442963,300,13.075001917075472,80.2009562046802,0.5398776319361529,0.5398776319361529,best,True
4559,N/A,N/A,13.076435068750108,80.20359625041824,300,13.075001917075472,80.2009562046802,0.425472091291494,0.425472091291494,best,True
3772,N/A,N/A,13.074846090911937,80.20341079353688,300,13.075001917075472,80.2009562046802,0.3467918748232144,0.3467918748232144,best,True
11426,N/A,N/A,13.1173713,80.15703309999999,301,13.118419103028769,80.15778050278962,0.18387293272964447,0.18387293272964447,best,True
9446,N/A,N/A,13.116813278724685,80.15765003547364,301,13.118419103028769,80.15778050278962,0.2316822615909588,0.2316822615909588,best,True
11002,N/A,N/A,13.1167153,80.1592068,301,13.118419103028769,80.15778050278962,0.31696893414666055,0.31696893414666055,best,True
8627,N/A,N/A,13.1189868602578,80.15740082926636,301,13.118419103028769,80.15778050278962,0.09763184695806866,0.09763184695806866,best,True
9936,N/A,N/A,13.1197765,80.16093819999999,301,13.118419103028769,80.15778050278962,0.48604639094812196,0.48604639094812196,best,True
6111,N/A,N/A,13.118666,80.15580779999999,301,13.118419103028769,80.15778050278962,0.2803359755261164,0.2803359755261164,best,True
6670,N/A,N/A,13.118092422078789,80.15647495150239,301,13.118419103028769,80.15778050278962,0.18993730048032167,0.18993730048032167,best,True
8068,N/A,N/A,13.1147824,80.159362,301,13.118419103028769,80.15778050278962,0.5685633169690512,0.5685633169690512,best,True
6350,N/A,N/A,13.122453,80.156193,301,13.118419103028769,80.15778050278962,0.6218205026522969,0.6218205026522969,best,True
3316,N/A,N/A,13.1185879,80.1574261,301,13.118419103028769,80.15778050278962,0.055543848873676555,0.055543848873676555,best,True
3661,N/A,N/A,13.12182896359572,80.16021717953612,301,13.118419103028769,80.15778050278962,0.5987313245207375,0.5987313245207375,best,True
260,N/A,N/A,13.1200771,80.1557179,301,13.118419103028769,80.15778050278962,0.37602667247623617,0.37602667247623617,best,True
3105,N/A,N/A,13.11529731471698,80.15771864048662,301,13.118419103028769,80.15778050278962,0.44906317328727685,0.44906317328727685,best,True
11181,N/A,N/A,13.118761,80.1635374,302,13.11702495379996,80.16517767874794,0.34029735318254417,0.34029735318254417,best,True
9008,N/A,N/A,13.1159282,80.1675254,302,13.11702495379996,80.16517767874794,0.36661278384045587,0.36661278384045587,best,True
8333,N/A,N/A,13.1160088,80.1639644,302,13.11702495379996,80.16517767874794,0.22496433891107342,0.22496433891107342,best,True
3248,N/A,N/A,13.11468547666113,80.16137628231496,302,13.11702495379996,80.16517767874794,0.6327378100063175,0.6327378100063175,best,True
5678,N/A,N/A,13.11542309596146,80.16271989971534,302,13.11702495379996,80.16517767874794,0.41606382565645833,0.41606382565645833,best,True
7871,N/A,N/A,13.1151096,80.1663268,302,13.11702495379996,80.16517767874794,0.3195649766085518,0.3195649766085518,best,True
7747,N/A,N/A,13.116964376843942,80.17118627953815,302,13.11702495379996,80.16517767874794,0.8470401780162568,0.8470401780162568,best,True
6238,N/A,N/A,13.121214388533076,80.16331482591104,302,13.11702495379996,80.16517767874794,0.6572636264268253,0.6572636264268253,best,True
3090,N/A,N/A,13.120725,80.1636985,302,13.11702495379996,80.16517767874794,0.5715360560196749,0.5715360560196749,best,True
2988,N/A,N/A,13.1154296,80.168127,302,13.11702495379996,80.16517767874794,0.4748602705322884,0.4748602705322884,best,True
8405,N/A,N/A,13.1303521,79.7753808,304,13.1305392,79.76889925,0.9140106059179819,0.9140106059179819,best,True
494,N/A,N/A,13.1307263,79.7624177,304,13.1305392,79.76889925,0.9140099147121783,0.9140099147121783,best,True
11269,N/A,N/A,13.0129745,80.17355649999999,305,13.013575233335064,80.17331131856326,0.09305917090823601,0.09305917090823601,best,True
10028,N/A,N/A,13.0136428,80.1682532,305,13.013575233335064,80.17331131856326,0.7133746837097747,0.7133746837097747,best,True
8248,N/A,N/A,13.01726032000774,80.17475812963865,305,13.013575233335064,80.17331131856326,0.5679054207721476,0.5679054207721476,best,True
7821,N/A,N/A,13.0129745,80.17355649999999,305,13.013575233335064,80.17331131856326,0.09305917090823601,0.09305917090823601,best,True
1778,N/A,N/A,13.0129745,80.17355649999999,305,13.013575233335064,80.17331131856326,0.09305917090823601,0.09305917090823601,best,True
3228,N/A,N/A,13.0129745,80.17355649999999,305,13.013575233335064,80.17331131856326,0.09305917090823601,0.09305917090823601,best,True
5154,N/A,N/A,13.0129745,80.17355649999999,305,13.013575233335064,80.17331131856326,0.09305917090823601,0.09305917090823601,best,True
8046,N/A,N/A,13.011638297866954,80.17137363243008,305,13.013575233335064,80.17331131856326,0.39021942578287455,0.39021942578287455,best,True
1590,N/A,N/A,13.0147876,80.1784375,305,13.013575233335064,80.17331131856326,0.7436357947113759,0.7436357947113759,best,True
11340,N/A,N/A,12.9427442979969,80.13359624780472,306,12.942997672120205,80.13651938763425,0.4139520539683027,0.4139520539683027,best,True
11152,N/A,N/A,12.942720269949566,80.13360651583318,306,12.942997672120205,80.13651938763425,0.4128289013743414,0.4128289013743414,best,True
8407,N/A,N/A,12.943288679279302,80.13845893107536,306,12.942997672120205,80.13651938763425,0.2767788926249724,0.2767788926249724,best,True
8629,N/A,N/A,12.943079329714474,80.1335334623356,306,12.942997672120205,80.13651938763425,0.4213651113153324,0.4213651113153324,best,True
10140,N/A,N/A,12.943357351364096,80.13818279105867,306,12.942997672120205,80.13651938763425,0.24027767002026973,0.24027767002026973,best,True
7225,N/A,N/A,12.94259530502488,80.13312219539795,306,12.942997672120205,80.13651938763425,0.4826974340613498,0.4826974340613498,best,True
1054,N/A,N/A,12.943848172284142,80.13874738378324,306,12.942997672120205,80.13651938763425,0.337249513164966,0.337249513164966,best,True
4195,N/A,N/A,12.9455794597398,80.13944234759057,306,12.942997672120205,80.13651938763425,0.5548664853325677,0.5548664853325677,best,True
1328,N/A,N/A,12.942654075809584,80.14033789706392,306,12.942997672120205,80.13651938763425,0.5409100438633289,0.5409100438633289,best,True
6960,N/A,N/A,12.943606898824736,80.13436363811306,306,12.942997672120205,80.13651938763425,0.31646566340255294,0.31646566340255294,best,True
6955,N/A,N/A,12.9426891,80.1379797,306,12.942997672120205,80.13651938763425,0.2107212735902959,0.2107212735902959,best,True
4475,N/A,N/A,12.94162792837935,80.13849809949151,306,12.942997672120205,80.13651938763425,0.3416378417903836,0.3416378417903836,best,True
4881,N/A,N/A,12.942504499631566,80.14154804523763,306,12.942997672120205,80.13651938763425,0.7128918693152241,0.7128918693152241,best,True
2288,N/A,N/A,12.941961779017154,80.13280860618566,306,12.942997672120205,80.13651938763425,0.5442406029783187,0.5442406029783187,best,True
5923,N/A,N/A,12.942707934787528,80.13356495354277,306,12.942997672120205,80.13651938763425,0.418837503987841,0.418837503987841,best,True
11408,N/A,N/A,12.9320536,80.1399464,307,12.937165759116036,80.13981642316901,0.7354537502584798,0.7354537502584798,best,True
10984,N/A,N/A,12.9381026,80.1420635,307,12.937165759116036,80.13981642316901,0.3444312456349879,0.3444312456349879,best,True
10426,N/A,N/A,12.935345498994897,80.14059108719306,307,12.937165759116036,80.13981642316901,0.2836807108111645,0.2836807108111645,best,True
10387,N/A,N/A,12.9377414,80.1390205,307,12.937165759116036,80.13981642316901,0.13949924896182153,0.13949924896182153,best,True
10349,N/A,N/A,12.93587806621978,80.13874530779493,307,12.937165759116036,80.13981642316901,0.23901385022787286,0.23901385022787286,best,True
5485,N/A,N/A,12.9377414,80.1390205,307,12.937165759116036,80.13981642316901,0.13949924896182153,0.13949924896182153,best,True
2716,N/A,N/A,12.940491564725844,80.14271297290767,307,12.937165759116036,80.13981642316901,0.6290777058217184,0.6290777058217184,best,True
4885,N/A,N/A,12.938484083331367,80.13842075051528,307,12.937165759116036,80.13981642316901,0.27333172139246936,0.27333172139246936,best,True
4136,N/A,N/A,12.938027789940609,80.13865684023393,307,12.937165759116036,80.13981642316901,0.2052499916537623,0.2052499916537623,best,True
2511,N/A,N/A,12.9375822,80.1388525,307,12.937165759116036,80.13981642316901,0.14858198768864841,0.14858198768864841,best,True
5960,N/A,N/A,12.941485759190188,80.14148882795492,307,12.937165759116036,80.13981642316901,0.6645809319402345,0.6645809319402345,best,True
6722,N/A,N/A,12.933055146989734,80.13827789142829,307,12.937165759116036,80.13981642316901,0.6297640314674056,0.6297640314674056,best,True
10055,N/A,N/A,13.091121751365872,80.19473014543837,308,13.091705678165656,80.1941469391039,0.11752789947616406,0.11752789947616406,best,True
9654,N/A,N/A,13.0902873,80.1933328,308,13.091705678165656,80.1941469391039,0.23406481549998237,0.23406481549998237,best,True
9956,N/A,N/A,13.0924736,80.1912043,308,13.091705678165656,80.1941469391039,0.4292971139129272,0.4292971139129272,best,True
10782,N/A,N/A,13.091003,80.193978,308,13.091705678165656,80.1941469391039,0.10382815923709997,0.10382815923709997,best,True
9977,N/A,N/A,13.093379,80.1951893,308,13.091705678165656,80.1941469391039,0.2819762457741886,0.2819762457741886,best,True
2781,N/A,N/A,13.09096594295336,80.19308390201616,308,13.091705678165656,80.1941469391039,0.18378865385029414,0.18378865385029414,best,True
824,N/A,N/A,13.0920727,80.1944807,308,13.091705678165656,80.1941469391039,0.07071260905106837,0.07071260905106837,best,True
2292,N/A,N/A,13.0920727,80.1944807,308,13.091705678165656,80.1941469391039,0.07071260905106837,0.07071260905106837,best,True
2336,N/A,N/A,13.0920727,80.1944807,308,13.091705678165656,80.1941469391039,0.07071260905106837,0.07071260905106837,best,True
2748,N/A,N/A,13.0920727,80.1944807,308,13.091705678165656,80.1941469391039,0.07071260905106837,0.07071260905106837,best,True
5055,N/A,N/A,13.09014,80.19517379999999,308,13.091705678165656,80.1941469391039,0.2676969396865542,0.2676969396865542,best,True
4319,N/A,N/A,13.0920727,80.1944807,308,13.091705678165656,80.1941469391039,0.07071260905106837,0.07071260905106837,best,True
4691,N/A,N/A,13.0920727,80.1944807,308,13.091705678165656,80.1941469391039,0.07071260905106837,0.07071260905106837,best,True
3788,N/A,N/A,13.0920727,80.1944807,308,13.091705678165656,80.1941469391039,0.07071260905106837,0.07071260905106837,best,True
10779,N/A,N/A,13.087150323071702,80.19277335187599,309,13.087423912663816,80.19304522197203,0.0549301429207915,0.0549301429207915,best,True
9808,N/A,N/A,13.087064952061764,80.1944778800394,309,13.087423912663816,80.19304522197203,0.20847070176979685,0.20847070176979685,best,True
9122,N/A,N/A,13.087135265144813,80.19459098514149,309,13.087423912663816,80.19304522197203,0.2218416722527142,0.2218416722527142,best,True
9107,N/A,N/A,13.087057,80.1928082,309,13.087423912663816,80.19304522197203,0.062459817075374464,0.062459817075374464,best,True
10478,N/A,N/A,13.088220115969994,80.19447712361216,309,13.087423912663816,80.19304522197203,0.23208658174900984,0.23208658174900984,best,True
10483,N/A,N/A,13.0889715,80.193054,309,13.087423912663816,80.19304522197203,0.22257839485343295,0.22257839485343295,best,True
4741,N/A,N/A,13.087057,80.1928082,309,13.087423912663816,80.19304522197203,0.062459817075374464,0.062459817075374464,best,True
813,N/A,N/A,13.08724523157355,80.19344729910705,309,13.087423912663816,80.19304522197203,0.062238179216373875,0.062238179216373875,best,True
2999,N/A,N/A,13.0871567307667,80.19292617981505,309,13.087423912663816,80.19304522197203,0.041931311237883816,0.041931311237883816,best,True
1680,N/A,N/A,13.087407659505876,80.1928908814716,309,13.087423912663816,80.19304522197203,0.021884224494266902,0.021884224494266902,best,True
3720,N/A,N/A,13.087174286901282,80.19290467912279,309,13.087423912663816,80.19304522197203,0.04100601478889516,0.04100601478889516,best,True
1653,N/A,N/A,13.087213849392608,80.19232251679688,309,13.087423912663816,80.19304522197203,0.10627225083010833,0.10627225083010833,best,True
4457,N/A,N/A,13.087153823265933,80.19322620781874,309,13.087423912663816,80.19304522197203,0.04647505261852133,0.04647505261852133,best,True
1617,N/A,N/A,13.087170014844403,80.19303333603004,309,13.087423912663816,80.19304522197203,0.03655416472466925,0.03655416472466925,best,True
4840,N/A,N/A,13.087432871933329,80.19237784813231,309,13.087423912663816,80.19304522197203,0.09409562221013115,0.09409562221013115,best,True
3963,N/A,N/A,13.087244875513978,80.19285052071427,309,13.087423912663816,80.19304522197203,0.03763611423371213,0.03763611423371213,best,True
6420,N/A,N/A,13.087077997133743,80.19304134881287,309,13.087423912663816,80.19304522197203,0.0497527753690477,0.0497527753690477,best,True
2249,N/A,N/A,13.0895763,80.1930675,309,13.087423912663816,80.19304522197203,0.30957359918697813,0.30957359918697813,best,True
7072,N/A,N/A,13.087115987113036,80.19281959053745,309,13.087423912663816,80.19304522197203,0.054526225812240814,0.054526225812240814,best,True
3881,N/A,N/A,13.087057,80.1928082,309,13.087423912663816,80.19304522197203,0.062459817075374464,0.062459817075374464,best,True
1169,N/A,N/A,13.087057,80.1928082,309,13.087423912663816,80.19304522197203,0.062459817075374464,0.062459817075374464,best,True
4692,N/A,N/A,13.087057,80.1928082,309,13.087423912663816,80.19304522197203,0.062459817075374464,0.062459817075374464,best,True
4703,N/A,N/A,13.087057,80.1928082,309,13.087423912663816,80.19304522197203,0.062459817075374464,0.062459817075374464,best,True
6906,N/A,N/A,13.087195519576026,80.19306472666932,309,13.087423912663816,80.19304522197203,0.032962526929640204,0.032962526929640204,best,True
6474,N/A,N/A,13.0899208,80.1900906,309,13.087423912663816,80.19304522197203,0.5499665437017162,0.5499665437017162,best,True
6234,N/A,N/A,13.087057,80.1928082,309,13.087423912663816,80.19304522197203,0.062459817075374464,0.062459817075374464,best,True
1821,N/A,N/A,13.0866664,80.193373,309,13.087423912663816,80.19304522197203,0.11834110975857676,0.11834110975857676,best,True
5568,N/A,N/A,13.0860999,80.19396569999999,309,13.087423912663816,80.19304522197203,0.23043464085404602,0.23043464085404602,best,True
3882,N/A,N/A,13.088500063481806,80.19387876149148,309,13.087423912663816,80.19304522197203,0.19432912922096915,0.19432912922096915,best,True
9976,N/A,N/A,13.087175984493989,80.19559886996129,310,13.086149560983412,80.19595971148902,0.15614049741512798,0.15614049741512798,best,True
9096,N/A,N/A,13.083528,80.1944807,310,13.086149560983412,80.19595971148902,0.43085160300155745,0.43085160300155745,best,True
8820,N/A,N/A,13.087081,80.1979442,310,13.086149560983412,80.19595971148902,0.31019282236666534,0.31019282236666534,best,True
11277,N/A,N/A,13.085076212383088,80.19432412622261,310,13.086149560983412,80.19595971148902,0.27748982840631087,0.27748982840631087,best,True
10142,N/A,N/A,13.085813522516863,80.19544460809021,310,13.086149560983412,80.19595971148902,0.08723179496140968,0.08723179496140968,best,True
6631,N/A,N/A,13.083528,80.1944807,310,13.086149560983412,80.19595971148902,0.43085160300155745,0.43085160300155745,best,True
815,N/A,N/A,13.088857542468164,80.196233435561,310,13.086149560983412,80.19595971148902,0.3913706824419851,0.3913706824419851,best,True
5305,N/A,N/A,13.087179367321182,80.19476737346368,310,13.086149560983412,80.19595971148902,0.22403666674650732,0.22403666674650732,best,True
5175,N/A,N/A,13.0870434,80.19592,310,13.086149560983412,80.19595971148902,0.1286743101077815,0.1286743101077815,best,True
7180,N/A,N/A,13.08696554938773,80.19565462331772,310,13.086149560983412,80.19595971148902,0.12498968018418423,0.12498968018418423,best,True
5110,N/A,N/A,13.0881179,80.1981419,310,13.086149560983412,80.19595971148902,0.4180731401716522,0.4180731401716522,best,True
7456,N/A,N/A,13.087064057970183,80.19787187890768,310,13.086149560983412,80.19595971148902,0.29995256148862764,0.29995256148862764,best,True
4839,N/A,N/A,13.08711233010624,80.19510074262512,310,13.086149560983412,80.19595971148902,0.18395015070945472,0.18395015070945472,best,True
1295,N/A,N/A,13.082948237535902,80.19609024787505,310,13.086149560983412,80.19595971148902,0.4607838139205798,0.4607838139205798,best,True
4401,N/A,N/A,13.0837552,80.1958841,310,13.086149560983412,80.19595971148902,0.3445233228661111,0.3445233228661111,best,True
6766,N/A,N/A,13.087146671551237,80.19741787780016,310,13.086149560983412,80.19595971148902,0.25065040490073454,0.25065040490073454,best,True
10620,N/A,N/A,13.017453971953538,80.20577085956548,311,13.018017609857846,80.2062812230815,0.10840203356182995,0.10840203356182995,best,True
9937,N/A,N/A,13.0200399,80.2110818,311,13.018017609857846,80.2062812230815,0.7368077865227007,0.7368077865227007,best,True
10717,N/A,N/A,13.017786730398583,80.2056009861778,311,13.018017609857846,80.2062812230815,0.10151145088520983,0.10151145088520983,best,True
5707,N/A,N/A,13.0177153,80.2056743,311,13.018017609857846,80.2062812230815,0.09599851405234006,0.09599851405234006,best,True
6598,N/A,N/A,13.0177153,80.2056743,311,13.018017609857846,80.2062812230815,0.09599851405234006,0.09599851405234006,best,True
3746,N/A,N/A,13.0177153,80.2056743,311,13.018017609857846,80.2062812230815,0.09599851405234006,0.09599851405234006,best,True
2065,N/A,N/A,13.0177153,80.2056743,311,13.018017609857846,80.2062812230815,0.09599851405234006,0.09599851405234006,best,True
6401,N/A,N/A,13.0182093,80.20638199999999,311,13.018017609857846,80.2062812230815,0.031016277701310744,0.031016277701310744,best,True
6395,N/A,N/A,13.0182093,80.20638199999999,311,13.018017609857846,80.2062812230815,0.031016277701310744,0.031016277701310744,best,True
1797,N/A,N/A,13.0177107,80.2058256,311,13.018017609857846,80.2062812230815,0.07795277827036744,0.07795277827036744,best,True
3928,N/A,N/A,13.018183225799865,80.20606965431625,311,13.018017609857846,80.2062812230815,0.038177088715714166,0.038177088715714166,best,True
4074,N/A,N/A,13.0175653,80.2054638,311,13.018017609857846,80.2062812230815,0.1323613943626882,0.1323613943626882,best,True
6726,N/A,N/A,13.0182093,80.20638199999999,311,13.018017609857846,80.2062812230815,0.031016277701310744,0.031016277701310744,best,True
8633,N/A,N/A,13.03011838019988,80.20926344515853,312,13.028430986406734,80.20789146390362,0.31036093663252534,0.31036093663252534,best,True
8570,N/A,N/A,13.02890570025135,80.20884998960845,312,13.028430986406734,80.20789146390362,0.15142973524378295,0.15142973524378295,best,True
11230,N/A,N/A,13.0294896,80.2084704,312,13.028430986406734,80.20789146390362,0.17275632874797364,0.17275632874797364,best,True
8606,N/A,N/A,13.028766777894411,80.2087660768179,312,13.028430986406734,80.20789146390362,0.1324507965857958,0.1324507965857958,best,True
8609,N/A,N/A,13.024577470999116,80.20409249389536,312,13.028430986406734,80.20789146390362,0.770804240861202,0.770804240861202,best,True
1698,N/A,N/A,13.02828360039072,80.2086351667109,312,13.028430986406734,80.20789146390362,0.10699337210149279,0.10699337210149279,best,True
7842,N/A,N/A,13.0285306,80.2037206,312,13.028430986406734,80.20789146390362,0.5883250095534063,0.5883250095534063,best,True
1795,N/A,N/A,13.027869249282194,80.20843250892915,312,13.028430986406734,80.20789146390362,0.11112065699103309,0.11112065699103309,best,True
4884,N/A,N/A,13.02889074119872,80.208858595603,312,13.028430986406734,80.20789146390362,0.15156306849826995,0.15156306849826995,best,True
4958,N/A,N/A,13.029446879650056,80.20902792438993,312,13.028430986406734,80.20789146390362,0.2168618711615077,0.2168618711615077,best,True
3745,N/A,N/A,13.0263166,80.2063355,312,13.028430986406734,80.20789146390362,0.3749849325585248,0.3749849325585248,best,True
117,N/A,N/A,13.0250682,80.20244579999999,312,13.028430986406734,80.20789146390362,0.9075271877181651,0.9075271877181651,best,True
123,N/A,N/A,13.0294896,80.2084704,312,13.028430986406734,80.20789146390362,0.17275632874797364,0.17275632874797364,best,True
4776,N/A,N/A,13.0294896,80.2084704,312,13.028430986406734,80.20789146390362,0.17275632874797364,0.17275632874797364,best,True
4858,N/A,N/A,13.02902483476024,80.20886364555831,312,13.028430986406734,80.20789146390362,0.16151899379882012,0.16151899379882012,best,True
5784,N/A,N/A,13.026567292973516,80.21048776696296,312,13.028430986406734,80.20789146390362,0.4537454227536332,0.4537454227536332,best,True
3145,N/A,N/A,13.028257186941245,80.2086484283417,312,13.028430986406734,80.20789146390362,0.10963027220500886,0.10963027220500886,best,True
7901,N/A,N/A,13.0294896,80.2084704,312,13.028430986406734,80.20789146390362,0.17275632874797364,0.17275632874797364,best,True
640,N/A,N/A,13.0294896,80.2084704,312,13.028430986406734,80.20789146390362,0.17275632874797364,0.17275632874797364,best,True
1731,N/A,N/A,13.0294896,80.2084704,312,13.028430986406734,80.20789146390362,0.17275632874797364,0.17275632874797364,best,True
2610,N/A,N/A,13.0294896,80.2084704,312,13.028430986406734,80.20789146390362,0.17275632874797364,0.17275632874797364,best,True
11371,N/A,N/A,13.075314191820322,80.18669826965355,313,13.074543037526464,80.18618691759953,0.13228050526765298,0.13228050526765298,best,True
11083,N/A,N/A,13.071580463575604,80.18603604039504,313,13.074543037526464,80.18618691759953,0.4266093661647742,0.4266093661647742,best,True
10090,N/A,N/A,13.0769295,80.1859808,313,13.074543037526464,80.18618691759953,0.34445018653911796,0.34445018653911796,best,True
8649,N/A,N/A,13.0784567,80.1861807,313,13.074543037526464,80.18618691759953,0.5628654973656713,0.5628654973656713,best,True
10496,N/A,N/A,13.071343822531992,80.18617280636411,313,13.074543037526464,80.18618691759953,0.4601168104287587,0.4601168104287587,best,True
10262,N/A,N/A,13.0748306,80.1863264,313,13.074543037526464,80.18618691759953,0.04579472677098599,0.04579472677098599,best,True
3979,N/A,N/A,13.0737863,80.18485609999999,313,13.074543037526464,80.18618691759953,0.2169095772953975,0.2169095772953975,best,True
978,N/A,N/A,13.0769662,80.187415,313,13.074543037526464,80.18618691759953,0.3891418165686971,0.3891418165686971,best,True
5649,N/A,N/A,13.07660179720838,80.18599455451371,313,13.074543037526464,80.18618691759953,0.2973312642421402,0.2973312642421402,best,True
1832,N/A,N/A,13.0769295,80.1859808,313,13.074543037526464,80.18618691759953,0.34445018653911796,0.34445018653911796,best,True
1721,N/A,N/A,13.0729976,80.1857793,313,13.074543037526464,80.18618691759953,0.22957501681098239,0.22957501681098239,best,True
3796,N/A,N/A,13.071371271342192,80.18632497761578,313,13.074543037526464,80.18618691759953,0.45657991290758776,0.45657991290758776,best,True
2494,N/A,N/A,13.071384898054196,80.18625111322575,313,13.074543037526464,80.18618691759953,0.454295178759592,0.454295178759592,best,True
75,N/A,N/A,13.075109680837778,80.18661998462525,313,13.074543037526464,80.18618691759953,0.10183023820970542,0.10183023820970542,best,True
2975,N/A,N/A,13.0739183,80.1907184,314,13.073654179130378,80.19093440178162,0.048686399542220184,0.048686399542220184,best,True
5645,N/A,N/A,13.0739183,80.1907184,314,13.073654179130378,80.19093440178162,0.048686399542220184,0.048686399542220184,best,True
551,N/A,N/A,13.0739183,80.1907184,314,13.073654179130378,80.19093440178162,0.048686399542220184,0.048686399542220184,best,True
165,N/A,N/A,13.073894061954576,80.19102740058413,314,13.073654179130378,80.19093440178162,0.03690761317402661,0.03690761317402661,best,True
282,N/A,N/A,13.073817071088442,80.19078861366889,314,13.073654179130378,80.19093440178162,0.03116598046804526,0.03116598046804526,best,True
3741,N/A,N/A,13.0732558,80.19116799999999,314,13.073654179130378,80.19093440178162,0.06608644160939073,0.06608644160939073,best,True
4731,N/A,N/A,13.0732558,80.19116799999999,314,13.073654179130378,80.19093440178162,0.06608644160939073,0.06608644160939073,best,True
6390,N/A,N/A,13.0732558,80.19116799999999,314,13.073654179130378,80.19093440178162,0.06608644160939073,0.06608644160939073,best,True
1538,N/A,N/A,12.871291247096622,79.70879182883418,315,12.871765520419515,79.7029077920404,0.8330486920077388,0.8330486920077388,best,True
290,N/A,N/A,12.8708279005629,79.70852543503732,315,12.871765520419515,79.7029077920404,0.804051650894871,0.804051650894871,best,True
8835,N/A,N/A,12.906984267099604,80.2332179882556,316,12.911307104887513,80.23122204368227,0.6825026141649467,0.6825026141649467,best,True
1409,N/A,N/A,12.9069634,80.228504,316,12.911307104887513,80.23122204368227,0.7330093707867036,0.7330093707867036,best,True
7525,N/A,N/A,12.91222885245045,80.23313188647346,316,12.911307104887513,80.23122204368227,0.3002855756792467,0.3002855756792467,best,True
9911,N/A,N/A,12.836918,79.7134004,317,12.83652303081882,79.71515473638577,0.25400805749342675,0.25400805749342675,best,True
10738,N/A,N/A,12.836056264925965,79.7174731549295,317,12.83652303081882,79.71515473638577,0.3339956213707749,0.3339956213707749,best,True
5671,N/A,N/A,12.8343379,79.71522569999999,317,12.83652303081882,79.71515473638577,0.31442028561685154,0.31442028561685154,best,True
755,N/A,N/A,12.8397338,79.7111791,317,12.83652303081882,79.71515473638577,0.7266362594028878,0.7266362594028878,best,True
1725,N/A,N/A,12.836109248144687,79.71750175032626,317,12.83652303081882,79.71515473638577,0.33651893043305825,0.33651893043305825,best,True
3676,N/A,N/A,12.83391161848664,79.7160837796846,317,12.83652303081882,79.71515473638577,0.3977947076500814,0.3977947076500814,best,True
7561,N/A,N/A,12.8325246,79.7148558,317,12.83652303081882,79.71515473638577,0.576590968224973,0.576590968224973,best,True
1930,N/A,N/A,12.838004037363005,79.71296193868857,317,12.83652303081882,79.71515473638577,0.375668484600552,0.375668484600552,best,True
5337,N/A,N/A,12.841939939267895,79.71657394022883,317,12.83652303081882,79.71515473638577,0.8043802834491153,0.8043802834491153,best,True
5856,N/A,N/A,12.8356949,79.7162918,317,12.83652303081882,79.71515473638577,0.19983437383717276,0.19983437383717276,best,True
9413,N/A,N/A,13.119347478725652,80.07400049517086,318,13.119893264475234,80.07571177272361,0.25367569697130027,0.25367569697130027,best,True
10072,N/A,N/A,13.120071030996971,80.07963121491528,318,13.119893264475234,80.07571177272361,0.5530841348441492,0.5530841348441492,best,True
8596,N/A,N/A,13.123516,80.07397259999999,318,13.119893264475234,80.07571177272361,0.5758201168165273,0.5758201168165273,best,True
8950,N/A,N/A,13.11920714203532,80.0795512531934,318,13.119893264475234,80.07571177272361,0.5501445774859499,0.5501445774859499,best,True
5011,N/A,N/A,13.119194900311156,80.07410459191729,318,13.119893264475234,80.07571177272361,0.2478182681930608,0.2478182681930608,best,True
2413,N/A,N/A,13.119278293541871,80.07597516334764,318,13.119893264475234,80.07571177272361,0.09592259360479148,0.09592259360479148,best,True
7728,N/A,N/A,13.1192492223328,80.07387857172424,318,13.119893264475234,80.07571177272361,0.2745116649043178,0.2745116649043178,best,True
3635,N/A,N/A,13.1186682,80.074851,318,13.119893264475234,80.07571177272361,0.21392870436448255,0.21392870436448255,best,True
2967,N/A,N/A,13.1186682,80.074851,318,13.119893264475234,80.07571177272361,0.21392870436448255,0.21392870436448255,best,True
458,N/A,N/A,13.12234680774294,80.0778075146283,318,13.119893264475234,80.07571177272361,0.46020674419565444,0.46020674419565444,best,True
6190,N/A,N/A,13.121372191239034,80.07159490395108,318,13.119893264475234,80.07571177272361,0.6180728944405633,0.6180728944405633,best,True
7529,N/A,N/A,13.119226478699629,80.0797296745536,318,13.119893264475234,80.07571177272361,0.5744342471049659,0.5744342471049659,best,True
5510,N/A,N/A,13.119065579710584,80.07463107366696,318,13.119893264475234,80.07571177272361,0.19333130760502787,0.19333130760502787,best,True
206,N/A,N/A,13.119090400963994,80.07444468416597,318,13.119893264475234,80.07571177272361,0.21268566252499913,0.21268566252499913,best,True
1941,N/A,N/A,13.11903774437579,80.07453703672496,318,13.119893264475234,80.07571177272361,0.2063020003714835,0.2063020003714835,best,True
1478,N/A,N/A,13.1196407,80.0749822,318,13.119893264475234,80.07571177272361,0.10906859459990437,0.10906859459990437,best,True
687,N/A,N/A,13.123516,80.07397259999999,318,13.119893264475234,80.07571177272361,0.5758201168165273,0.5758201168165273,best,True
3131,N/A,N/A,13.1206545,80.0758634,318,13.119893264475234,80.07571177272361,0.11154847053219888,0.11154847053219888,best,True
2222,N/A,N/A,13.1191519980246,80.07975101105937,318,13.119893264475234,80.07571177272361,0.5792753923378785,0.5792753923378785,best,True
302,N/A,N/A,13.1190172470596,80.07454566000821,318,13.119893264475234,80.07571177272361,0.2071075759727905,0.2071075759727905,best,True
8001,N/A,N/A,13.11905355022014,80.07457133604379,318,13.119893264475234,80.07571177272361,0.20106813672653942,0.20106813672653942,best,True
5293,N/A,N/A,13.1192781524751,80.07841201484842,318,13.119893264475234,80.07571177272361,0.3907778387687688,0.3907778387687688,best,True
10053,N/A,N/A,13.1084531,80.0801561,319,13.10965970953172,80.07940359353005,0.20338998141258438,0.20338998141258438,best,True
8393,N/A,N/A,13.110866319063437,80.0786510870601,319,13.10965970953172,80.07940359353005,0.20338972563164887,0.20338972563164887,best,True
11255,N/A,N/A,13.196734178833765,80.18120728881793,320,13.200105332728814,80.1754313140581,0.9473990972516751,0.9473990972516751,best,True
11327,N/A,N/A,13.196681653662342,80.18109855874486,320,13.200105332728814,80.1754313140581,0.9382111624153121,0.9382111624153121,best,True
11267,N/A,N/A,13.1995591,80.1772951,320,13.200105332728814,80.1754313140581,0.27413594998112045,0.27413594998112045,best,True
1463,N/A,N/A,13.199239991242372,80.1788745870519,320,13.200105332728814,80.1754313140581,0.5009210916693723,0.5009210916693723,best,True
520,N/A,N/A,13.194547674582044,80.17558359973995,320,13.200105332728814,80.1754313140581,0.7996005784856391,0.7996005784856391,best,True
5875,N/A,N/A,13.204031696657353,80.17169773186104,320,13.200105332728814,80.1754313140581,0.7718053238539765,0.7718053238539765,best,True
6961,N/A,N/A,13.194100515504948,80.17463148273572,320,13.200105332728814,80.1754313140581,0.8709476020308538,0.8709476020308538,best,True
2149,N/A,N/A,13.204473130620338,80.17517356085203,320,13.200105332728814,80.1754313140581,0.6292340852803697,0.6292340852803697,best,True
5210,N/A,N/A,13.202712153583622,80.17798598159219,320,13.200105332728814,80.1754313140581,0.5197672455529329,0.5197672455529329,best,True
4306,N/A,N/A,13.201243529689537,80.1775575539821,320,13.200105332728814,80.1754313140581,0.3414231975301004,0.3414231975301004,best,True
5698,N/A,N/A,13.19568086033645,80.17627420598754,320,13.200105332728814,80.1754313140581,0.6473263921641433,0.6473263921641433,best,True
4440,N/A,N/A,13.203809104017664,80.17562645496608,320,13.200105332728814,80.1754313140581,0.533392642384008,0.533392642384008,best,True
6141,N/A,N/A,13.203749364779428,80.175525821348,320,13.200105332728814,80.1754313140581,0.5242607166475564,0.5242607166475564,best,True
10904,N/A,N/A,13.0975484,80.1879822,321,13.100372486033379,80.18736002175437,0.4155248306641174,0.4155248306641174,best,True
9336,N/A,N/A,13.0995943,80.1877442,321,13.100372486033379,80.18736002175437,0.12433471167264659,0.12433471167264659,best,True
9638,N/A,N/A,13.100645579364974,80.19010278976974,321,13.100372486033379,80.18736002175437,0.3886465496138486,0.3886465496138486,best,True
9168,N/A,N/A,13.100700842370587,80.18899086762501,321,13.100372486033379,80.18736002175437,0.2347055915274564,0.2347055915274564,best,True
9921,N/A,N/A,13.1024374,80.1846809,321,13.100372486033379,80.18736002175437,0.48045822588585735,0.48045822588585735,best,True
8362,N/A,N/A,13.0975153,80.1863841,321,13.100372486033379,80.18736002175437,0.4333422883449095,0.4333422883449095,best,True
6413,N/A,N/A,13.099627563585027,80.18650836371538,321,13.100372486033379,80.18736002175437,0.16091198891787384,0.16091198891787384,best,True
7991,N/A,N/A,13.0964535,80.1845234,321,13.100372486033379,80.18736002175437,0.6910812028205893,0.6910812028205893,best,True
7643,N/A,N/A,13.0997528,80.1890724,321,13.100372486033379,80.18736002175437,0.25732653639637687,0.25732653639637687,best,True
5263,N/A,N/A,13.103259073997815,80.18581920866279,321,13.100372486033379,80.18736002175437,0.46854213937429284,0.46854213937429284,best,True
4683,N/A,N/A,13.100489239959174,80.18903462630502,321,13.100372486033379,80.18736002175437,0.23667088906698508,0.23667088906698508,best,True
6885,N/A,N/A,13.103440836734537,80.18527046865604,321,13.100372486033379,80.18736002175437,0.5305753555025562,0.5305753555025562,best,True
7537,N/A,N/A,13.10128229963926,80.19077319143655,321,13.100372486033379,80.18736002175437,0.49863953456141963,0.49863953456141963,best,True
4285,N/A,N/A,13.103354,80.1852232,321,13.100372486033379,80.18736002175437,0.5240361121474373,0.5240361121474373,best,True
6407,N/A,N/A,13.100796614764048,80.18732107304689,321,13.100372486033379,80.18736002175437,0.061245133699664805,0.061245133699664805,best,True
4090,N/A,N/A,13.0997787883518,80.18906502658606,321,13.100372486033379,80.18736002175437,0.25507628846376174,0.25507628846376174,best,True
3836,N/A,N/A,13.099655723800236,80.18662435402082,321,13.100372486033379,80.18736002175437,0.14622676218022207,0.14622676218022207,best,True
8854,N/A,N/A,13.09552,80.194054,322,13.097443466606174,80.19327608290058,0.2975793217100553,0.2975793217100553,best,True
8995,N/A,N/A,13.099100201096745,80.19465236137694,322,13.097443466606174,80.19327608290058,0.3072746701446429,0.3072746701446429,best,True
6029,N/A,N/A,13.0972396,80.1933651,322,13.097443466606174,80.19327608290058,0.03189292382253239,0.03189292382253239,best,True
2117,N/A,N/A,13.098319036132494,80.19083133431987,322,13.097443466606174,80.19327608290058,0.36693209936105065,0.36693209936105065,best,True
1531,N/A,N/A,13.09730526869072,80.19341837858747,322,13.097443466606174,80.19327608290058,0.02823921611791639,0.02823921611791639,best,True
449,N/A,N/A,13.097176693717085,80.19333532311921,322,13.097443466606174,80.19327608290058,0.03926586612819979,0.03926586612819979,best,True
11080,N/A,N/A,13.040932194308608,80.09412779723812,323,13.039611790271678,80.09208102000892,0.3454828628061507,0.3454828628061507,best,True
8600,N/A,N/A,13.040791,80.0922856,323,13.039611790271678,80.09208102000892,0.1720299484773621,0.1720299484773621,best,True
8759,N/A,N/A,13.041763336502166,80.09213399962228,323,13.039611790271678,80.09208102000892,0.30952572065296713,0.30952572065296713,best,True
7409,N/A,N/A,13.03969153674672,80.09202430855932,323,13.039611790271678,80.09208102000892,0.013981750201755934,0.013981750201755934,best,True
4187,N/A,N/A,13.038446079479012,80.09284542431435,323,13.039611790271678,80.09208102000892,0.19931251028965077,0.19931251028965077,best,True
2230,N/A,N/A,13.0418322,80.093688,323,13.039611790271678,80.09208102000892,0.3915652214042928,0.3915652214042928,best,True
7338,N/A,N/A,13.0392556,80.093125,323,13.039611790271678,80.09208102000892,0.15586804403218607,0.15586804403218607,best,True
7334,N/A,N/A,13.0388498,80.091741,323,13.039611790271678,80.09208102000892,0.11961869199672538,0.11961869199672538,best,True
7390,N/A,N/A,13.038784115421253,80.09163825622066,323,13.039611790271678,80.09208102000892,0.13441554620512894,0.13441554620512894,best,True
7376,N/A,N/A,13.0381407,80.0925133,323,13.039611790271678,80.09208102000892,0.22017799749572753,0.22017799749572753,best,True
6529,N/A,N/A,13.044010038115111,80.09255808188662,323,13.039611790271678,80.09208102000892,0.6361231986048548,0.6361231986048548,best,True
7378,N/A,N/A,13.0397691,80.0921929,323,13.039611790271678,80.09208102000892,0.027581501178351904,0.027581501178351904,best,True
7940,N/A,N/A,13.039841,80.092154,323,13.039611790271678,80.09208102000892,0.03453386639279463,0.03453386639279463,best,True
11315,N/A,N/A,13.03773419564724,80.09865431503579,324,13.041767064294904,80.09838467370945,0.5812523438567693,0.5812523438567693,best,True
10986,N/A,N/A,13.043718,80.09773299999999,324,13.041767064294904,80.09838467370945,0.2952473740764103,0.2952473740764103,best,True
11259,N/A,N/A,13.0451473,80.096208,324,13.041767064294904,80.09838467370945,0.5749257890884041,0.5749257890884041,best,True
10879,N/A,N/A,13.045206487114651,80.09794813399351,324,13.041767064294904,80.09838467370945,0.49847334541123955,0.49847334541123955,best,True
10867,N/A,N/A,13.0424737,80.1011792,324,13.041767064294904,80.09838467370945,0.4069405022172753,0.4069405022172753,best,True
2574,N/A,N/A,13.043117795892249,80.09969211435566,324,13.041767064294904,80.09838467370945,0.26781606301289973,0.26781606301289973,best,True
4152,N/A,N/A,13.0359254,80.0990596,324,13.041767064294904,80.09838467370945,0.8455216699192569,0.8455216699192569,best,True
5744,N/A,N/A,13.0377051,80.0974341,324,13.041767064294904,80.09838467370945,0.5993717828133428,0.5993717828133428,best,True
7765,N/A,N/A,13.0448756,80.0975536,324,13.041767064294904,80.09838467370945,0.46217326527536673,0.46217326527536673,best,True
8857,N/A,N/A,13.097251518267347,79.86327698981641,325,13.097560059145016,79.86154129471211,0.2486807061217655,0.2486807061217655,best,True
3589,N/A,N/A,13.101852254944935,79.86256359418198,325,13.097560059145016,79.86154129471211,0.6339064943973102,0.6339064943973102,best,True
5981,N/A,N/A,13.094894903857002,79.85941164432414,325,13.097560059145016,79.86154129471211,0.4868877671430413,0.4868877671430413,best,True
10459,N/A,N/A,13.071259450055834,80.21410816275895,326,13.072427978616593,80.215981308378,0.31303220169963747,0.31303220169963747,best,True
9540,N/A,N/A,13.0724931,80.2175352,326,13.072427978616593,80.215981308378,0.21928197023795368,0.21928197023795368,best,True
8474,N/A,N/A,13.075056763199292,80.21585318316372,326,13.072427978616593,80.215981308378,0.37850428282489595,0.37850428282489595,best,True
9201,N/A,N/A,13.0729863,80.2167333,326,13.072427978616593,80.215981308378,0.13299833005926381,0.13299833005926381,best,True
8394,N/A,N/A,13.0718048,80.21742259999999,326,13.072427978616593,80.215981308378,0.2220940757055593,0.2220940757055593,best,True
8447,N/A,N/A,13.0718048,80.21742259999999,326,13.072427978616593,80.215981308378,0.2220940757055593,0.2220940757055593,best,True
1215,N/A,N/A,13.074145326730372,80.21596176354825,326,13.072427978616593,80.215981308378,0.24700513967794308,0.24700513967794308,best,True
7862,N/A,N/A,13.074990592770968,80.21596166637258,326,13.072427978616593,80.215981308378,0.36856672174425775,0.36856672174425775,best,True
276,N/A,N/A,13.0751449419882,80.21732325409135,326,13.072427978616593,80.215981308378,0.43414924421475787,0.43414924421475787,best,True
6626,N/A,N/A,13.07188483122529,80.21560781301164,326,13.072427978616593,80.215981308378,0.09420730852460107,0.09420730852460107,best,True
7364,N/A,N/A,13.0739158,80.2158902,326,13.072427978616593,80.215981308378,0.21436433653863265,0.21436433653863265,best,True
3818,N/A,N/A,13.071330498789347,80.21558573369634,326,13.072427978616593,80.215981308378,0.16740362350656765,0.16740362350656765,best,True
2729,N/A,N/A,13.0716288,80.2148135,326,13.072427978616593,80.215981308378,0.20079829487241715,0.20079829487241715,best,True
5021,N/A,N/A,13.072053981426812,80.21558683570679,326,13.072427978616593,80.215981308378,0.07737171288132665,0.07737171288132665,best,True
1368,N/A,N/A,13.071379019899007,80.21567595661216,326,13.072427978616593,80.215981308378,0.15688426286120163,0.15688426286120163,best,True
2832,N/A,N/A,13.071271140948788,80.21562881286746,326,13.072427978616593,80.215981308378,0.17364094229425295,0.17364094229425295,best,True
4224,N/A,N/A,13.070978153142118,80.21555118215252,326,13.072427978616593,80.215981308378,0.217154130280341,0.217154130280341,best,True
4407,N/A,N/A,13.071803050020604,80.2156488966891,326,13.072427978616593,80.215981308378,0.10136288583027905,0.10136288583027905,best,True
7646,N/A,N/A,13.071366283404313,80.21564145720168,326,13.072427978616593,80.215981308378,0.16003494051189132,0.16003494051189132,best,True
5381,N/A,N/A,13.071261938730943,80.21567404968783,326,13.072427978616593,80.215981308378,0.17320523476545058,0.17320523476545058,best,True
10180,N/A,N/A,13.066922252567949,80.21821144191615,327,13.068681309563344,80.21602488545288,0.3988027588983601,0.3988027588983601,best,True
7231,N/A,N/A,13.068766239905049,80.21532395538716,327,13.068681309563344,80.21602488545288,0.09957702937458116,0.09957702937458116,best,True
3600,N/A,N/A,13.068755232754317,80.21441613603207,327,13.068681309563344,80.21602488545288,0.22706867046433793,0.22706867046433793,best,True
7687,N/A,N/A,13.0687817,80.2147491,327,13.068681309563344,80.21602488545288,0.18045314668965068,0.18045314668965068,best,True
4733,N/A,N/A,13.068811206246382,80.21505515318886,327,13.068681309563344,80.21602488545288,0.13799420520662167,0.13799420520662167,best,True
2614,N/A,N/A,13.066983499797088,80.21840312477394,327,13.068681309563344,80.21602488545288,0.4147987155587236,0.4147987155587236,best,True
3384,N/A,N/A,13.068583984752191,80.2196862038654,327,13.068681309563344,80.21602488545288,0.5164038815674271,0.5164038815674271,best,True
2289,N/A,N/A,13.068818959695834,80.21846640933673,327,13.068681309563344,80.21602488545288,0.34480232312829096,0.34480232312829096,best,True
6952,N/A,N/A,13.069458699956089,80.21544250730432,327,13.068681309563344,80.21602488545288,0.13871676169290723,0.13871676169290723,best,True
3313,N/A,N/A,13.0683843,80.2144736,327,13.068681309563344,80.21602488545288,0.22285011178762518,0.22285011178762518,best,True
7190,N/A,N/A,13.06834716700214,80.21446396668699,327,13.068681309563344,80.21602488545288,0.22526190295432033,0.22526190295432033,best,True
2630,N/A,N/A,13.070216317759082,80.21548682500767,327,13.068681309563344,80.21602488545288,0.2334360453599427,0.2334360453599427,best,True
6301,N/A,N/A,13.06837244563281,80.21452578598179,327,13.068681309563344,80.21602488545288,0.21597758590769767,0.21597758590769767,best,True
7089,N/A,N/A,13.070336327817907,80.21564418685938,327,13.068681309563344,80.21602488545288,0.24400224082311436,0.24400224082311436,best,True
10818,N/A,N/A,13.0711552,80.2193408,328,13.072532777169682,80.22039243023096,0.24746042195524925,0.24746042195524925,best,True
6308,N/A,N/A,13.0711552,80.2193408,328,13.072532777169682,80.22039243023096,0.24746042195524925,0.24746042195524925,best,True
3759,N/A,N/A,13.07390862996408,80.22087091796874,328,13.072532777169682,80.22039243023096,0.20905944881526475,0.20905944881526475,best,True
3966,N/A,N/A,13.07376385560742,80.22088487866694,328,13.072532777169682,80.22039243023096,0.19018067389459373,0.19018067389459373,best,True
1306,N/A,N/A,13.07403515415426,80.22109987788916,328,13.072532777169682,80.22039243023096,0.23798282711130644,0.23798282711130644,best,True
2374,N/A,N/A,13.0736821,80.2212825,328,13.072532777169682,80.22039243023096,0.20753436087016366,0.20753436087016366,best,True
3878,N/A,N/A,13.0714084,80.2188212,328,13.072532777169682,80.22039243023096,0.2742695002607017,0.2742695002607017,best,True
1018,N/A,N/A,13.07374361756346,80.22084536466582,328,13.072532777169682,80.22039243023096,0.18548294651905892,0.18548294651905892,best,True
6712,N/A,N/A,13.070266998834644,80.22065217673497,328,13.072532777169682,80.22039243023096,0.327916558265066,0.327916558265066,best,True
3207,N/A,N/A,13.073652092742634,80.22084181661485,328,13.072532777169682,80.22039243023096,0.17300000355950607,0.17300000355950607,best,True
4335,N/A,N/A,13.0710893,80.2203364,328,13.072532777169682,80.22039243023096,0.20775174923269663,0.20775174923269663,best,True
7381,N/A,N/A,13.039639796306137,80.22532713045904,329,13.040822410573243,80.22431084859083,0.2224056905256272,0.2224056905256272,best,True
1557,N/A,N/A,13.041119094078732,80.22471369760603,329,13.040822410573243,80.22431084859083,0.07104507656560437,0.07104507656560437,best,True
417,N/A,N/A,13.0418126,80.2247068,329,13.040822410573243,80.22431084859083,0.15296259676890228,0.15296259676890228,best,True
6145,N/A,N/A,13.0430169,80.2243674,329,13.040822410573243,80.22431084859083,0.31571239923918043,0.31571239923918043,best,True
7444,N/A,N/A,13.040382346915528,80.22435356647648,329,13.040822410573243,80.22431084859083,0.06357598513637688,0.06357598513637688,best,True
4351,N/A,N/A,13.0416459,80.2227109,329,13.040822410573243,80.22431084859083,0.25480135917714414,0.25480135917714414,best,True
2003,N/A,N/A,13.041677916587252,80.22248773204376,329,13.040822410573243,80.22431084859083,0.28499922832727187,0.28499922832727187,best,True
5747,N/A,N/A,13.037716972802514,80.22573329109535,329,13.040822410573243,80.22431084859083,0.48959561138161034,0.48959561138161034,best,True
5364,N/A,N/A,13.0418126,80.2247068,329,13.040822410573243,80.22431084859083,0.15296259676890228,0.15296259676890228,best,True
5969,N/A,N/A,13.041792468386337,80.22255869351518,329,13.040822410573243,80.22431084859083,0.2837351218528805,0.2837351218528805,best,True
3991,N/A,N/A,13.0418126,80.2247068,329,13.040822410573243,80.22431084859083,0.15296259676890228,0.15296259676890228,best,True
1043,N/A,N/A,13.0418126,80.2247068,329,13.040822410573243,80.22431084859083,0.15296259676890228,0.15296259676890228,best,True
2995,N/A,N/A,13.03814124900058,80.22862140093012,329,13.040822410573243,80.22431084859083,0.7198182860451418,0.7198182860451418,best,True
4363,N/A,N/A,13.0415575,80.2239993,329,13.040822410573243,80.22431084859083,0.11448466862319209,0.11448466862319209,best,True
4370,N/A,N/A,13.041700960269296,80.22239471296021,329,13.040822410573243,80.22431084859083,0.29827301655267296,0.29827301655267296,best,True
2442,N/A,N/A,13.04120229959642,80.22460794633753,329,13.040822410573243,80.22431084859083,0.06884815362257923,0.06884815362257923,best,True
4079,N/A,N/A,13.040439286375577,80.22580280321134,329,13.040822410573243,80.22431084859083,0.21747258248166926,0.21747258248166926,best,True
7208,N/A,N/A,13.0375203,80.2210895,329,13.040822410573243,80.22431084859083,0.657167896696018,0.657167896696018,best,True
10617,N/A,N/A,13.0457207,80.22062869999999,330,13.045087359272372,80.22139990942692,0.14185248071714654,0.14185248071714654,best,True
1747,N/A,N/A,13.045475796361858,80.22098104713464,330,13.045087359272372,80.22139990942692,0.0812967833655387,0.0812967833655387,best,True
1919,N/A,N/A,13.0445377,80.22125810000001,330,13.045087359272372,80.22139990942692,0.08154178011343285,0.08154178011343285,best,True
4383,N/A,N/A,13.0447975,80.22074130000001,330,13.045087359272372,80.22139990942692,0.10179463519636339,0.10179463519636339,best,True
4112,N/A,N/A,13.0449051,80.2233904,330,13.045087359272372,80.22139990942692,0.28188997016200956,0.28188997016200956,best,True
10332,N/A,N/A,13.05099,80.19535239999999,331,13.050356969273436,80.19781130039459,0.35846291894256305,0.35846291894256305,best,True
9295,N/A,N/A,13.0476829,80.1998366,331,13.050356969273436,80.19781130039459,0.4790169038839607,0.4790169038839607,best,True
10907,N/A,N/A,13.048129723713014,80.1999050588608,331,13.050356969273436,80.19781130039459,0.43561958042270604,0.43561958042270604,best,True
8650,N/A,N/A,13.05051040573168,80.19625213583114,331,13.050356969273436,80.19781130039459,0.22094951919548786,0.22094951919548786,best,True
11036,N/A,N/A,13.0486093,80.1976937,331,13.050356969273436,80.19781130039459,0.25189648120335384,0.25189648120335384,best,True
8593,N/A,N/A,13.053718,80.1953753,331,13.050356969273436,80.19781130039459,0.5929901073249051,0.5929901073249051,best,True
6848,N/A,N/A,13.04750668277536,80.19794513167493,331,13.050356969273436,80.19781130039459,0.4103628102221676,0.4103628102221676,best,True
6942,N/A,N/A,13.048788,80.1972469,331,13.050356969273436,80.19781130039459,0.23927162997803172,0.23927162997803172,best,True
4153,N/A,N/A,13.050605628935276,80.19631655796064,331,13.050356969273436,80.19781130039459,0.21377367997914115,0.21377367997914115,best,True
3872,N/A,N/A,13.0517578,80.2003063,331,13.050356969273436,80.19781130039459,0.40540253439429547,0.40540253439429547,best,True
3290,N/A,N/A,13.053788372813456,80.19705046102716,331,13.050356969273436,80.19781130039459,0.505030808905949,0.505030808905949,best,True
6845,N/A,N/A,13.0525311,80.19831719999999,331,13.050356969273436,80.19781130039459,0.32071723256970863,0.32071723256970863,best,True
1022,N/A,N/A,13.0513869,80.19697880000001,331,13.050356969273436,80.19781130039459,0.1889971061223107,0.1889971061223107,best,True
1950,N/A,N/A,13.052155899102871,80.19702783988113,331,13.050356969273436,80.19781130039459,0.2813195223628649,0.2813195223628649,best,True
1548,N/A,N/A,13.0475775,80.1979236,331,13.050356969273436,80.19781130039459,0.4000572479989898,0.4000572479989898,best,True
232,N/A,N/A,13.052020664576723,80.19972802147224,331,13.050356969273436,80.19781130039459,0.3609598860151469,0.3609598860151469,best,True
3886,N/A,N/A,13.0483096,80.1995361,331,13.050356969273436,80.19781130039459,0.3819020055117935,0.3819020055117935,best,True
8530,N/A,N/A,13.055123808318614,80.20409221573259,332,13.052226496462263,80.20382107831232,0.4184421343691486,0.4184421343691486,best,True
9783,N/A,N/A,13.0494007,80.20301409999999,332,13.052226496462263,80.20382107831232,0.4220347985974068,0.4220347985974068,best,True
8396,N/A,N/A,13.05247095668235,80.20248797016237,332,13.052226496462263,80.20382107831232,0.19122879863420153,0.19122879863420153,best,True
3996,N/A,N/A,13.052115600596313,80.20402219371887,332,13.052226496462263,80.20382107831232,0.03253483082963156,0.03253483082963156,best,True
897,N/A,N/A,13.0543050714204,80.20398881022163,332,13.052226496462263,80.20382107831232,0.29987517476326014,0.29987517476326014,best,True
4247,N/A,N/A,13.054353229954373,80.20410492925761,332,13.052226496462263,80.20382107831232,0.3084746906908542,0.3084746906908542,best,True
5663,N/A,N/A,13.0487958,80.20391819999999,332,13.052226496462263,80.20382107831232,0.4935934262094937,0.4935934262094937,best,True
7059,N/A,N/A,13.05247095668235,80.20248797016237,332,13.052226496462263,80.20382107831232,0.19122879863420153,0.19122879863420153,best,True
6959,N/A,N/A,13.05247095668235,80.20248797016237,332,13.052226496462263,80.20382107831232,0.19122879863420153,0.19122879863420153,best,True
3454,N/A,N/A,13.051820030786494,80.20397970901188,332,13.052226496462263,80.20382107831232,0.06259089401165785,0.06259089401165785,best,True
4203,N/A,N/A,13.048953140472896,80.20718014025043,332,13.052226496462263,80.20382107831232,0.6678001247316171,0.6678001247316171,best,True
2724,N/A,N/A,13.05443770595101,80.20408873106774,332,13.052226496462263,80.20382107831232,0.32024805851518834,0.32024805851518834,best,True
10910,N/A,N/A,13.060295,80.2028863,333,13.055733405795362,80.20074653298403,0.7220976630420086,0.7220976630420086,best,True
10772,N/A,N/A,13.0592631,80.2020533,333,13.055733405795362,80.20074653298403,0.5400448318526204,0.5400448318526204,best,True
9617,N/A,N/A,13.05347425156807,80.20129844956506,333,13.055733405795362,80.20074653298403,0.33410147863115025,0.33410147863115025,best,True
10138,N/A,N/A,13.055748,80.1992434,333,13.055733405795362,80.20074653298403,0.2119501026928965,0.2119501026928965,best,True
10394,N/A,N/A,13.057733955647953,80.20166632002498,333,13.055733405795362,80.20074653298403,0.3155972104585931,0.3155972104585931,best,True
10544,N/A,N/A,13.05472,80.2012632,333,13.055733405795362,80.20074653298403,0.16294050174178662,0.16294050174178662,best,True
8009,N/A,N/A,13.05472,80.2012632,333,13.055733405795362,80.20074653298403,0.16294050174178662,0.16294050174178662,best,True
6399,N/A,N/A,13.0588074,80.20193569999999,333,13.055733405795362,80.20074653298403,0.4728297396201466,0.4728297396201466,best,True
6296,N/A,N/A,13.05448136989982,80.19990935756866,333,13.055733405795362,80.20074653298403,0.21530948926220514,0.21530948926220514,best,True
1558,N/A,N/A,13.053778967633194,80.19972763982209,333,13.055733405795362,80.20074653298403,0.31567296756214464,0.31567296756214464,best,True
2388,N/A,N/A,13.054566035355824,80.19773829968304,333,13.055733405795362,80.20074653298403,0.45617695102389394,0.45617695102389394,best,True
5884,N/A,N/A,13.054447991890203,80.20046804232216,333,13.055733405795362,80.20074653298403,0.18899276904652393,0.18899276904652393,best,True
5581,N/A,N/A,13.054572674687734,80.20125552932885,333,13.055733405795362,80.20074653298403,0.18170987546014128,0.18170987546014128,best,True
7880,N/A,N/A,13.053658934452248,80.19974272346171,333,13.055733405795362,80.20074653298403,0.33022089798974286,0.33022089798974286,best,True
10336,N/A,N/A,13.085740082528517,80.25605772857256,334,13.087197337450899,80.25607003302764,0.20959044247270286,0.20959044247270286,best,True
9537,N/A,N/A,13.090189519154762,80.25605498009267,334,13.087197337450899,80.25607003302764,0.43034264656719645,0.43034264656719645,best,True
9098,N/A,N/A,13.089764397669136,80.25230285858305,334,13.087197337450899,80.25607003302764,0.6468147047005478,0.6468147047005478,best,True
11192,N/A,N/A,13.0863651,80.2569535,334,13.087197337450899,80.25607003302764,0.17274144280740547,0.17274144280740547,best,True
10842,N/A,N/A,13.086596669089651,80.25714649929222,334,13.087197337450899,80.25607003302764,0.17462658481840035,0.17462658481840035,best,True
10457,N/A,N/A,13.087822938467506,80.25480796629417,334,13.087197337450899,80.25607003302764,0.19938247367790188,0.19938247367790188,best,True
8916,N/A,N/A,13.0879823,80.2529117,334,13.087197337450899,80.25607003302764,0.4593524203886854,0.4593524203886854,best,True
4812,N/A,N/A,13.08617907709875,80.25869788658996,334,13.087197337450899,80.25607003302764,0.3983721011754317,0.3983721011754317,best,True
886,N/A,N/A,13.0878912,80.2574072,334,13.087197337450899,80.25607003302764,0.21329823676406573,0.21329823676406573,best,True
283,N/A,N/A,13.0860564,80.2563514,334,13.087197337450899,80.25607003302764,0.16881685753203143,0.16881685753203143,best,True
2798,N/A,N/A,13.086273,80.256937,334,13.087197337450899,80.25607003302764,0.18058761716141025,0.18058761716141025,best,True
6710,N/A,N/A,13.086544306140066,80.25726660166534,334,13.087197337450899,80.25607003302764,0.19307591777402922,0.19307591777402922,best,True
4206,N/A,N/A,13.0871714,80.2558708,334,13.087197337450899,80.25607003302764,0.028334658214346997,0.028334658214346997,best,True
4937,N/A,N/A,13.086186334164209,80.25621434129698,334,13.087197337450899,80.25607003302764,0.1468195064665662,0.1468195064665662,best,True
8638,N/A,N/A,13.0837192,80.2540737,335,13.083905883688864,80.25250600621762,0.2226425298598317,0.2226425298598317,best,True
11072,N/A,N/A,13.0837135,80.2545877,335,13.083905883688864,80.25250600621762,0.2947842082576064,0.2947842082576064,best,True
11065,N/A,N/A,13.08440403921522,80.25470633596997,335,13.083905883688864,80.25250600621762,0.3183740276809586,0.3183740276809586,best,True
9099,N/A,N/A,13.0870011,80.2517739,335,13.083905883688864,80.25250600621762,0.45696470679487683,0.45696470679487683,best,True
8202,N/A,N/A,13.083244694917155,80.25003499211113,335,13.083905883688864,80.25250600621762,0.36111585422635084,0.36111585422635084,best,True
1116,N/A,N/A,13.0837135,80.2545877,335,13.083905883688864,80.25250600621762,0.2947842082576064,0.2947842082576064,best,True
3767,N/A,N/A,13.0835547,80.2515415,335,13.083905883688864,80.25250600621762,0.14505591857084718,0.14505591857084718,best,True
6174,N/A,N/A,13.08257624943852,80.2497263146558,335,13.083905883688864,80.25250600621762,0.43605697774670554,0.43605697774670554,best,True
785,N/A,N/A,13.0836671,80.2546488,335,13.083905883688864,80.25250600621762,0.30404261311488073,0.30404261311488073,best,True
4421,N/A,N/A,13.0836671,80.2546488,335,13.083905883688864,80.25250600621762,0.30404261311488073,0.30404261311488073,best,True
2031,N/A,N/A,13.081333953732036,80.25264897075766,335,13.083905883688864,80.25250600621762,0.3704451076028883,0.3704451076028883,best,True
3049,N/A,N/A,13.0836671,80.2546488,335,13.083905883688864,80.25250600621762,0.30404261311488073,0.30404261311488073,best,True
7241,N/A,N/A,13.084320335510526,80.25184706299011,335,13.083905883688864,80.25250600621762,0.11037786415545675,0.11037786415545675,best,True
4536,N/A,N/A,13.08395,80.25468400000001,335,13.083905883688864,80.25250600621762,0.30712486268033534,0.30712486268033534,best,True
4464,N/A,N/A,13.084749657837689,80.25473403821587,335,13.083905883688864,80.25250600621762,0.3367395301280202,0.3367395301280202,best,True
1199,N/A,N/A,13.085627547312887,80.25039710622617,335,13.083905883688864,80.25250600621762,0.38692195788508615,0.38692195788508615,best,True
853,N/A,N/A,13.0855363,80.2503463,335,13.083905883688864,80.25250600621762,0.3843077978062011,0.3843077978062011,best,True
4603,N/A,N/A,13.085694125170852,80.2503332114375,335,13.083905883688864,80.25250600621762,0.39997470644656324,0.39997470644656324,best,True
2378,N/A,N/A,13.085664394711586,80.25034885664748,335,13.083905883688864,80.25250600621762,0.39554042359319325,0.39554042359319325,best,True
2497,N/A,N/A,13.085474951513532,80.25007404781144,335,13.083905883688864,80.25250600621762,0.41046228881136776,0.41046228881136776,best,True
1225,N/A,N/A,13.083792503823023,80.25458442698363,335,13.083905883688864,80.25250600621762,0.29347470924178926,0.29347470924178926,best,True
4604,N/A,N/A,13.085694312075042,80.25035448078248,335,13.083905883688864,80.25250600621762,0.3977002540407928,0.3977002540407928,best,True
5223,N/A,N/A,13.0783952,80.2539484,335,13.083905883688864,80.25250600621762,0.818222342166907,0.818222342166907,best,True
6852,N/A,N/A,13.08572736607085,80.2503245320824,335,13.083905883688864,80.25250600621762,0.4039960846277526,0.4039960846277526,best,True
6076,N/A,N/A,13.078758160892749,80.25304617876905,335,13.083905883688864,80.25250600621762,0.7442548039577161,0.7442548039577161,best,True
8418,N/A,N/A,13.1599336,80.3043994,337,13.158242688111653,80.30184023961178,0.43501330627309437,0.43501330627309437,best,True
9429,N/A,N/A,13.157743051873563,80.30180627368314,337,13.158242688111653,80.30184023961178,0.0720176604404921,0.0720176604404921,best,True
8878,N/A,N/A,13.1576426,80.3026543,337,13.158242688111653,80.30184023961178,0.1435706886150922,0.1435706886150922,best,True
4853,N/A,N/A,13.158070909718113,80.30194551697284,337,13.158242688111653,80.30184023961178,0.028818713995582772,0.028818713995582772,best,True
7108,N/A,N/A,13.1566011,80.2996336,337,13.158242688111653,80.30184023961178,0.39046827722963307,0.39046827722963307,best,True
609,N/A,N/A,13.159647667624432,80.30048392172193,337,13.158242688111653,80.30184023961178,0.2781592962134701,0.2781592962134701,best,True
4250,N/A,N/A,13.158059887565454,80.3019586649045,337,13.158242688111653,80.30184023961178,0.031141344863704713,0.031141344863704713,best,True
10011,N/A,N/A,13.1637859,80.29839179999999,338,13.164360486136546,80.30021436552079,0.26983251579934847,0.26983251579934847,best,True
8361,N/A,N/A,13.16366627665644,80.30355260448171,338,13.164360486136546,80.30021436552079,0.4809586179648512,0.4809586179648512,best,True
9492,N/A,N/A,13.166202295509448,80.30164362029127,338,13.164360486136546,80.30021436552079,0.33278104006373654,0.33278104006373654,best,True
9517,N/A,N/A,13.16492427003642,80.29706250174752,338,13.164360486136546,80.30021436552079,0.4515527805737295,0.4515527805737295,best,True
9432,N/A,N/A,13.1639178,80.3034824,338,13.164360486136546,80.30021436552079,0.46496636524896934,0.46496636524896934,best,True
9310,N/A,N/A,13.16610887427329,80.30262379897884,338,13.164360486136546,80.30021436552079,0.42254264238423095,0.42254264238423095,best,True
8374,N/A,N/A,13.1637859,80.29839179999999,338,13.164360486136546,80.30021436552079,0.26983251579934847,0.26983251579934847,best,True
4711,N/A,N/A,13.1637859,80.29839179999999,338,13.164360486136546,80.30021436552079,0.26983251579934847,0.26983251579934847,best,True
4657,N/A,N/A,13.163889151900571,80.30353117395728,338,13.164360486136546,80.30021436552079,0.4723503129038931,0.4723503129038931,best,True
2659,N/A,N/A,13.1637859,80.29839179999999,338,13.164360486136546,80.30021436552079,0.26983251579934847,0.26983251579934847,best,True
6813,N/A,N/A,13.1637859,80.29839179999999,338,13.164360486136546,80.30021436552079,0.26983251579934847,0.26983251579934847,best,True
1056,N/A,N/A,13.166097,80.3033495,338,13.164360486136546,80.30021436552079,0.5075522026237876,0.5075522026237876,best,True
423,N/A,N/A,13.1637859,80.29839179999999,338,13.164360486136546,80.30021436552079,0.26983251579934847,0.26983251579934847,best,True
1781,N/A,N/A,13.1649544,80.2943304,338,13.164360486136546,80.30021436552079,0.833653823396973,0.833653823396973,best,True
6888,N/A,N/A,13.164600847106495,80.30360513267571,338,13.164360486136546,80.30021436552079,0.47913232884862605,0.47913232884862605,best,True
7174,N/A,N/A,13.1637859,80.29839179999999,338,13.164360486136546,80.30021436552079,0.26983251579934847,0.26983251579934847,best,True
7551,N/A,N/A,13.1637859,80.29839179999999,338,13.164360486136546,80.30021436552079,0.26983251579934847,0.26983251579934847,best,True
7439,N/A,N/A,13.163840634975188,80.30354304724192,338,13.164360486136546,80.30021436552079,0.4750545785556271,0.4750545785556271,best,True
8327,N/A,N/A,12.9535388,80.1993158,339,12.948704379538501,80.19777289768822,0.7285488583029209,0.7285488583029209,best,True
2001,N/A,N/A,12.9446933,80.19386779999999,339,12.948704379538501,80.19777289768822,0.7976331363291359,0.7976331363291359,best,True
6570,N/A,N/A,12.9505744,80.19638890000002,339,12.948704379538501,80.19777289768822,0.3323310103985251,0.3323310103985251,best,True
4123,N/A,N/A,12.948758109280623,80.19937366089393,339,12.948704379538501,80.19777289768822,0.2259343617324535,0.2259343617324535,best,True
1813,N/A,N/A,12.948666441384807,80.19929213866703,339,12.948704379538501,80.19777289768822,0.21437221501920775,0.21437221501920775,best,True
4197,N/A,N/A,12.948654344850551,80.19922244313561,339,12.948704379538501,80.19777289768822,0.20459816706904113,0.20459816706904113,best,True
2134,N/A,N/A,12.9474776,80.1961988,339,12.948704379538501,80.19777289768822,0.2836043157150822,0.2836043157150822,best,True
6843,N/A,N/A,12.947272040792026,80.19852363880916,339,12.948704379538501,80.19777289768822,0.23162393587822944,0.23162393587822944,best,True
8397,N/A,N/A,13.103338314928504,80.19929365301093,340,13.102654831936816,80.20105043829216,0.26645221523738033,0.26645221523738033,best,True
10974,N/A,N/A,13.099536395315283,80.20326211629363,340,13.102654831936816,80.20105043829216,0.5462229135311252,0.5462229135311252,best,True
10792,N/A,N/A,13.103358212282505,80.20187849330077,340,13.102654831936816,80.20105043829216,0.1544666355126501,0.1544666355126501,best,True
8890,N/A,N/A,13.103450018029765,80.20227025044633,340,13.102654831936816,80.20105043829216,0.20651661407215938,0.20651661407215938,best,True
3087,N/A,N/A,13.10324310994002,80.19939013198234,340,13.102654831936816,80.20105043829216,0.24887884634606985,0.24887884634606985,best,True
8102,N/A,N/A,13.103033473405826,80.19892538602174,340,13.102654831936816,80.20105043829216,0.3044819680225301,0.3044819680225301,best,True
3808,N/A,N/A,13.103409424211817,80.20211015122314,340,13.102654831936816,80.20105043829216,0.1846487478328758,0.1846487478328758,best,True
4986,N/A,N/A,13.1032371,80.2022558,340,13.102654831936816,80.20105043829216,0.18943670150800768,0.18943670150800768,best,True
7740,N/A,N/A,13.103436863735348,80.20222034811891,340,13.102654831936816,80.20105043829216,0.1996247893401056,0.1996247893401056,best,True
6717,N/A,N/A,13.103448441491707,80.20235150024719,340,13.102654831936816,80.20105043829216,0.21602710018450788,0.21602710018450788,best,True
5908,N/A,N/A,13.0997523,80.2029336,340,13.102654831936816,80.20105043829216,0.49470854269497444,0.49470854269497444,best,True
4994,N/A,N/A,13.103080175724784,80.19927234194601,340,13.102654831936816,80.20105043829216,0.25801820117630203,0.25801820117630203,best,True
5270,N/A,N/A,13.102984577082667,80.1987507538276,340,13.102654831936816,80.20105043829216,0.32764124544899703,0.32764124544899703,best,True
3999,N/A,N/A,13.103408863889962,80.20203113373351,340,13.102654831936816,80.20105043829216,0.17570880870577527,0.17570880870577527,best,True
7863,N/A,N/A,13.10304670280631,80.19900027973681,340,13.102654831936816,80.20105043829216,0.2944585847351695,0.2944585847351695,best,True
3473,N/A,N/A,13.100340930559508,80.2026022158061,340,13.102654831936816,80.20105043829216,0.3982491259389221,0.3982491259389221,best,True
4558,N/A,N/A,13.103482238748237,80.202248711186,340,13.102654831936816,80.20105043829216,0.20662877275289296,0.20662877275289296,best,True
3765,N/A,N/A,13.10340306317118,80.2018406113976,340,13.102654831936816,80.20105043829216,0.15488179845974817,0.15488179845974817,best,True
1847,N/A,N/A,13.102998680293812,80.19895895278951,340,13.102654831936816,80.20105043829216,0.29895915599509426,0.29895915599509426,best,True
192,N/A,N/A,13.103016327774409,80.1988890248711,340,13.102654831936816,80.20105043829216,0.30910228241847565,0.30910228241847565,best,True
6810,N/A,N/A,13.10074625728154,80.20157374819642,340,13.102654831936816,80.20105043829216,0.28423331078974773,0.28423331078974773,best,True
10070,N/A,N/A,13.102944779427125,80.20825386710501,341,13.10415521148738,80.20711497310927,0.23681742903947653,0.23681742903947653,best,True
8325,N/A,N/A,13.103206,80.207732,341,13.10415521148738,80.20711497310927,0.16187272511483955,0.16187272511483955,best,True
5341,N/A,N/A,13.10305364539019,80.2077283075995,341,13.10415521148738,80.20711497310927,0.18048615567332787,0.18048615567332787,best,True
7526,N/A,N/A,13.1029369,80.2078421,341,13.10415521148738,80.20711497310927,0.2029990847646682,0.2029990847646682,best,True
3513,N/A,N/A,13.10401676535999,80.20660889740584,341,13.10415521148738,80.20711497310927,0.07406860772957738,0.07406860772957738,best,True
284,N/A,N/A,13.1051726,80.2046582,341,13.10415521148738,80.20711497310927,0.37597451522389225,0.37597451522389225,best,True
411,N/A,N/A,13.1051726,80.2046582,341,13.10415521148738,80.20711497310927,0.37597451522389225,0.37597451522389225,best,True
866,N/A,N/A,13.103206,80.207732,341,13.10415521148738,80.20711497310927,0.16187272511483955,0.16187272511483955,best,True
2393,N/A,N/A,13.103206,80.207732,341,13.10415521148738,80.20711497310927,0.16187272511483955,0.16187272511483955,best,True
4799,N/A,N/A,13.1051726,80.2046582,341,13.10415521148738,80.20711497310927,0.37597451522389225,0.37597451522389225,best,True
1726,N/A,N/A,13.103206,80.207732,341,13.10415521148738,80.20711497310927,0.16187272511483955,0.16187272511483955,best,True
3130,N/A,N/A,13.103111908723106,80.20775950718401,341,13.10415521148738,80.20711497310927,0.17541462354639753,0.17541462354639753,best,True
6417,N/A,N/A,13.1051726,80.2046582,341,13.10415521148738,80.20711497310927,0.37597451522389225,0.37597451522389225,best,True
4897,N/A,N/A,13.1051726,80.2046582,341,13.10415521148738,80.20711497310927,0.37597451522389225,0.37597451522389225,best,True
2355,N/A,N/A,13.103206,80.207732,341,13.10415521148738,80.20711497310927,0.16187272511483955,0.16187272511483955,best,True
7653,N/A,N/A,13.1026852,80.2084187,341,13.10415521148738,80.20711497310927,0.2801353851984318,0.2801353851984318,best,True
4595,N/A,N/A,13.1064044,80.2074017,341,13.10415521148738,80.20711497310927,0.3259956264613781,0.3259956264613781,best,True
6867,N/A,N/A,13.106580653821904,80.21025462910957,341,13.10415521148738,80.20711497310927,0.5635382292629653,0.5635382292629653,best,True
467,N/A,N/A,13.1080753,80.2068771,341,13.10415521148738,80.20711497310927,0.5647866550101491,0.5647866550101491,best,True
1041,N/A,N/A,13.103206,80.207732,341,13.10415521148738,80.20711497310927,0.16187272511483955,0.16187272511483955,best,True
6511,N/A,N/A,13.103206,80.207732,341,13.10415521148738,80.20711497310927,0.16187272511483955,0.16187272511483955,best,True
3538,N/A,N/A,13.1033001,80.2079696,341,13.10415521148738,80.20711497310927,0.17216184995965328,0.17216184995965328,best,True
9304,N/A,N/A,13.108315240379545,80.1992776820859,342,13.10856803800005,80.20166284684665,0.3381935670438679,0.3381935670438679,best,True
10858,N/A,N/A,13.1091642418284,80.20283429786987,342,13.10856803800005,80.20166284684665,0.18607232405059354,0.18607232405059354,best,True
10823,N/A,N/A,13.108623493095005,80.20257948801346,342,13.10856803800005,80.20166284684665,0.12946353439954444,0.12946353439954444,best,True
8476,N/A,N/A,13.1081987,80.2015594,342,13.10856803800005,80.20166284684665,0.05508386500815367,0.05508386500815367,best,True
719,N/A,N/A,13.10967700914568,80.20045713283226,342,13.10856803800005,80.20166284684665,0.23308155252587343,0.23308155252587343,best,True
1554,N/A,N/A,13.108982,80.2029392,342,13.10856803800005,80.20166284684665,0.18951992123220118,0.18951992123220118,best,True
6041,N/A,N/A,13.1062507,80.2017458,342,13.10856803800005,80.20166284684665,0.3334865478852415,0.3334865478852415,best,True
4467,N/A,N/A,13.1088331,80.2008196,342,13.10856803800005,80.20166284684665,0.12483439811298716,0.12483439811298716,best,True
4088,N/A,N/A,13.109067857551812,80.20275302081822,342,13.10856803800005,80.20166284684665,0.169661345965993,0.169661345965993,best,True
8258,N/A,N/A,13.1103542,80.2849492,343,13.115077417770742,80.2830439524173,0.7304640729252426,0.7304640729252426,best,True
9337,N/A,N/A,13.1153868,80.28308559999999,343,13.115077417770742,80.2830439524173,0.0448812684982586,0.0448812684982586,best,True
9262,N/A,N/A,13.1110485,80.27858499999999,343,13.115077417770742,80.2830439524173,0.8548933025063888,0.8548933025063888,best,True
8421,N/A,N/A,13.1169251,80.2854623,343,13.115077417770742,80.2830439524173,0.4322368626155557,0.4322368626155557,best,True
8432,N/A,N/A,13.113430169783731,80.28192659755987,343,13.115077417770742,80.2830439524173,0.28449008918949154,0.28449008918949154,best,True
8314,N/A,N/A,13.112852910492636,80.28190006361544,343,13.115077417770742,80.2830439524173,0.35826920442929455,0.35826920442929455,best,True
8356,N/A,N/A,13.117701206640517,80.28375698017408,343,13.115077417770742,80.2830439524173,0.39051234158706655,0.39051234158706655,best,True
7146,N/A,N/A,13.117346,80.2793942,343,13.115077417770742,80.2830439524173,0.6092178200000316,0.6092178200000316,best,True
8019,N/A,N/A,13.11616730603074,80.28363062748312,343,13.115077417770742,80.2830439524173,0.17722732077918377,0.17722732077918377,best,True
4968,N/A,N/A,13.1163378,80.2804941,343,13.115077417770742,80.2830439524173,0.4025603561493912,0.4025603561493912,best,True
3524,N/A,N/A,13.1153868,80.28308559999999,343,13.115077417770742,80.2830439524173,0.0448812684982586,0.0448812684982586,best,True
8017,N/A,N/A,13.116208455431376,80.28363053590354,343,13.115077417770742,80.2830439524173,0.18247666908649196,0.18247666908649196,best,True
8006,N/A,N/A,13.1153868,80.28308559999999,343,13.115077417770742,80.2830439524173,0.0448812684982586,0.0448812684982586,best,True
2681,N/A,N/A,13.1153868,80.28308559999999,343,13.115077417770742,80.2830439524173,0.0448812684982586,0.0448812684982586,best,True
2338,N/A,N/A,13.11135533260218,80.28158452962346,343,13.115077417770742,80.2830439524173,0.5734850066278735,0.5734850066278735,best,True
7355,N/A,N/A,13.121078518487586,80.28330460744516,343,13.115077417770742,80.2830439524173,0.8638657048224685,0.8638657048224685,best,True
546,N/A,N/A,13.1153868,80.28308559999999,343,13.115077417770742,80.2830439524173,0.0448812684982586,0.0448812684982586,best,True
7047,N/A,N/A,13.117230633314298,80.2843064309876,343,13.115077417770742,80.2830439524173,0.3571714608895005,0.3571714608895005,best,True
5903,N/A,N/A,13.118432415518624,80.28512948179774,343,13.115077417770742,80.2830439524173,0.5650233261888772,0.5650233261888772,best,True
932,N/A,N/A,13.1153868,80.28308559999999,343,13.115077417770742,80.2830439524173,0.0448812684982586,0.0448812684982586,best,True
5222,N/A,N/A,13.116270820551742,80.28370743121694,343,13.115077417770742,80.2830439524173,0.19546435653295385,0.19546435653295385,best,True
7489,N/A,N/A,13.1159028,80.283499,343,13.115077417770742,80.2830439524173,0.13492986570401977,0.13492986570401977,best,True
8101,N/A,N/A,13.117824694941635,80.28369627786542,343,13.115077417770742,80.2830439524173,0.40567503873949207,0.40567503873949207,best,True
7756,N/A,N/A,13.110534305776184,80.28135744018022,343,13.115077417770742,80.2830439524173,0.6953021780243084,0.6953021780243084,best,True
2593,N/A,N/A,13.11706742928387,80.28225842401176,343,13.115077417770742,80.2830439524173,0.30687934498192276,0.30687934498192276,best,True
7455,N/A,N/A,13.116160022939322,80.28374005899965,343,13.115077417770742,80.2830439524173,0.18404258631954662,0.18404258631954662,best,True
3391,N/A,N/A,13.11619822640304,80.28363969974723,343,13.115077417770742,80.2830439524173,0.18175968080673416,0.18175968080673416,best,True
6931,N/A,N/A,13.113458,80.282051,343,13.115077417770742,80.2830439524173,0.27173037899845004,0.27173037899845004,best,True
2154,N/A,N/A,13.111457032717215,80.28157048612209,343,13.115077417770742,80.2830439524173,0.5605870157535887,0.5605870157535887,best,True
2833,N/A,N/A,13.115240772809466,80.28732760676607,343,13.115077417770742,80.2830439524173,0.6043016630468981,0.6043016630468981,best,True
5324,N/A,N/A,13.116343768063643,80.28376890625032,343,13.115077417770742,80.2830439524173,0.2088392977628702,0.2088392977628702,best,True
564,N/A,N/A,13.1105929,80.2853592,343,13.115077417770742,80.2830439524173,0.7228425035142003,0.7228425035142003,best,True
5670,N/A,N/A,13.110396711443212,80.28139742306101,343,13.115077417770742,80.2830439524173,0.7120734122937314,0.7120734122937314,best,True
3438,N/A,N/A,13.1153868,80.28308559999999,343,13.115077417770742,80.2830439524173,0.0448812684982586,0.0448812684982586,best,True
5640,N/A,N/A,13.116085988744963,80.28351152579441,343,13.115077417770742,80.2830439524173,0.1593262302804736,0.1593262302804736,best,True
9653,N/A,N/A,13.1173102,80.2735715,344,13.120319537659618,80.27566851591888,0.5241192074572308,0.5241192074572308,best,True
8689,N/A,N/A,13.1205659,80.274405,344,13.120319537659618,80.27566851591888,0.1815977266072508,0.1815977266072508,best,True
760,N/A,N/A,13.123766610656691,80.27542567526055,344,13.120319537659618,80.27566851591888,0.4969418176911076,0.4969418176911076,best,True
454,N/A,N/A,13.11963543998178,80.27927188841497,344,13.120319537659618,80.27566851591888,0.517380136376849,0.517380136376849,best,True
9239,N/A,N/A,13.0327236,80.1072388,345,13.031818852078374,80.11022762245865,0.4410891826492758,0.4410891826492758,best,True
10631,N/A,N/A,13.031459483178033,80.11113643593771,345,13.031818852078374,80.11022762245865,0.13818355892259893,0.13818355892259893,best,True
9287,N/A,N/A,13.03155782394638,80.10424982557466,345,13.031818852078374,80.11022762245865,0.843778242739614,0.843778242739614,best,True
4068,N/A,N/A,13.033277910880782,80.10976520021721,345,13.031818852078374,80.11022762245865,0.2197397152905583,0.2197397152905583,best,True
7610,N/A,N/A,13.030893021725149,80.11488457408025,345,13.031818852078374,80.11022762245865,0.6700515433688593,0.6700515433688593,best,True
5207,N/A,N/A,13.032221140560267,80.11131401040456,345,13.031818852078374,80.11022762245865,0.16375528894436242,0.16375528894436242,best,True
1071,N/A,N/A,13.030752064876316,80.11120791358843,345,13.031818852078374,80.11022762245865,0.20651336860192052,0.20651336860192052,best,True
4455,N/A,N/A,13.0307383,80.1111241,345,13.031818852078374,80.11022762245865,0.20032808691724277,0.20032808691724277,best,True
3716,N/A,N/A,13.031102662446472,80.11113502851194,345,13.031818852078374,80.11022762245865,0.16426229226134748,0.16426229226134748,best,True
7090,N/A,N/A,13.03346251317036,80.1102203362718,345,13.031818852078374,80.11022762245865,0.23639355974939663,0.23639355974939663,best,True
8368,N/A,N/A,13.027023975286571,80.110807407915,346,13.026278358445598,80.11074976077117,0.1075422397023679,0.1075422397023679,best,True
11015,N/A,N/A,13.0263641,80.1084877,346,13.026278358445598,80.11074976077117,0.3192234544661037,0.3192234544661037,best,True
9383,N/A,N/A,13.0269792,80.11083529999999,346,13.026278358445598,80.11074976077117,0.1015141756978959,0.1015141756978959,best,True
9195,N/A,N/A,13.027877,80.1107313,346,13.026278358445598,80.11074976077117,0.22993125608273285,0.22993125608273285,best,True
8337,N/A,N/A,13.0269792,80.11083529999999,346,13.026278358445598,80.11074976077117,0.1015141756978959,0.1015141756978959,best,True
7431,N/A,N/A,13.027070461485213,80.11080347880548,346,13.026278358445598,80.11074976077117,0.11417177290261535,0.11417177290261535,best,True
7391,N/A,N/A,13.027029739605496,80.11079897545807,346,13.026278358445598,80.11074976077117,0.10828620350663937,0.10828620350663937,best,True
3041,N/A,N/A,13.026986744720933,80.11077394031547,346,13.026278358445598,80.11074976077117,0.1019371030789493,0.1019371030789493,best,True
3566,N/A,N/A,13.022537710350818,80.10683524589817,346,13.026278358445598,80.11074976077117,0.7708034514009557,0.7708034514009557,best,True
4625,N/A,N/A,13.026736,80.110957,346,13.026278358445598,80.11074976077117,0.07201417192979997,0.07201417192979997,best,True
3701,N/A,N/A,13.026736,80.110957,346,13.026278358445598,80.11074976077117,0.07201417192979997,0.07201417192979997,best,True
686,N/A,N/A,13.0239864,80.11446590000001,346,13.026278358445598,80.11074976077117,0.6190865341842092,0.6190865341842092,best,True
4299,N/A,N/A,13.0269792,80.11083529999999,346,13.026278358445598,80.11074976077117,0.1015141756978959,0.1015141756978959,best,True
7835,N/A,N/A,13.0269792,80.11083529999999,346,13.026278358445598,80.11074976077117,0.1015141756978959,0.1015141756978959,best,True
10462,N/A,N/A,12.818170982499518,79.70529348633298,347,12.815426416684256,79.705868220793,0.4029651632297163,0.4029651632297163,best,True
10526,N/A,N/A,12.813096326711724,79.70578505689019,347,12.815426416684256,79.705868220793,0.33531341876224174,0.33531341876224174,best,True
11246,N/A,N/A,12.818471387071726,79.70485183943764,347,12.815426416684256,79.705868220793,0.46081523413532,0.46081523413532,best,True
8512,N/A,N/A,12.8170287,79.7110807,347,12.815426416684256,79.705868220793,0.7709006745041019,0.7709006745041019,best,True
8577,N/A,N/A,12.81471107788052,79.70539392001507,347,12.815426416684256,79.705868220793,0.122739145872894,0.122739145872894,best,True
7232,N/A,N/A,12.8154838178351,79.7034502029419,347,12.815426416684256,79.705868220793,0.3413635420229106,0.3413635420229106,best,True
6721,N/A,N/A,12.814577953140407,79.70547042911888,347,12.815426416684256,79.705868220793,0.13431964404509433,0.13431964404509433,best,True
5562,N/A,N/A,12.814805424273256,79.70543944041172,347,12.815426416684256,79.705868220793,0.10788108438266222,0.10788108438266222,best,True
7131,N/A,N/A,12.814676071857631,79.70698267030906,347,12.815426416684256,79.705868220793,0.19074653839953215,0.19074653839953215,best,True
1480,N/A,N/A,12.815132170591804,79.70535119696021,347,12.815426416684256,79.705868220793,0.08435249699569371,0.08435249699569371,best,True
3791,N/A,N/A,12.814686174720244,79.7054008178604,347,12.815426416684256,79.705868220793,0.12524080267349913,0.12524080267349913,best,True
4903,N/A,N/A,12.81747187489775,79.70979429886916,347,12.815426416684256,79.705868220793,0.6273468480211751,0.6273468480211751,best,True
3917,N/A,N/A,12.814681130889484,79.70545052168838,347,12.815426416684256,79.705868220793,0.12232722222599343,0.12232722222599343,best,True
7624,N/A,N/A,12.81477462856184,79.70543420607648,347,12.815426416684256,79.705868220793,0.1119776738157504,0.1119776738157504,best,True
1756,N/A,N/A,12.815277986362096,79.70535940463067,347,12.815426416684256,79.705868220793,0.07491679542488941,0.07491679542488941,best,True
1198,N/A,N/A,12.815262093023474,79.70535978273155,347,12.815426416684256,79.705868220793,0.07554916887268343,0.07554916887268343,best,True
6482,N/A,N/A,12.8144033,79.7042909,347,12.815426416684256,79.705868220793,0.26684753403969963,0.26684753403969963,best,True
6451,N/A,N/A,12.8149644,79.70543909999999,347,12.815426416684256,79.705868220793,0.08990561665809531,0.08990561665809531,best,True
10382,N/A,N/A,12.817693573929446,79.70074458020585,348,12.819318362683395,79.7009779905904,0.235983804896552,0.235983804896552,best,True
4374,N/A,N/A,12.820249714120742,79.70179229156534,348,12.819318362683395,79.7009779905904,0.17648957877331461,0.17648957877331461,best,True
6490,N/A,N/A,12.8200118,79.7003971,348,12.819318362683395,79.7009779905904,0.12909997351223126,0.12909997351223126,best,True
8264,N/A,N/A,13.137839759437558,80.29797788586282,349,13.13553660411433,80.29265986995885,0.8195144880170464,0.8195144880170464,best,True
10206,N/A,N/A,13.1354163,80.2933872,349,13.13553660411433,80.29265986995885,0.10396936953256745,0.10396936953256745,best,True
10165,N/A,N/A,13.134546602225187,80.29328984635399,349,13.13553660411433,80.29265986995885,0.16780331439323312,0.16780331439323312,best,True
8475,N/A,N/A,13.1314444,80.2889788,349,13.13553660411433,80.29265986995885,0.7846047130473636,0.7846047130473636,best,True
10056,N/A,N/A,13.13979634752391,80.29821279458626,349,13.13553660411433,80.29265986995885,0.9939529354662667,0.9939529354662667,best,True
8749,N/A,N/A,13.1366117894479,80.2895067544805,349,13.13553660411433,80.29265986995885,0.4705736259308618,0.4705736259308618,best,True
8453,N/A,N/A,13.1366198,80.291591,349,13.13553660411433,80.29265986995885,0.21672095576498301,0.21672095576498301,best,True
8686,N/A,N/A,13.1354163,80.2933872,349,13.13553660411433,80.29265986995885,0.10396936953256745,0.10396936953256745,best,True
834,N/A,N/A,13.131722384650647,80.29207438685114,349,13.13553660411433,80.29265986995885,0.5547382204829726,0.5547382204829726,best,True
1644,N/A,N/A,13.1354163,80.2933872,349,13.13553660411433,80.29265986995885,0.10396936953256745,0.10396936953256745,best,True
1270,N/A,N/A,13.139487597551945,80.28848562774182,349,13.13553660411433,80.29265986995885,0.8179669755852219,0.8179669755852219,best,True
6596,N/A,N/A,13.13585154192955,80.29715908402889,349,13.13553660411433,80.29265986995885,0.6357939579716266,0.6357939579716266,best,True
2042,N/A,N/A,13.1354163,80.2933872,349,13.13553660411433,80.29265986995885,0.10396936953256745,0.10396936953256745,best,True
7912,N/A,N/A,13.1351676,80.2882277,349,13.13553660411433,80.29265986995885,0.6269793800255483,0.6269793800255483,best,True
693,N/A,N/A,13.1323571,80.2919683,349,13.13553660411433,80.29265986995885,0.4675544232737067,0.4675544232737067,best,True
6693,N/A,N/A,13.134641048936476,80.29321768274723,349,13.13553660411433,80.29265986995885,0.15090187052568904,0.15090187052568904,best,True
644,N/A,N/A,13.1354163,80.2933872,349,13.13553660411433,80.29265986995885,0.10396936953256745,0.10396936953256745,best,True
1662,N/A,N/A,13.134386340431735,80.2930768610378,349,13.13553660411433,80.29265986995885,0.17556333455524095,0.17556333455524095,best,True
7640,N/A,N/A,13.1351676,80.2882277,349,13.13553660411433,80.29265986995885,0.6269793800255483,0.6269793800255483,best,True
217,N/A,N/A,13.13801067015168,80.29426697548664,349,13.13553660411433,80.29265986995885,0.42181024786994914,0.42181024786994914,best,True
10704,N/A,N/A,13.132531,80.2784402,350,13.135190787042495,80.2792566572292,0.39946968865536553,0.39946968865536553,best,True
5006,N/A,N/A,13.1356978,80.279062,350,13.135190787042495,80.2792566572292,0.07791038195092401,0.07791038195092401,best,True
1814,N/A,N/A,13.137343561127476,80.2802677716876,350,13.135190787042495,80.2792566572292,0.3408414495579228,0.3408414495579228,best,True
11356,N/A,N/A,12.8702198,80.0725238,351,12.86556827465967,80.07447728203138,0.7235372850961611,0.7235372850961611,best,True
9934,N/A,N/A,12.866350015010294,80.07495218930305,351,12.86556827465967,80.07447728203138,0.13088456325290265,0.13088456325290265,best,True
10835,N/A,N/A,12.8664206,80.0752885,351,12.86556827465967,80.07447728203138,0.1677157789688839,0.1677157789688839,best,True
8877,N/A,N/A,12.862139519267878,80.07325836441801,351,12.86556827465967,80.07447728203138,0.5222525069129192,0.5222525069129192,best,True
7630,N/A,N/A,12.866283558268307,80.07490838543012,351,12.86556827465967,80.07447728203138,0.1195107257288717,0.1195107257288717,best,True
7659,N/A,N/A,12.866392101053345,80.07498355422474,351,12.86556827465967,80.07447728203138,0.1383515430851176,0.1383515430851176,best,True
7813,N/A,N/A,12.866461617273822,80.07506297035482,351,12.86556827465967,80.07447728203138,0.15276395352639816,0.15276395352639816,best,True
4835,N/A,N/A,12.866322635254424,80.07492487308052,351,12.86556827465967,80.07447728203138,0.12553533303808365,0.12553533303808365,best,True
7035,N/A,N/A,12.8664206,80.0752885,351,12.86556827465967,80.07447728203138,0.1677157789688839,0.1677157789688839,best,True
4425,N/A,N/A,12.866833851835834,80.07511125134278,351,12.86556827465967,80.07447728203138,0.2028082439424497,0.2028082439424497,best,True
6956,N/A,N/A,12.866342689003435,80.07501415076197,351,12.86556827465967,80.07447728203138,0.13469667665445859,0.13469667665445859,best,True
248,N/A,N/A,12.866196486293347,80.07505482180142,351,12.86556827465967,80.07447728203138,0.12167203966852484,0.12167203966852484,best,True
7042,N/A,N/A,12.86634773569101,80.07495433853204,351,12.86556827465967,80.07447728203138,0.1307589529875066,0.1307589529875066,best,True
6059,N/A,N/A,12.866862477448583,80.07507514042905,351,12.86556827465967,80.07447728203138,0.2043553449158028,0.2043553449158028,best,True
6750,N/A,N/A,12.861387631359865,80.07288062984703,351,12.86556827465967,80.07447728203138,0.6420777126399528,0.6420777126399528,best,True
5290,N/A,N/A,12.8664206,80.0752885,351,12.86556827465967,80.07447728203138,0.1677157789688839,0.1677157789688839,best,True
1261,N/A,N/A,12.8621186,80.073253,351,12.86556827465967,80.07447728203138,0.5253426039096893,0.5253426039096893,best,True
6912,N/A,N/A,12.866273378723974,80.0749426356929,351,12.86556827465967,80.07447728203138,0.12081013461103948,0.12081013461103948,best,True
7435,N/A,N/A,12.860003322049648,80.07230275337763,351,12.86556827465967,80.07447728203138,0.8571450595655772,0.8571450595655772,best,True
9030,N/A,N/A,12.863752511231676,80.0859091275356,352,12.862668959615807,80.08206352140769,0.5645748123915042,0.5645748123915042,best,True
2002,N/A,N/A,12.86442,80.0814292,352,12.862668959615807,80.08206352140769,0.26726494361298353,0.26726494361298353,best,True
6540,N/A,N/A,12.861159323245934,80.08078365660413,352,12.862668959615807,80.08206352140769,0.28240753990257284,0.28240753990257284,best,True
1880,N/A,N/A,12.861344003985614,80.08013210149102,352,12.862668959615807,80.08206352140769,0.33254680555920674,0.33254680555920674,best,True
11416,N/A,N/A,12.9998173,80.2708106,353,12.99976720826665,80.26634126511264,0.6303528088230435,0.6303528088230435,best,True
8642,N/A,N/A,13.002897011769972,80.26845880720838,353,12.99976720826665,80.26634126511264,0.5401831553559783,0.5401831553559783,best,True
10337,N/A,N/A,12.996519708887378,80.26791120968997,353,12.99976720826665,80.26634126511264,0.5168776043141818,0.5168776043141818,best,True
10264,N/A,N/A,13.003231485056393,80.26879224070859,353,12.99976720826665,80.26634126511264,0.6063948072115145,0.6063948072115145,best,True
11017,N/A,N/A,12.998242878577903,80.26223833152159,353,12.99976720826665,80.26634126511264,0.6187771301608919,0.6187771301608919,best,True
10552,N/A,N/A,12.99879680748513,80.26999264265044,353,12.99976720826665,80.26634126511264,0.53353288700347,0.53353288700347,best,True
6606,N/A,N/A,13.000929887197715,80.25963138666084,353,12.99976720826665,80.26634126511264,0.9609545593173151,0.9609545593173151,best,True
6386,N/A,N/A,13.000861260294894,80.25952542102921,353,12.99976720826665,80.26634126511264,0.9740314783608315,0.9740314783608315,best,True
6083,N/A,N/A,12.9943330777072,80.2685790736328,353,12.99976720826665,80.26634126511264,0.8428528558912202,0.8428528558912202,best,True
7647,N/A,N/A,13.001396719158176,80.2651700945499,353,12.99976720826665,80.26634126511264,0.2867118973673542,0.2867118973673542,best,True
2211,N/A,N/A,13.0002927,80.2666982,353,12.99976720826665,80.26634126511264,0.09080588780051907,0.09080588780051907,best,True
5043,N/A,N/A,12.996241979095007,80.2622078244054,353,12.99976720826665,80.26634126511264,0.7725738782853755,0.7725738782853755,best,True
3528,N/A,N/A,12.995849367354989,80.26787268346712,353,12.99976720826665,80.26634126511264,0.6034371167931255,0.6034371167931255,best,True
1690,N/A,N/A,13.003656414730871,80.26084529651298,353,12.99976720826665,80.26634126511264,0.9558419814465733,0.9558419814465733,best,True
8034,N/A,N/A,12.9973703,80.2690685,353,12.99976720826665,80.26634126511264,0.5164974965119359,0.5164974965119359,best,True
333,N/A,N/A,12.921110508178938,80.08951815849169,354,12.921753933139462,80.09209716584512,0.37541538189086804,0.37541538189086804,best,True
2145,N/A,N/A,12.921792509663428,80.09349121513522,354,12.921753933139462,80.09209716584512,0.19674266172875451,0.19674266172875451,best,True
209,N/A,N/A,12.9223552,80.09122789999999,354,12.921753933139462,80.09209716584512,0.15005328737256024,0.15005328737256024,best,True
950,N/A,N/A,12.921590117809158,80.09277736721916,354,12.921753933139462,80.09209716584512,0.0988087774821358,0.0988087774821358,best,True
5821,N/A,N/A,12.921431691347957,80.0922355074682,354,12.921753933139462,80.09209716584512,0.050286149988687266,0.050286149988687266,best,True
8011,N/A,N/A,12.921474699830751,80.09239692250993,354,12.921753933139462,80.09209716584512,0.058318234934825734,0.058318234934825734,best,True
3306,N/A,N/A,12.92139081999735,80.09344369391913,354,12.921753933139462,80.09209716584512,0.1970081213441208,0.1970081213441208,best,True
3544,N/A,N/A,12.921496463356435,80.09214695281815,354,12.921753933139462,80.09209716584512,0.037689225469642616,0.037689225469642616,best,True
8015,N/A,N/A,12.921422514375484,80.0923395310452,354,12.921753933139462,80.09209716584512,0.05865951575558228,0.05865951575558228,best,True
6924,N/A,N/A,12.92134635737578,80.09226124170151,354,12.921753933139462,80.09209716584512,0.06302171499268629,0.06302171499268629,best,True
6587,N/A,N/A,12.92134755472308,80.09224513533758,354,12.921753933139462,80.09209716584512,0.06206087935313647,0.06206087935313647,best,True
6864,N/A,N/A,12.921373623735697,80.09226124043144,354,12.921753933139462,80.09209716584512,0.059391769456280545,0.059391769456280545,best,True
6868,N/A,N/A,12.9213485458201,80.09214971863548,354,12.921753933139462,80.09209716584512,0.05877179506356568,0.05877179506356568,best,True
2376,N/A,N/A,12.921483176115553,80.09384072157,354,12.921753933139462,80.09209716584512,0.24903416009337564,0.24903416009337564,best,True
2713,N/A,N/A,12.921493153603045,80.09237374095346,354,12.921753933139462,80.09209716584512,0.05412024362219632,0.05412024362219632,best,True
8027,N/A,N/A,12.922940879469788,80.09089819233405,354,12.921753933139462,80.09209716584512,0.24031209570859635,0.24031209570859635,best,True
8020,N/A,N/A,12.923331414247224,80.09084651148682,354,12.921753933139462,80.09209716584512,0.28740178443772846,0.28740178443772846,best,True
7983,N/A,N/A,12.9233508,80.0908814,354,12.921753933139462,80.09209716584512,0.2866357649831744,0.2866357649831744,best,True
2699,N/A,N/A,12.9212447,80.092511,354,12.921753933139462,80.09209716584512,0.09365941933057186,0.09365941933057186,best,True
10276,N/A,N/A,12.9164274,80.0871027,355,12.919107594865867,80.08741518047808,0.38797484850801933,0.38797484850801933,best,True
3853,N/A,N/A,12.919669292789711,80.08727247110292,355,12.919107594865867,80.08741518047808,0.08325366532909688,0.08325366532909688,best,True
4869,N/A,N/A,12.919679897037906,80.08735943261799,355,12.919107594865867,80.08741518047808,0.08268266698857185,0.08268266698857185,best,True
5047,N/A,N/A,12.919686014324688,80.08730169383375,355,12.919107594865867,80.08741518047808,0.08471420391047108,0.08471420391047108,best,True
7536,N/A,N/A,12.91973714038831,80.087311623456,355,12.919107594865867,80.08741518047808,0.09171153632667965,0.09171153632667965,best,True
6564,N/A,N/A,12.9144336,80.088412,355,12.919107594865867,80.08741518047808,0.6867603922514881,0.6867603922514881,best,True
4879,N/A,N/A,12.919661232434075,80.08724886298235,355,12.919107594865867,80.08741518047808,0.08300857395375191,0.08300857395375191,best,True
5017,N/A,N/A,12.91969801412492,80.08730968055477,355,12.919107594865867,80.08741518047808,0.0862078617171963,0.0862078617171963,best,True
4988,N/A,N/A,12.919701519604368,80.08734368687988,355,12.919107594865867,80.08741518047808,0.08601091989286466,0.08601091989286466,best,True
4547,N/A,N/A,12.919698817567507,80.08733733928159,355,12.919107594865867,80.08741518047808,0.08573510368557634,0.08573510368557634,best,True
5974,N/A,N/A,12.91983999291225,80.08765465988614,355,12.919107594865867,80.08741518047808,0.11061805640911675,0.11061805640911675,best,True
4862,N/A,N/A,12.919673046909455,80.08731146389975,355,12.919107594865867,80.08741518047808,0.08262842981911452,0.08262842981911452,best,True
1498,N/A,N/A,12.919508,80.0874955,355,12.919107594865867,80.08741518047808,0.0586899863014425,0.0586899863014425,best,True
4082,N/A,N/A,12.919669754894832,80.0873044926758,355,12.919107594865867,80.08741518047808,0.08234332917150992,0.08234332917150992,best,True
4833,N/A,N/A,12.9195302,80.0874621,355,12.919107594865867,80.08741518047808,0.061137914713642216,0.061137914713642216,best,True
8622,N/A,N/A,12.9163708,80.0955801,356,12.92062341929825,80.0961880044602,0.6175898337515204,0.6175898337515204,best,True
5591,N/A,N/A,12.92327699121334,80.09739145736111,356,12.92062341929825,80.0961880044602,0.417693672938373,0.417693672938373,best,True
1161,N/A,N/A,12.922382332111344,80.09570561603606,356,12.92062341929825,80.0961880044602,0.26195856084887903,0.26195856084887903,best,True
7539,N/A,N/A,12.9167099,80.0952982,356,12.92062341929825,80.0961880044602,0.5766660407428927,0.5766660407428927,best,True
5815,N/A,N/A,12.917041027038406,80.0952279060787,356,12.92062341929825,80.0961880044602,0.5327217334274347,0.5327217334274347,best,True
5266,N/A,N/A,12.9233476,80.0971611,356,12.92062341929825,80.0961880044602,0.4151427455535169,0.4151427455535169,best,True
4265,N/A,N/A,12.9233996,80.0972239,356,12.92062341929825,80.0961880044602,0.42517099915010026,0.42517099915010026,best,True
2727,N/A,N/A,12.922459104022916,80.09591575620576,356,12.92062341929825,80.0961880044602,0.2667850055668599,0.2667850055668599,best,True
8575,N/A,N/A,13.030753675223597,80.05786094431629,357,13.025113139788916,80.05431728668982,0.9527786179315412,0.9527786179315412,best,True
4999,N/A,N/A,13.02323296131069,80.053136067481,357,13.025113139788916,80.05431728668982,0.3175941240442213,0.3175941240442213,best,True
3186,N/A,N/A,13.02323296131069,80.053136067481,357,13.025113139788916,80.05431728668982,0.3175941240442213,0.3175941240442213,best,True
7672,N/A,N/A,13.02323296131069,80.053136067481,357,13.025113139788916,80.05431728668982,0.3175941240442213,0.3175941240442213,best,True
8365,N/A,N/A,13.1231079,80.2614037,358,13.125083637809173,80.26137856052496,0.28417470209383044,0.28417470209383044,best,True
9274,N/A,N/A,13.129791105154492,80.26022173117431,358,13.125083637809173,80.26137856052496,0.6963931791327767,0.6963931791327767,best,True
10832,N/A,N/A,13.12485559050986,80.25916684752805,358,13.125083637809173,80.26137856052496,0.3134819445919462,0.3134819445919462,best,True
9205,N/A,N/A,13.1214201,80.2648612,358,13.125083637809173,80.26137856052496,0.7201480949678589,0.7201480949678589,best,True
2993,N/A,N/A,13.12465340678853,80.25905301025803,358,13.125083637809173,80.26137856052496,0.3335967325079419,0.3335967325079419,best,True
2934,N/A,N/A,13.12442589660904,80.25663529452494,358,13.125083637809173,80.26137856052496,0.6752667621661681,0.6752667621661681,best,True
5530,N/A,N/A,13.123626,80.2591218,358,13.125083637809173,80.26137856052496,0.38097745427854796,0.38097745427854796,best,True
3816,N/A,N/A,13.12396616279699,80.2591704729192,358,13.125083637809173,80.26137856052496,0.35029551542735154,0.35029551542735154,best,True
4931,N/A,N/A,13.12396344727121,80.25927574293597,358,13.125083637809173,80.26137856052496,0.3373657310618541,0.3373657310618541,best,True
7698,N/A,N/A,13.1231079,80.2614037,358,13.125083637809173,80.26137856052496,0.28417470209383044,0.28417470209383044,best,True
5965,N/A,N/A,13.1219282,80.2613779,358,13.125083637809173,80.26137856052496,0.4538182404801894,0.4538182404801894,best,True
2923,N/A,N/A,13.125114556349384,80.25918095928877,358,13.125083637809173,80.26137856052496,0.30980404972313874,0.30980404972313874,best,True
3410,N/A,N/A,13.1256354,80.2622967,358,13.125083637809173,80.26137856052496,0.15181163800888461,0.15181163800888461,best,True
2358,N/A,N/A,13.125704863784009,80.26052840518842,358,13.125083637809173,80.26137856052496,0.14947748609733266,0.14947748609733266,best,True
11108,N/A,N/A,13.007998891059062,80.1387844917073,359,13.011831686520393,80.13753954828167,0.578515623172414,0.578515623172414,best,True
11390,N/A,N/A,13.015583569611156,80.13674095717167,359,13.011831686520393,80.13753954828167,0.5512221675781465,0.5512221675781465,best,True
10158,N/A,N/A,13.0153287,80.1365452,359,13.011831686520393,80.13753954828167,0.522122157106445,0.522122157106445,best,True
10775,N/A,N/A,13.012157402277293,80.13669501260635,359,13.011831686520393,80.13753954828167,0.12798061260760615,0.12798061260760615,best,True
8923,N/A,N/A,13.007737099999998,80.13647170859831,359,13.011831686520393,80.13753954828167,0.6078324704048855,0.6078324704048855,best,True
5697,N/A,N/A,13.0135909,80.13532409999999,359,13.011831686520393,80.13753954828167,0.4020272176102299,0.4020272176102299,best,True
2221,N/A,N/A,13.01158462370995,80.14100545872151,359,13.011831686520393,80.13753954828167,0.49006491189722634,0.49006491189722634,best,True
6148,N/A,N/A,13.006310143129804,80.13796034930526,359,13.011831686520393,80.13753954828167,0.7963211697928883,0.7963211697928883,best,True
2586,N/A,N/A,13.01557415979226,80.13662668392013,359,13.011831686520393,80.13753954828167,0.5534226761707085,0.5534226761707085,best,True
2174,N/A,N/A,13.015766367462795,80.13679244087524,359,13.011831686520393,80.13753954828167,0.5756094903671505,0.5756094903671505,best,True
4803,N/A,N/A,13.008516694682,80.13998862819261,359,13.011831686520393,80.13753954828167,0.5887178771942377,0.5887178771942377,best,True
9114,N/A,N/A,13.011690353948966,80.12964444801324,360,13.009152877065668,80.13056792120769,0.38748044536042886,0.38748044536042886,best,True
9469,N/A,N/A,13.0102674,80.1326779,360,13.009152877065668,80.13056792120769,0.3379858613235763,0.3379858613235763,best,True
9059,N/A,N/A,13.011823392051095,80.12958027919393,360,13.009152877065668,80.13056792120769,0.40854772161865527,0.40854772161865527,best,True
5435,N/A,N/A,13.002391110304366,80.13011424663624,360,13.009152877065668,80.13056792120769,0.9745776375108717,0.9745776375108717,best,True
5708,N/A,N/A,13.011896378959207,80.12925700169181,360,13.009152877065668,80.13056792120769,0.4357324097201053,0.4357324097201053,best,True
3490,N/A,N/A,13.0117712,80.1317763,360,13.009152877065668,80.13056792120769,0.4133305967893319,0.4133305967893319,best,True
1838,N/A,N/A,13.0129422,80.1290854,360,13.009152877065668,80.13056792120769,0.5837065392936368,0.5837065392936368,best,True
66,N/A,N/A,13.006885133077848,80.13233518202347,360,13.009152877065668,80.13056792120769,0.41047114785235617,0.41047114785235617,best,True
7543,N/A,N/A,13.012796002315213,80.13034125451813,360,13.009152877065668,80.13056792120769,0.5249275454973267,0.5249275454973267,best,True
10482,N/A,N/A,13.125992700675626,80.21941722845001,361,13.12612455891798,80.21825353267363,0.1651255837454389,0.1651255837454389,best,True
10315,N/A,N/A,13.127639323110822,80.21730940282825,361,13.12612455891798,80.21825353267363,0.2552877329001831,0.2552877329001831,best,True
9558,N/A,N/A,13.12601683714289,80.21933272898559,361,13.12612455891798,80.21825353267363,0.152908941157446,0.152908941157446,best,True
8398,N/A,N/A,13.1252008,80.2206952,361,13.12612455891798,80.21825353267363,0.3689267394285353,0.3689267394285353,best,True
10297,N/A,N/A,13.126030428092074,80.2192605534954,361,13.12612455891798,80.21825353267363,0.14259241441678389,0.14259241441678389,best,True
9252,N/A,N/A,13.1262907,80.2197874,361,13.12612455891798,80.21825353267363,0.21752810252712232,0.21752810252712232,best,True
9507,N/A,N/A,13.126054951152922,80.2193362360454,361,13.12612455891798,80.21825353267363,0.15294439255598574,0.15294439255598574,best,True
641,N/A,N/A,13.12608939338411,80.21937085316893,361,13.12612455891798,80.21825353267363,0.15757715648630505,0.15757715648630505,best,True
3939,N/A,N/A,13.127142,80.2164499,361,13.12612455891798,80.21825353267363,0.293340733054626,0.293340733054626,best,True
553,N/A,N/A,13.12604042414016,80.2193146704082,361,13.12612455891798,80.21825353267363,0.15006518762985405,0.15006518762985405,best,True
375,N/A,N/A,13.1294353,80.2175527,361,13.12612455891798,80.21825353267363,0.48629404674331683,0.48629404674331683,best,True
7251,N/A,N/A,13.127433011183264,80.2174569358557,361,13.12612455891798,80.21825353267363,0.2191373434799876,0.2191373434799876,best,True
2120,N/A,N/A,13.12604641327069,80.21927299299496,361,13.12612455891798,80.21825353267363,0.14414058226734783,0.14414058226734783,best,True
3048,N/A,N/A,13.1225699,80.2155535,361,13.12612455891798,80.21825353267363,0.6373491164086862,0.6373491164086862,best,True
2192,N/A,N/A,13.1224507,80.218271,361,13.12612455891798,80.21825353267363,0.5283838435941008,0.5283838435941008,best,True
7623,N/A,N/A,13.12727806099852,80.21759833448354,361,13.12612455891798,80.21825353267363,0.18987275521795896,0.18987275521795896,best,True
6362,N/A,N/A,13.1276793,80.2173766,361,13.12612455891798,80.21825353267363,0.25549677623162204,0.25549677623162204,best,True
5257,N/A,N/A,13.123617,80.217891,361,13.12612455891798,80.21825353267363,0.3642422662963942,0.3642422662963942,best,True
1038,N/A,N/A,13.126009446815267,80.21935504667668,361,13.12612455891798,80.21825353267363,0.1561480645083132,0.1561480645083132,best,True
182,N/A,N/A,13.126608284364153,80.2187028507507,361,13.12612455891798,80.21825353267363,0.09408143999468933,0.09408143999468933,best,True
3162,N/A,N/A,13.128227613604462,80.21558812778643,361,13.12612455891798,80.21825353267363,0.4823301206509967,0.4823301206509967,best,True
5416,N/A,N/A,13.1221313,80.2183794,361,13.12612455891798,80.21825353267363,0.5745885198072372,0.5745885198072372,best,True
6515,N/A,N/A,13.127637633128906,80.21752029206705,361,13.12612455891798,80.21825353267363,0.2409096539844704,0.2409096539844704,best,True
7949,N/A,N/A,13.127367892967678,80.21729183017024,361,13.12612455891798,80.21825353267363,0.22439301450551744,0.22439301450551744,best,True
9321,N/A,N/A,13.130912438651928,80.22055870571317,362,13.13012861896823,80.22190350386451,0.22054492379214297,0.22054492379214297,best,True
11166,N/A,N/A,13.1311262,80.2201419,362,13.13012861896823,80.22190350386451,0.28677828322837606,0.28677828322837606,best,True
10885,N/A,N/A,13.129598675157448,80.22122151747392,362,13.13012861896823,80.22190350386451,0.12267885055286767,0.12267885055286767,best,True
8478,N/A,N/A,13.1304654,80.2223362,362,13.13012861896823,80.22190350386451,0.07788450358415061,0.07788450358415061,best,True
5071,N/A,N/A,13.1295,80.2226167,362,13.13012861896823,80.22190350386451,0.13520330910126585,0.13520330910126585,best,True
2493,N/A,N/A,13.129169,80.22454599999999,362,13.13012861896823,80.22190350386451,0.3972241892720494,0.3972241892720494,best,True
2147,N/A,N/A,13.036509643761525,79.81909347149187,363,13.036591646299073,79.8195932025565,0.07144693188278395,0.07144693188278395,best,True
3780,N/A,N/A,13.037480954328537,79.81347725270385,363,13.036591646299073,79.8195932025565,0.8718380824498256,0.8718380824498256,best,True
3000,N/A,N/A,13.037265697900096,79.81351738062395,363,13.036591646299073,79.8195932025565,0.8622145301968429,0.8622145301968429,best,True
344,N/A,N/A,13.0402544,79.8171222,363,13.036591646299073,79.8195932025565,0.6315849221313496,0.6315849221313496,best,True
9696,N/A,N/A,13.087090251594551,80.22577596896117,364,13.09023330403095,80.22838921497107,0.5831518971530673,0.5831518971530673,best,True
9622,N/A,N/A,13.089065728156486,80.22996868670678,364,13.09023330403095,80.22838921497107,0.27889222960847193,0.27889222960847193,best,True
2848,N/A,N/A,13.0910292,80.22742439999999,364,13.09023330403095,80.22838921497107,0.17777388676473482,0.17777388676473482,best,True
2419,N/A,N/A,13.0910292,80.22742439999999,364,13.09023330403095,80.22838921497107,0.17777388676473482,0.17777388676473482,best,True
3431,N/A,N/A,13.089096190154285,80.22998586342919,364,13.09023330403095,80.22838921497107,0.2782319380858665,0.2782319380858665,best,True
2261,N/A,N/A,13.091122893505908,80.2275605566479,364,13.09023330403095,80.22838921497107,0.17325315835237132,0.17325315835237132,best,True
773,N/A,N/A,13.0910292,80.22742439999999,364,13.09023330403095,80.22838921497107,0.17777388676473482,0.17777388676473482,best,True
2308,N/A,N/A,13.0910292,80.22742439999999,364,13.09023330403095,80.22838921497107,0.17777388676473482,0.17777388676473482,best,True
4576,N/A,N/A,13.0910292,80.22742439999999,364,13.09023330403095,80.22838921497107,0.17777388676473482,0.17777388676473482,best,True
4668,N/A,N/A,13.092783059425088,80.23196160033754,364,13.09023330403095,80.22838921497107,0.6229899453436194,0.6229899453436194,best,True
5643,N/A,N/A,13.0910292,80.22742439999999,364,13.09023330403095,80.22838921497107,0.17777388676473482,0.17777388676473482,best,True
4597,N/A,N/A,13.0872172862243,80.22899729976393,364,13.09023330403095,80.22838921497107,0.4421558411177202,0.4421558411177202,best,True
3172,N/A,N/A,13.0891682,80.229844,364,13.09023330403095,80.22838921497107,0.25598659557515385,0.25598659557515385,best,True
7522,N/A,N/A,13.090774440598706,80.22975928812268,364,13.09023330403095,80.22838921497107,0.20824132216562716,0.20824132216562716,best,True
6539,N/A,N/A,13.091006310804918,80.22743856059697,364,13.09023330403095,80.22838921497107,0.1741311786227141,0.1741311786227141,best,True
9176,N/A,N/A,13.087719289268078,80.23453205469923,365,13.085390743392809,80.23342606521136,0.36941224710217563,0.36941224710217563,best,True
1447,N/A,N/A,13.083561631471994,80.23427612744348,365,13.085390743392809,80.23342606521136,0.28907637313728485,0.28907637313728485,best,True
5525,N/A,N/A,13.0856285,80.2301941,365,13.085390743392809,80.23342606521136,0.4569293496315633,0.4569293496315633,best,True
4289,N/A,N/A,13.086597910509774,80.23300289877761,365,13.085390743392809,80.23342606521136,0.18357964728798756,0.18357964728798756,best,True
3489,N/A,N/A,13.085449229107,80.23429771034782,365,13.085390743392809,80.23342606521136,0.12317363691070075,0.12317363691070075,best,True
4959,N/A,N/A,13.0833879,80.2342535,365,13.085390743392809,80.23342606521136,0.31077473588016524,0.31077473588016524,best,True
11387,N/A,N/A,13.071920562676622,80.24296439831271,366,13.071144654792974,80.24231174796462,0.14463665755023775,0.14463665755023775,best,True
10977,N/A,N/A,13.0724569,80.2464372,366,13.071144654792974,80.24231174796462,0.6114978902413022,0.6114978902413022,best,True
7621,N/A,N/A,13.066866,80.241739,366,13.071144654792974,80.24231174796462,0.620633711445843,0.620633711445843,best,True
7599,N/A,N/A,13.0689815,80.24151289999999,366,13.071144654792974,80.24231174796462,0.33086603965654604,0.33086603965654604,best,True
3036,N/A,N/A,13.06926324572804,80.24268037754987,366,13.071144654792974,80.24231174796462,0.2755312557305026,0.2755312557305026,best,True
2328,N/A,N/A,13.069421440992102,80.24233346630363,366,13.071144654792974,80.24231174796462,0.24785223247939797,0.24785223247939797,best,True
542,N/A,N/A,13.0714401,80.2439841,366,13.071144654792974,80.24231174796462,0.23958270381227348,0.23958270381227348,best,True
7245,N/A,N/A,13.06826556475337,80.24350289284867,366,13.071144654792974,80.24231174796462,0.4468327453619031,0.4468327453619031,best,True
3989,N/A,N/A,13.075637143137904,80.23771180174205,366,13.071144654792974,80.24231174796462,0.9154586607932259,0.9154586607932259,best,True
4460,N/A,N/A,13.073114859491737,80.23972568880117,366,13.071144654792974,80.24231174796462,0.46176677300684515,0.46176677300684515,best,True
5419,N/A,N/A,13.068551778630177,80.24076637389227,366,13.071144654792974,80.24231174796462,0.4318956741270187,0.4318956741270187,best,True
10474,N/A,N/A,13.07137242316137,80.25363261024779,367,13.07305743384697,80.25161899164485,0.37326482143601375,0.37326482143601375,best,True
46,N/A,N/A,13.078151027058574,80.24717432906432,367,13.07305743384697,80.25161899164485,0.9640164978028606,0.9640164978028606,best,True
40,N/A,N/A,13.07816587405641,80.24717102662619,367,13.07305743384697,80.25161899164485,0.9659423269746163,0.9659423269746163,best,True
3526,N/A,N/A,13.0710177,80.25377929999999,367,13.07305743384697,80.25161899164485,0.4228790764723637,0.4228790764723637,best,True
5129,N/A,N/A,13.0683019,80.2541707,367,13.07305743384697,80.25161899164485,0.7727931451248077,0.7727931451248077,best,True
3359,N/A,N/A,13.07181321221869,80.2541642067094,367,13.07305743384697,80.25161899164485,0.4009898329513706,0.4009898329513706,best,True
4070,N/A,N/A,13.075949401974643,80.25458634380081,367,13.07305743384697,80.25161899164485,0.5899312469742296,0.5899312469742296,best,True
220,N/A,N/A,13.071604,80.2493904,367,13.07305743384697,80.25161899164485,0.3773874661251727,0.3773874661251727,best,True
6305,N/A,N/A,13.078314,80.2488511,367,13.07305743384697,80.25161899164485,0.850778562474659,0.850778562474659,best,True
10899,N/A,N/A,12.920887,80.163984,368,12.924343852139337,80.16078074706817,0.6718462044873522,0.6718462044873522,best,True
10124,N/A,N/A,12.923148534084406,80.16033356449059,368,12.924343852139337,80.16078074706817,0.1831189368211458,0.1831189368211458,best,True
10304,N/A,N/A,12.92259676191692,80.15884175291839,368,12.924343852139337,80.16078074706817,0.3714270647291545,0.3714270647291545,best,True
7633,N/A,N/A,12.920622593493745,80.15922235161,368,12.924343852139337,80.16078074706817,0.5785831686868039,0.5785831686868039,best,True
6160,N/A,N/A,12.927298348786993,80.15919569708745,368,12.924343852139337,80.16078074706817,0.48015629343183985,0.48015629343183985,best,True
1935,N/A,N/A,12.9242966,80.1598222,368,12.924343852139337,80.16078074706817,0.13539556530620572,0.13539556530620572,best,True
3712,N/A,N/A,12.9233904,80.16020089999999,368,12.924343852139337,80.16078074706817,0.15966982546511974,0.15966982546511974,best,True
2237,N/A,N/A,12.923127927528007,80.1603337211105,368,12.924343852139337,80.16078074706817,0.1858964353992379,0.1858964353992379,best,True
5151,N/A,N/A,12.923004692129886,80.16074190184888,368,12.924343852139337,80.16078074706817,0.19267431971297228,0.19267431971297228,best,True
1585,N/A,N/A,12.923341616879066,80.16042815161448,368,12.924343852139337,80.16078074706817,0.1524816535748327,0.1524816535748327,best,True
1356,N/A,N/A,12.931008454378738,80.16086186653918,368,12.924343852139337,80.16078074706817,0.9585636379635922,0.9585636379635922,best,True
1609,N/A,N/A,12.923115906204428,80.16027184079336,368,12.924343852139337,80.16078074706817,0.19063681457195975,0.19063681457195975,best,True
3357,N/A,N/A,12.919737505990922,80.16505254502428,368,12.924343852139337,80.16078074706817,0.8955743319030447,0.8955743319030447,best,True
8929,N/A,N/A,13.080345515342072,80.22540795572274,369,13.078136727207902,80.22630398946477,0.34186587544784264,0.34186587544784264,best,True
9218,N/A,N/A,13.0785292,80.2276254,369,13.078136727207902,80.22630398946477,0.19466343991903554,0.19466343991903554,best,True
9529,N/A,N/A,13.077368,80.2223815,369,13.078136727207902,80.22630398946477,0.56395983043276,0.56395983043276,best,True
8446,N/A,N/A,13.080542051720393,80.22540752145744,369,13.078136727207902,80.22630398946477,0.3683003463519973,0.3683003463519973,best,True
5835,N/A,N/A,13.077257831781592,80.22513316240321,369,13.078136727207902,80.22630398946477,0.2079086610789034,0.2079086610789034,best,True
6359,N/A,N/A,13.0782604,80.2276782,369,13.078136727207902,80.22630398946477,0.194559044221045,0.194559044221045,best,True
56,N/A,N/A,13.076397840228722,80.22832777051686,369,13.078136727207902,80.22630398946477,0.37941339655464906,0.37941339655464906,best,True
6913,N/A,N/A,13.0786997,80.2251345,369,13.078136727207902,80.22630398946477,0.1836886704473185,0.1836886704473185,best,True
7690,N/A,N/A,13.077183837425412,80.22517476055381,369,13.078136727207902,80.22630398946477,0.21006619678770044,0.21006619678770044,best,True
2312,N/A,N/A,13.077222135704316,80.22515604611226,369,13.078136727207902,80.22630398946477,0.2085557844197489,0.2085557844197489,best,True
1805,N/A,N/A,13.077825324632334,80.22872662993615,369,13.078136727207902,80.22630398946477,0.34448216133155435,0.34448216133155435,best,True
5679,N/A,N/A,13.0786616,80.22508529999999,369,13.078136727207902,80.22630398946477,0.18766924237713337,0.18766924237713337,best,True
736,N/A,N/A,13.077834832069296,80.22973277925037,369,13.078136727207902,80.22630398946477,0.4853573761975953,0.4853573761975953,best,True
6501,N/A,N/A,13.077060320534065,80.2250961014557,369,13.078136727207902,80.22630398946477,0.2301445578869064,0.2301445578869064,best,True
5282,N/A,N/A,13.07886231868035,80.22849221456325,369,13.078136727207902,80.22630398946477,0.3256799784069565,0.3256799784069565,best,True
8366,N/A,N/A,13.083261771675838,80.23092934011396,370,13.083420821056912,80.22615308764377,0.6737586991394723,0.6737586991394723,best,True
10991,N/A,N/A,13.0810823,80.224568,370,13.083420821056912,80.22615308764377,0.4038013689621977,0.4038013689621977,best,True
9845,N/A,N/A,13.083206414205677,80.23051827513623,370,13.083420821056912,80.22615308764377,0.6161892419152523,0.6161892419152523,best,True
8823,N/A,N/A,13.085041638659156,80.22391921139629,370,13.083420821056912,80.22615308764377,0.3918218836540424,0.3918218836540424,best,True
4873,N/A,N/A,13.0846953,80.2251603,370,13.083420821056912,80.22615308764377,0.2306251024817066,0.2306251024817066,best,True
1758,N/A,N/A,13.0831594533771,80.22623906894715,370,13.083420821056912,80.22615308764377,0.03949622755225583,0.03949622755225583,best,True
1695,N/A,N/A,13.0846953,80.2251603,370,13.083420821056912,80.22615308764377,0.2306251024817066,0.2306251024817066,best,True
2864,N/A,N/A,13.084653825997508,80.22337309390291,370,13.083420821056912,80.22615308764377,0.43018148925483307,0.43018148925483307,best,True
1160,N/A,N/A,13.084797,80.22426899999999,370,13.083420821056912,80.22615308764377,0.3312540866225208,0.3312540866225208,best,True
4325,N/A,N/A,13.082841768294852,80.2276321970109,370,13.083420821056912,80.22615308764377,0.22454403526745484,0.22454403526745484,best,True
169,N/A,N/A,13.082998343682924,80.22996095354532,370,13.083420821056912,80.22615308764377,0.5402721169222646,0.5402721169222646,best,True
7152,N/A,N/A,13.082580518879558,80.22448448518068,370,13.083420821056912,80.22615308764377,0.264472164986883,0.264472164986883,best,True
3639,N/A,N/A,13.08108108108108,80.22594698942308,370,13.083420821056912,80.22615308764377,0.3377548356057032,0.3377548356057032,best,True
3164,N/A,N/A,13.0829552,80.2242407,370,13.083420821056912,80.22615308764377,0.2778061940754839,0.2778061940754839,best,True
4621,N/A,N/A,13.0842624,80.2258944,370,13.083420821056912,80.22615308764377,0.12641161106902554,0.12641161106902554,best,True
53,N/A,N/A,13.0086519,79.84087869999999,371,13.0086519,79.84087869999999,0.0,0.0,best,True
506,N/A,N/A,13.0086519,79.84087869999999,371,13.0086519,79.84087869999999,0.0,0.0,best,True
9987,N/A,N/A,13.0495193,80.08848669999999,373,13.049186651038069,80.08807533107758,0.07518829670784583,0.07518829670784583,best,True
10471,N/A,N/A,13.0495193,80.08848669999999,373,13.049186651038069,80.08807533107758,0.07518829670784583,0.07518829670784583,best,True
9005,N/A,N/A,13.0495193,80.08848669999999,373,13.049186651038069,80.08807533107758,0.07518829670784583,0.07518829670784583,best,True
9849,N/A,N/A,13.050640072047452,80.0893010524605,373,13.049186651038069,80.08807533107758,0.27122679230579205,0.27122679230579205,best,True
8189,N/A,N/A,13.0495193,80.08848669999999,373,13.049186651038069,80.08807533107758,0.07518829670784583,0.07518829670784583,best,True
7897,N/A,N/A,13.049005063077724,80.08787717889453,373,13.049186651038069,80.08807533107758,0.03824507911292685,0.03824507911292685,best,True
1786,N/A,N/A,13.04891626720582,80.08743064865654,373,13.049186651038069,80.08807533107758,0.09887015267037977,0.09887015267037977,best,True
3984,N/A,N/A,13.04873105869959,80.08581299934899,373,13.049186651038069,80.08807533107758,0.3256543239162373,0.3256543239162373,best,True
4925,N/A,N/A,13.049145937555403,80.08788027672664,373,13.049186651038069,80.08807533107758,0.028119528138302992,0.028119528138302992,best,True
5218,N/A,N/A,13.049088010218496,80.08805433716138,373,13.049186651038069,80.08807533107758,0.01449208943953034,0.01449208943953034,best,True
7742,N/A,N/A,13.0489683,80.08913299999999,373,13.049186651038069,80.08807533107758,0.15240432913038154,0.15240432913038154,best,True
25,N/A,N/A,13.048892570745029,80.08742606891727,373,13.049186651038069,80.08807533107758,0.10084539492715842,0.10084539492715842,best,True
496,N/A,N/A,13.048938702505705,80.08737733265497,373,13.049186651038069,80.08807533107758,0.10468060086350726,0.10468060086350726,best,True
5433,N/A,N/A,13.04901746674581,80.08755735475144,373,13.049186651038069,80.08807533107758,0.07698243729352812,0.07698243729352812,best,True
3035,N/A,N/A,13.04885890706509,80.08760379690952,373,13.049186651038069,80.08807533107758,0.08150095095009419,0.08150095095009419,best,True
2212,N/A,N/A,13.048922228377542,80.0874397005399,373,13.049186651038069,80.08807533107758,0.09735990092246218,0.09735990092246218,best,True
1036,N/A,N/A,13.048865763682558,80.08719581045685,373,13.049186651038069,80.08807533107758,0.1323232436300597,0.1323232436300597,best,True
6747,N/A,N/A,13.048919817618335,80.08829601388157,373,13.049186651038069,80.08807533107758,0.04940623058852336,0.04940623058852336,best,True
613,N/A,N/A,13.0489683,80.08913299999999,373,13.049186651038069,80.08807533107758,0.15240432913038154,0.15240432913038154,best,True
7501,N/A,N/A,13.050048404506256,80.0884214146549,373,13.049186651038069,80.08807533107758,0.13319838203985532,0.13319838203985532,best,True
4322,N/A,N/A,13.0489683,80.08913299999999,373,13.049186651038069,80.08807533107758,0.15240432913038154,0.15240432913038154,best,True
3986,N/A,N/A,13.049035026184342,80.08762702381239,373,13.049186651038069,80.08807533107758,0.06686808145932926,0.06686808145932926,best,True
5101,N/A,N/A,13.048750333279278,80.08740502832464,373,13.049186651038069,80.08807533107758,0.11344905355706518,0.11344905355706518,best,True
3888,N/A,N/A,13.049389246437284,80.08934473878757,373,13.049186651038069,80.08807533107758,0.18134550003971914,0.18134550003971914,best,True
3907,N/A,N/A,13.0495193,80.08848669999999,373,13.049186651038069,80.08807533107758,0.07518829670784583,0.07518829670784583,best,True
11176,N/A,N/A,13.049793630805755,80.09127563857955,374,13.049716732549628,80.09268102623021,0.1984708970634655,0.1984708970634655,best,True
11249,N/A,N/A,13.049725292680236,80.09277450967551,374,13.049716732549628,80.09268102623021,0.013238725406696931,0.013238725406696931,best,True
7405,N/A,N/A,13.050794551569195,80.09354914676894,374,13.049716732549628,80.09268102623021,0.19751485293757476,0.19751485293757476,best,True
5378,N/A,N/A,13.0497054,80.09124059999999,374,13.049716732549628,80.09268102623021,0.20310960558568208,0.20310960558568208,best,True
3471,N/A,N/A,13.05040496559757,80.09254065393618,374,13.049716732549628,80.09268102623021,0.10094132400847938,0.10094132400847938,best,True
6054,N/A,N/A,13.047496167181214,80.0937133918516,374,13.049716732549628,80.09268102623021,0.3509725048291427,0.3509725048291427,best,True
3093,N/A,N/A,13.050471649184066,80.09336116477657,374,13.049716732549628,80.09268102623021,0.14486164087867284,0.14486164087867284,best,True
5426,N/A,N/A,13.050465069794432,80.09329962383703,374,13.049716732549628,80.09268102623021,0.1385325901228546,0.1385325901228546,best,True
1898,N/A,N/A,13.049711021843253,80.09225682435938,374,13.049716732549628,80.09268102623021,0.0598189756768589,0.0598189756768589,best,True
7612,N/A,N/A,13.04725551527781,80.09413603684004,374,13.049716732549628,80.09268102623021,0.40913016626925164,0.40913016626925164,best,True
5447,N/A,N/A,13.0497054,80.09124059999999,374,13.049716732549628,80.09268102623021,0.20310960558568208,0.20310960558568208,best,True
4124,N/A,N/A,13.0498229,80.09327979999999,374,13.049716732549628,80.09268102623021,0.08579792218639816,0.08579792218639816,best,True
4121,N/A,N/A,13.050420977166125,80.09330519197385,374,13.049716732549628,80.09268102623021,0.1341792449997391,0.1341792449997391,best,True
5425,N/A,N/A,13.050273047144778,80.09300161085466,374,13.049716732549628,80.09268102623021,0.09189558163268748,0.09189558163268748,best,True
5436,N/A,N/A,13.0497054,80.09124059999999,374,13.049716732549628,80.09268102623021,0.20310960558568208,0.20310960558568208,best,True
2429,N/A,N/A,13.0527883,80.0902264,375,13.053367049999999,80.0887254,0.22742082825935483,0.22742082825935483,best,True
6219,N/A,N/A,13.0527883,80.0902264,375,13.053367049999999,80.0887254,0.22742082825935483,0.22742082825935483,best,True
2271,N/A,N/A,13.0527883,80.0902264,375,13.053367049999999,80.0887254,0.22742082825935483,0.22742082825935483,best,True
1326,N/A,N/A,13.0551033,80.0842224,375,13.053367049999999,80.0887254,0.6822597428869404,0.6822597428869404,best,True
10495,N/A,N/A,13.0299999,79.9183956,376,13.030174878586276,79.91814326584083,0.043582200037657226,0.043582200037657226,best,True
1926,N/A,N/A,13.030349857172553,79.91789093168164,376,13.030174878586276,79.91814326584083,0.043582179832459135,0.043582179832459135,best,True
8251,N/A,N/A,13.1721113,80.2464335,377,13.166388555942389,80.24520850265125,0.8409656901222795,0.8409656901222795,best,True
8664,N/A,N/A,13.172672294210496,80.24700238391304,377,13.166388555942389,80.24520850265125,0.9384334741282474,0.9384334741282474,best,True
9363,N/A,N/A,13.1625003,80.243687,377,13.166388555942389,80.24520850265125,0.5989187470319236,0.5989187470319236,best,True
8964,N/A,N/A,13.1646412,80.2406929,377,13.166388555942389,80.24520850265125,0.6842332111599689,0.6842332111599689,best,True
8693,N/A,N/A,13.1670145,80.2403216,377,13.166388555942389,80.24520850265125,0.6945964412930419,0.6945964412930419,best,True
10811,N/A,N/A,13.1625003,80.243687,377,13.166388555942389,80.24520850265125,0.5989187470319236,0.5989187470319236,best,True
1050,N/A,N/A,13.1694074,80.2498412,377,13.166388555942389,80.24520850265125,0.784089739686378,0.784089739686378,best,True
4874,N/A,N/A,13.16159983461543,80.24393818070891,377,13.166388555942389,80.24520850265125,0.711610920167038,0.711610920167038,best,True
1278,N/A,N/A,13.166765292409234,80.25030125845426,377,13.166388555942389,80.24520850265125,0.7197924633666217,0.7197924633666217,best,True
216,N/A,N/A,13.1708813,80.2451294,377,13.166388555942389,80.24520850265125,0.6462493867453419,0.6462493867453419,best,True
623,N/A,N/A,13.1670287,80.2459015,377,13.166388555942389,80.24520850265125,0.13422091105934417,0.13422091105934417,best,True
3174,N/A,N/A,13.1668,80.24536700000002,377,13.166388555942389,80.24520850265125,0.06325031963753115,0.06325031963753115,best,True
7076,N/A,N/A,13.166745761958284,80.2459750140413,377,13.166388555942389,80.24520850265125,0.11962222341568614,0.11962222341568614,best,True
8647,N/A,N/A,13.0831966886784,79.9090377178753,378,13.08010279696555,79.90789939680741,0.47302159662641924,0.47302159662641924,best,True
10536,N/A,N/A,13.0817843,79.9118087,378,13.08010279696555,79.90789939680741,0.6018728249659111,0.6018728249659111,best,True
9882,N/A,N/A,13.078960591305442,79.91020719243214,378,13.08010279696555,79.90789939680741,0.3644829201705581,0.3644829201705581,best,True
5598,N/A,N/A,13.079570399999996,79.90807570000001,378,13.08010279696555,79.90789939680741,0.08050298363236932,0.08050298363236932,best,True
1008,N/A,N/A,13.0795704,79.9080757,378,13.08010279696555,79.90789939680741,0.08050298363145036,0.08050298363145036,best,True
7878,N/A,N/A,13.077530066327904,79.90916580516283,378,13.08010279696555,79.90789939680741,0.4108367878461812,0.4108367878461812,best,True
3962,N/A,N/A,13.0795704,79.9080757,378,13.08010279696555,79.90789939680741,0.08050298363145036,0.08050298363145036,best,True
6886,N/A,N/A,13.0795704,79.9080757,378,13.08010279696555,79.90789939680741,0.08050298363145036,0.08050298363145036,best,True
1976,N/A,N/A,13.0795704,79.9080757,378,13.08010279696555,79.90789939680741,0.08050298363145036,0.08050298363145036,best,True
7100,N/A,N/A,13.082668016934576,79.90852723452242,378,13.08010279696555,79.90789939680741,0.3794011547882788,0.3794011547882788,best,True
4943,N/A,N/A,13.082225,79.9047465,378,13.08010279696555,79.90789939680741,0.5392077447449423,0.5392077447449423,best,True
1033,N/A,N/A,13.078729,79.9093001,378,13.08010279696555,79.90789939680741,0.27934863170999724,0.27934863170999724,best,True
5362,N/A,N/A,13.0795704,79.9080757,378,13.08010279696555,79.90789939680741,0.08050298363145036,0.08050298363145036,best,True
4312,N/A,N/A,13.0795704,79.9080757,378,13.08010279696555,79.90789939680741,0.08050298363145036,0.08050298363145036,best,True
7200,N/A,N/A,13.083689950156852,79.90683759074713,378,13.08010279696555,79.90789939680741,0.537185857257329,0.537185857257329,best,True
2310,N/A,N/A,13.083688527121769,79.90674644508483,378,13.08010279696555,79.90789939680741,0.5407123835055804,0.5407123835055804,best,True
3608,N/A,N/A,13.0795704,79.9080757,378,13.08010279696555,79.90789939680741,0.08050298363145036,0.08050298363145036,best,True
1734,N/A,N/A,13.0795704,79.9080757,378,13.08010279696555,79.90789939680741,0.08050298363145036,0.08050298363145036,best,True
10235,N/A,N/A,13.0710766,80.1222219,379,13.073675091011843,80.12305275983529,0.39164529577788865,0.39164529577788865,best,True
11101,N/A,N/A,13.070597,80.1208862,379,13.073675091011843,80.12305275983529,0.5378507938182401,0.5378507938182401,best,True
11145,N/A,N/A,13.0740549,80.1253833,379,13.073675091011843,80.12305275983529,0.3330885671602621,0.3330885671602621,best,True
10275,N/A,N/A,13.0777182,80.120927,379,13.073675091011843,80.12305275983529,0.6541745346783039,0.6541745346783039,best,True
6784,N/A,N/A,13.073323,80.123188,379,13.073675091011843,80.12305275983529,0.054108761976477966,0.054108761976477966,best,True
4718,N/A,N/A,13.073323,80.123188,379,13.073675091011843,80.12305275983529,0.054108761976477966,0.054108761976477966,best,True
3481,N/A,N/A,13.073323,80.123188,379,13.073675091011843,80.12305275983529,0.054108761976477966,0.054108761976477966,best,True
3246,N/A,N/A,13.073323,80.123188,379,13.073675091011843,80.12305275983529,0.054108761976477966,0.054108761976477966,best,True
4946,N/A,N/A,13.073323,80.123188,379,13.073675091011843,80.12305275983529,0.054108761976477966,0.054108761976477966,best,True
8104,N/A,N/A,13.074542116203062,80.12496011593244,379,13.073675091011843,80.12305275983529,0.29641899214775147,0.29641899214775147,best,True
5922,N/A,N/A,13.074596876092572,80.12330275913848,379,13.073675091011843,80.12305275983529,0.1371771231579904,0.1371771231579904,best,True
4554,N/A,N/A,13.073323,80.123188,379,13.073675091011843,80.12305275983529,0.054108761976477966,0.054108761976477966,best,True
1347,N/A,N/A,13.073323,80.123188,379,13.073675091011843,80.12305275983529,0.054108761976477966,0.054108761976477966,best,True
2632,N/A,N/A,13.073323,80.123188,379,13.073675091011843,80.12305275983529,0.054108761976477966,0.054108761976477966,best,True
3119,N/A,N/A,13.075956672882045,80.12260612245838,379,13.073675091011843,80.12305275983529,0.33412561225879006,0.33412561225879006,best,True
11048,N/A,N/A,13.0703492,80.1270578,380,13.069165380837262,80.12524378863922,0.30724596835549356,0.30724596835549356,best,True
8186,N/A,N/A,13.0695939,80.1240011,380,13.069165380837262,80.12524378863922,0.18573099735746748,0.18573099735746748,best,True
10946,N/A,N/A,13.069376477225704,80.12399971376965,380,13.069165380837262,80.12524378863922,0.17801138002269953,0.17801138002269953,best,True
8116,N/A,N/A,13.068167338786086,80.12790234279579,380,13.069165380837262,80.12524378863922,0.4013766162987502,0.4013766162987502,best,True
8140,N/A,N/A,13.069187496046602,80.12399675009797,380,13.069165380837262,80.12524378863922,0.17585000186627497,0.17585000186627497,best,True
5674,N/A,N/A,13.06951908651298,80.12402781383888,380,13.069165380837262,80.12524378863922,0.17882931571920288,0.17882931571920288,best,True
3176,N/A,N/A,13.068114150314374,80.12784633546234,380,13.069165380837262,80.12524378863922,0.3968631250693979,0.3968631250693979,best,True
6062,N/A,N/A,13.068436,80.1240708,380,13.069165380837262,80.12524378863922,0.19584404342569203,0.19584404342569203,best,True
7757,N/A,N/A,13.068436,80.1240708,380,13.069165380837262,80.12524378863922,0.19584404342569203,0.19584404342569203,best,True
7622,N/A,N/A,13.0695939,80.1240011,380,13.069165380837262,80.12524378863922,0.18573099735746748,0.18573099735746748,best,True
4278,N/A,N/A,13.06805648551624,80.12788962825282,380,13.069165380837262,80.12524378863922,0.4057014013514682,0.4057014013514682,best,True
3375,N/A,N/A,13.070411263610412,80.12796435429452,380,13.069165380837262,80.12524378863922,0.42336270968961387,0.42336270968961387,best,True
3117,N/A,N/A,13.0695939,80.1240011,380,13.069165380837262,80.12524378863922,0.18573099735746748,0.18573099735746748,best,True
8079,N/A,N/A,13.069344156382304,80.12386801351659,380,13.069165380837262,80.12524378863922,0.19566852984456382,0.19566852984456382,best,True
5871,N/A,N/A,13.069301358164209,80.12395917756001,380,13.069165380837262,80.12524378863922,0.18217132317950652,0.18217132317950652,best,True
9293,N/A,N/A,13.123340269547924,80.2016045810851,381,13.123067905927172,80.2022895601183,0.10419814156067699,0.10419814156067699,best,True
11358,N/A,N/A,13.1215898,80.2025209,381,13.123067905927172,80.2022895601183,0.2150692652081193,0.2150692652081193,best,True
8688,N/A,N/A,13.123731678076645,80.2029819342619,381,13.123067905927172,80.2022895601183,0.1365234675102692,0.1365234675102692,best,True
9245,N/A,N/A,13.123355625890014,80.20160894893495,381,13.123067905927172,80.2022895601183,0.10448271942508096,0.10448271942508096,best,True
10318,N/A,N/A,13.123004000577987,80.20152811166035,381,13.123067905927172,80.2022895601183,0.10772685621587853,0.10772685621587853,best,True
6634,N/A,N/A,13.122887922873767,80.20153054704485,381,13.123067905927172,80.2022895601183,0.11007762028164224,0.11007762028164224,best,True
6295,N/A,N/A,13.121588562668348,80.2023983720412,381,13.123067905927172,80.2022895601183,0.2133127723280834,0.2133127723280834,best,True
7661,N/A,N/A,13.12179917287727,80.20236289119997,381,13.123067905927172,80.2022895601183,0.1827629959579157,0.1827629959579157,best,True
4055,N/A,N/A,13.12144333878232,80.20431790325266,381,13.123067905927172,80.2022895601183,0.36924158132666196,0.36924158132666196,best,True
4042,N/A,N/A,13.124436455911043,80.20098453686782,381,13.123067905927172,80.2022895601183,0.2694074884083777,0.2694074884083777,best,True
7656,N/A,N/A,13.121961626742207,80.20039396724825,381,13.123067905927172,80.2022895601183,0.3109867945900697,0.3109867945900697,best,True
5549,N/A,N/A,13.1215898,80.2025209,381,13.123067905927172,80.2022895601183,0.2150692652081193,0.2150692652081193,best,True
5646,N/A,N/A,13.122682544635314,80.20360650209963,381,13.123067905927172,80.2022895601183,0.19373364372664342,0.19373364372664342,best,True
5810,N/A,N/A,13.122994391152304,80.20143814044559,381,13.123067905927172,80.2022895601183,0.12048126634431226,0.12048126634431226,best,True
6635,N/A,N/A,13.12280269404948,80.20155731536701,381,13.123067905927172,80.2022895601183,0.11003977850359845,0.11003977850359845,best,True
1442,N/A,N/A,13.12296223540006,80.20153862897477,381,13.123067905927172,80.2022895601183,0.10693698878511973,0.10693698878511973,best,True
247,N/A,N/A,13.1215898,80.2025209,381,13.123067905927172,80.2022895601183,0.2150692652081193,0.2150692652081193,best,True
6947,N/A,N/A,13.12337884429251,80.20170262328422,381,13.123067905927172,80.2022895601183,0.09404719322953903,0.09404719322953903,best,True
4607,N/A,N/A,13.1229352172642,80.20141283717608,381,13.123067905927172,80.2022895601183,0.12504794876536407,0.12504794876536407,best,True
1998,N/A,N/A,13.123928889740004,80.20316415457769,381,13.123067905927172,80.2022895601183,0.1747339331797397,0.1747339331797397,best,True
1688,N/A,N/A,13.1215898,80.2025209,381,13.123067905927172,80.2022895601183,0.2150692652081193,0.2150692652081193,best,True
4061,N/A,N/A,13.126421580027218,80.20410341811325,381,13.123067905927172,80.2022895601183,0.5459061596623406,0.5459061596623406,best,True
4241,N/A,N/A,13.122965554440428,80.2014791001808,381,13.123067905927172,80.2022895601183,0.11518721306659883,0.11518721306659883,best,True
1239,N/A,N/A,13.124778132244726,80.20493563766792,381,13.123067905927172,80.2022895601183,0.44679035865260497,0.44679035865260497,best,True
5031,N/A,N/A,13.123140943805645,80.20341252028066,381,13.123067905927172,80.2022895601183,0.15864100926134625,0.15864100926134625,best,True
1070,N/A,N/A,13.1229769,80.2014129,381,13.123067905927172,80.2022895601183,0.1242655700285707,0.1242655700285707,best,True
6039,N/A,N/A,13.12482371117686,80.20316043006248,381,13.123067905927172,80.2022895601183,0.2807786587688164,0.2807786587688164,best,True
6100,N/A,N/A,13.1215898,80.2025209,381,13.123067905927172,80.2022895601183,0.2150692652081193,0.2150692652081193,best,True
6248,N/A,N/A,13.124619,80.2048731,381,13.123067905927172,80.2022895601183,0.42706967568225795,0.42706967568225795,best,True
4472,N/A,N/A,13.124624462891084,80.19964579310806,381,13.123067905927172,80.2022895601183,0.4347357271413771,0.4347357271413771,best,True
3688,N/A,N/A,13.12290213460214,80.20147522885043,381,13.123067905927172,80.2022895601183,0.1172382443763441,0.1172382443763441,best,True
4269,N/A,N/A,13.1237381,80.2020313,381,13.123067905927172,80.2022895601183,0.10303360149628474,0.10303360149628474,best,True
9725,N/A,N/A,13.123207485959195,80.19417145844022,382,13.125470378040713,80.19538205795286,0.36747595852854575,0.36747595852854575,best,True
10641,N/A,N/A,13.125595518168192,80.19660620428908,382,13.125470378040713,80.19538205795286,0.17349046235652138,0.17349046235652138,best,True
9120,N/A,N/A,13.1260108,80.1928779,382,13.125470378040713,80.19538205795286,0.3614390333633975,0.3614390333633975,best,True
9671,N/A,N/A,13.12653666254346,80.19398412487361,382,13.125470378040713,80.19538205795286,0.24969284693936022,0.24969284693936022,best,True
9789,N/A,N/A,13.12636361829261,80.19579409339295,382,13.125470378040713,80.19538205795286,0.14098577125270423,0.14098577125270423,best,True
6336,N/A,N/A,13.128495497714065,80.19666702187808,382,13.125470378040713,80.19538205795286,0.4712724034834405,0.4712724034834405,best,True
7978,N/A,N/A,13.12208306360746,80.19757360279603,382,13.125470378040713,80.19538205795286,0.5768563720086111,0.5768563720086111,best,True
2026,N/A,N/A,13.1065377,79.95874719999999,383,13.110867667867973,79.95592345786869,0.739090965834182,0.739090965834182,best,True
5156,N/A,N/A,13.106737855472607,79.95873607682357,383,13.110867667867973,79.95592345786869,0.7141324163390054,0.7141324163390054,best,True
5355,N/A,N/A,13.106689592829666,79.95874857126053,383,13.110867667867973,79.95592345786869,0.7208873548418888,0.7208873548418888,best,True
11214,N/A,N/A,13.2397425,80.1639667,385,13.243945807963266,80.16018908265241,0.8054394427040926,0.8054394427040926,best,True
1348,N/A,N/A,13.249300314095942,80.15664283934098,385,13.243945807963266,80.16018908265241,0.9179758685248416,0.9179758685248416,best,True
3166,N/A,N/A,13.248014660767891,80.15720900133958,385,13.243945807963266,80.16018908265241,0.7202327695931448,0.7202327695931448,best,True
2420,N/A,N/A,13.247565109104684,80.15736459521052,385,13.243945807963266,80.16018908265241,0.6552223810653076,0.6552223810653076,best,True
2529,N/A,N/A,13.2506321,80.16091039999999,385,13.243945807963266,80.16018908265241,0.9669934921880787,0.9669934921880787,best,True
77,N/A,N/A,13.241780872963515,80.16055508481443,385,13.243945807963266,80.16018908265241,0.3156072257741394,0.3156072257741394,best,True
10089,N/A,N/A,13.0474559,80.12045859999999,386,13.046867512981645,80.11987275017515,0.11825719574728673,0.11825719574728673,best,True
10045,N/A,N/A,13.0454818,80.1197839,386,13.046867512981645,80.11987275017515,0.19968683400100853,0.19968683400100853,best,True
8290,N/A,N/A,13.0461896,80.1181691,386,13.046867512981645,80.11987275017515,0.2592528181065311,0.2592528181065311,best,True
7772,N/A,N/A,13.048195726518587,80.1202426553253,386,13.046867512981645,80.11987275017515,0.19801657487716418,0.19801657487716418,best,True
3128,N/A,N/A,13.0442249907429,80.11961848315407,386,13.046867512981645,80.11987275017515,0.3817352930387706,0.3817352930387706,best,True
7783,N/A,N/A,13.047800810945448,80.12000798888549,386,13.046867512981645,80.11987275017515,0.13557483026040187,0.13557483026040187,best,True
3968,N/A,N/A,13.048030690331275,80.1202602606823,386,13.046867512981645,80.11987275017515,0.17598565756070986,0.17598565756070986,best,True
4932,N/A,N/A,13.044306862529936,80.11947484025298,386,13.046867512981645,80.11987275017515,0.3725225838866562,0.3725225838866562,best,True
250,N/A,N/A,13.04779072783338,80.1200898063274,386,13.046867512981645,80.11987275017515,0.13625862359791685,0.13625862359791685,best,True
6988,N/A,N/A,13.048048398928458,80.12021723368419,386,13.046867512981645,80.11987275017515,0.17664473930396932,0.17664473930396932,best,True
7697,N/A,N/A,13.048017134968134,80.12027738361473,386,13.046867512981645,80.11987275017515,0.17490614320609424,0.17490614320609424,best,True
8760,N/A,N/A,13.047024003217516,80.12471092490607,387,13.043728421607785,80.12357019246753,0.5005204444288066,0.5005204444288066,best,True
9340,N/A,N/A,13.0424896,80.1246106,387,13.043728421607785,80.12357019246753,0.2307933266891847,0.2307933266891847,best,True
10303,N/A,N/A,13.044441669026872,80.12599842746248,387,13.043728421607785,80.12357019246753,0.35742983478361645,0.35742983478361645,best,True
6402,N/A,N/A,13.0424059,80.1239659,387,13.043728421607785,80.12357019246753,0.19822041096533935,0.19822041096533935,best,True
6387,N/A,N/A,13.0424059,80.1239659,387,13.043728421607785,80.12357019246753,0.19822041096533935,0.19822041096533935,best,True
5989,N/A,N/A,13.0433057,80.1217639,387,13.043728421607785,80.12357019246753,0.2618527295155943,0.2618527295155943,best,True
2889,N/A,N/A,13.043958140634006,80.12293915344145,387,13.043728421607785,80.12357019246753,0.09491547072852048,0.09491547072852048,best,True
6691,N/A,N/A,13.04472297991116,80.12403290563475,387,13.043728421607785,80.12357019246753,0.15721522999475032,0.15721522999475032,best,True
7297,N/A,N/A,13.043264178145764,80.12176489417038,387,13.043728421607785,80.12357019246753,0.26316770561382347,0.26316770561382347,best,True
7301,N/A,N/A,13.043296,80.121761,387,13.043728421607785,80.12357019246753,0.2625774071296007,0.2625774071296007,best,True
7309,N/A,N/A,13.0432999,80.1217639,387,13.043728421607785,80.12357019246753,0.26204765948441533,0.26204765948441533,best,True
5949,N/A,N/A,13.0433023,80.1217641,387,13.043728421607785,80.12357019246753,0.2619392757848745,0.2619392757848745,best,True
301,N/A,N/A,13.046205691548687,80.12495752885769,387,13.043728421607785,80.12357019246753,0.4064528713258465,0.4064528713258465,best,True
7298,N/A,N/A,13.0433052,80.121771,387,13.043728421607785,80.12357019246753,0.2608958185299987,0.2608958185299987,best,True
2518,N/A,N/A,13.044511140793633,80.12197677687396,387,13.043728421607785,80.12357019246753,0.25130310120718435,0.25130310120718435,best,True
6357,N/A,N/A,13.04246392387846,80.12405097572537,387,13.043728421607785,80.12357019246753,0.1940851748924806,0.1940851748924806,best,True
6364,N/A,N/A,13.042456968956143,80.12378944634438,387,13.043728421607785,80.12357019246753,0.18545552258185796,0.18545552258185796,best,True
1143,N/A,N/A,13.0424059,80.1239659,387,13.043728421607785,80.12357019246753,0.19822041096533935,0.19822041096533935,best,True
3518,N/A,N/A,13.04806711927857,80.12780081183271,387,13.043728421607785,80.12357019246753,0.8632614788500447,0.8632614788500447,best,True
3161,N/A,N/A,13.0424059,80.1239659,387,13.043728421607785,80.12357019246753,0.19822041096533935,0.19822041096533935,best,True
6377,N/A,N/A,13.04255873837263,80.12365409656887,387,13.043728421607785,80.12357019246753,0.1686394856354944,0.1686394856354944,best,True
11409,N/A,N/A,13.106017,80.15089499999999,388,13.110174305611704,80.15151609544009,0.6042837590465491,0.6042837590465491,best,True
9241,N/A,N/A,13.1103651,80.1491507,388,13.110174305611704,80.15151609544009,0.3345714237443894,0.3345714237443894,best,True
8192,N/A,N/A,13.111350451358184,80.15146068972946,388,13.110174305611704,80.15151609544009,0.16933451357721094,0.16933451357721094,best,True
9484,N/A,N/A,13.111439233326116,80.1513758211812,388,13.110174305611704,80.15151609544009,0.18299450894907987,0.18299450894907987,best,True
5501,N/A,N/A,13.11105234103164,80.15171539995526,388,13.110174305611704,80.15151609544009,0.12936747850350233,0.12936747850350233,best,True
3845,N/A,N/A,13.110471459378497,80.1516242794695,388,13.110174305611704,80.15151609544009,0.04537642018056212,0.04537642018056212,best,True
2789,N/A,N/A,13.1109389,80.15304139999999,388,13.110174305611704,80.15151609544009,0.24150593058804817,0.24150593058804817,best,True
4878,N/A,N/A,13.1106165,80.15215839999999,388,13.110174305611704,80.15151609544009,0.11064713406410683,0.11064713406410683,best,True
1012,N/A,N/A,13.1103367,80.1525261,388,13.110174305611704,80.15151609544009,0.14428090532281873,0.14428090532281873,best,True
4550,N/A,N/A,13.110342513130302,80.15212051384154,388,13.110174305611704,80.15151609544009,0.0885712636527137,0.0885712636527137,best,True
715,N/A,N/A,13.110263759048236,80.15225059035745,388,13.110174305611704,80.15151609544009,0.10433626933887745,0.10433626933887745,best,True
5384,N/A,N/A,13.110664015690698,80.15192083701783,388,13.110174305611704,80.15151609544009,0.09064094900126497,0.09064094900126497,best,True
1123,N/A,N/A,13.112114037252637,80.15155179379032,388,13.110174305611704,80.15151609544009,0.279019267132726,0.279019267132726,best,True
3653,N/A,N/A,13.10682724330752,80.15079934161827,388,13.110174305611704,80.15151609544009,0.4918670049080434,0.4918670049080434,best,True
7484,N/A,N/A,13.109815330651742,80.15015056464053,388,13.110174305611704,80.15151609544009,0.1992990919128609,0.1992990919128609,best,True
11212,N/A,N/A,13.1143212,80.15447429999999,389,13.113344210816345,80.1545007128099,0.14056078072646014,0.14056078072646014,best,True
8933,N/A,N/A,13.1160325,80.1508967,389,13.113344210816345,80.1545007128099,0.6384271828146,0.6384271828146,best,True
8870,N/A,N/A,13.1118047,80.15356469999999,389,13.113344210816345,80.1545007128099,0.25774774385125304,0.25774774385125304,best,True
8468,N/A,N/A,13.111188371752393,80.15532285367277,389,13.113344210816345,80.1545007128099,0.33100663710613243,0.33100663710613243,best,True
8561,N/A,N/A,13.110135646197618,80.1562292588956,389,13.113344210816345,80.1545007128099,0.5218409010709959,0.5218409010709959,best,True
4612,N/A,N/A,13.1143212,80.15447429999999,389,13.113344210816345,80.1545007128099,0.14056078072646014,0.14056078072646014,best,True
6095,N/A,N/A,13.1143212,80.15447429999999,389,13.113344210816345,80.1545007128099,0.14056078072646014,0.14056078072646014,best,True
7228,N/A,N/A,13.1143212,80.15447429999999,389,13.113344210816345,80.1545007128099,0.14056078072646014,0.14056078072646014,best,True
5487,N/A,N/A,13.1143212,80.15447429999999,389,13.113344210816345,80.1545007128099,0.14056078072646014,0.14056078072646014,best,True
6681,N/A,N/A,13.1143212,80.15447429999999,389,13.113344210816345,80.1545007128099,0.14056078072646014,0.14056078072646014,best,True
5139,N/A,N/A,13.1143212,80.15447429999999,389,13.113344210816345,80.1545007128099,0.14056078072646014,0.14056078072646014,best,True
5496,N/A,N/A,13.1143212,80.15447429999999,389,13.113344210816345,80.1545007128099,0.14056078072646014,0.14056078072646014,best,True
4080,N/A,N/A,13.110864343950112,80.15429518028405,389,13.113344210816345,80.1545007128099,0.35783151893428455,0.35783151893428455,best,True
5044,N/A,N/A,13.1143212,80.15447429999999,389,13.113344210816345,80.1545007128099,0.14056078072646014,0.14056078072646014,best,True
7735,N/A,N/A,13.1143212,80.15447429999999,389,13.113344210816345,80.1545007128099,0.14056078072646014,0.14056078072646014,best,True
4763,N/A,N/A,13.11355263424424,80.15272825739117,389,13.113344210816345,80.1545007128099,0.25164737431441236,0.25164737431441236,best,True
1594,N/A,N/A,13.109084398549866,80.15875858033469,389,13.113344210816345,80.1545007128099,0.8576730877547767,0.8576730877547767,best,True
3464,N/A,N/A,13.1143212,80.15447429999999,389,13.113344210816345,80.1545007128099,0.14056078072646014,0.14056078072646014,best,True
11406,N/A,N/A,13.062681841981796,80.21448940123638,390,13.06380835252329,80.2136255507379,0.20269106851491084,0.20269106851491084,best,True
10913,N/A,N/A,13.0637276,80.2120253,390,13.06380835252329,80.2136255507379,0.22592460252773974,0.22592460252773974,best,True
10338,N/A,N/A,13.063712372829643,80.21152068410684,390,13.06380835252329,80.2136255507379,0.2970946171947931,0.2970946171947931,best,True
8772,N/A,N/A,13.062491281367928,80.21307007284256,390,13.06380835252329,80.2136255507379,0.2049742869435348,0.2049742869435348,best,True
8525,N/A,N/A,13.06543161553472,80.2145172288177,390,13.06380835252329,80.2136255507379,0.2651575031551915,0.2651575031551915,best,True
6814,N/A,N/A,13.062704120384204,80.21387483857166,390,13.06380835252329,80.2136255507379,0.16265404757313673,0.16265404757313673,best,True
4409,N/A,N/A,13.0652669,80.2136458,390,13.06380835252329,80.2136255507379,0.2097882320318003,0.2097882320318003,best,True
5168,N/A,N/A,13.064676422780453,80.21446700232669,390,13.06380835252329,80.2136255507379,0.1722262727784178,0.1722262727784178,best,True
5415,N/A,N/A,13.061989478113883,80.21454744909433,390,13.06380835252329,80.2136255507379,0.2921051301653351,0.2921051301653351,best,True
7144,N/A,N/A,13.0637276,80.2120253,390,13.06380835252329,80.2136255507379,0.22592460252773974,0.22592460252773974,best,True
5442,N/A,N/A,13.061915392737212,80.214984987558,390,13.06380835252329,80.2136255507379,0.3329513093564961,0.3329513093564961,best,True
4231,N/A,N/A,13.0629999,80.2134197,390,13.06380835252329,80.2136255507379,0.11983963182170454,0.11983963182170454,best,True
5713,N/A,N/A,13.06345188810665,80.2145729287014,390,13.06380835252329,80.2136255507379,0.14307517765886948,0.14307517765886948,best,True
2558,N/A,N/A,13.062714599376976,80.21359174528013,390,13.06380835252329,80.2136255507379,0.1573761365929889,0.1573761365929889,best,True
6303,N/A,N/A,13.062695987611194,80.21380188855814,390,13.06380835252329,80.2136255507379,0.1619011200526509,0.1619011200526509,best,True
5300,N/A,N/A,13.066156929126985,80.21446194373793,390,13.06380835252329,80.2136255507379,0.35776695256490765,0.35776695256490765,best,True
5304,N/A,N/A,13.067077377794051,80.21448430131832,390,13.06380835252329,80.2136255507379,0.48549266644895855,0.48549266644895855,best,True
766,N/A,N/A,13.063412377334794,80.21238837388316,390,13.06380835252329,80.2136255507379,0.1834957696970918,0.1834957696970918,best,True
4892,N/A,N/A,13.06701085102708,80.21443334100036,390,13.06380835252329,80.2136255507379,0.474457219239438,0.474457219239438,best,True
6154,N/A,N/A,13.0637276,80.2120253,390,13.06380835252329,80.2136255507379,0.22592460252773974,0.22592460252773974,best,True
1115,N/A,N/A,13.06363421146734,80.21456437789685,390,13.06380835252329,80.2136255507379,0.1347176053796348,0.1347176053796348,best,True
1887,N/A,N/A,13.0637276,80.2120253,390,13.06380835252329,80.2136255507379,0.22592460252773974,0.22592460252773974,best,True
3494,N/A,N/A,13.062658160460792,80.21445040204114,390,13.06380835252329,80.2136255507379,0.2022119214523968,0.2022119214523968,best,True
11069,N/A,N/A,13.0648085,80.20773,391,13.065811519110866,80.20826322169256,0.16266993639428362,0.16266993639428362,best,True
10207,N/A,N/A,13.06524133599846,80.20810602970937,391,13.065811519110866,80.20826322169256,0.08494612352792275,0.08494612352792275,best,True
10837,N/A,N/A,13.0682015,80.2101287,391,13.065811519110866,80.20826322169256,0.4328133107419334,0.4328133107419334,best,True
7425,N/A,N/A,13.067309597889532,80.20865578777004,391,13.065811519110866,80.20826322169256,0.22245005923920147,0.22245005923920147,best,True
3899,N/A,N/A,13.0648085,80.20773,391,13.065811519110866,80.20826322169256,0.16266993639428362,0.16266993639428362,best,True
1213,N/A,N/A,13.066504989588667,80.20693411602943,391,13.065811519110866,80.20826322169256,0.21228213889619438,0.21228213889619438,best,True
5345,N/A,N/A,13.0624223,80.2090788,391,13.065811519110866,80.20826322169256,0.5008188280731732,0.5008188280731732,best,True
271,N/A,N/A,13.0648085,80.20773,391,13.065811519110866,80.20826322169256,0.16266993639428362,0.16266993639428362,best,True
4127,N/A,N/A,13.0648085,80.20773,391,13.065811519110866,80.20826322169256,0.16266993639428362,0.16266993639428362,best,True
7277,N/A,N/A,13.0675499165142,80.20852124915088,391,13.065811519110866,80.20826322169256,0.2526499126561945,0.2526499126561945,best,True
534,N/A,N/A,13.067463070228651,80.20855075595856,391,13.065811519110866,80.20826322169256,0.24096148005239557,0.24096148005239557,best,True
8244,N/A,N/A,12.8148385,79.73795989999999,392,12.817472828878241,79.73173605794172,0.9566128522432101,0.9566128522432101,best,True
9734,N/A,N/A,12.816891476455844,79.73832828716037,392,12.817472828878241,79.73173605794172,0.9341282966483765,0.9341282966483765,best,True
8097,N/A,N/A,12.819140027440971,79.72895953736993,392,12.817472828878241,79.73173605794172,0.45939316731267177,0.45939316731267177,best,True
2871,N/A,N/A,12.8173772,79.73674009999999,392,12.817472828878241,79.73173605794172,0.706367178392997,0.706367178392997,best,True
5723,N/A,N/A,12.8188052,79.7345369,392,12.817472828878241,79.73173605794172,0.4392845913287434,0.4392845913287434,best,True
1559,N/A,N/A,12.8226415,79.7304573,392,12.817472828878241,79.73173605794172,0.7649404207454541,0.7649404207454541,best,True
4448,N/A,N/A,12.8181398,79.7341114,392,12.817472828878241,79.73173605794172,0.348690869862701,0.348690869862701,best,True
8002,N/A,N/A,12.8187987,79.72932449999999,392,12.817472828878241,79.73173605794172,0.39012470480733125,0.39012470480733125,best,True
4170,N/A,N/A,12.817035754159816,79.73746425031678,392,12.817472828878241,79.73173605794172,0.8108751003707814,0.8108751003707814,best,True
4778,N/A,N/A,12.818955938883224,79.72974513453885,392,12.817472828878241,79.73173605794172,0.3527709660873101,0.3527709660873101,best,True
4661,N/A,N/A,12.818958135763625,79.72980226742064,392,12.817472828878241,79.73173605794172,0.3465774906341171,0.3465774906341171,best,True
2445,N/A,N/A,12.81892456719946,79.72987099813407,392,12.817472828878241,79.73173605794172,0.33597040533757655,0.33597040533757655,best,True
5113,N/A,N/A,12.820319882972088,79.72788229489905,392,12.817472828878241,79.73173605794172,0.6807857172446539,0.6807857172446539,best,True
1766,N/A,N/A,12.820394879176822,79.7270292572278,392,12.817472828878241,79.73173605794172,0.7860471416139353,0.7860471416139353,best,True
11019,N/A,N/A,13.0191703,80.2417265,393,13.01867542555236,80.24190521269692,0.07550299244490839,0.07550299244490839,best,True
8603,N/A,N/A,13.019944332864704,80.24173127315828,393,13.01867542555236,80.24190521269692,0.1841351214820636,0.1841351214820636,best,True
8191,N/A,N/A,13.0159279842876,80.24487512883184,393,13.01867542555236,80.24190521269692,0.5757968729562224,0.5757968729562224,best,True
5062,N/A,N/A,13.01822793021107,80.24128169889066,393,13.01867542555236,80.24190521269692,0.10896483380062048,0.10896483380062048,best,True
6053,N/A,N/A,13.018524686279234,80.24137930831073,393,13.01867542555236,80.24190521269692,0.07726656721323952,0.07726656721323952,best,True
3717,N/A,N/A,13.016989540484998,80.24099001368667,393,13.01867542555236,80.24190521269692,0.2746734569571219,0.2746734569571219,best,True
742,N/A,N/A,13.019705306478182,80.24178361619998,393,13.01867542555236,80.24190521269692,0.14910658635057852,0.14910658635057852,best,True
946,N/A,N/A,13.0191703,80.2417265,393,13.01867542555236,80.24190521269692,0.07550299244490839,0.07550299244490839,best,True
6232,N/A,N/A,13.019923574917808,80.241831587891,393,13.01867542555236,80.24190521269692,0.17980865285253902,0.17980865285253902,best,True
999,N/A,N/A,13.0191703,80.2417265,393,13.01867542555236,80.24190521269692,0.07550299244490839,0.07550299244490839,best,True
9667,N/A,N/A,12.848269,79.7070898,394,12.85091943579778,79.70719522400185,0.3814705183554106,0.3814705183554106,best,True
10190,N/A,N/A,12.849774,79.7096583,394,12.85091943579778,79.70719522400185,0.3846371941777077,0.3846371941777077,best,True
10480,N/A,N/A,12.854264633236472,79.70656384619429,394,12.85091943579778,79.70719522400185,0.4892799708648383,0.4892799708648383,best,True
3045,N/A,N/A,12.854522372352644,79.70731865173698,394,12.85091943579778,79.70719522400185,0.5184598167344734,0.5184598167344734,best,True
6014,N/A,N/A,12.8497743,79.7085491,394,12.85091943579778,79.70719522400185,0.2522373954716639,0.2522373954716639,best,True
6081,N/A,N/A,12.8477467,79.7052975,394,12.85091943579778,79.70719522400185,0.5290761905552519,0.5290761905552519,best,True
281,N/A,N/A,12.8538827,79.7066406,394,12.85091943579778,79.70719522400185,0.43329767682398457,0.43329767682398457,best,True
2844,N/A,N/A,12.854413112649238,79.70677764042112,394,12.85091943579778,79.70719522400185,0.5058972273521181,0.5058972273521181,best,True
3577,N/A,N/A,12.845281845217542,79.70654326085533,394,12.85091943579778,79.70719522400185,0.8159899503081793,0.8159899503081793,best,True
710,N/A,N/A,12.8488041,79.7080948,394,12.85091943579778,79.70719522400185,0.3296458801493264,0.3296458801493264,best,True
2956,N/A,N/A,12.853381030319667,79.70661396481246,394,12.85091943579778,79.70719522400185,0.36339941394204683,0.36339941394204683,best,True
9242,N/A,N/A,13.091738942137626,80.12247345394704,395,13.091182864701748,80.1254529476457,0.427589923854589,0.427589923854589,best,True
9614,N/A,N/A,13.0940883,80.1264583,395,13.091182864701748,80.1254529476457,0.4412441109858587,0.4412441109858587,best,True
1910,N/A,N/A,13.094752884367006,80.12574992194607,395,13.091182864701748,80.1254529476457,0.515146696102477,0.515146696102477,best,True
5082,N/A,N/A,13.094654309179932,80.12541099200352,395,13.091182864701748,80.1254529476457,0.4993004794417754,0.4993004794417754,best,True
1281,N/A,N/A,13.086915747731108,80.12613791459928,395,13.091182864701748,80.1254529476457,0.6212503850718101,0.6212503850718101,best,True
5136,N/A,N/A,13.092554549349906,80.12996456474237,395,13.091182864701748,80.1254529476457,0.6659309891307691,0.6659309891307691,best,True
6571,N/A,N/A,13.090906362669982,80.12456289163075,395,13.091182864701748,80.1254529476457,0.13162952443144982,0.13162952443144982,best,True
7776,N/A,N/A,13.091218385132166,80.12406088244373,395,13.091182864701748,80.1254529476457,0.19631775406616891,0.19631775406616891,best,True
6230,N/A,N/A,13.093735689162196,80.12583009678619,395,13.091182864701748,80.1254529476457,0.3709788683902586,0.3709788683902586,best,True
1576,N/A,N/A,13.087023012939092,80.1254201960877,395,13.091182864701748,80.1254529476457,0.5982902766580719,0.5982902766580719,best,True
1011,N/A,N/A,13.092373452285326,80.12418788654361,395,13.091182864701748,80.1254529476457,0.2472395244829993,0.2472395244829993,best,True
3709,N/A,N/A,13.087610645910138,80.12528472886218,395,13.091182864701748,80.1254529476457,0.5143058001273131,0.5143058001273131,best,True
7969,N/A,N/A,13.087804960258229,80.1253464898015,395,13.091182864701748,80.1254529476457,0.48604410002310466,0.48604410002310466,best,True
10510,N/A,N/A,13.111833537455189,79.91546987970182,396,13.11064880711189,79.91157011900876,0.5755382136363707,0.5755382136363707,best,True
9434,N/A,N/A,13.11051326433388,79.91072744291742,396,13.11064880711189,79.91157011900876,0.12037880984801175,0.12037880984801175,best,True
8927,N/A,N/A,13.109364161270232,79.90844557827963,396,13.11064880711189,79.91157011900876,0.4776406050015488,0.4776406050015488,best,True
10671,N/A,N/A,13.109721623864544,79.9131484056904,396,13.11064880711189,79.91157011900876,0.25938857495468093,0.25938857495468093,best,True
11275,N/A,N/A,13.11160950569495,79.91102111598018,396,13.11064880711189,79.91157011900876,0.15836654949026097,0.15836654949026097,best,True
11236,N/A,N/A,13.109831911323816,79.91550354726527,396,13.11064880711189,79.91157011900876,0.5667963481349607,0.5667963481349607,best,True
8961,N/A,N/A,13.112868028255363,79.91214228241839,396,13.11064880711189,79.91157011900876,0.3292037241405059,0.3292037241405059,best,True
8906,N/A,N/A,13.110492074768986,79.90812757354635,396,13.11064880711189,79.91157011900876,0.48581022062590246,0.48581022062590246,best,True
2565,N/A,N/A,13.112928122171756,79.91222878570595,396,13.11064880711189,79.91157011900876,0.3407089122775561,0.3407089122775561,best,True
6807,N/A,N/A,13.108321006067596,79.90982620582,396,13.11064880711189,79.91157011900876,0.4153520015057998,0.4153520015057998,best,True
962,N/A,N/A,13.1107318,79.9106255,396,13.11064880711189,79.91157011900876,0.1336943918947213,0.1336943918947213,best,True
4651,N/A,N/A,13.110880591981129,79.91058524268124,396,13.11064880711189,79.91157011900876,0.1427814160847894,0.1427814160847894,best,True
98,N/A,N/A,13.1136444,79.9135912,396,13.11064880711189,79.91157011900876,0.5165116161493728,0.5165116161493728,best,True
5593,N/A,N/A,13.112842828502703,79.91212469939762,396,13.11064880711189,79.91157011900876,0.32508619328623733,0.32508619328623733,best,True
2862,N/A,N/A,13.108862717803689,79.91001815500383,396,13.11064880711189,79.91157011900876,0.33741545569813747,0.33741545569813747,best,True
4178,N/A,N/A,13.1078055,79.9128995,396,13.11064880711189,79.91157011900876,0.4498223026356647,0.4498223026356647,best,True
7135,N/A,N/A,13.108102483566254,79.91214964001156,396,13.11064880711189,79.91157011900876,0.3752158081898071,0.3752158081898071,best,True
5523,N/A,N/A,13.11285890003226,79.91204773271912,396,13.11064880711189,79.91157011900876,0.3249098361282106,0.3249098361282106,best,True
4474,N/A,N/A,13.110877061361304,79.91064938123323,396,13.11064880711189,79.91157011900876,0.13388106348231374,0.13388106348231374,best,True
6408,N/A,N/A,13.10888662378412,79.910070511803,396,13.11064880711189,79.91157011900876,0.3300298107536274,0.3300298107536274,best,True
11339,N/A,N/A,12.884606411956211,80.10949270660706,397,12.885178107251424,80.11250490905724,0.43288636740528763,0.43288636740528763,best,True
10878,N/A,N/A,12.891888117049485,80.1119434296219,397,12.885178107251424,80.11250490905724,0.9682691429048513,0.9682691429048513,best,True
4592,N/A,N/A,13.15841732277,79.85436336838006,398,13.163661811385,79.85882338419003,0.9818588736130436,0.9818588736130436,best,True
1174,N/A,N/A,13.1689063,79.8632834,398,13.163661811385,79.85882338419003,0.9818505497330215,0.9818505497330215,best,True
11393,N/A,N/A,13.1194358,80.0949565,399,13.119862640272254,80.09404969036694,0.1418028217445268,0.1418028217445268,best,True
11375,N/A,N/A,13.11941162732829,80.09496450011007,399,13.119862640272254,80.09404969036694,0.14434868044243263,0.14434868044243263,best,True
8949,N/A,N/A,13.12117536037593,80.0969090518804,399,13.119862640272254,80.09404969036694,0.44508673116749736,0.44508673116749736,best,True
10030,N/A,N/A,13.119682181961265,80.09464902662837,399,13.119862640272254,80.09404969036694,0.08838044996152689,0.08838044996152689,best,True
11199,N/A,N/A,13.120359349675192,80.09617398733548,399,13.119862640272254,80.09404969036694,0.30784857041421704,0.30784857041421704,best,True
11221,N/A,N/A,13.1197675,80.0903782,399,13.119862640272254,80.09404969036694,0.5177222909167559,0.5177222909167559,best,True
8946,N/A,N/A,13.118804860607453,80.0905621541216,399,13.119862640272254,80.09404969036694,0.5146124575050585,0.5146124575050585,best,True
8522,N/A,N/A,13.117186,80.0903276,399,13.119862640272254,80.09404969036694,0.6507516104393832,0.6507516104393832,best,True
2466,N/A,N/A,13.12018903460939,80.09350995250824,399,13.119862640272254,80.09404969036694,0.08939878908438385,0.08939878908438385,best,True
8056,N/A,N/A,13.119121380456102,80.09510445381746,399,13.119862640272254,80.09404969036694,0.1829528614852793,0.1829528614852793,best,True
7396,N/A,N/A,13.1215649,80.0935231,399,13.119862640272254,80.09404969036694,0.25582632010541456,0.25582632010541456,best,True
2133,N/A,N/A,13.11863090594061,80.0949489620029,399,13.119862640272254,80.09404969036694,0.217832176722899,0.217832176722899,best,True
3569,N/A,N/A,13.12018903460939,80.09350995250824,399,13.119862640272254,80.09404969036694,0.08939878908438385,0.08939878908438385,best,True
7477,N/A,N/A,13.12018903460939,80.09350995250824,399,13.119862640272254,80.09404969036694,0.08939878908438385,0.08939878908438385,best,True
6663,N/A,N/A,13.12018903460939,80.09350995250824,399,13.119862640272254,80.09404969036694,0.08939878908438385,0.08939878908438385,best,True
7014,N/A,N/A,13.12018903460939,80.09350995250824,399,13.119862640272254,80.09404969036694,0.08939878908438385,0.08939878908438385,best,True
7011,N/A,N/A,13.12136888106755,80.09418538341143,399,13.119862640272254,80.09404969036694,0.21747181876673574,0.21747181876673574,best,True
7060,N/A,N/A,13.12018903460939,80.09350995250824,399,13.119862640272254,80.09404969036694,0.08939878908438385,0.08939878908438385,best,True
2091,N/A,N/A,13.1229971,80.093561,399,13.119862640272254,80.09404969036694,0.45603392930123116,0.45603392930123116,best,True
6983,N/A,N/A,13.12018903460939,80.09350995250824,399,13.119862640272254,80.09404969036694,0.08939878908438385,0.08939878908438385,best,True
4526,N/A,N/A,13.121382785362984,80.09422226564753,399,13.119862640272254,80.09404969036694,0.2199779684336221,0.2199779684336221,best,True
8126,N/A,N/A,13.11900283894044,80.09512358532518,399,13.119862640272254,80.09404969036694,0.19546539944250793,0.19546539944250793,best,True
5277,N/A,N/A,13.119007876618364,80.09511588204141,399,13.119862640272254,80.09404969036694,0.19416612438832329,0.19416612438832329,best,True
7319,N/A,N/A,13.119116907607742,80.09515983546427,399,13.119862640272254,80.09404969036694,0.18971481151832895,0.18971481151832895,best,True
869,N/A,N/A,13.119296,80.09422699999999,399,13.119862640272254,80.09404969036694,0.08524138135500597,0.08524138135500597,best,True
3698,N/A,N/A,13.119243876723454,80.09513053348287,399,13.119862640272254,80.09404969036694,0.17644390447803543,0.17644390447803543,best,True
5556,N/A,N/A,13.1190446,80.0950598,399,13.119862640272254,80.09404969036694,0.1847052751515297,0.1847052751515297,best,True
3955,N/A,N/A,13.1191667,80.0949097,399,13.119862640272254,80.09404969036694,0.15720891177210233,0.15720891177210233,best,True
7106,N/A,N/A,13.118789424340743,80.09007207973644,399,13.119862640272254,80.09404969036694,0.5815512942018372,0.5815512942018372,best,True
2201,N/A,N/A,13.120999108895814,80.09765644244555,399,13.119862640272254,80.09404969036694,0.5340417397600318,0.5340417397600318,best,True
10102,N/A,N/A,13.117052,80.09688299999999,400,13.117004666297076,80.09689393364526,0.006979867752780423,0.006979867752780423,best,True
8304,N/A,N/A,13.116992756281682,80.09694609885672,400,13.117004666297076,80.09689393364526,0.007550275844098122,0.007550275844098122,best,True
4653,N/A,N/A,13.117210372734174,80.09718879476436,400,13.117004666297076,80.09689393364526,0.05101855404375353,0.05101855404375353,best,True
6882,N/A,N/A,13.117050289412385,80.09725648323068,400,13.117004666297076,80.09689393364526,0.05152586919756922,0.05152586919756922,best,True
359,N/A,N/A,13.1172057763813,80.09702958987822,400,13.117004666297076,80.09689393364526,0.034673662153276136,0.034673662153276136,best,True
303,N/A,N/A,13.117190234183829,80.09703557633183,400,13.117004666297076,80.09689393364526,0.03333075327467451,0.03333075327467451,best,True
2924,N/A,N/A,13.117150156817388,80.09685557647457,400,13.117004666297076,80.09689393364526,0.02161188289620018,0.02161188289620018,best,True
511,N/A,N/A,13.117092,80.096555,400,13.117004666297076,80.09689393364526,0.04940082459410835,0.04940082459410835,best,True
4317,N/A,N/A,13.117216700440563,80.09719433589984,400,13.117004666297076,80.09689393364526,0.05218343945411249,0.05218343945411249,best,True
2704,N/A,N/A,13.117052,80.09688299999999,400,13.117004666297076,80.09689393364526,0.006979867752780423,0.006979867752780423,best,True
1859,N/A,N/A,13.117041675420074,80.0968651578537,400,13.117004666297076,80.09689393364526,0.006692154274118533,0.006692154274118533,best,True
3584,N/A,N/A,13.117052,80.09688299999999,400,13.117004666297076,80.09689393364526,0.006979867752780423,0.006979867752780423,best,True
2946,N/A,N/A,13.11706775893269,80.09700401078074,400,13.117004666297076,80.09689393364526,0.0179753209593176,0.0179753209593176,best,True
3487,N/A,N/A,13.117372821928356,80.09704450693233,400,13.117004666297076,80.09689393364526,0.05704435594406768,0.05704435594406768,best,True
6205,N/A,N/A,13.117165291951368,80.09691036642158,400,13.117004666297076,80.09689393364526,0.02321717758085555,0.02321717758085555,best,True
8029,N/A,N/A,13.117052,80.09688299999999,400,13.117004666297076,80.09689393364526,0.006979867752780423,0.006979867752780423,best,True
758,N/A,N/A,13.117052,80.09688299999999,400,13.117004666297076,80.09689393364526,0.006979867752780423,0.006979867752780423,best,True
7666,N/A,N/A,13.117036523076628,80.09708604415631,400,13.117004666297076,80.09689393364526,0.027465473851731936,0.027465473851731936,best,True
7273,N/A,N/A,13.1145921,80.0955077,400,13.117004666297076,80.09689393364526,0.398218976068915,0.398218976068915,best,True
4912,N/A,N/A,13.117052,80.09688299999999,400,13.117004666297076,80.09689393364526,0.006979867752780423,0.006979867752780423,best,True
5010,N/A,N/A,13.11708436054191,80.09691749855132,400,13.117004666297076,80.09689393364526,0.011933353461671096,0.011933353461671096,best,True
5801,N/A,N/A,13.11732184043331,80.09697180006336,400,13.117004666297076,80.09689393364526,0.04691828067597363,0.04691828067597363,best,True
9903,N/A,N/A,13.07763820633515,80.1467467935689,402,13.080390721064576,80.14383060107734,0.5707435236228926,0.5707435236228926,best,True
8259,N/A,N/A,13.0819276,80.1461552,402,13.080390721064576,80.14383060107734,0.3953029996183997,0.3953029996183997,best,True
7827,N/A,N/A,13.0846626,80.1420714,402,13.080390721064576,80.14383060107734,0.6625561796457838,0.6625561796457838,best,True
3039,N/A,N/A,13.077774388636788,80.14543962130927,402,13.080390721064576,80.14383060107734,0.4393728648366596,0.4393728648366596,best,True
4003,N/A,N/A,13.085896874715225,80.14266934923496,402,13.080390721064576,80.14383060107734,0.8086443973775758,0.8086443973775758,best,True
1163,N/A,N/A,13.076688,80.1479962,402,13.080390721064576,80.14383060107734,0.7927765397129589,0.7927765397129589,best,True
5060,N/A,N/A,13.0807395,80.13846590000001,402,13.080390721064576,80.14383060107734,0.7580015497451653,0.7580015497451653,best,True
527,N/A,N/A,13.0777329,80.1466152,402,13.080390721064576,80.14383060107734,0.5479412579652788,0.5479412579652788,best,True
7803,N/A,N/A,13.076688,80.1479962,402,13.080390721064576,80.14383060107734,0.7927765397129589,0.7927765397129589,best,True
753,N/A,N/A,13.076540602006697,80.14966999887703,402,13.080390721064576,80.14383060107734,0.9921638380164085,0.9921638380164085,best,True
9487,N/A,N/A,13.037432795466705,80.21652575988372,403,13.036488319151175,80.21488532190227,0.26825098683014675,0.26825098683014675,best,True
8713,N/A,N/A,13.038172736042338,80.21596766939814,403,13.036488319151175,80.21488532190227,0.28632077835706254,0.28632077835706254,best,True
9781,N/A,N/A,13.0338504,80.2152055,403,13.036488319151175,80.21488532190227,0.3820625646315011,0.3820625646315011,best,True
714,N/A,N/A,13.03678319175697,80.21450143162937,403,13.036488319151175,80.21488532190227,0.06876612175775924,0.06876612175775924,best,True
5340,N/A,N/A,13.037832527901465,80.21249247054608,403,13.036488319151175,80.21488532190227,0.38887328012830036,0.38887328012830036,best,True
1869,N/A,N/A,13.035653,80.2153569,403,13.036488319151175,80.21488532190227,0.13731145856703791,0.13731145856703791,best,True
1439,N/A,N/A,13.038962337693713,80.2158616007273,403,13.036488319151175,80.21488532190227,0.3815161717699953,0.3815161717699953,best,True
4622,N/A,N/A,13.0350752,80.2162862,403,13.036488319151175,80.21488532190227,0.2834176457073119,0.2834176457073119,best,True
6113,N/A,N/A,13.037999140952923,80.21249833064266,403,13.036488319151175,80.21488532190227,0.40063022860247643,0.40063022860247643,best,True
871,N/A,N/A,13.0373222,80.2123115,403,13.036488319151175,80.21488532190227,0.3822344498457081,0.3822344498457081,best,True
3318,N/A,N/A,13.0337011,80.2153303,403,13.036488319151175,80.21488532190227,0.4057390699256523,0.4057390699256523,best,True
4091,N/A,N/A,13.0350752,80.2162862,403,13.036488319151175,80.21488532190227,0.2834176457073119,0.2834176457073119,best,True
11338,N/A,N/A,13.035369082051616,80.22054769848548,404,13.032997880356191,80.21859041644291,0.43871837139744924,0.43871837139744924,best,True
8840,N/A,N/A,13.031086,80.21618099999999,404,13.032997880356191,80.21859041644291,0.4370827325276846,0.4370827325276846,best,True
8874,N/A,N/A,13.0364141,80.21923439999999,404,13.032997880356191,80.21859041644291,0.49964214537288,0.49964214537288,best,True
4720,N/A,N/A,13.0350433,80.22172669999999,404,13.032997880356191,80.21859041644291,0.5311522081241151,0.5311522081241151,best,True
3945,N/A,N/A,13.029804626731334,80.21690796607534,404,13.032997880356191,80.21859041644291,0.516913721783665,0.516913721783665,best,True
3992,N/A,N/A,13.029524140368164,80.2199769352347,404,13.032997880356191,80.21859041644291,0.5364886517636207,0.5364886517636207,best,True
5170,N/A,N/A,13.032242143684105,80.21979547792847,404,13.032997880356191,80.21859041644291,0.2017151177382248,0.2017151177382248,best,True
3925,N/A,N/A,13.032202237363531,80.22030844007384,404,13.032997880356191,80.21859041644291,0.26792671732766704,0.26792671732766704,best,True
3663,N/A,N/A,13.035460614252552,80.21909520510786,404,13.032997880356191,80.21859041644291,0.3612721106672254,0.3612721106672254,best,True
259,N/A,N/A,13.0359571,80.219459,404,13.032997880356191,80.21859041644291,0.44286832792244596,0.44286832792244596,best,True
2899,N/A,N/A,13.0329757,80.2170647,404,13.032997880356191,80.21859041644291,0.21516726289485427,0.21516726289485427,best,True
5149,N/A,N/A,13.035364728500063,80.21947155189173,404,13.032997880356191,80.21859041644291,0.36236752581196174,0.36236752581196174,best,True
5373,N/A,N/A,13.0302992,80.21766219999999,404,13.032997880356191,80.21859041644291,0.40960046025294483,0.40960046025294483,best,True
5077,N/A,N/A,13.035896975051015,80.2202741120467,404,13.032997880356191,80.21859041644291,0.47980551372161334,0.47980551372161334,best,True
1420,N/A,N/A,13.0310747,80.2157924,404,13.032997880356191,80.21859041644291,0.48184638832255355,0.48184638832255355,best,True
2506,N/A,N/A,13.03218402155887,80.22038255771542,404,13.032997880356191,80.21859041644291,0.2785037930493878,0.2785037930493878,best,True
4246,N/A,N/A,13.032193519099994,80.22016263328383,404,13.032997880356191,80.21859041644291,0.25006792611200745,0.25006792611200745,best,True
437,N/A,N/A,13.032138908500556,80.22013316320106,404,13.032997880356191,80.21859041644291,0.2501749271506658,0.2501749271506658,best,True
2913,N/A,N/A,13.0359571,80.219459,404,13.032997880356191,80.21859041644291,0.44286832792244596,0.44286832792244596,best,True
2086,N/A,N/A,13.0359571,80.21945900000001,404,13.032997880356191,80.21859041644291,0.4428683279231331,0.4428683279231331,best,True
3543,N/A,N/A,13.0312805,80.2156416,404,13.032997880356191,80.21859041644291,0.4836433701961459,0.4836433701961459,best,True
3079,N/A,N/A,13.031179362355312,80.21584588627339,404,13.032997880356191,80.21859041644291,0.4670983911000029,0.4670983911000029,best,True
7524,N/A,N/A,13.031109428787753,80.21582644482582,404,13.032997880356191,80.21859041644291,0.4750501405863566,0.4750501405863566,best,True
2546,N/A,N/A,13.031234540243748,80.21576192248622,404,13.032997880356191,80.21859041644291,0.4726493535304588,0.4726493535304588,best,True
10036,N/A,N/A,12.9749536,80.20131339999999,405,12.9790123494174,80.19906669094108,0.6641925983065363,0.6641925983065363,best,True
9626,N/A,N/A,12.979899429110551,80.20000842147462,405,12.9790123494174,80.19906669094108,0.1841697914273888,0.1841697914273888,best,True
3751,N/A,N/A,12.9799437,80.2005306,405,12.9790123494174,80.19906669094108,0.2461146553116002,0.2461146553116002,best,True
3241,N/A,N/A,12.982898480374317,80.19620418984323,405,12.9790123494174,80.19906669094108,0.6894695123357875,0.6894695123357875,best,True
4049,N/A,N/A,12.98298207896576,80.19630035685678,405,12.9790123494174,80.19906669094108,0.6915086154783278,0.6915086154783278,best,True
356,N/A,N/A,12.9761112,80.1975138,405,12.9790123494174,80.19906669094108,0.47123461980550435,0.47123461980550435,best,True
6297,N/A,N/A,12.9797792,80.20000139999999,405,12.9790123494174,80.19906669094108,0.17188192504744285,0.17188192504744285,best,True
765,N/A,N/A,12.9726132,80.1995053,405,12.9790123494174,80.19906669094108,0.9223984491751877,0.9223984491751877,best,True
5097,N/A,N/A,12.9795446878603,80.20089780372902,405,12.9790123494174,80.19906669094108,0.2693726068880895,0.2693726068880895,best,True
3689,N/A,N/A,12.9777405,80.19953389999999,405,12.9790123494174,80.19906669094108,0.1944242944286704,0.1944242944286704,best,True
6435,N/A,N/A,12.98351919366882,80.19811767270335,405,12.9790123494174,80.19906669094108,0.6618477956759242,0.6618477956759242,best,True
1030,N/A,N/A,12.9837866,80.1973929,405,12.9790123494174,80.19906669094108,0.7260792017370452,0.7260792017370452,best,True
4798,N/A,N/A,12.979787821863844,80.20010862856813,405,12.9790123494174,80.19906669094108,0.18448518109219206,0.18448518109219206,best,True
7755,N/A,N/A,12.9726132,80.1995053,405,12.9790123494174,80.19906669094108,0.9223984491751877,0.9223984491751877,best,True
8450,N/A,N/A,12.98211799764462,80.20333013491785,406,12.980737324131063,80.20384254933045,0.21131080680548645,0.21131080680548645,best,True
11012,N/A,N/A,12.9798895,80.2044523,406,12.980737324131063,80.20384254933045,0.14921058673213533,0.14921058673213533,best,True
10699,N/A,N/A,12.977989497191896,80.20410975114366,406,12.980737324131063,80.20384254933045,0.396983723143838,0.396983723143838,best,True
10334,N/A,N/A,12.979941773510289,80.20443084232791,406,12.980737324131063,80.20384254933045,0.14133489529789425,0.14133489529789425,best,True
9810,N/A,N/A,12.983914608426588,80.20496535828276,406,12.980737324131063,80.20384254933045,0.48361797201131373,0.48361797201131373,best,True
10636,N/A,N/A,12.9800718,80.2038939,406,12.980737324131063,80.20384254933045,0.09598891465458304,0.09598891465458304,best,True
10106,N/A,N/A,12.9798895,80.2044523,406,12.980737324131063,80.20384254933045,0.14921058673213533,0.14921058673213533,best,True
2105,N/A,N/A,12.983482352588362,80.20077683168996,406,12.980737324131063,80.20384254933045,0.5855072471849384,0.5855072471849384,best,True
1671,N/A,N/A,12.978238882965908,80.20365761051761,406,12.980737324131063,80.20384254933045,0.3602698279258582,0.3602698279258582,best,True
4309,N/A,N/A,12.979291,80.2040452,406,12.980737324131063,80.20384254933045,0.20996400855597003,0.20996400855597003,best,True
6313,N/A,N/A,12.9798895,80.2044523,406,12.980737324131063,80.20384254933045,0.14921058673213533,0.14921058673213533,best,True
7258,N/A,N/A,12.984420014165533,80.20245723970038,406,12.980737324131063,80.20384254933045,0.5645316921889016,0.5645316921889016,best,True
3196,N/A,N/A,12.983893858231658,80.20496794631264,406,12.980737324131063,80.20384254933045,0.48091956349576725,0.48091956349576725,best,True
3206,N/A,N/A,12.9798895,80.2044523,406,12.980737324131063,80.20384254933045,0.14921058673213533,0.14921058673213533,best,True
1009,N/A,N/A,12.981592957358131,80.20466151230319,406,12.980737324131063,80.20384254933045,0.16877458190258607,0.16877458190258607,best,True
526,N/A,N/A,12.980849,80.2015291,406,12.980737324131063,80.20384254933045,0.3266863065373768,0.3266863065373768,best,True
6093,N/A,N/A,12.9798895,80.2044523,406,12.980737324131063,80.20384254933045,0.14921058673213533,0.14921058673213533,best,True
3395,N/A,N/A,12.978020592276128,80.20407896075218,406,12.980737324131063,80.20384254933045,0.3921389578288303,0.3921389578288303,best,True
9896,N/A,N/A,13.04639379587763,80.25836445775981,407,13.049627559273603,80.25935533386814,0.48561349681544214,0.48561349681544214,best,True
9075,N/A,N/A,13.0519454,80.2609114,407,13.049627559273603,80.25935533386814,0.3990782446752889,0.3990782446752889,best,True
11312,N/A,N/A,13.044977665720248,80.26131400087928,407,13.049627559273603,80.25935533386814,0.7235324098334459,0.7235324098334459,best,True
10181,N/A,N/A,13.0488323,80.2558288,407,13.049627559273603,80.25935533386814,0.5102338240203205,0.5102338240203205,best,True
10175,N/A,N/A,13.0476393,80.262605,407,13.049627559273603,80.25935533386814,0.540116931161429,0.540116931161429,best,True
10589,N/A,N/A,13.050191394488824,80.26132645785518,407,13.049627559273603,80.25935533386814,0.2895204776025812,0.2895204776025812,best,True
8586,N/A,N/A,13.053014830171282,80.26280421175518,407,13.049627559273603,80.25935533386814,0.6883359957317429,0.6883359957317429,best,True
4343,N/A,N/A,13.0470871,80.2608297,407,13.049627559273603,80.25935533386814,0.4203723057048528,0.4203723057048528,best,True
6071,N/A,N/A,13.0488323,80.2558288,407,13.049627559273603,80.25935533386814,0.5102338240203205,0.5102338240203205,best,True
5350,N/A,N/A,13.047403251360636,80.255984855321,407,13.049627559273603,80.25935533386814,0.5728836326540256,0.5728836326540256,best,True
2335,N/A,N/A,13.05353861475786,80.26352510483441,407,13.049627559273603,80.25935533386814,0.8136764031244923,0.8136764031244923,best,True
8082,N/A,N/A,13.0541684,80.2590183,407,13.049627559273603,80.25935533386814,0.6547914053597358,0.6547914053597358,best,True
4829,N/A,N/A,13.0541684,80.2590183,407,13.049627559273603,80.25935533386814,0.6547914053597358,0.6547914053597358,best,True
3621,N/A,N/A,13.045353205623345,80.25995853437884,407,13.049627559273603,80.25935533386814,0.6205941780893054,0.6205941780893054,best,True
5230,N/A,N/A,13.046651453102829,80.25974241324145,407,13.049627559273603,80.25935533386814,0.4314898805917422,0.4314898805917422,best,True
1358,N/A,N/A,13.054116017741432,80.26114457392622,407,13.049627559273603,80.25935533386814,0.6930784164903561,0.6930784164903561,best,True
6556,N/A,N/A,13.0499506,80.2579949,407,13.049627559273603,80.25935533386814,0.19737002404461998,0.19737002404461998,best,True
10529,N/A,N/A,13.1289011,80.1608029,408,13.1302983307678,80.15933210062434,0.28872571761937754,0.28872571761937754,best,True
9823,N/A,N/A,13.13054494390452,80.15884837609968,408,13.1302983307678,80.15933210062434,0.0768572912667891,0.0768572912667891,best,True
8341,N/A,N/A,13.131712575765546,80.15896472294804,408,13.1302983307678,80.15933210062434,0.20988671919613178,0.20988671919613178,best,True
9259,N/A,N/A,13.128543044754489,80.16110046816296,408,13.1302983307678,80.15933210062434,0.3547700018049529,0.3547700018049529,best,True
8194,N/A,N/A,13.1299346,80.1603018,408,13.1302983307678,80.15933210062434,0.14635377736564995,0.14635377736564995,best,True
8847,N/A,N/A,13.1299346,80.1603018,408,13.1302983307678,80.15933210062434,0.14635377736564995,0.14635377736564995,best,True
7815,N/A,N/A,13.130505019104648,80.15898878783948,408,13.1302983307678,80.15933210062434,0.056792913123046004,0.056792913123046004,best,True
6793,N/A,N/A,13.1299346,80.1603018,408,13.1302983307678,80.15933210062434,0.14635377736564995,0.14635377736564995,best,True
5148,N/A,N/A,13.1332869,80.1593171,408,13.1302983307678,80.15933210062434,0.4298245017618096,0.4298245017618096,best,True
5126,N/A,N/A,13.130450952771549,80.15887257003689,408,13.1302983307678,80.15933210062434,0.06839184499793245,0.06839184499793245,best,True
5993,N/A,N/A,13.131000330060264,80.16004430793457,408,13.1302983307678,80.15933210062434,0.14237809886193828,0.14237809886193828,best,True
5973,N/A,N/A,13.130780273395596,80.15942373593121,408,13.1302983307678,80.15933210062434,0.07050673791469628,0.07050673791469628,best,True
5600,N/A,N/A,13.13050552012581,80.15891307205595,408,13.1302983307678,80.15933210062434,0.0661556326042476,0.0661556326042476,best,True
4314,N/A,N/A,13.129359080780452,80.15873644851384,408,13.1302983307678,80.15933210062434,0.1590507100644373,0.1590507100644373,best,True
6517,N/A,N/A,13.1306438,80.1587069,408,13.1302983307678,80.15933210062434,0.10116740500769479,0.10116740500769479,best,True
2520,N/A,N/A,13.13042879454524,80.15878276609996,408,13.1302983307678,80.15933210062434,0.0796730739752239,0.0796730739752239,best,True
3077,N/A,N/A,13.130434599093029,80.15878959206484,408,13.1302983307678,80.15933210062434,0.07894140115225987,0.07894140115225987,best,True
599,N/A,N/A,13.130420448100988,80.15879171632461,408,13.1302983307678,80.15933210062434,0.07816910696685553,0.07816910696685553,best,True
145,N/A,N/A,13.130468004613244,80.15889882795373,408,13.1302983307678,80.15933210062434,0.06576729406245498,0.06576729406245498,best,True
6673,N/A,N/A,13.125992478693467,80.16062192306214,408,13.1302983307678,80.15933210062434,0.6454091407930334,0.6454091407930334,best,True
7741,N/A,N/A,13.130685764043475,80.15945778079595,408,13.1302983307678,80.15933210062434,0.058469419481774795,0.058469419481774795,best,True
486,N/A,N/A,13.1299346,80.1603018,408,13.1302983307678,80.15933210062434,0.14635377736564995,0.14635377736564995,best,True
199,N/A,N/A,13.130418434142962,80.15868539987927,408,13.1302983307678,80.15933210062434,0.09277863676727353,0.09277863676727353,best,True
2228,N/A,N/A,13.130473450695815,80.15896611197837,408,13.1302983307678,80.15933210062434,0.05740810995202507,0.05740810995202507,best,True
3396,N/A,N/A,13.12816467388472,80.1578780935013,408,13.1302983307678,80.15933210062434,0.36901415222110956,0.36901415222110956,best,True
2707,N/A,N/A,13.1299346,80.1603018,408,13.1302983307678,80.15933210062434,0.14635377736564995,0.14635377736564995,best,True
2051,N/A,N/A,13.130469482168534,80.15887706700997,408,13.1302983307678,80.15933210062434,0.06870096088120903,0.06870096088120903,best,True
3011,N/A,N/A,13.130723446966956,80.15876727012994,408,13.1302983307678,80.15933210062434,0.10038396171319466,0.10038396171319466,best,True
5740,N/A,N/A,13.130636738849894,80.15940394965308,408,13.1302983307678,80.15933210062434,0.04971274943777814,0.04971274943777814,best,True
6135,N/A,N/A,13.130512758468225,80.15917232709722,408,13.1302983307678,80.15933210062434,0.03818712031032377,0.03818712031032377,best,True
4940,N/A,N/A,13.130544146178408,80.1589886702095,408,13.1302983307678,80.15933210062434,0.05994382213759397,0.05994382213759397,best,True
6672,N/A,N/A,13.1321763,80.1594465,408,13.1302983307678,80.15933210062434,0.2705725143234957,0.2705725143234957,best,True
4468,N/A,N/A,13.1305806781281,80.15915818298218,408,13.1302983307678,80.15933210062434,0.047433563085894186,0.047433563085894186,best,True
5554,N/A,N/A,13.130521302995984,80.15901165721827,408,13.1302983307678,80.15933210062434,0.055394539355559845,0.055394539355559845,best,True
7995,N/A,N/A,13.130453269413586,80.15926630619302,408,13.1302983307678,80.15933210062434,0.02413630859255362,0.02413630859255362,best,True
3126,N/A,N/A,13.130392753601967,80.15892608354028,408,13.1302983307678,80.15933210062434,0.058819738275642484,0.058819738275642484,best,True
3355,N/A,N/A,13.130634173161177,80.1591691078843,408,13.1302983307678,80.15933210062434,0.05348691654560795,0.05348691654560795,best,True
10450,N/A,N/A,13.131919290748716,80.1639685791621,409,13.131443549356119,80.16487682655286,0.14515944195411712,0.14515944195411712,best,True
11201,N/A,N/A,13.131838796486514,80.16534315323503,409,13.131443549356119,80.16487682655286,0.08690192047159316,0.08690192047159316,best,True
9299,N/A,N/A,13.1281337,80.1638914,409,13.131443549356119,80.16487682655286,0.4958776944890655,0.4958776944890655,best,True
10241,N/A,N/A,13.1334626,80.166193,409,13.131443549356119,80.16487682655286,0.34458655391217674,0.34458655391217674,best,True
8238,N/A,N/A,13.131798,80.1633193,409,13.131443549356119,80.16487682655286,0.22538269425108615,0.22538269425108615,best,True
10293,N/A,N/A,13.13357445746439,80.16524256811144,409,13.131443549356119,80.16487682655286,0.31077533726898016,0.31077533726898016,best,True
9672,N/A,N/A,13.1308778,80.1628339,409,13.131443549356119,80.16487682655286,0.2992370257864495,0.2992370257864495,best,True
8351,N/A,N/A,13.12504775882707,80.16563363060646,409,13.131443549356119,80.16487682655286,0.9260144898329081,0.9260144898329081,best,True
5524,N/A,N/A,13.131890482766794,80.1655445927168,409,13.131443549356119,80.16487682655286,0.11397933918578664,0.11397933918578664,best,True
8127,N/A,N/A,13.132127009043105,80.16547219238954,409,13.131443549356119,80.16487682655286,0.129246505871359,0.129246505871359,best,True
7213,N/A,N/A,13.133721308921984,80.16526317509377,409,13.131443549356119,80.16487682655286,0.33208550885212884,0.33208550885212884,best,True
1032,N/A,N/A,13.131936007236328,80.16575050462689,409,13.131443549356119,80.16487682655286,0.14206387357600134,0.14206387357600134,best,True
629,N/A,N/A,13.131637206136173,80.16345170160662,409,13.131443549356119,80.16487682655286,0.2028008987300448,0.2028008987300448,best,True
1343,N/A,N/A,13.131902945362222,80.16548660984829,409,13.131443549356119,80.16487682655286,0.10841195011379107,0.10841195011379107,best,True
4617,N/A,N/A,13.1317858773485,80.165758090896,409,13.131443549356119,80.16487682655286,0.1336202019054137,0.1336202019054137,best,True
11421,N/A,N/A,13.137583909534388,80.16275986485749,410,13.136500465678175,80.1611715125218,0.2727704602697844,0.2727704602697844,best,True
10630,N/A,N/A,13.1382849,80.1607135,410,13.136500465678175,80.1611715125218,0.2646346650974527,0.2646346650974527,best,True
10965,N/A,N/A,13.1350066,80.1608478,410,13.136500465678175,80.1611715125218,0.21964114745538757,0.21964114745538757,best,True
11090,N/A,N/A,13.1356393,80.1628717,410,13.136500465678175,80.1611715125218,0.26975950773801977,0.26975950773801977,best,True
8712,N/A,N/A,13.13458789317575,80.1599728649139,410,13.136500465678175,80.1611715125218,0.322812344689721,0.322812344689721,best,True
3305,N/A,N/A,13.137167930556071,80.16279815900354,410,13.136500465678175,80.1611715125218,0.2485647399707636,0.2485647399707636,best,True
7115,N/A,N/A,13.135016592632129,80.16160109110666,410,13.136500465678175,80.1611715125218,0.22183591207076603,0.22183591207076603,best,True
5623,N/A,N/A,13.138716599527074,80.15780712029286,410,13.136500465678175,80.1611715125218,0.5713752208380483,0.5713752208380483,best,True
11380,N/A,N/A,13.061241820570258,80.27218726937937,411,13.063118943352048,80.27414246629812,0.38584779804287733,0.38584779804287733,best,True
10988,N/A,N/A,13.0655639,80.2721814,411,13.063118943352048,80.27414246629812,0.4473231900829057,0.4473231900829057,best,True
8439,N/A,N/A,13.0625442,80.2742479,411,13.063118943352048,80.27414246629812,0.08398585838682954,0.08398585838682954,best,True
10666,N/A,N/A,13.06372455712352,80.27821823624573,411,13.063118943352048,80.27414246629812,0.5812235051586252,0.5812235051586252,best,True
9623,N/A,N/A,13.064787980164104,80.27394069129984,411,13.063118943352048,80.27414246629812,0.2417214164742459,0.2417214164742459,best,True
8552,N/A,N/A,13.06302464592193,80.27416902695614,411,13.063118943352048,80.27414246629812,0.014069439138600214,0.014069439138600214,best,True
602,N/A,N/A,13.0639677,80.2805753,411,13.063118943352048,80.27414246629812,0.9151698352390583,0.9151698352390583,best,True
6836,N/A,N/A,13.0639677,80.2805753,411,13.063118943352048,80.27414246629812,0.9151698352390583,0.9151698352390583,best,True
5505,N/A,N/A,13.0606746,80.26859259999999,411,13.063118943352048,80.27414246629812,0.8578447603591636,0.8578447603591636,best,True
3512,N/A,N/A,13.06462630744347,80.27397549197262,411,13.063118943352048,80.27414246629812,0.21806416752165594,0.21806416752165594,best,True
3553,N/A,N/A,13.064690330377951,80.27831490658386,411,13.063118943352048,80.27414246629812,0.6302054339717973,0.6302054339717973,best,True
4507,N/A,N/A,13.062756407181556,80.27086649294823,411,13.063118943352048,80.27414246629812,0.4648279715357091,0.4648279715357091,best,True
4215,N/A,N/A,13.0608629,80.27251199999999,411,13.063118943352048,80.27414246629812,0.3976503913464787,0.3976503913464787,best,True
6376,N/A,N/A,13.062464051654764,80.2743278637937,411,13.063118943352048,80.27414246629812,0.09774683676441291,0.09774683676441291,best,True
2964,N/A,N/A,13.0636015,80.27159209999999,411,13.063118943352048,80.27414246629812,0.36622327870880683,0.36622327870880683,best,True
5438,N/A,N/A,13.06140449319524,80.27000288159037,411,13.063118943352048,80.27414246629812,0.6336069170926248,0.6336069170926248,best,True
8318,N/A,N/A,13.0836377,80.1717706,412,13.083485822227246,80.1702070840003,0.22150855805939734,0.22150855805939734,best,True
9974,N/A,N/A,13.08108108108108,80.17045290573199,412,13.083485822227246,80.1702070840003,0.3475832769266578,0.3475832769266578,best,True
10363,N/A,N/A,13.0848241,80.1712824,412,13.083485822227246,80.1702070840003,0.24500654450597353,0.24500654450597353,best,True
10919,N/A,N/A,13.082449313687908,80.1705012580437,412,13.083485822227246,80.1702070840003,0.15473296556871144,0.15473296556871144,best,True
10286,N/A,N/A,13.084327545731949,80.17121516217367,412,13.083485822227246,80.1702070840003,0.18669055694720865,0.18669055694720865,best,True
8112,N/A,N/A,13.0848241,80.1712824,412,13.083485822227246,80.1702070840003,0.24500654450597353,0.24500654450597353,best,True
4357,N/A,N/A,13.0848241,80.1712824,412,13.083485822227246,80.1702070840003,0.24500654450597353,0.24500654450597353,best,True
2021,N/A,N/A,13.082261420026123,80.16927098894186,412,13.083485822227246,80.1702070840003,0.22005960179273057,0.22005960179273057,best,True
530,N/A,N/A,13.08236222848544,80.16920692599184,412,13.083485822227246,80.1702070840003,0.21446625258766944,0.21446625258766944,best,True
4871,N/A,N/A,13.082329081109984,80.16964777511105,412,13.083485822227246,80.1702070840003,0.1841046394346069,0.1841046394346069,best,True
3422,N/A,N/A,13.0823724,80.1696177,412,13.083485822227246,80.1702070840003,0.1804080515640739,0.1804080515640739,best,True
4854,N/A,N/A,13.0822908,80.16955209999999,412,13.083485822227246,80.1702070840003,0.19510476642079616,0.19510476642079616,best,True
6588,N/A,N/A,13.0822908,80.16955209999999,412,13.083485822227246,80.1702070840003,0.19510476642079616,0.19510476642079616,best,True
2160,N/A,N/A,13.082301329327532,80.1694503910245,412,13.083485822227246,80.1702070840003,0.20100116617617392,0.20100116617617392,best,True
4044,N/A,N/A,13.082481174203906,80.17010866712037,412,13.083485822227246,80.1702070840003,0.1451537108951741,0.1451537108951741,best,True
3685,N/A,N/A,13.0822908,80.16955209999999,412,13.083485822227246,80.1702070840003,0.19510476642079616,0.19510476642079616,best,True
7992,N/A,N/A,13.082354822945442,80.16967751681567,412,13.083485822227246,80.1702070840003,0.17897684085997978,0.17897684085997978,best,True
805,N/A,N/A,13.0822908,80.16955209999999,412,13.083485822227246,80.1702070840003,0.19510476642079616,0.19510476642079616,best,True
3572,N/A,N/A,13.0848241,80.1712824,412,13.083485822227246,80.1702070840003,0.24500654450597353,0.24500654450597353,best,True
8303,N/A,N/A,13.077693847890446,80.17133477065931,413,13.078123528515432,80.1737142503046,0.34111772035201354,0.34111772035201354,best,True
8979,N/A,N/A,13.077402041479736,80.17469933339504,413,13.078123528515432,80.1737142503046,0.1733655183870309,0.1733655183870309,best,True
1948,N/A,N/A,13.0771068,80.1742976,413,13.078123528515432,80.1737142503046,0.16776852873325077,0.16776852873325077,best,True
3715,N/A,N/A,13.0790083,80.1751505,413,13.078123528515432,80.1737142503046,0.2391539017247885,0.2391539017247885,best,True
351,N/A,N/A,13.078237433704723,80.17121710468642,413,13.078123528515432,80.1737142503046,0.3524432691819518,0.3524432691819518,best,True
137,N/A,N/A,13.0790083,80.1751505,413,13.078123528515432,80.1737142503046,0.2391539017247885,0.2391539017247885,best,True
5953,N/A,N/A,13.07840797653312,80.17414994339151,413,13.078123528515432,80.1737142503046,0.0738024819914902,0.0738024819914902,best,True
9018,N/A,N/A,13.0827447,80.17625559999999,414,13.083253287667588,80.17381181974476,0.35221082366870865,0.35221082366870865,best,True
9076,N/A,N/A,13.084807,80.175697,414,13.083253287667588,80.17381181974476,0.3472322145150108,0.3472322145150108,best,True
8564,N/A,N/A,13.0815707,80.1729108,414,13.083253287667588,80.17381181974476,0.27330538584237,0.27330538584237,best,True
10123,N/A,N/A,13.0815707,80.1729108,414,13.083253287667588,80.17381181974476,0.27330538584237,0.27330538584237,best,True
9224,N/A,N/A,13.083145290665527,80.1725636764952,414,13.083253287667588,80.17381181974476,0.17665121396317152,0.17665121396317152,best,True
1751,N/A,N/A,13.0835569,80.1730553,414,13.083253287667588,80.17381181974476,0.11524875547340876,0.11524875547340876,best,True
7877,N/A,N/A,13.0835569,80.1730553,414,13.083253287667588,80.17381181974476,0.11524875547340876,0.11524875547340876,best,True
5423,N/A,N/A,13.0835569,80.1730553,414,13.083253287667588,80.17381181974476,0.11524875547340876,0.11524875547340876,best,True
3943,N/A,N/A,13.0835569,80.1730553,414,13.083253287667588,80.17381181974476,0.11524875547340876,0.11524875547340876,best,True
6486,N/A,N/A,13.0827447,80.17625559999999,414,13.083253287667588,80.17381181974476,0.35221082366870865,0.35221082366870865,best,True
8016,N/A,N/A,13.0835569,80.1730553,414,13.083253287667588,80.17381181974476,0.11524875547340876,0.11524875547340876,best,True
1065,N/A,N/A,13.0827447,80.17625559999999,414,13.083253287667588,80.17381181974476,0.35221082366870865,0.35221082366870865,best,True
404,N/A,N/A,13.0835569,80.1730553,414,13.083253287667588,80.17381181974476,0.11524875547340876,0.11524875547340876,best,True
341,N/A,N/A,13.0835569,80.1730553,414,13.083253287667588,80.17381181974476,0.11524875547340876,0.11524875547340876,best,True
2655,N/A,N/A,13.08178838942916,80.17674933201458,414,13.083253287667588,80.17381181974476,0.46464989899948433,0.46464989899948433,best,True
2677,N/A,N/A,13.0827447,80.17625559999999,414,13.083253287667588,80.17381181974476,0.35221082366870865,0.35221082366870865,best,True
7788,N/A,N/A,13.0835569,80.1730553,414,13.083253287667588,80.17381181974476,0.11524875547340876,0.11524875547340876,best,True
2931,N/A,N/A,13.083185332399207,80.17255366732411,414,13.083253287667588,80.17381181974476,0.17764720611311957,0.17764720611311957,best,True
521,N/A,N/A,13.0835569,80.1730553,414,13.083253287667588,80.17381181974476,0.11524875547340876,0.11524875547340876,best,True
5059,N/A,N/A,13.08319331546285,80.17258786917762,414,13.083253287667588,80.17381181974476,0.17277170648429227,0.17277170648429227,best,True
2791,N/A,N/A,13.0835569,80.1730553,414,13.083253287667588,80.17381181974476,0.11524875547340876,0.11524875547340876,best,True
1269,N/A,N/A,13.082000874267331,80.17691450823244,414,13.083253287667588,80.17381181974476,0.47306135510875574,0.47306135510875574,best,True
4321,N/A,N/A,13.0851829,80.17468939999999,414,13.083253287667588,80.17381181974476,0.30384814386142084,0.30384814386142084,best,True
6212,N/A,N/A,13.0835569,80.1730553,414,13.083253287667588,80.17381181974476,0.11524875547340876,0.11524875547340876,best,True
2884,N/A,N/A,13.0835569,80.1730553,414,13.083253287667588,80.17381181974476,0.11524875547340876,0.11524875547340876,best,True
5648,N/A,N/A,13.0835569,80.1730553,414,13.083253287667588,80.17381181974476,0.11524875547340876,0.11524875547340876,best,True
4419,N/A,N/A,13.0835569,80.1730553,414,13.083253287667588,80.17381181974476,0.11524875547340876,0.11524875547340876,best,True
618,N/A,N/A,13.0835569,80.1730553,414,13.083253287667588,80.17381181974476,0.11524875547340876,0.11524875547340876,best,True
1208,N/A,N/A,13.083198346420954,80.17259852025956,414,13.083253287667588,80.17381181974476,0.17123705827726848,0.17123705827726848,best,True
725,N/A,N/A,13.0835569,80.1730553,414,13.083253287667588,80.17381181974476,0.11524875547340876,0.11524875547340876,best,True
5802,N/A,N/A,13.082926332053006,80.17336889781826,414,13.083253287667588,80.17381181974476,0.07816952088772434,0.07816952088772434,best,True
7486,N/A,N/A,13.0835569,80.1730553,414,13.083253287667588,80.17381181974476,0.11524875547340876,0.11524875547340876,best,True
2102,N/A,N/A,13.0835569,80.1730553,414,13.083253287667588,80.17381181974476,0.11524875547340876,0.11524875547340876,best,True
679,N/A,N/A,13.0830396,80.1760396,414,13.083253287667588,80.17381181974476,0.31557935021103295,0.31557935021103295,best,True
8403,N/A,N/A,13.1229206,80.0019601,416,13.126459248481222,80.00655258534603,0.8234556670814361,0.8234556670814361,best,True
11103,N/A,N/A,13.1292203,80.0065775,416,13.126459248481222,80.00655258534603,0.3971128617764804,0.3971128617764804,best,True
8699,N/A,N/A,13.1275021,80.0040821,416,13.126459248481222,80.00655258534603,0.3791606821569529,0.3791606821569529,best,True
9512,N/A,N/A,13.124684769721783,80.00634680082293,416,13.126459248481222,80.00655258534603,0.2568505604420361,0.2568505604420361,best,True
8294,N/A,N/A,13.1259265,80.0075051,416,13.126459248481222,80.00655258534603,0.1545891772820446,0.1545891772820446,best,True
8471,N/A,N/A,13.131363905502422,80.00675870870278,416,13.126459248481222,80.00655258534603,0.7059911006241517,0.7059911006241517,best,True
6803,N/A,N/A,13.124730494212828,80.00651815196488,416,13.126459248481222,80.00655258534603,0.24867858480193547,0.24867858480193547,best,True
3102,N/A,N/A,13.1247944459487,80.00631448426438,416,13.126459248481222,80.00655258534603,0.24177446660988874,0.24177446660988874,best,True
1079,N/A,N/A,13.124903392586267,80.0076394962036,416,13.126459248481222,80.00655258534603,0.2711897966065421,0.2711897966065421,best,True
578,N/A,N/A,13.125268155314515,80.00798182019042,416,13.126459248481222,80.00655258534603,0.26444765520671076,0.26444765520671076,best,True
444,N/A,N/A,13.1225763,80.0113954,416,13.126459248481222,80.00655258534603,0.8819663199619149,0.8819663199619149,best,True
7292,N/A,N/A,13.124709664676724,80.00632137412374,416,13.126459248481222,80.00655258534603,0.253728808183309,0.253728808183309,best,True
7607,N/A,N/A,13.1274857,80.0041851,416,13.126459248481222,80.00655258534603,0.36491071601992386,0.36491071601992386,best,True
6479,N/A,N/A,13.125943399255142,80.01048514391753,416,13.126459248481222,80.00655258534603,0.5592705523257582,0.5592705523257582,best,True
11218,N/A,N/A,13.0890949,80.0108208,417,13.094644318645999,80.00664349834727,0.9918719470910755,0.9918719470910755,best,True
10261,N/A,N/A,13.093828404718138,80.00869162637657,417,13.094644318645999,80.00664349834727,0.31167264625522817,0.31167264625522817,best,True
7480,N/A,N/A,13.094156991150069,80.006793405773,417,13.094644318645999,80.00664349834727,0.07320463440866547,0.07320463440866547,best,True
7365,N/A,N/A,13.094463029249296,80.00684975594528,417,13.094644318645999,80.00664349834727,0.0390552253777066,0.0390552253777066,best,True
7465,N/A,N/A,13.094353008158478,80.00680601470853,417,13.094644318645999,80.00664349834727,0.04775174080614926,0.04775174080614926,best,True
6800,N/A,N/A,13.094330326885729,80.00682518696547,417,13.094644318645999,80.00664349834727,0.051916858869599854,0.051916858869599854,best,True
235,N/A,N/A,13.094175209022524,80.00661417349421,417,13.094644318645999,80.00664349834727,0.06759420621956724,0.06759420621956724,best,True
7658,N/A,N/A,13.094000835761378,80.00658827075283,417,13.094644318645999,80.00664349834727,0.09287307296381533,0.09287307296381533,best,True
8590,N/A,N/A,13.0239427,80.2657404,418,13.026148010514845,80.2687904082712,0.5343980840514652,0.5343980840514652,best,True
10649,N/A,N/A,13.027252101710786,80.26741781391458,418,13.026148010514845,80.2687904082712,0.2503567256658529,0.2503567256658529,best,True
8745,N/A,N/A,13.021688961900598,80.27046675055149,418,13.026148010514845,80.2687904082712,0.68348141593363,0.68348141593363,best,True
10085,N/A,N/A,13.031133695135969,80.2696919757109,418,13.026148010514845,80.2687904082712,0.7282242929891162,0.7282242929891162,best,True
3927,N/A,N/A,13.029911236376096,80.26567726228403,418,13.026148010514845,80.2687904082712,0.696883078027972,0.696883078027972,best,True
2119,N/A,N/A,13.02150219370348,80.27046788574764,418,13.026148010514845,80.2687904082712,0.7087989808275871,0.7087989808275871,best,True
6397,N/A,N/A,13.0281016,80.2708074,418,13.026148010514845,80.2687904082712,0.3997992246674724,0.3997992246674724,best,True
2697,N/A,N/A,13.022972413639485,80.26753556564138,418,13.026148010514845,80.2687904082712,0.48979604928396814,0.48979604928396814,best,True
3268,N/A,N/A,13.030929244163255,80.26924432807908,418,13.026148010514845,80.2687904082712,0.6906095083586831,0.6906095083586831,best,True
2761,N/A,N/A,13.025097828081922,80.2745772896814,418,13.026148010514845,80.2687904082712,0.8299008108963555,0.8299008108963555,best,True
2754,N/A,N/A,13.025033288836102,80.27462366857868,418,13.026148010514845,80.2687904082712,0.8380587033535126,0.8380587033535126,best,True
1147,N/A,N/A,13.02505297482349,80.27455636389122,418,13.026148010514845,80.2687904082712,0.8282018830860183,0.8282018830860183,best,True
266,N/A,N/A,13.02920853086366,80.26401981966352,418,13.026148010514845,80.2687904082712,0.8039275889088672,0.8039275889088672,best,True
7839,N/A,N/A,13.023740517273222,80.26464135933057,418,13.026148010514845,80.2687904082712,0.6798585196902684,0.6798585196902684,best,True
2011,N/A,N/A,13.029440499165084,80.26668184857418,418,13.026148010514845,80.2687904082712,0.5591385920846269,0.5591385920846269,best,True
570,N/A,N/A,13.023360382564364,80.2644968006904,418,13.026148010514845,80.2687904082712,0.7261719365159522,0.7261719365159522,best,True
9006,N/A,N/A,13.1426846,80.1945393,419,13.14269108988475,80.19180002672589,0.3860994453451865,0.3860994453451865,best,True
11148,N/A,N/A,13.13841341705001,80.19608304553908,419,13.14269108988475,80.19180002672589,0.8619403373957831,0.8619403373957831,best,True
8193,N/A,N/A,13.1462733,80.1911203,419,13.14269108988475,80.19180002672589,0.5240302469052311,0.5240302469052311,best,True
1921,N/A,N/A,13.137441824445528,80.1876496805794,419,13.14269108988475,80.19180002672589,0.9550790684400154,0.9550790684400154,best,True
63,N/A,N/A,13.13722012575315,80.19278915314257,419,13.14269108988475,80.19180002672589,0.799096654086372,0.799096654086372,best,True
184,N/A,N/A,13.144896427086644,80.18785636242674,419,13.14269108988475,80.19180002672589,0.6399788561676654,0.6399788561676654,best,True
3231,N/A,N/A,13.14147326908343,80.1950186910471,419,13.14269108988475,80.19180002672589,0.48630518216504504,0.48630518216504504,best,True
5886,N/A,N/A,13.1444669,80.1883568,419,13.14269108988475,80.19180002672589,0.5484182044634859,0.5484182044634859,best,True
2734,N/A,N/A,13.145731716969353,80.18985179238126,419,13.14269108988475,80.19180002672589,0.5163744079281836,0.5163744079281836,best,True
4817,N/A,N/A,13.1443412,80.1883403,419,13.14269108988475,80.19180002672589,0.5423263454333586,0.5423263454333586,best,True
4976,N/A,N/A,13.144392813767087,80.18839252159533,419,13.14269108988475,80.19180002672589,0.5390470900971409,0.5390470900971409,best,True
2613,N/A,N/A,13.144228127762586,80.19363333578232,419,13.14269108988475,80.19180002672589,0.3400571109343013,0.3400571109343013,best,True
339,N/A,N/A,13.147203,80.1880296,419,13.14269108988475,80.19180002672589,0.8387514698844001,0.8387514698844001,best,True
10998,N/A,N/A,12.9403008,80.0705199,420,12.9417703,80.069356,0.26762235295384285,0.26762235295384285,best,True
7329,N/A,N/A,12.9432398,80.06819209999999,420,12.9417703,80.069356,0.26762178185429286,0.26762178185429286,best,True
10964,N/A,N/A,13.0200986,80.2245209,421,13.021279695326562,80.22723844382193,0.4191833571009874,0.4191833571009874,best,True
796,N/A,N/A,13.020493123294932,80.23161524491748,421,13.021279695326562,80.22723844382193,0.6274907455901627,0.6274907455901627,best,True
6695,N/A,N/A,13.0247754,80.2245208,421,13.021279695326562,80.22723844382193,0.6321614165556412,0.6321614165556412,best,True
4293,N/A,N/A,13.023618,80.22810799999999,421,13.021279695326562,80.22723844382193,0.3579531178644831,0.3579531178644831,best,True
5106,N/A,N/A,13.021566701725156,80.22395057775256,421,13.021279695326562,80.22723844382193,0.46548231434334547,0.46548231434334547,best,True
2669,N/A,N/A,13.019801346998484,80.22493509624822,421,13.021279695326562,80.22723844382193,0.38821405043640655,0.38821405043640655,best,True
5127,N/A,N/A,13.0241298,80.22847159999999,421,13.021279695326562,80.22723844382193,0.44526327605942306,0.44526327605942306,best,True
5766,N/A,N/A,13.024546135931033,80.22905212055856,421,13.021279695326562,80.22723844382193,0.5348882380660892,0.5348882380660892,best,True
5765,N/A,N/A,13.024513747071902,80.22902225857588,421,13.021279695326562,80.22723844382193,0.5287856051459052,0.5287856051459052,best,True
2595,N/A,N/A,13.024710925060274,80.22930952822762,421,13.021279695326562,80.22723844382193,0.5734280759491269,0.5734280759491269,best,True
3019,N/A,N/A,13.0196342,80.22475469999999,421,13.021279695326562,80.22723844382193,0.4227097128377993,0.4227097128377993,best,True
7248,N/A,N/A,13.019820212614627,80.22478926073119,421,13.021279695326562,80.22723844382193,0.4041616637040175,0.4041616637040175,best,True
5013,N/A,N/A,13.023618,80.22810799999999,421,13.021279695326562,80.22723844382193,0.3579531178644831,0.3579531178644831,best,True
7314,N/A,N/A,13.023292136815014,80.22980645905075,421,13.021279695326562,80.22723844382193,0.4635851421011893,0.4635851421011893,best,True
2947,N/A,N/A,13.023375810472052,80.22987572933515,421,13.021279695326562,80.22723844382193,0.47874025230815115,0.47874025230815115,best,True
9518,N/A,N/A,12.8818627,80.0208848,422,12.884767644455854,80.02281321880706,0.49857562401664635,0.49857562401664635,best,True
9851,N/A,N/A,12.886963946931443,80.02229158628022,422,12.884767644455854,80.02281321880706,0.3243298919716861,0.3243298919716861,best,True
7831,N/A,N/A,12.886788132663796,80.02199823614268,422,12.884767644455854,80.02281321880706,0.3125080070420726,0.3125080070420726,best,True
7712,N/A,N/A,12.886429032803722,80.02076587731845,422,12.884767644455854,80.02281321880706,0.3748820224399871,0.3748820224399871,best,True
7895,N/A,N/A,12.8865824,80.0216481,422,12.884767644455854,80.02281321880706,0.30845284151616326,0.30845284151616326,best,True
1561,N/A,N/A,12.887573335169217,80.0248429519277,422,12.884767644455854,80.02281321880706,0.49480880964420937,0.49480880964420937,best,True
6223,N/A,N/A,12.886688281172123,80.0218204446436,422,12.884767644455854,80.02281321880706,0.30970960760480415,0.30970960760480415,best,True
7462,N/A,N/A,12.886711125771102,80.0218651951772,422,12.884767644455854,80.02281321880706,0.3098658846348894,0.3098658846348894,best,True
2000,N/A,N/A,12.88687551232638,80.02210969061605,422,12.884767644455854,80.02281321880706,0.31898795992329926,0.31898795992329926,best,True
3340,N/A,N/A,12.8868064,80.0221226,422,12.884767644455854,80.02281321880706,0.30897804465361367,0.30897804465361367,best,True
3336,N/A,N/A,12.8868064,80.0221226,422,12.884767644455854,80.02281321880706,0.30897804465361367,0.30897804465361367,best,True
10594,N/A,N/A,13.121207244809275,80.0295165347274,423,13.117738606356982,80.03068028589138,0.5251428553722818,0.5251428553722818,best,True
10506,N/A,N/A,13.118384847888318,80.02906243213069,423,13.117738606356982,80.03068028589138,0.2462697884235257,0.2462697884235257,best,True
11066,N/A,N/A,13.113146255913833,80.02573486298813,423,13.117738606356982,80.03068028589138,0.9603223390967152,0.9603223390967152,best,True
6410,N/A,N/A,13.120980025140112,80.03615490890861,423,13.117738606356982,80.03068028589138,0.9015951133063532,0.9015951133063532,best,True
6537,N/A,N/A,13.1197895,80.0338594,423,13.117738606356982,80.03068028589138,0.5364969189551914,0.5364969189551914,best,True
1312,N/A,N/A,13.121027596810528,80.02972237656991,423,13.117738606356982,80.03068028589138,0.49192099620241564,0.49192099620241564,best,True
8040,N/A,N/A,13.118795993286597,80.02932096113398,423,13.117738606356982,80.03068028589138,0.2446278565245248,0.2446278565245248,best,True
2189,N/A,N/A,13.1146279,80.0358525,423,13.117738606356982,80.03068028589138,0.8554157962889,0.8554157962889,best,True
1586,N/A,N/A,13.118795490736106,80.02942392465803,423,13.117738606356982,80.03068028589138,0.23338649583712082,0.23338649583712082,best,True
1606,N/A,N/A,13.1171361,80.0312692,423,13.117738606356982,80.03068028589138,0.12000129309780395,0.12000129309780395,best,True
2295,N/A,N/A,13.113222,80.0256719,423,13.117738606356982,80.03068028589138,0.9593754366895804,0.9593754366895804,best,True
8465,N/A,N/A,12.896625,80.17115559999999,424,12.895821030665124,80.17178207847945,0.14554001841120023,0.14554001841120023,best,True
8280,N/A,N/A,12.8968478,80.1716141,424,12.895821030665124,80.17178207847945,0.14955815899366323,0.14955815899366323,best,True
8098,N/A,N/A,12.890423821451543,80.17302100716282,424,12.895821030665124,80.17178207847945,0.7956570596351887,0.7956570596351887,best,True
2709,N/A,N/A,12.895664888813505,80.17351748804822,424,12.895821030665124,80.17178207847945,0.2458745090620774,0.2458745090620774,best,True
1836,N/A,N/A,12.9001949,80.1724811,424,12.895821030665124,80.17178207847945,0.6367276478024326,0.6367276478024326,best,True
7325,N/A,N/A,12.895169773725682,80.1689031756657,424,12.895821030665124,80.17178207847945,0.416840552610768,0.416840552610768,best,True
9712,N/A,N/A,13.0424463,80.1904267,425,13.041917991455136,80.19426623325195,0.5467042013549758,0.5467042013549758,best,True
10561,N/A,N/A,13.0398002,80.19769,425,13.041917991455136,80.19426623325195,0.5708253483879087,0.5708253483879087,best,True
8305,N/A,N/A,13.0398028,80.1976916,425,13.041917991455136,80.19426623325195,0.570816801239026,0.570816801239026,best,True
9801,N/A,N/A,13.0442601,80.19515849999999,425,13.041917991455136,80.19426623325195,0.3595721102915305,0.3595721102915305,best,True
10125,N/A,N/A,13.041937,80.193196,425,13.041917991455136,80.19426623325195,0.1509345736992694,0.1509345736992694,best,True
2695,N/A,N/A,13.04178687863172,80.19342253314517,425,13.041917991455136,80.19426623325195,0.12045235848777118,0.12045235848777118,best,True
7313,N/A,N/A,13.0418584,80.1939078,425,13.041917991455136,80.19426623325195,0.05126292324455329,0.05126292324455329,best,True
2749,N/A,N/A,13.041830818222296,80.1932917503869,425,13.041917991455136,80.19426623325195,0.13797918860610597,0.13797918860610597,best,True
5002,N/A,N/A,13.042689337672684,80.1953344420293,425,13.041917991455136,80.19426623325195,0.18706742195417733,0.18706742195417733,best,True
3460,N/A,N/A,13.0417685,80.19341539999999,425,13.041917991455136,80.19426623325195,0.12188426330644855,0.12188426330644855,best,True
4027,N/A,N/A,13.041812434350676,80.19339882229733,425,13.041917991455136,80.19426623325195,0.12324913681329425,0.12324913681329425,best,True
2283,N/A,N/A,13.044864,80.1960282,425,13.041917991455136,80.19426623325195,0.49116568168620306,0.49116568168620306,best,True
7260,N/A,N/A,13.04187813943848,80.19341674299378,425,13.041917991455136,80.19426623325195,0.11992068245137719,0.11992068245137719,best,True
7703,N/A,N/A,13.041801432741844,80.19332970134428,425,13.041917991455136,80.19426623325195,0.13311683112425446,0.13311683112425446,best,True
6869,N/A,N/A,13.041835470816537,80.1934094952546,425,13.041917991455136,80.19426623325195,0.12138719722084781,0.12138719722084781,best,True
1486,N/A,N/A,13.0418584,80.1939078,425,13.041917991455136,80.19426623325195,0.05126292324455329,0.05126292324455329,best,True
80,N/A,N/A,13.04181953128467,80.19339516280202,425,13.041917991455136,80.19426623325195,0.12364018182437878,0.12364018182437878,best,True
1120,N/A,N/A,13.040474103033542,80.19637154828162,425,13.041917991455136,80.19426623325195,0.3622856958009595,0.3622856958009595,best,True
8360,N/A,N/A,13.038108820631289,80.19270367806902,426,13.037757589774262,80.19282993916909,0.05355975847280894,0.05355975847280894,best,True
11307,N/A,N/A,13.0380448,80.1927267,426,13.037757589774262,80.19282993916909,0.04379678999179025,0.04379678999179025,best,True
9074,N/A,N/A,13.03711466710986,80.19630626753789,426,13.037757589774262,80.19282993916909,0.4988382587408411,0.4988382587408411,best,True
9624,N/A,N/A,13.037959835322344,80.19274985381037,426,13.037757589774262,80.19282993916909,0.03120220302360985,0.03120220302360985,best,True
9724,N/A,N/A,13.038366087261958,80.19276636375942,426,13.037757589774262,80.19282993916909,0.08797210030282387,0.08797210030282387,best,True
9930,N/A,N/A,13.0379385,80.1919681,426,13.037757589774262,80.19282993916909,0.12428092540599815,0.12428092540599815,best,True
8515,N/A,N/A,13.038282080023343,80.19272649719201,426,13.037757589774262,80.19282993916909,0.07682953097496746,0.07682953097496746,best,True
7154,N/A,N/A,13.0379385,80.1919681,426,13.037757589774262,80.19282993916909,0.12428092540599815,0.12428092540599815,best,True
4447,N/A,N/A,13.0388246,80.1916145,426,13.037757589774262,80.19282993916909,0.23004955670346275,0.23004955670346275,best,True
1258,N/A,N/A,13.0379733,80.192305,426,13.037757589774262,80.19282993916909,0.08025937491842046,0.08025937491842046,best,True
5413,N/A,N/A,13.037945947668044,80.1948554945057,426,13.037757589774262,80.19282993916909,0.2869028627273649,0.2869028627273649,best,True
7302,N/A,N/A,13.03282152507594,80.19154240322942,426,13.037757589774262,80.19282993916909,0.7327533719943167,0.7327533719943167,best,True
5388,N/A,N/A,13.038159844131831,80.19283919850265,426,13.037757589774262,80.19282993916909,0.0578669741120803,0.0578669741120803,best,True
6152,N/A,N/A,13.038222385698957,80.19273455169409,426,13.037757589774262,80.19282993916909,0.06818675051299342,0.06818675051299342,best,True
388,N/A,N/A,13.038158640233709,80.1927257940145,426,13.037757589774262,80.19282993916909,0.05951922860671451,0.05951922860671451,best,True
7830,N/A,N/A,13.038261903230923,80.19274652439047,426,13.037757589774262,80.19282993916909,0.07347793353851305,0.07347793353851305,best,True
5617,N/A,N/A,13.0079644,80.002416,427,13.01146651141879,80.0035570649772,0.5287541514939976,0.5287541514939976,best,True
980,N/A,N/A,13.0146027,80.0035331,427,13.01146651141879,80.0035570649772,0.4510586006909222,0.4510586006909222,best,True
3158,N/A,N/A,13.007969,80.0024265,427,13.01146651141879,80.0035570649772,0.5276747005874945,0.5276747005874945,best,True
4624,N/A,N/A,13.0090805,80.003739,427,13.01146651141879,80.0035570649772,0.34411339797729323,0.34411339797729323,best,True
5738,N/A,N/A,13.009407939486634,80.00345831630644,427,13.01146651141879,80.0035570649772,0.2963906326524946,0.2963906326524946,best,True
5895,N/A,N/A,13.016902,80.00322899999999,427,13.01146651141879,80.0035570649772,0.7830986351735216,0.7830986351735216,best,True
3008,N/A,N/A,13.015007344193656,80.00608548147869,427,13.01146651141879,80.0035570649772,0.6216632340360093,0.6216632340360093,best,True
2817,N/A,N/A,13.015591346304037,80.0041810923286,427,13.01146651141879,80.0035570649772,0.5997245659742519,0.5997245659742519,best,True
5534,N/A,N/A,13.00939806024229,80.00470714355583,427,13.01146651141879,80.0035570649772,0.33882455841167025,0.33882455841167025,best,True
1396,N/A,N/A,13.0098434,80.0037074,427,13.01146651141879,80.0035570649772,0.2343962443002853,0.2343962443002853,best,True
28,N/A,N/A,13.011836802056951,79.9983972832055,427,13.01146651141879,80.0035570649772,0.7295972109736393,0.7295972109736393,best,True
2368,N/A,N/A,13.0083969,80.0037518,427,13.01146651141879,80.0035570649772,0.44232406970654453,0.44232406970654453,best,True
5867,N/A,N/A,13.008396013254655,80.00201115271452,427,13.01146651141879,80.0035570649772,0.49248155493129186,0.49248155493129186,best,True
7074,N/A,N/A,13.0175995,80.004051,427,13.01146651141879,80.0035570649772,0.8847912493766098,0.8847912493766098,best,True
7552,N/A,N/A,13.0083052,80.0056423,427,13.01146651141879,80.0035570649772,0.541471724216766,0.541471724216766,best,True
5978,N/A,N/A,13.008419,80.002196,427,13.01146651141879,80.0035570649772,0.47847935170602496,0.47847935170602496,best,True
7667,N/A,N/A,13.0084344,80.0040569,427,13.01146651141879,80.0035570649772,0.4417377858023159,0.4417377858023159,best,True
8358,N/A,N/A,13.0009376,80.21821080000001,429,12.995258815239461,80.21490005833137,0.9407683214201036,0.9407683214201036,best,True
8714,N/A,N/A,12.9945617,80.2098749,429,12.995258815239461,80.21490005833137,0.7157699114130411,0.7157699114130411,best,True
10266,N/A,N/A,12.995720339913172,80.21654777002234,429,12.995258815239461,80.21490005833137,0.24167513109375516,0.24167513109375516,best,True
10505,N/A,N/A,12.997607078547942,80.21605979342726,429,12.995258815239461,80.21490005833137,0.375247790879297,0.375247790879297,best,True
8419,N/A,N/A,12.996072030817905,80.21656208203125,429,12.995258815239461,80.21490005833137,0.2619579015366087,0.2619579015366087,best,True
8839,N/A,N/A,12.997828517544695,80.21557978937987,429,12.995258815239461,80.21490005833137,0.3818042611554441,0.3818042611554441,best,True
7276,N/A,N/A,12.996245722258667,80.21653290025844,429,12.995258815239461,80.21490005833137,0.2705118595476726,0.2705118595476726,best,True
1974,N/A,N/A,12.99581072962052,80.21616260407441,429,12.995258815239461,80.21490005833137,0.19495131060434664,0.19495131060434664,best,True
2735,N/A,N/A,12.992070266534371,80.21910861147695,429,12.995258815239461,80.21490005833137,0.7500606406818896,0.7500606406818896,best,True
3022,N/A,N/A,12.9938279,80.21716,429,12.995258815239461,80.21490005833137,0.3793914603180797,0.3793914603180797,best,True
6825,N/A,N/A,12.993026928239852,80.21213478637387,429,12.995258815239461,80.21490005833137,0.5051047372983337,0.5051047372983337,best,True
8076,N/A,N/A,12.994290699875329,80.2113589795947,429,12.995258815239461,80.21490005833137,0.5184552686364716,0.5184552686364716,best,True
5904,N/A,N/A,12.9927353,80.2090597,429,12.995258815239461,80.21490005833137,0.9000991161083829,0.9000991161083829,best,True
6134,N/A,N/A,12.9928886,80.2142481,429,12.995258815239461,80.21490005833137,0.3530663890722148,0.3530663890722148,best,True
9035,N/A,N/A,13.16504940282782,80.11590173862308,431,13.162940828842455,80.11606914592969,0.3041746119632983,0.3041746119632983,best,True
9731,N/A,N/A,13.1631328,80.114251,431,13.162940828842455,80.11606914592969,0.2577281709265459,0.2577281709265459,best,True
3983,N/A,N/A,13.162022912542,80.12121864509564,431,13.162940828842455,80.11606914592969,0.7376686414388046,0.7376686414388046,best,True
2850,N/A,N/A,13.1615582,80.1129052,431,13.162940828842455,80.11606914592969,0.4882487425785883,0.4882487425785883,best,True
9312,N/A,N/A,13.038571,80.13386299999999,432,13.038640666152316,80.13368399770371,0.02715671393114078,0.02715671393114078,best,True
6470,N/A,N/A,13.038656009634796,80.1337158597019,432,13.038640666152316,80.13368399770371,0.005005481283257831,0.005005481283257831,best,True
7761,N/A,N/A,13.038617060508392,80.13378876350382,432,13.038640666152316,80.13368399770371,0.015157932831223834,0.015157932831223834,best,True
6415,N/A,N/A,13.038581940525084,80.13378941303873,432,13.038640666152316,80.13368399770371,0.017096352363736435,0.017096352363736435,best,True
7038,N/A,N/A,13.03859321478222,80.13390178104574,432,13.038640666152316,80.13368399770371,0.031458423768449956,0.031458423768449956,best,True
6348,N/A,N/A,13.0397579,80.1337774,432,13.038640666152316,80.13368399770371,0.1612195124166971,0.1612195124166971,best,True
7215,N/A,N/A,13.038596829283234,80.13366723523256,432,13.038640666152316,80.13368399770371,0.006733133052984318,0.006733133052984318,best,True
6661,N/A,N/A,13.0381858,80.1337176,432,13.038640666152316,80.13368399770371,0.06559024281722883,0.06559024281722883,best,True
3,N/A,N/A,13.03868961006046,80.1332488657707,432,13.038640666152316,80.13368399770371,0.06175967823196227,0.06175967823196227,best,True
1298,N/A,N/A,13.03831817902455,80.1339840247752,432,13.038640666152316,80.13368399770371,0.06277692297614627,0.06277692297614627,best,True
403,N/A,N/A,13.038567,80.1335206,432,13.038640666152316,80.13368399770371,0.025359593173973693,0.025359593173973693,best,True
4852,N/A,N/A,13.038898405001346,80.1329161625648,432,13.038640666152316,80.13368399770371,0.1144406753238874,0.1144406753238874,best,True
7222,N/A,N/A,13.038571,80.13386299999999,432,13.038640666152316,80.13368399770371,0.02715671393114078,0.02715671393114078,best,True
7067,N/A,N/A,13.038578321741074,80.13377387464203,432,13.038640666152316,80.13368399770371,0.01552452740325391,0.01552452740325391,best,True
7789,N/A,N/A,13.038521343732768,80.13379555501709,432,13.038640666152316,80.13368399770371,0.02327976685214407,0.02327976685214407,best,True
6756,N/A,N/A,13.038673590515812,80.13371263519217,432,13.038640666152316,80.13368399770371,0.006223215729270769,0.006223215729270769,best,True
1716,N/A,N/A,13.03862068279128,80.13373621344343,432,13.038640666152316,80.13368399770371,0.007903894722657583,0.007903894722657583,best,True
1565,N/A,N/A,13.038548535691982,80.13375503237765,432,13.038640666152316,80.13368399770371,0.016610175958270686,0.016610175958270686,best,True
5761,N/A,N/A,13.038339034237234,80.13436506758215,432,13.038640666152316,80.13368399770371,0.1053798492856822,0.1053798492856822,best,True
6896,N/A,N/A,13.038657685436082,80.13359493900393,432,13.038640666152316,80.13368399770371,0.012794339730828313,0.012794339730828313,best,True
6500,N/A,N/A,13.038555143042355,80.13382245934054,432,13.038640666152316,80.13368399770371,0.023075630997952627,0.023075630997952627,best,True
7705,N/A,N/A,13.038571,80.13386299999999,432,13.038640666152316,80.13368399770371,0.02715671393114078,0.02715671393114078,best,True
3692,N/A,N/A,13.039246240754338,80.1326296453253,432,13.038640666152316,80.13368399770371,0.1723043114567204,0.1723043114567204,best,True
6419,N/A,N/A,13.038590991489452,80.13370179063662,432,13.038640666152316,80.13368399770371,0.0075719627035948645,0.0075719627035948645,best,True
6847,N/A,N/A,13.03845845353141,80.13411296300518,432,13.038640666152316,80.13368399770371,0.06592046595432594,0.06592046595432594,best,True
5001,N/A,N/A,13.038571,80.13386299999999,432,13.038640666152316,80.13368399770371,0.02715671393114078,0.02715671393114078,best,True
5102,N/A,N/A,13.038655943181636,80.13376912738141,432,13.038640666152316,80.13368399770371,0.012203413395526734,0.012203413395526734,best,True
7977,N/A,N/A,13.038796509757717,80.13298008647703,432,13.038640666152316,80.13368399770371,0.10175645985114057,0.10175645985114057,best,True
2627,N/A,N/A,13.038590893693922,80.13360683834972,432,13.038640666152316,80.13368399770371,0.013023739845163564,0.013023739845163564,best,True
9973,N/A,N/A,13.03199,80.1307593,433,13.03402387491968,80.13395892971937,0.5377088402856093,0.5377088402856093,best,True
9068,N/A,N/A,13.035497791509387,80.13460535669448,433,13.03402387491968,80.13395892971937,0.23074627625957697,0.23074627625957697,best,True
6816,N/A,N/A,13.033178029530648,80.13513665625835,433,13.03402387491968,80.13395892971937,0.2058609029043915,0.2058609029043915,best,True
7808,N/A,N/A,13.033236853401496,80.13513325687757,433,13.03402387491968,80.13395892971937,0.20058158380842145,0.20058158380842145,best,True
7261,N/A,N/A,13.033213358964856,80.13504997747516,433,13.03402387491968,80.13395892971937,0.19302329820115355,0.19302329820115355,best,True
2256,N/A,N/A,13.035086,80.1339699,433,13.03402387491968,80.13395892971937,0.15276267683424352,0.15276267683424352,best,True
5135,N/A,N/A,13.034301740870724,80.13420962016882,433,13.03402387491968,80.13395892971937,0.05335395110787071,0.05335395110787071,best,True
1398,N/A,N/A,13.0346208,80.1327951,433,13.03402387491968,80.13395892971937,0.18521097955789662,0.18521097955789662,best,True
2258,N/A,N/A,13.0350903,80.1339712,433,13.03402387491968,80.13395892971937,0.15338302968506462,0.15338302968506462,best,True
4997,N/A,N/A,13.030347973982636,80.13921219188465,434,13.029173811717348,80.13882824511278,0.17733501414268693,0.17733501414268693,best,True
7283,N/A,N/A,13.028588,80.1386971,434,13.029173811717348,80.13882824511278,0.08625718458003617,0.08625718458003617,best,True
7169,N/A,N/A,13.028585461169406,80.13857544345365,434,13.029173811717348,80.13882824511278,0.09181926962618431,0.09181926962618431,best,True
11422,N/A,N/A,13.0380617,80.1353549,435,13.037721995137872,80.134919112309,0.07850498546650429,0.07850498546650429,best,True
9506,N/A,N/A,13.0387787,80.13523889999999,435,13.037721995137872,80.134919112309,0.15852403004821483,0.15852403004821483,best,True
8381,N/A,N/A,13.0378524,80.1350401,435,13.037721995137872,80.134919112309,0.02535347480666346,0.02535347480666346,best,True
10826,N/A,N/A,13.0378524,80.1350401,435,13.037721995137872,80.134919112309,0.02535347480666346,0.02535347480666346,best,True
10076,N/A,N/A,13.038197324338055,80.13471287050018,435,13.037721995137872,80.134919112309,0.07429065765773946,0.07429065765773946,best,True
10690,N/A,N/A,13.037931889926416,80.13540096439189,435,13.037721995137872,80.134919112309,0.07434940811674207,0.07434940811674207,best,True
8869,N/A,N/A,13.0378524,80.1350401,435,13.037721995137872,80.134919112309,0.02535347480666346,0.02535347480666346,best,True
9431,N/A,N/A,13.0378524,80.1350401,435,13.037721995137872,80.134919112309,0.02535347480666346,0.02535347480666346,best,True
9955,N/A,N/A,13.03786285225975,80.13531904973755,435,13.037721995137872,80.134919112309,0.05992288491505256,0.05992288491505256,best,True
9094,N/A,N/A,13.0372987,80.1346324,435,13.037721995137872,80.134919112309,0.07307992437241621,0.07307992437241621,best,True
8953,N/A,N/A,13.0378524,80.1350401,435,13.037721995137872,80.134919112309,0.02535347480666346,0.02535347480666346,best,True
7981,N/A,N/A,13.0372987,80.1346324,435,13.037721995137872,80.134919112309,0.07307992437241621,0.07307992437241621,best,True
7143,N/A,N/A,13.0378524,80.1350401,435,13.037721995137872,80.134919112309,0.02535347480666346,0.02535347480666346,best,True
7648,N/A,N/A,13.038226829197358,80.13457429336813,435,13.037721995137872,80.134919112309,0.08738231433666728,0.08738231433666728,best,True
7642,N/A,N/A,13.038141155557348,80.13478902966104,435,13.037721995137872,80.134919112309,0.06301253195101195,0.06301253195101195,best,True
7976,N/A,N/A,13.0379422,80.1348731,435,13.037721995137872,80.134919112309,0.03232764926667423,0.03232764926667423,best,True
6971,N/A,N/A,13.0380617,80.1353549,435,13.037721995137872,80.134919112309,0.07850498546650429,0.07850498546650429,best,True
7987,N/A,N/A,13.0378524,80.1350401,435,13.037721995137872,80.134919112309,0.02535347480666346,0.02535347480666346,best,True
6914,N/A,N/A,13.0379422,80.1348731,435,13.037721995137872,80.134919112309,0.03232764926667423,0.03232764926667423,best,True
4506,N/A,N/A,13.0380617,80.1353549,435,13.037721995137872,80.134919112309,0.07850498546650429,0.07850498546650429,best,True
7775,N/A,N/A,13.036116736034984,80.13459901739124,435,13.037721995137872,80.134919112309,0.2352392884846685,0.2352392884846685,best,True
7716,N/A,N/A,13.0380617,80.1353549,435,13.037721995137872,80.134919112309,0.07850498546650429,0.07850498546650429,best,True
7650,N/A,N/A,13.0369169,80.1356108,435,13.037721995137872,80.134919112309,0.151393459474157,0.151393459474157,best,True
7777,N/A,N/A,13.0362072,80.1345897,435,13.037721995137872,80.134919112309,0.2227547632187423,0.2227547632187423,best,True
7809,N/A,N/A,13.0378524,80.1350401,435,13.037721995137872,80.134919112309,0.02535347480666346,0.02535347480666346,best,True
7823,N/A,N/A,13.0381912269876,80.13475513801679,435,13.037721995137872,80.134919112309,0.07133607932299632,0.07133607932299632,best,True
7985,N/A,N/A,13.0378524,80.1350401,435,13.037721995137872,80.134919112309,0.02535347480666346,0.02535347480666346,best,True
7638,N/A,N/A,13.0378524,80.1350401,435,13.037721995137872,80.134919112309,0.02535347480666346,0.02535347480666346,best,True
3393,N/A,N/A,13.038237619425496,80.13439434124378,435,13.037721995137872,80.134919112309,0.10476104260773152,0.10476104260773152,best,True
1849,N/A,N/A,13.038198641689034,80.1347259972725,435,13.037721995137872,80.134919112309,0.07376182755723407,0.07376182755723407,best,True
6050,N/A,N/A,13.0372987,80.1346324,435,13.037721995137872,80.134919112309,0.07307992437241621,0.07307992437241621,best,True
6468,N/A,N/A,13.038229861095637,80.13475335217416,435,13.037721995137872,80.134919112309,0.07669001884563856,0.07669001884563856,best,True
7086,N/A,N/A,13.0372987,80.1346324,435,13.037721995137872,80.134919112309,0.07307992437241621,0.07307992437241621,best,True
7049,N/A,N/A,13.0372987,80.1346324,435,13.037721995137872,80.134919112309,0.07307992437241621,0.07307992437241621,best,True
2264,N/A,N/A,13.0372987,80.1346324,435,13.037721995137872,80.134919112309,0.07307992437241621,0.07307992437241621,best,True
7043,N/A,N/A,13.0372987,80.1346324,435,13.037721995137872,80.134919112309,0.07307992437241621,0.07307992437241621,best,True
7039,N/A,N/A,13.0372987,80.1346324,435,13.037721995137872,80.134919112309,0.07307992437241621,0.07307992437241621,best,True
7800,N/A,N/A,13.0380617,80.1353549,435,13.037721995137872,80.134919112309,0.07850498546650429,0.07850498546650429,best,True
8037,N/A,N/A,13.036192446808426,80.13451520802795,435,13.037721995137872,80.134919112309,0.22723304548416293,0.22723304548416293,best,True
7651,N/A,N/A,13.03821351733266,80.13468394288444,435,13.037721995137872,80.134919112309,0.07808219780837385,0.07808219780837385,best,True
5755,N/A,N/A,13.0378524,80.1350401,435,13.037721995137872,80.134919112309,0.02535347480666346,0.02535347480666346,best,True
9266,N/A,N/A,13.037430114660378,80.13679724936522,436,13.036895553167229,80.1379408539864,0.1786477421658055,0.1786477421658055,best,True
6024,N/A,N/A,13.0369339,80.1366171,436,13.036895553167229,80.1379408539864,0.18674309058815788,0.18674309058815788,best,True
6735,N/A,N/A,13.0360662,80.1388067,436,13.036895553167229,80.1379408539864,0.17068608573199884,0.17068608573199884,best,True
754,N/A,N/A,13.037387620189476,80.1372351460502,436,13.036895553167229,80.1379408539864,0.12210963930635879,0.12210963930635879,best,True
2605,N/A,N/A,13.034023212343126,80.13790237293442,436,13.036895553167229,80.1379408539864,0.41313576342882974,0.41313576342882974,best,True
57,N/A,N/A,13.03750756917444,80.1388182275307,436,13.036895553167229,80.1379408539864,0.15183418001379823,0.15183418001379823,best,True
41,N/A,N/A,13.038920255803191,80.13940918202428,436,13.036895553167229,80.1379408539864,0.35729787136503305,0.35729787136503305,best,True
11260,N/A,N/A,13.084413291906747,79.66648627068452,437,13.087700012356825,79.66961344197472,0.6463842015113053,0.6463842015113053,best,True
9087,N/A,N/A,13.087605847576304,79.66709787393388,437,13.087700012356825,79.66961344197472,0.35490458796153207,0.35490458796153207,best,True
8709,N/A,N/A,13.0868365836901,79.67074777433923,437,13.087700012356825,79.66961344197472,0.20247092244684212,0.20247092244684212,best,True
1796,N/A,N/A,13.084224392751327,79.6703176293325,437,13.087700012356825,79.66961344197472,0.5096289445791,0.5096289445791,best,True
8124,N/A,N/A,13.0884516,79.66647220000002,437,13.087700012356825,79.66961344197472,0.45585437734903844,0.45585437734903844,best,True
4281,N/A,N/A,13.0842985906903,79.66986468942468,437,13.087700012356825,79.66961344197472,0.4904751562723073,0.4904751562723073,best,True
4333,N/A,N/A,13.0870681,79.6670506,437,13.087700012356825,79.66961344197472,0.37256586356335114,0.37256586356335114,best,True
685,N/A,N/A,13.089709784833056,79.66615968626489,437,13.087700012356825,79.66961344197472,0.5662416205001045,0.5662416205001045,best,True
5209,N/A,N/A,13.08966401265134,79.66601324395182,437,13.087700012356825,79.66961344197472,0.5808601799508717,0.5808601799508717,best,True
1604,N/A,N/A,13.0870681,79.6670506,437,13.087700012356825,79.66961344197472,0.37256586356335114,0.37256586356335114,best,True
9066,N/A,N/A,13.103806436311276,80.05866787108997,438,13.103746139750484,80.056615367769,0.2894740968770141,0.2894740968770141,best,True
9426,N/A,N/A,13.103789203629436,80.05866597754952,438,13.103746139750484,80.056615367769,0.28914358899634673,0.28914358899634673,best,True
2164,N/A,N/A,13.1037224149204,80.05867278717359,438,13.103746139750484,80.056615367769,0.29005732015579083,0.29005732015579083,best,True
8084,N/A,N/A,13.099743183641808,80.05767307080097,438,13.103746139750484,80.056615367769,0.5947039899700727,0.5947039899700727,best,True
32,N/A,N/A,13.1037917,80.0586131,438,13.103746139750484,80.056615367769,0.2816992456440335,0.2816992456440335,best,True
11092,N/A,N/A,13.11579019733373,80.24585981962913,439,13.115716193852766,80.24444382082577,0.19988916897989864,0.19988916897989864,best,True
10339,N/A,N/A,13.113246,80.2465266,439,13.115716193852766,80.24444382082577,0.460884208289727,0.460884208289727,best,True
10762,N/A,N/A,13.1169204,80.2464124,439,13.115716193852766,80.24444382082577,0.3271094687695527,0.3271094687695527,best,True
10277,N/A,N/A,13.1186043,80.24370490000001,439,13.115716193852766,80.24444382082577,0.42823107973231617,0.42823107973231617,best,True
11333,N/A,N/A,13.115909363980531,80.2450577854545,439,13.115716193852766,80.24444382082577,0.09089694821798504,0.09089694821798504,best,True
8195,N/A,N/A,13.1190571,80.2417122,439,13.115716193852766,80.24444382082577,0.6157461520251055,0.6157461520251055,best,True
8379,N/A,N/A,13.1128549,80.2451062,439,13.115716193852766,80.24444382082577,0.4219740323877614,0.4219740323877614,best,True
747,N/A,N/A,13.114505492050371,80.24394121008066,439,13.115716193852766,80.24444382082577,0.1879868045824019,0.1879868045824019,best,True
2330,N/A,N/A,13.1158265,80.2461067,439,13.115716193852766,80.24444382082577,0.23494319805508276,0.23494319805508276,best,True
213,N/A,N/A,13.1158265,80.2461067,439,13.115716193852766,80.24444382082577,0.23494319805508276,0.23494319805508276,best,True
185,N/A,N/A,13.1158265,80.2461067,439,13.115716193852766,80.24444382082577,0.23494319805508276,0.23494319805508276,best,True
5511,N/A,N/A,13.116334293357232,80.24261420253745,439,13.115716193852766,80.24444382082577,0.2728012524082402,0.2728012524082402,best,True
5085,N/A,N/A,13.1139064,80.2413492,439,13.115716193852766,80.24444382082577,0.5079847666475262,0.5079847666475262,best,True
1817,N/A,N/A,13.114754,80.2434501,439,13.115716193852766,80.24444382082577,0.19690692922477832,0.19690692922477832,best,True
4876,N/A,N/A,13.116380961069645,80.24260259468457,439,13.115716193852766,80.24444382082577,0.2765964044487556,0.2765964044487556,best,True
10258,N/A,N/A,13.1154041,80.24805099999999,440,13.115078893546844,80.25030535074976,0.32120763846077094,0.32120763846077094,best,True
3173,N/A,N/A,13.114241805531234,80.2527464341286,440,13.115078893546844,80.25030535074976,0.3645600725766541,0.3645600725766541,best,True
1670,N/A,N/A,13.11544181340275,80.24950926311627,440,13.115078893546844,80.25030535074976,0.12376499028570925,0.12376499028570925,best,True
3855,N/A,N/A,13.114387029995385,80.25278003808796,440,13.115078893546844,80.25030535074976,0.3627584346946608,0.3627584346946608,best,True
2984,N/A,N/A,13.1155387,80.24951279999999,440,13.115078893546844,80.25030535074976,0.12982641284357577,0.12982641284357577,best,True
7173,N/A,N/A,13.115459912351696,80.24923256916576,440,13.115078893546844,80.25030535074976,0.16084684601474605,0.16084684601474605,best,True
8462,N/A,N/A,13.0678656,80.1701303,441,13.07098245773601,80.1696750666813,0.4528393876710013,0.4528393876710013,best,True
10224,N/A,N/A,13.068330822013936,80.17074741696531,441,13.07098245773601,80.1696750666813,0.4102362624055434,0.4102362624055434,best,True
9765,N/A,N/A,13.071366489002749,80.16865476332262,441,13.07098245773601,80.1696750666813,0.15409104853760258,0.15409104853760258,best,True
9978,N/A,N/A,13.0732778,80.1701559,441,13.07098245773601,80.1696750666813,0.3370061053818451,0.3370061053818451,best,True
10214,N/A,N/A,13.073318,80.1686987,441,13.07098245773601,80.1696750666813,0.36301165595676715,0.36301165595676715,best,True
7847,N/A,N/A,13.070318991887044,80.16680478775788,441,13.07098245773601,80.1696750666813,0.41577854301313283,0.41577854301313283,best,True
1141,N/A,N/A,13.0694201,80.1722145,441,13.07098245773601,80.1696750666813,0.42270468923419174,0.42270468923419174,best,True
1430,N/A,N/A,13.0727162,80.1678257,441,13.07098245773601,80.1696750666813,0.3607772474278325,0.3607772474278325,best,True
5087,N/A,N/A,13.0709807,80.1688478,441,13.07098245773601,80.1696750666813,0.11663659915063718,0.11663659915063718,best,True
5180,N/A,N/A,13.068122642510994,80.17213894313987,441,13.07098245773601,80.1696750666813,0.5383707830813492,0.5383707830813492,best,True
1314,N/A,N/A,13.0716974,80.16749209999999,441,13.07098245773601,80.1696750666813,0.3244976232199992,0.3244976232199992,best,True
3426,N/A,N/A,13.070651429926729,80.1681895251312,441,13.07098245773601,80.1696750666813,0.2147893559303967,0.2147893559303967,best,True
2794,N/A,N/A,13.074705775226672,80.17387543054002,441,13.07098245773601,80.1696750666813,0.7984079198508672,0.7984079198508672,best,True
8997,N/A,N/A,13.0740789,80.166184,442,13.07529424893694,80.16472487360217,0.2699493073628236,0.2699493073628236,best,True
9948,N/A,N/A,13.07525987318318,80.16153816827543,442,13.07529424893694,80.16472487360217,0.44931299649787715,0.44931299649787715,best,True
10908,N/A,N/A,13.0758978,80.1653348,442,13.07529424893694,80.16472487360217,0.12218580506738425,0.12218580506738425,best,True
9587,N/A,N/A,13.0741868,80.1659724,442,13.07529424893694,80.16472487360217,0.2372847674058976,0.2372847674058976,best,True
4910,N/A,N/A,13.0730534,80.1654094,442,13.07529424893694,80.16472487360217,0.3364201940822818,0.3364201940822818,best,True
264,N/A,N/A,13.0760892,80.1615688,442,13.07529424893694,80.16472487360217,0.4594197046172078,0.4594197046172078,best,True
6222,N/A,N/A,13.072786088955178,80.16406093146678,442,13.07529424893694,80.16472487360217,0.3726724806561071,0.3726724806561071,best,True
5985,N/A,N/A,13.07678505546966,80.16620713501331,442,13.07529424893694,80.16472487360217,0.29940532941968023,0.29940532941968023,best,True
4294,N/A,N/A,13.07743165622466,80.1696045949094,442,13.07529424893694,80.16472487360217,0.7535309419718037,0.7535309419718037,best,True
4166,N/A,N/A,13.07653840537013,80.16779685108456,442,13.07529424893694,80.16472487360217,0.46861670647981324,0.46861670647981324,best,True
6527,N/A,N/A,13.07541429174822,80.1614647926044,442,13.07529424893694,80.16472487360217,0.4599548411368655,0.4599548411368655,best,True
43,N/A,N/A,13.076009516292237,80.16155660987216,442,13.07529424893694,80.16472487360217,0.4583773780944878,0.4583773780944878,best,True
8795,N/A,N/A,13.00904228418893,80.2040302208388,444,13.008636326409063,80.19797967831911,0.8552740331571911,0.8552740331571911,best,True
10798,N/A,N/A,13.008251,80.1941331,444,13.008636326409063,80.19797967831911,0.5452886416562861,0.5452886416562861,best,True
9189,N/A,N/A,13.0108992,80.1969081,444,13.008636326409063,80.19797967831911,0.3588202508354023,0.3588202508354023,best,True
10143,N/A,N/A,13.0061676,80.20130379999999,444,13.008636326409063,80.19797967831911,0.5880675054128456,0.5880675054128456,best,True
4970,N/A,N/A,13.013304094722711,80.19417763035273,444,13.008636326409063,80.19797967831911,0.8591599660130306,0.8591599660130306,best,True
7178,N/A,N/A,13.007263596312267,80.20218829649524,444,13.008636326409063,80.19797967831911,0.6254972331657116,0.6254972331657116,best,True
3865,N/A,N/A,13.00736932502416,80.19803185121283,444,13.008636326409063,80.19797967831911,0.182368270320509,0.182368270320509,best,True
1309,N/A,N/A,13.0072577083424,80.19690701977733,444,13.008636326409063,80.19797967831911,0.24938988277214247,0.24938988277214247,best,True
4487,N/A,N/A,13.0036762,80.1950574,444,13.008636326409063,80.19797967831911,0.8238509252649071,0.8238509252649071,best,True
6316,N/A,N/A,13.007358041836396,80.20166854865303,444,13.008636326409063,80.19797967831911,0.5517540545753027,0.5517540545753027,best,True
8770,N/A,N/A,12.9728868,80.1385321,445,12.97249068229966,80.13739709313182,0.16992229357816144,0.16992229357816144,best,True
8844,N/A,N/A,12.972746172417487,80.13850527186253,445,12.97249068229966,80.13739709313182,0.16056468824613648,0.16056468824613648,best,True
6769,N/A,N/A,12.9730648623223,80.13754168501018,445,12.97249068229966,80.13739709313182,0.08505923696380507,0.08505923696380507,best,True
2061,N/A,N/A,12.97175798512407,80.13521352758525,445,12.97249068229966,80.13739709313182,0.3255113221217985,0.3255113221217985,best,True
2344,N/A,N/A,12.97175798512407,80.13521352758525,445,12.97249068229966,80.13739709313182,0.3255113221217985,0.3255113221217985,best,True
7280,N/A,N/A,12.973058577457298,80.13750310193733,445,12.97249068229966,80.13739709313182,0.08303165631637423,0.08303165631637423,best,True
3153,N/A,N/A,12.9731726,80.13773069999999,445,12.97249068229966,80.13739709313182,0.10877664521601495,0.10877664521601495,best,True
3376,N/A,N/A,12.9730876,80.1374816,445,12.97249068229966,80.13739709313182,0.08667180337057705,0.08667180337057705,best,True
7961,N/A,N/A,12.97309886290613,80.13754874570301,445,12.97249068229966,80.13739709313182,0.09004555521127455,0.09004555521127455,best,True
1521,N/A,N/A,12.9731411,80.1374925,445,12.97249068229966,80.13739709313182,0.094505599760396,0.094505599760396,best,True
1272,N/A,N/A,12.9730617,80.1375868,445,12.97249068229966,80.13739709313182,0.08637247058128744,0.08637247058128744,best,True
2512,N/A,N/A,12.9730333,80.138148,445,12.97249068229966,80.13739709313182,0.13155773929239428,0.13155773929239428,best,True
5531,N/A,N/A,12.970464607211802,80.13807611499269,445,12.97249068229966,80.13739709313182,0.3067245646853732,0.3067245646853732,best,True
1073,N/A,N/A,12.973073055816808,80.1375107144806,445,12.97249068229966,80.13739709313182,0.08527595643306708,0.08527595643306708,best,True
1016,N/A,N/A,12.973145206610903,80.13747553972524,445,12.97249068229966,80.13739709313182,0.09478128839958827,0.09478128839958827,best,True
7470,N/A,N/A,12.97175798512407,80.13521352758525,445,12.97249068229966,80.13739709313182,0.3255113221217985,0.3255113221217985,best,True
924,N/A,N/A,12.9730115,80.13770869999999,445,12.97249068229966,80.13739709313182,0.08684599498347963,0.08684599498347963,best,True
2262,N/A,N/A,12.968820100115934,80.13863602628825,445,12.97249068229966,80.13739709313182,0.5560716790964756,0.5560716790964756,best,True
468,N/A,N/A,12.973182963462635,80.1374265867491,445,12.97249068229966,80.13739709313182,0.0996502815149094,0.0996502815149094,best,True
2545,N/A,N/A,12.973578,80.12753359999999,446,12.973502665205457,80.1282671114499,0.10402397853236645,0.10402397853236645,best,True
2672,N/A,N/A,12.974111252659464,80.12760554822614,446,12.973502665205457,80.1282671114499,0.1279363102097401,0.1279363102097401,best,True
655,N/A,N/A,12.972843664127096,80.12891759415653,446,12.973502665205457,80.1282671114499,0.13191023076137764,0.13191023076137764,best,True
7422,N/A,N/A,12.972818850030876,80.12730796229901,446,12.973502665205457,80.1282671114499,0.1672528944425119,0.1672528944425119,best,True
3004,N/A,N/A,12.973060318990496,80.12895867126672,446,12.973502665205457,80.1282671114499,0.11645399856580166,0.11645399856580166,best,True
1286,N/A,N/A,12.975805835447122,80.12978894394674,446,12.973502665205457,80.1282671114499,0.3947064402730831,0.3947064402730831,best,True
1047,N/A,N/A,12.972300735183143,80.12775746025423,446,12.973502665205457,80.1282671114499,0.1872115256611026,0.1872115256611026,best,True
11139,N/A,N/A,12.974494745409263,80.1353327729653,447,12.97499972260041,80.13308316682729,0.32549993197065663,0.32549993197065663,best,True
8659,N/A,N/A,12.974898808139796,80.13285053829462,447,12.97499972260041,80.13308316682729,0.03587753557984625,0.03587753557984625,best,True
8721,N/A,N/A,12.974911379152244,80.1328290607177,447,12.97499972260041,80.13308316682729,0.03802566398527473,0.03802566398527473,best,True
7873,N/A,N/A,12.974904147852774,80.13273311499309,447,12.97499972260041,80.13308316682729,0.05125050366879914,0.05125050366879914,best,True
4011,N/A,N/A,12.9749128,80.1327824,447,12.97499972260041,80.13308316682729,0.0442250857372414,0.0442250857372414,best,True
5620,N/A,N/A,12.975128939753242,80.13275309425657,447,12.97499972260041,80.13308316682729,0.05012699186613623,0.05012699186613623,best,True
6791,N/A,N/A,12.975285631467276,80.13261393561908,447,12.97499972260041,80.13308316682729,0.07791593895928235,0.07791593895928235,best,True
5816,N/A,N/A,12.974684173374012,80.13424885513965,447,12.97499972260041,80.13308316682729,0.17056208407818504,0.17056208407818504,best,True
1004,N/A,N/A,12.975278637450712,80.13257518836431,447,12.97499972260041,80.13308316682729,0.08211232521193557,0.08211232521193557,best,True
5188,N/A,N/A,12.9734257,80.13479319999999,447,12.97499972260041,80.13308316682729,0.330785089209104,0.330785089209104,best,True
409,N/A,N/A,12.9753197,80.1324226,447,12.97499972260041,80.13308316682729,0.1039145204052204,0.1039145204052204,best,True
234,N/A,N/A,12.9748885,80.1326318,447,12.97499972260041,80.13308316682729,0.06564155315342553,0.06564155315342553,best,True
4274,N/A,N/A,12.974679943746867,80.13276768758496,447,12.97499972260041,80.13308316682729,0.06399266208812115,0.06399266208812115,best,True
5966,N/A,N/A,12.97496058540053,80.13270274461551,447,12.97499972260041,80.13308316682729,0.05395080717226437,0.05395080717226437,best,True
4995,N/A,N/A,12.974879010407092,80.13270378241232,447,12.97499972260041,80.13308316682729,0.0562558221930975,0.0562558221930975,best,True
201,N/A,N/A,12.977772996258617,80.13348675659454,447,12.97499972260041,80.13308316682729,0.402892056978515,0.402892056978515,best,True
7087,N/A,N/A,12.974767730995383,80.13293843816083,447,12.97499972260041,80.13308316682729,0.039114096532832675,0.039114096532832675,best,True
4174,N/A,N/A,12.9749128,80.1327824,447,12.97499972260041,80.13308316682729,0.0442250857372414,0.0442250857372414,best,True
452,N/A,N/A,12.9748885,80.1326318,447,12.97499972260041,80.13308316682729,0.06564155315342553,0.06564155315342553,best,True
8937,N/A,N/A,12.9699772,80.0978117,448,12.9694163,80.09400775,0.5425671198297419,0.5425671198297419,best,True
2802,N/A,N/A,12.9688554,80.0902038,448,12.9694163,80.09400775,0.542568307939934,0.542568307939934,best,True
5583,N/A,N/A,13.192100484954098,80.26949998155743,449,13.194832041505896,80.27478265748239,0.841736901307966,0.841736901307966,best,True
7876,N/A,N/A,13.1980403,80.2783003,449,13.194832041505896,80.27478265748239,0.6772188372204432,0.6772188372204432,best,True
3636,N/A,N/A,13.194355339563586,80.27654769088976,449,13.194832041505896,80.27478265748239,0.25800371906758174,0.25800371906758174,best,True
1701,N/A,N/A,12.933071746269334,80.20383114198911,450,12.930314881471952,80.20467446238987,0.41395243135653914,0.41395243135653914,best,True
65,N/A,N/A,12.925645350794117,80.20941223393783,450,12.930314881471952,80.20467446238987,0.947474466166469,0.947474466166469,best,True
6406,N/A,N/A,12.9331970102963,80.20391683602247,450,12.930314881471952,80.20467446238987,0.428061642962629,0.428061642962629,best,True
477,N/A,N/A,12.9330275,80.2038593,450,12.930314881471952,80.20467446238987,0.4067206591489439,0.4067206591489439,best,True
3372,N/A,N/A,12.9266328,80.2023528,450,12.930314881471952,80.20467446238987,0.622650857263624,0.622650857263624,best,True
9555,N/A,N/A,13.1072,80.1308672,451,13.106084572849984,80.13188053868726,0.21480513736863635,0.21480513736863635,best,True
8271,N/A,N/A,13.10738662488678,80.13131121363968,451,13.106084572849984,80.13188053868726,0.20373611165725838,0.20373611165725838,best,True
9468,N/A,N/A,13.1050376,80.1335805,451,13.106084572849984,80.13188053868726,0.28302399303554143,0.28302399303554143,best,True
1729,N/A,N/A,13.104596286869144,80.13284955860767,451,13.106084572849984,80.13188053868726,0.2539218920590986,0.2539218920590986,best,True
4140,N/A,N/A,13.1059659,80.1333393,451,13.106084572849984,80.13188053868726,0.20634875592700638,0.20634875592700638,best,True
5927,N/A,N/A,13.104543496336866,80.1328254225208,451,13.106084572849984,80.13188053868726,0.25858502837560954,0.25858502837560954,best,True
3607,N/A,N/A,13.1085107,80.1329982,451,13.106084572849984,80.13188053868726,0.3828503118852589,0.3828503118852589,best,True
2060,N/A,N/A,13.107331875952395,80.13129461179777,451,13.106084572849984,80.13188053868726,0.19749057267638134,0.19749057267638134,best,True
2033,N/A,N/A,13.103716651835269,80.13137758969457,451,13.106084572849984,80.13188053868726,0.34785851438149384,0.34785851438149384,best,True
4813,N/A,N/A,13.1070448,80.13118159999999,451,13.106084572849984,80.13188053868726,0.16964609565175107,0.16964609565175107,best,True
3368,N/A,N/A,13.104452,80.1326952,451,13.106084572849984,80.13188053868726,0.2613791000268692,0.2613791000268692,best,True
4422,N/A,N/A,13.10727792697146,80.13110187716576,451,13.106084572849984,80.13188053868726,0.20372902017532404,0.20372902017532404,best,True
4950,N/A,N/A,13.107402529897806,80.13120070688244,451,13.106084572849984,80.13188053868726,0.21239949909092384,0.21239949909092384,best,True
6331,N/A,N/A,13.1063502,80.12888989999999,451,13.106084572849984,80.13188053868726,0.4233175773187412,0.4233175773187412,best,True
3280,N/A,N/A,13.104452,80.1326952,451,13.106084572849984,80.13188053868726,0.2613791000268692,0.2613791000268692,best,True
9483,N/A,N/A,13.0991519,79.6558404,452,13.09849641419796,79.65530693875829,0.12059425455016878,0.12059425455016878,best,True
865,N/A,N/A,13.09846373442364,79.65567354573672,452,13.09849641419796,79.65530693875829,0.05189545973005244,0.05189545973005244,best,True
1081,N/A,N/A,13.0991519,79.6558404,452,13.09849641419796,79.65530693875829,0.12059425455016878,0.12059425455016878,best,True
7150,N/A,N/A,13.100275,79.6568613,452,13.09849641419796,79.65530693875829,0.3368201673718017,0.3368201673718017,best,True
5372,N/A,N/A,13.100228078694656,79.65511098905739,452,13.09849641419796,79.65530693875829,0.2505765493452403,0.2505765493452403,best,True
1345,N/A,N/A,13.09926114815454,79.65604486944697,452,13.09849641419796,79.65530693875829,0.1513891481483817,0.1513891481483817,best,True
1127,N/A,N/A,13.09919866045477,79.6560620211761,452,13.09849641419796,79.65530693875829,0.1467361433846966,0.1467361433846966,best,True
1282,N/A,N/A,13.099166621565494,79.65600087161475,452,13.09849641419796,79.65530693875829,0.13733543461657102,0.13733543461657102,best,True
6830,N/A,N/A,13.0991519,79.6558404,452,13.09849641419796,79.65530693875829,0.12059425455016878,0.12059425455016878,best,True
7853,N/A,N/A,13.0991519,79.6558404,452,13.09849641419796,79.65530693875829,0.12059425455016878,0.12059425455016878,best,True
1981,N/A,N/A,13.0987128,79.6556294,452,13.09849641419796,79.65530693875829,0.05509083018727366,0.05509083018727366,best,True
7420,N/A,N/A,13.099141769244897,79.65604887170038,452,13.09849641419796,79.65530693875829,0.1398373364474204,0.1398373364474204,best,True
7905,N/A,N/A,13.0987128,79.6556294,452,13.09849641419796,79.65530693875829,0.05509083018727366,0.05509083018727366,best,True
4868,N/A,N/A,13.099183804444376,79.65596959831852,452,13.09849641419796,79.65530693875829,0.13601613997932785,0.13601613997932785,best,True
2730,N/A,N/A,13.0991519,79.6558404,452,13.09849641419796,79.65530693875829,0.12059425455016878,0.12059425455016878,best,True
1152,N/A,N/A,13.0991519,79.6558404,452,13.09849641419796,79.65530693875829,0.12059425455016878,0.12059425455016878,best,True
6210,N/A,N/A,13.100558156591385,79.6565379571974,452,13.09849641419796,79.65530693875829,0.34357164278783064,0.34357164278783064,best,True
9486,N/A,N/A,13.143183402648871,80.05974881520514,453,13.145305637006667,80.05880353043297,0.33303542820764537,0.33303542820764537,best,True
1752,N/A,N/A,13.147792119189331,80.06385453887603,453,13.145305637006667,80.05880353043297,0.7966934717564037,0.7966934717564037,best,True
353,N/A,N/A,13.145793702304438,80.05826311392154,453,13.145305637006667,80.05880353043297,0.1035815961410843,0.1035815961410843,best,True
354,N/A,N/A,13.145794787801952,80.0582597051795,453,13.145305637006667,80.05880353043297,0.10404091518369411,0.10404091518369411,best,True
9834,N/A,N/A,13.1158257,80.29484529999999,454,13.114324874102646,80.29262896431283,0.37973811047117073,0.37973811047117073,best,True
8765,N/A,N/A,13.1137364,80.2879593,454,13.114324874102646,80.29262896431283,0.6636802341678041,0.6636802341678041,best,True
8406,N/A,N/A,13.1156735,80.2926098,454,13.114324874102646,80.29262896431283,0.19397941387601056,0.19397941387601056,best,True
7384,N/A,N/A,13.113968540775542,80.29251279718478,454,13.114324874102646,80.29262896431283,0.05380087896629847,0.05380087896629847,best,True
4069,N/A,N/A,13.1138424,80.2944637,454,13.114324874102646,80.29262896431283,0.2677810861117531,0.2677810861117531,best,True
5805,N/A,N/A,13.113995756895854,80.29254530354231,454,13.114324874102646,80.29262896431283,0.048780965190785085,0.048780965190785085,best,True
3029,N/A,N/A,13.111930956149337,80.29152238191838,454,13.114324874102646,80.29262896431283,0.37798461659524873,0.37798461659524873,best,True
5551,N/A,N/A,13.1158257,80.29484529999999,454,13.114324874102646,80.29262896431283,0.37973811047117073,0.37973811047117073,best,True
5399,N/A,N/A,13.1138424,80.2944637,454,13.114324874102646,80.29262896431283,0.2677810861117531,0.2677810861117531,best,True
3560,N/A,N/A,13.1138424,80.2944637,454,13.114324874102646,80.29262896431283,0.2677810861117531,0.2677810861117531,best,True
1537,N/A,N/A,13.1138067,80.29247459999999,454,13.114324874102646,80.29262896431283,0.07763610924441991,0.07763610924441991,best,True
816,N/A,N/A,13.1143331,80.2926014,454,13.114324874102646,80.29262896431283,0.004061724904530348,0.004061724904530348,best,True
625,N/A,N/A,13.11612790570376,80.28928992232431,454,13.114324874102646,80.29262896431283,0.5373921246735741,0.5373921246735741,best,True
4392,N/A,N/A,13.113642449713916,80.29249135335316,454,13.114324874102646,80.29262896431283,0.1000455377853233,0.1000455377853233,best,True
574,N/A,N/A,13.1143331,80.2926014,454,13.114324874102646,80.29262896431283,0.004061724904530348,0.004061724904530348,best,True
867,N/A,N/A,13.113842400000005,80.29320485077545,454,13.114324874102646,80.29262896431283,0.10679496077522828,0.10679496077522828,best,True
2898,N/A,N/A,13.113931653624274,80.29245973778762,454,13.114324874102646,80.29262896431283,0.0613786921976111,0.0613786921976111,best,True
2362,N/A,N/A,13.1166945,80.2903832,454,13.114324874102646,80.29262896431283,0.46515006302124834,0.46515006302124834,best,True
3106,N/A,N/A,13.11380148807641,80.29248075820803,454,13.114324874102646,80.29262896431283,0.07811930421664115,0.07811930421664115,best,True
3479,N/A,N/A,13.1138424,80.2944637,454,13.114324874102646,80.29262896431283,0.2677810861117531,0.2677810861117531,best,True
7641,N/A,N/A,13.11398290521653,80.29252604547544,454,13.114324874102646,80.29262896431283,0.05127746090453783,0.05127746090453783,best,True
9982,N/A,N/A,13.107464894379518,80.29421228805965,455,13.109230702318861,80.29272146717318,0.3296400152977199,0.3296400152977199,best,True
10039,N/A,N/A,13.10927014024278,80.29280218326716,455,13.109230702318861,80.29272146717318,0.012713758195647741,0.012713758195647741,best,True
9618,N/A,N/A,13.111146,80.2920634,455,13.109230702318861,80.29272146717318,0.29066070418395656,0.29066070418395656,best,True
7270,N/A,N/A,13.106171929049752,80.29262085088892,455,13.109230702318861,80.29272146717318,0.4401438991635702,0.4401438991635702,best,True
7492,N/A,N/A,13.110619408920623,80.29203076706469,455,13.109230702318861,80.29272146717318,0.2221942841852887,0.2221942841852887,best,True
856,N/A,N/A,13.106190040642764,80.29293984445725,455,13.109230702318861,80.29272146717318,0.438392673157198,0.438392673157198,best,True
5612,N/A,N/A,13.111342,80.2949533,455,13.109230702318861,80.29272146717318,0.43724806028042845,0.43724806028042845,best,True
4412,N/A,N/A,13.1101517,80.2908471,455,13.109230702318861,80.29272146717318,0.2955681916038955,0.2955681916038955,best,True
3133,N/A,N/A,13.110720207634314,80.2920234708208,455,13.109230702318861,80.29272146717318,0.23573844472461258,0.23573844472461258,best,True
10377,N/A,N/A,13.1250312,80.2417156,456,13.129112940007989,80.24145432109997,0.5881942597913354,0.5881942597913354,best,True
8331,N/A,N/A,13.1295676,80.2416298,456,13.129112940007989,80.24145432109997,0.06991157556528813,0.06991157556528813,best,True
10035,N/A,N/A,13.1295676,80.2416298,456,13.129112940007989,80.24145432109997,0.06991157556528813,0.06991157556528813,best,True
9919,N/A,N/A,13.1295676,80.2416298,456,13.129112940007989,80.24145432109997,0.06991157556528813,0.06991157556528813,best,True
8645,N/A,N/A,13.1295676,80.2416298,456,13.129112940007989,80.24145432109997,0.06991157556528813,0.06991157556528813,best,True
8392,N/A,N/A,13.1295676,80.2416298,456,13.129112940007989,80.24145432109997,0.06991157556528813,0.06991157556528813,best,True
2888,N/A,N/A,13.128675858316672,80.2416365145096,456,13.129112940007989,80.24145432109997,0.067905165715312,0.067905165715312,best,True
337,N/A,N/A,13.12987207495098,80.24276814984312,456,13.129112940007989,80.24145432109997,0.2149805147912311,0.2149805147912311,best,True
4039,N/A,N/A,13.129428399229583,80.24106190112607,456,13.129112940007989,80.24145432109997,0.07154073819997693,0.07154073819997693,best,True
3525,N/A,N/A,13.128693839739316,80.24204996833673,456,13.129112940007989,80.24145432109997,0.10335629605824587,0.10335629605824587,best,True
7797,N/A,N/A,13.1284153,80.24195329999999,456,13.129112940007989,80.24145432109997,0.1225321910748334,0.1225321910748334,best,True
402,N/A,N/A,13.1295676,80.2416298,456,13.129112940007989,80.24145432109997,0.06991157556528813,0.06991157556528813,best,True
8103,N/A,N/A,13.1295676,80.2416298,456,13.129112940007989,80.24145432109997,0.06991157556528813,0.06991157556528813,best,True
2757,N/A,N/A,13.129044247751146,80.24138712899688,456,13.129112940007989,80.24145432109997,0.013685975332369702,0.013685975332369702,best,True
2083,N/A,N/A,13.1295676,80.2416298,456,13.129112940007989,80.24145432109997,0.06991157556528813,0.06991157556528813,best,True
3849,N/A,N/A,13.128465478508572,80.24196353496815,456,13.129112940007989,80.24145432109997,0.11757149528349597,0.11757149528349597,best,True
5483,N/A,N/A,13.128710831985344,80.24158688465576,456,13.129112940007989,80.24145432109997,0.06077542435463393,0.06077542435463393,best,True
1243,N/A,N/A,13.1315848,80.2373844,456,13.129112940007989,80.24145432109997,0.674902762562458,0.674902762562458,best,True
4177,N/A,N/A,13.128505190075268,80.24192754165341,456,13.129112940007989,80.24145432109997,0.10995190765354969,0.10995190765354969,best,True
3348,N/A,N/A,13.1297438,80.24036009999999,456,13.129112940007989,80.24145432109997,0.17894529515132385,0.17894529515132385,best,True
8063,N/A,N/A,13.128659919610886,80.24170731900925,456,13.129112940007989,80.24145432109997,0.0742751252158128,0.0742751252158128,best,True
10753,N/A,N/A,13.13352737440892,80.24639906002731,457,13.1345098689001,80.24486032049764,0.25886032864287806,0.25886032864287806,best,True
6723,N/A,N/A,13.13549236339128,80.24332158096796,457,13.1345098689001,80.24486032049764,0.2588596119969879,0.2588596119969879,best,True
9603,N/A,N/A,13.098015903999592,80.18033170173457,458,13.102487935719635,80.1773033128322,0.7719659152923875,0.7719659152923875,best,True
9079,N/A,N/A,13.098421101286611,80.18194277379122,458,13.102487935719635,80.1773033128322,0.8774226450436221,0.8774226450436221,best,True
8591,N/A,N/A,13.1041961,80.1716381,458,13.102487935719635,80.1773033128322,0.8355656657944568,0.8355656657944568,best,True
10491,N/A,N/A,13.1043227,80.1785896,458,13.102487935719635,80.1773033128322,0.3201745307345936,0.3201745307345936,best,True
10323,N/A,N/A,13.0997551,80.1788752,458,13.102487935719635,80.1773033128322,0.4512016275880454,0.4512016275880454,best,True
10289,N/A,N/A,13.1006756,80.1726845,458,13.102487935719635,80.1773033128322,0.7013589401823425,0.7013589401823425,best,True
6236,N/A,N/A,13.09807893342258,80.17592497823219,458,13.102487935719635,80.1773033128322,0.6632089997999581,0.6632089997999581,best,True
1416,N/A,N/A,13.102950420147597,80.179525254319,458,13.102487935719635,80.1773033128322,0.3202158045551827,0.3202158045551827,best,True
7426,N/A,N/A,13.09816960839946,80.18111221505299,458,13.102487935719635,80.1773033128322,0.8209999655649246,0.8209999655649246,best,True
1773,N/A,N/A,13.102389,80.1757519,458,13.102487935719635,80.1773033128322,0.2191683308953472,0.2191683308953472,best,True
3122,N/A,N/A,13.0996071,80.17930779999999,458,13.102487935719635,80.1773033128322,0.5015126007659019,0.5015126007659019,best,True
7541,N/A,N/A,13.1009743,80.1795547,458,13.102487935719635,80.1773033128322,0.38486664803123133,0.38486664803123133,best,True
2880,N/A,N/A,13.1053924,80.1799324,458,13.102487935719635,80.1773033128322,0.5584401334745277,0.5584401334745277,best,True
8807,N/A,N/A,12.980807767305665,80.12274468801328,459,12.97869754450302,80.12418466399603,0.36517801537477756,0.36517801537477756,best,True
8511,N/A,N/A,12.9756534,80.1199954,459,12.97869754450302,80.12418466399603,0.7353898960855864,0.7353898960855864,best,True
2875,N/A,N/A,12.976745,80.12787449999999,459,12.97869754450302,80.12418466399603,0.591352815337774,0.591352815337774,best,True
7438,N/A,N/A,12.9823009,80.1225607,459,12.97869754450302,80.12418466399603,0.5665923496231519,0.5665923496231519,best,True
2040,N/A,N/A,12.98029783394253,80.1218415321977,459,12.97869754450302,80.12418466399603,0.40272434102201465,0.40272434102201465,best,True
6264,N/A,N/A,12.9823009,80.1225607,459,12.97869754450302,80.12418466399603,0.5665923496231519,0.5665923496231519,best,True
4239,N/A,N/A,12.982200833353255,80.12500168481301,459,12.97869754450302,80.12418466399603,0.5168505526595115,0.5168505526595115,best,True
2138,N/A,N/A,12.976922010428744,80.12599863493635,459,12.97869754450302,80.12418466399603,0.361475688114061,0.361475688114061,best,True
7133,N/A,N/A,12.9748734,80.1266344,459,12.97869754450302,80.12418466399603,0.6495136048781518,0.6495136048781518,best,True
3550,N/A,N/A,12.9748734,80.1266344,459,12.97869754450302,80.12418466399603,0.6495136048781518,0.6495136048781518,best,True
9839,N/A,N/A,12.9844974,80.1324273,460,12.982135961840486,80.12893056697233,0.5988043093177248,0.5988043093177248,best,True
10934,N/A,N/A,12.984841691301131,80.13111323491822,460,12.982135961840486,80.12893056697233,0.4961795774282611,0.4961795774282611,best,True
10981,N/A,N/A,12.983276,80.12772,460,12.982135961840486,80.12893056697233,0.2367157206615244,0.2367157206615244,best,True
8640,N/A,N/A,12.977558235750111,80.13059367026644,460,12.982135961840486,80.12893056697233,0.6989042369752821,0.6989042369752821,best,True
8554,N/A,N/A,12.981594137718092,80.12925656048822,460,12.982135961840486,80.12893056697233,0.09047806780595019,0.09047806780595019,best,True
11040,N/A,N/A,12.983206315465846,80.12780896856576,460,12.982135961840486,80.12893056697233,0.22072820622958778,0.22072820622958778,best,True
8801,N/A,N/A,12.98240895753975,80.13116930213013,460,12.982135961840486,80.12893056697233,0.3181832787689991,0.3181832787689991,best,True
8500,N/A,N/A,12.9881666,80.1265822,460,12.982135961840486,80.12893056697233,0.9284124875700784,0.9284124875700784,best,True
10729,N/A,N/A,12.978912,80.12991120000001,460,12.982135961840486,80.12893056697233,0.4838572696591516,0.4838572696591516,best,True
10546,N/A,N/A,12.983189539557817,80.12777491432493,460,12.982135961840486,80.12893056697233,0.22254572406026088,0.22254572406026088,best,True
8372,N/A,N/A,12.983276,80.12772,460,12.982135961840486,80.12893056697233,0.2367157206615244,0.2367157206615244,best,True
8865,N/A,N/A,12.9831920950524,80.12782164447876,460,12.982135961840486,80.12893056697233,0.2180207222191667,0.2180207222191667,best,True
8571,N/A,N/A,12.98318489594293,80.12777824215351,460,12.982135961840486,80.12893056697233,0.22174731711023765,0.22174731711023765,best,True
6779,N/A,N/A,12.981561260804307,80.12893055079925,460,12.982135961840486,80.12893056697233,0.08265317629572141,0.08265317629572141,best,True
4146,N/A,N/A,12.983309584267973,80.12705622030128,460,12.982135961840486,80.12893056697233,0.3136478565821355,0.3136478565821355,best,True
7729,N/A,N/A,12.983877160954838,80.12492078878283,460,12.982135961840486,80.12893056697233,0.6185004257881338,0.6185004257881338,best,True
8111,N/A,N/A,12.9830368,80.1293521,460,12.982135961840486,80.12893056697233,0.14254805279567187,0.14254805279567187,best,True
1712,N/A,N/A,12.978691713582691,80.12988792449241,460,12.982135961840486,80.12893056697233,0.5134234666762739,0.5134234666762739,best,True
7103,N/A,N/A,12.9813452,80.12934539999999,460,12.982135961840486,80.12893056697233,0.12789459431629782,0.12789459431629782,best,True
4578,N/A,N/A,12.9777413,80.1307234,460,12.982135961840486,80.12893056697233,0.6807435311133818,0.6807435311133818,best,True
5877,N/A,N/A,12.978776289557256,80.12987950028348,460,12.982135961840486,80.12893056697233,0.5013797076423038,0.5013797076423038,best,True
294,N/A,N/A,12.981735392198102,80.13180948626767,460,12.982135961840486,80.12893056697233,0.4101103426592936,0.4101103426592936,best,True
1342,N/A,N/A,12.9813452,80.12934539999999,460,12.982135961840486,80.12893056697233,0.12789459431629782,0.12789459431629782,best,True
4906,N/A,N/A,12.9827549,80.1285796,460,12.982135961840486,80.12893056697233,0.1018529396459909,0.1018529396459909,best,True
2507,N/A,N/A,12.9789057,80.1299372,460,12.982135961840486,80.12893056697233,0.48578465729841874,0.48578465729841874,best,True
2499,N/A,N/A,12.9869121,80.1253336,460,12.982135961840486,80.12893056697233,0.8539318606754457,0.8539318606754457,best,True
1812,N/A,N/A,12.9803745,80.1283469,460,12.982135961840486,80.12893056697233,0.26637199376732174,0.26637199376732174,best,True
8472,N/A,N/A,13.1080632,80.0977002,461,13.108184787832169,80.0974861289357,0.03487783437767397,0.03487783437767397,best,True
9569,N/A,N/A,13.1085418,80.1006918,461,13.108184787832169,80.0974861289357,0.4548070785954938,0.4548070785954938,best,True
10229,N/A,N/A,13.1054663,80.0963972,461,13.108184787832169,80.0974861289357,0.42003050115359375,0.42003050115359375,best,True
9196,N/A,N/A,13.1117565,80.094818,461,13.108184787832169,80.0974861289357,0.6366635891743541,0.6366635891743541,best,True
9885,N/A,N/A,13.107934,80.0993803,461,13.108184787832169,80.0974861289357,0.2694442689561352,0.2694442689561352,best,True
8490,N/A,N/A,13.108987979250005,80.0984962993951,461,13.108184787832169,80.0974861289357,0.1833638253114369,0.1833638253114369,best,True
4977,N/A,N/A,13.1054663,80.0963972,461,13.108184787832169,80.0974861289357,0.42003050115359375,0.42003050115359375,best,True
7428,N/A,N/A,13.110934451146315,80.09764884173384,461,13.108184787832169,80.0974861289357,0.39612355206999905,0.39612355206999905,best,True
3931,N/A,N/A,13.106058398425386,80.09802144387207,461,13.108184787832169,80.0974861289357,0.3149920243186401,0.3149920243186401,best,True
5916,N/A,N/A,13.1067448,80.0969511,461,13.108184787832169,80.0974861289357,0.22040662739954442,0.22040662739954442,best,True
7662,N/A,N/A,13.1031993,80.094696,461,13.108184787832169,80.0974861289357,0.8178128866009334,0.8178128866009334,best,True
6733,N/A,N/A,13.110410607490326,80.10168029958268,461,13.108184787832169,80.0974861289357,0.6723441689412243,0.6723441689412243,best,True
1663,N/A,N/A,13.1067448,80.0969511,461,13.108184787832169,80.0974861289357,0.22040662739954442,0.22040662739954442,best,True
2276,N/A,N/A,13.108527929696924,80.09539822765471,461,13.108184787832169,80.0974861289357,0.2984375578152231,0.2984375578152231,best,True
4523,N/A,N/A,13.1120576,80.10015469999999,461,13.108184787832169,80.0974861289357,0.6721252657387915,0.6721252657387915,best,True
2689,N/A,N/A,13.1100803,80.0938468,461,13.108184787832169,80.0974861289357,0.5809632481770483,0.5809632481770483,best,True
6669,N/A,N/A,13.110288790634396,80.09890866647572,461,13.108184787832169,80.0974861289357,0.36301482798871704,0.36301482798871704,best,True
4572,N/A,N/A,13.1100874,80.09770879999999,461,13.108184787832169,80.0974861289357,0.2754297991106442,0.2754297991106442,best,True
3541,N/A,N/A,13.109146,80.0991796,461,13.108184787832169,80.0974861289357,0.27586435386699754,0.27586435386699754,best,True
6755,N/A,N/A,13.1031993,80.094696,461,13.108184787832169,80.0974861289357,0.8178128866009334,0.8178128866009334,best,True
9822,N/A,N/A,13.0450363,80.2173037,462,13.047592393369344,80.21806993103598,0.3831654740487347,0.3831654740487347,best,True
10994,N/A,N/A,13.050663166011269,80.21552813126137,462,13.047592393369344,80.21806993103598,0.568766656667699,0.568766656667699,best,True
1583,N/A,N/A,13.046784339336591,80.21888912603997,462,13.047592393369344,80.21806993103598,0.16385423614969066,0.16385423614969066,best,True
4573,N/A,N/A,13.0505832,80.2180265,462,13.047592393369344,80.21806993103598,0.4301819250278468,0.4301819250278468,best,True
5618,N/A,N/A,13.046615690308556,80.21884179788319,462,13.047592393369344,80.21806993103598,0.1776990979038091,0.1776990979038091,best,True
4672,N/A,N/A,13.0481641,80.2172302,462,13.047592393369344,80.21806993103598,0.14415366722120782,0.14415366722120782,best,True
5054,N/A,N/A,13.047959132363616,80.21923480552672,462,13.047592393369344,80.21806993103598,0.17251192097075563,0.17251192097075563,best,True
5918,N/A,N/A,13.047494753767202,80.21907952648071,462,13.047592393369344,80.21806993103598,0.14304720507619292,0.14304720507619292,best,True
3900,N/A,N/A,13.0466649,80.2188851,462,13.047592393369344,80.21806993103598,0.1760826027428073,0.1760826027428073,best,True
399,N/A,N/A,13.0466649,80.2188851,462,13.047592393369344,80.21806993103598,0.1760826027428073,0.1760826027428073,best,True
7851,N/A,N/A,13.0482235,80.2165965,462,13.047592393369344,80.21806993103598,0.22672000234415618,0.22672000234415618,best,True
1532,N/A,N/A,13.0480098,80.2161001,462,13.047592393369344,80.21806993103598,0.28416572079316543,0.28416572079316543,best,True
5547,N/A,N/A,13.0466372,80.21943279999999,462,13.047592393369344,80.21806993103598,0.23622285065902016,0.23622285065902016,best,True
8059,N/A,N/A,13.046792525383603,80.21894564731171,462,13.047592393369344,80.21806993103598,0.16876201734611707,0.16876201734611707,best,True
10871,N/A,N/A,13.04614778795634,80.21247701335588,463,13.044400583941863,80.2121061995465,0.2566652987083903,0.2566652987083903,best,True
9802,N/A,N/A,13.0442693,80.2092035,463,13.044400583941863,80.2121061995465,0.40973073537540894,0.40973073537540894,best,True
2845,N/A,N/A,13.0499711,80.2121306,463,13.044400583941863,80.2121061995465,0.801159867048132,0.801159867048132,best,True
2186,N/A,N/A,13.0441147,80.2142535,463,13.044400583941863,80.2121061995465,0.3055593218643461,0.3055593218643461,best,True
1625,N/A,N/A,13.0409135,80.2165755,463,13.044400583941863,80.2121061995465,0.8053974996695231,0.8053974996695231,best,True
7461,N/A,N/A,13.0445827,80.212752,463,13.044400583941863,80.2121061995465,0.09475306444907655,0.09475306444907655,best,True
3275,N/A,N/A,13.044212717565213,80.21075736720788,463,13.044400583941863,80.2121061995465,0.19210185803088323,0.19210185803088323,best,True
4785,N/A,N/A,13.0447423,80.2103716,463,13.044400583941863,80.2121061995465,0.24947579893933902,0.24947579893933902,best,True
1924,N/A,N/A,13.0478618,80.2099572,463,13.044400583941863,80.2121061995465,0.5827668492285124,0.5827668492285124,best,True
6711,N/A,N/A,13.04529383713366,80.2102359563127,463,13.044400583941863,80.2121061995465,0.2933405520069271,0.2933405520069271,best,True
3753,N/A,N/A,13.044130480456662,80.2107887310745,463,13.044400583941863,80.2121061995465,0.18978795436925763,0.18978795436925763,best,True
2969,N/A,N/A,13.042839287947531,80.21332986434935,463,13.044400583941863,80.2121061995465,0.2831820184353291,0.2831820184353291,best,True
3034,N/A,N/A,13.041335846891018,80.21586182209013,463,13.044400583941863,80.2121061995465,0.6889978796064677,0.6889978796064677,best,True
605,N/A,N/A,13.045720601177493,80.21022073880704,463,13.044400583941863,80.2121061995465,0.3266834162994775,0.3266834162994775,best,True
6718,N/A,N/A,13.0398728,80.21267759999999,463,13.044400583941863,80.2121061995465,0.6561519183926118,0.6561519183926118,best,True
5521,N/A,N/A,12.74263289197666,79.9925739442129,464,12.739240898219789,79.99342576047026,0.5024292935363643,0.5024292935363643,best,True
1893,N/A,N/A,12.7436006,79.99258189999999,464,12.739240898219789,79.99342576047026,0.6382157394143398,0.6382157394143398,best,True
4308,N/A,N/A,12.7436006,79.99258189999999,464,12.739240898219789,79.99342576047026,0.6382157394143398,0.6382157394143398,best,True
9422,N/A,N/A,13.121721545411182,80.2546023361718,465,13.117904528728422,80.25899707711703,0.8277292300114946,0.8277292300114946,best,True
8267,N/A,N/A,13.11830968214639,80.25957986089556,465,13.117904528728422,80.25899707711703,0.1007181079507581,0.1007181079507581,best,True
5005,N/A,N/A,13.121929265120954,80.2546852896711,465,13.117904528728422,80.25899707711703,0.8393312390142671,0.8393312390142671,best,True
16,N/A,N/A,13.118321448021293,80.25703511198479,465,13.117904528728422,80.25899707711703,0.28299034270559764,0.28299034270559764,best,True
1094,N/A,N/A,13.1182996,80.2594762,465,13.117904528728422,80.25899707711703,0.08826059888053067,0.08826059888053067,best,True
6203,N/A,N/A,13.1182996,80.2594762,465,13.117904528728422,80.25899707711703,0.08826059888053067,0.08826059888053067,best,True
2209,N/A,N/A,13.1182996,80.2594762,465,13.117904528728422,80.25899707711703,0.08826059888053067,0.08826059888053067,best,True
7389,N/A,N/A,13.113293755871853,80.25938465366876,465,13.117904528728422,80.25899707711703,0.6653724223195353,0.6653724223195353,best,True
1912,N/A,N/A,13.1182996,80.2594762,465,13.117904528728422,80.25899707711703,0.08826059888053067,0.08826059888053067,best,True
2111,N/A,N/A,13.1182996,80.2594762,465,13.117904528728422,80.25899707711703,0.08826059888053067,0.08826059888053067,best,True
6522,N/A,N/A,13.117411937162943,80.26218565450952,465,13.117904528728422,80.25899707711703,0.4550218387754589,0.4550218387754589,best,True
4280,N/A,N/A,13.1182996,80.2594762,465,13.117904528728422,80.25899707711703,0.08826059888053067,0.08826059888053067,best,True
3801,N/A,N/A,13.1182996,80.2594762,465,13.117904528728422,80.25899707711703,0.08826059888053067,0.08826059888053067,best,True
6177,N/A,N/A,12.8307847,80.0456974,466,12.831077746904137,80.04555203125939,0.04687326515513534,0.04687326515513534,best,True
7634,N/A,N/A,12.83128356690587,80.044793865278,466,12.831077746904137,80.04555203125939,0.11101512891534772,0.11101512891534772,best,True
7156,N/A,N/A,12.831164973806546,80.04616482850018,466,12.831077746904137,80.04555203125939,0.08738609396072337,0.08738609396072337,best,True
9570,N/A,N/A,13.039157,80.2470897,467,13.039394033001882,80.24814525702,0.15269598140588675,0.15269598140588675,best,True
8963,N/A,N/A,13.03371139132012,80.25029532413461,467,13.039394033001882,80.24814525702,0.8717000391154632,0.8717000391154632,best,True
2819,N/A,N/A,13.0350484,80.246234,467,13.039394033001882,80.24814525702,0.6806204487252172,0.6806204487252172,best,True
1487,N/A,N/A,13.039157,80.2470897,467,13.039394033001882,80.24814525702,0.15269598140588675,0.15269598140588675,best,True
358,N/A,N/A,13.042273075364296,80.24404960106149,467,13.039394033001882,80.24814525702,0.7106155303344546,0.7106155303344546,best,True
1075,N/A,N/A,13.040367103080191,80.24741989377796,467,13.039394033001882,80.24814525702,0.17333990403909355,0.17333990403909355,best,True
5439,N/A,N/A,13.040389390842757,80.25043210989006,467,13.039394033001882,80.24814525702,0.35281078644467306,0.35281078644467306,best,True
5125,N/A,N/A,13.0446825,80.24803290000001,467,13.039394033001882,80.24814525702,0.7607528258835606,0.7607528258835606,best,True
6224,N/A,N/A,13.038867616840108,80.24825374027981,467,13.039394033001882,80.24814525702,0.07723912601939067,0.07723912601939067,best,True
3433,N/A,N/A,13.0373532,80.2466509,467,13.039394033001882,80.24814525702,0.3613189406210348,0.3613189406210348,best,True
1863,N/A,N/A,13.0385808,80.2470786,467,13.039394033001882,80.24814525702,0.19053036732007092,0.19053036732007092,best,True
3283,N/A,N/A,13.0422234,80.2515572,467,13.039394033001882,80.24814525702,0.6301181014977347,0.6301181014977347,best,True
3478,N/A,N/A,13.033580884578877,80.2493945291361,467,13.039394033001882,80.24814525702,0.8544044963163328,0.8544044963163328,best,True
11357,N/A,N/A,13.0362278,80.1572499,468,13.036442026314113,80.1553965195096,0.26315435025654815,0.26315435025654815,best,True
8884,N/A,N/A,13.035711681299432,80.1533735658365,468,13.036442026314113,80.1553965195096,0.30398053633943856,0.30398053633943856,best,True
8829,N/A,N/A,13.0379233,80.15550499999999,468,13.036442026314113,80.1553965195096,0.2135853179345492,0.2135853179345492,best,True
11198,N/A,N/A,13.0385599,80.1571501,468,13.036442026314113,80.1553965195096,0.3923256992361711,0.3923256992361711,best,True
9373,N/A,N/A,13.0348072,80.15594,468,13.036442026314113,80.1553965195096,0.24729513008191076,0.24729513008191076,best,True
7393,N/A,N/A,13.03848254655035,80.15719603507077,468,13.036442026314113,80.1553965195096,0.38795784693674557,0.38795784693674557,best,True
8018,N/A,N/A,13.036001911730391,80.15330902739619,468,13.036442026314113,80.1553965195096,0.30108533522096137,0.30108533522096137,best,True
2146,N/A,N/A,13.03848254655035,80.15719603507077,468,13.036442026314113,80.1553965195096,0.38795784693674557,0.38795784693674557,best,True
7743,N/A,N/A,13.0363785,80.15358979999999,468,13.036442026314113,80.1553965195096,0.25492855758826183,0.25492855758826183,best,True
4681,N/A,N/A,13.03848254655035,80.15719603507077,468,13.036442026314113,80.1553965195096,0.38795784693674557,0.38795784693674557,best,True
2084,N/A,N/A,13.038480346087791,80.15717156370846,468,13.036442026314113,80.1553965195096,0.3854689927527637,0.3854689927527637,best,True
5907,N/A,N/A,13.034217998602417,80.15595149008784,468,13.036442026314113,80.1553965195096,0.32929366912713687,0.32929366912713687,best,True
3341,N/A,N/A,13.0357263,80.1535789,468,13.036442026314113,80.1553965195096,0.276200208456677,0.276200208456677,best,True
7434,N/A,N/A,13.036083880068231,80.15314616401209,468,13.036442026314113,80.1553965195096,0.321475236919353,0.321475236919353,best,True
7413,N/A,N/A,13.03524737919764,80.15467360578407,468,13.036442026314113,80.1553965195096,0.19977855192770075,0.19977855192770075,best,True
7105,N/A,N/A,13.034596900702434,80.15571102545904,468,13.036442026314113,80.1553965195096,0.26904629888453935,0.26904629888453935,best,True
7676,N/A,N/A,13.03592938976134,80.15341513261748,468,13.036442026314113,80.1553965195096,0.2889588088021597,0.2889588088021597,best,True
7147,N/A,N/A,13.0346163465533,80.15578397105868,468,13.036442026314113,80.1553965195096,0.26819317541259113,0.26819317541259113,best,True
10384,N/A,N/A,13.0377692,80.1593461,469,13.035031294948004,80.15962805971044,0.39576777000567,0.39576777000567,best,True
10314,N/A,N/A,13.0380627,80.1596041,469,13.035031294948004,80.15962805971044,0.4359898755882705,0.4359898755882705,best,True
8526,N/A,N/A,13.0346316,80.15901149999999,469,13.035031294948004,80.15962805971044,0.10422682165501518,0.10422682165501518,best,True
6777,N/A,N/A,13.037227502749902,80.15837778347453,469,13.035031294948004,80.15962805971044,0.36173028173860067,0.36173028173860067,best,True
307,N/A,N/A,13.037474326274522,80.15978827269943,469,13.035031294948004,80.15962805971044,0.35208239535876257,0.35208239535876257,best,True
1010,N/A,N/A,13.032447779998389,80.15951629689032,469,13.035031294948004,80.15962805971044,0.3718952102261796,0.3718952102261796,best,True
7675,N/A,N/A,13.033522912131112,80.15973072258983,469,13.035031294948004,80.15962805971044,0.21741812344035732,0.21741812344035732,best,True
2175,N/A,N/A,13.036348298705729,80.16097545664857,469,13.035031294948004,80.15962805971044,0.26828226175397374,0.26828226175397374,best,True
6170,N/A,N/A,13.0377692,80.1593461,469,13.035031294948004,80.15962805971044,0.39576777000567,0.39576777000567,best,True
3948,N/A,N/A,13.0340466851093,80.16011760811357,469,13.035031294948004,80.15962805971044,0.15753660861404756,0.15753660861404756,best,True
6272,N/A,N/A,13.03411131690375,80.15992896477086,469,13.035031294948004,80.15962805971044,0.1389483442153734,0.1389483442153734,best,True
7153,N/A,N/A,13.034022865903308,80.16000042696147,469,13.035031294948004,80.15962805971044,0.15424469556490855,0.15424469556490855,best,True
7644,N/A,N/A,13.03354542976903,80.15969202855345,469,13.035031294948004,80.15962805971044,0.213887438589143,0.213887438589143,best,True
6727,N/A,N/A,13.0329301,80.159773,469,13.035031294948004,80.15962805971044,0.3028842294130385,0.3028842294130385,best,True
2971,N/A,N/A,13.033564862531762,80.15834368659313,469,13.035031294948004,80.15962805971044,0.27799423295634373,0.27799423295634373,best,True
4427,N/A,N/A,13.034053686367846,80.16013827940436,469,13.035031294948004,80.15962805971044,0.15793845695110925,0.15793845695110925,best,True
6269,N/A,N/A,13.034003547671396,80.15998668837804,469,13.035031294948004,80.15962805971044,0.15622212976847305,0.15622212976847305,best,True
8183,N/A,N/A,13.110911372588024,80.10998725891113,470,13.111430413401779,80.1094692277156,0.10442779371232926,0.10442779371232926,best,True
8321,N/A,N/A,13.111309465829418,80.10878055521353,470,13.111430413401779,80.1094692277156,0.09862620333848154,0.09862620333848154,best,True
10850,N/A,N/A,13.1110018,80.1084633,470,13.111430413401779,80.1094692277156,0.15462193354367382,0.15462193354367382,best,True
10565,N/A,N/A,13.115800210627812,80.11042898906507,470,13.111430413401779,80.1094692277156,0.6428658704897028,0.6428658704897028,best,True
9270,N/A,N/A,13.1109113,80.110055,470,13.111430413401779,80.1094692277156,0.11132200665204031,0.11132200665204031,best,True
8217,N/A,N/A,13.1092946,80.1135572,470,13.111430413401779,80.1094692277156,0.6530277279043402,0.6530277279043402,best,True
298,N/A,N/A,13.111199847544285,80.10874966396385,470,13.111430413401779,80.1094692277156,0.10671744959757719,0.10671744959757719,best,True
1902,N/A,N/A,13.111507208828916,80.10871467367146,470,13.111430413401779,80.1094692277156,0.10693908952266144,0.10693908952266144,best,True
4200,N/A,N/A,13.111181794355783,80.10833875852366,470,13.111430413401779,80.1094692277156,0.16332116471265756,0.16332116471265756,best,True
4827,N/A,N/A,13.11155261512924,80.10874060832549,470,13.111430413401779,80.1094692277156,0.10420407692027263,0.10420407692027263,best,True
5711,N/A,N/A,13.11344133134988,80.11374733424006,470,13.111430413401779,80.1094692277156,0.6688320079021719,0.6688320079021719,best,True
1524,N/A,N/A,13.110911372588024,80.10998725891113,470,13.111430413401779,80.1094692277156,0.10442779371232926,0.10442779371232926,best,True
3542,N/A,N/A,13.111514918964769,80.10872274057496,470,13.111430413401779,80.1094692277156,0.10592955862227164,0.10592955862227164,best,True
6976,N/A,N/A,13.1114133,80.10850099999999,470,13.111430413401779,80.1094692277156,0.13651034877507096,0.13651034877507096,best,True
7395,N/A,N/A,13.1116575,80.1097207,470,13.111430413401779,80.1094692277156,0.04820075968169365,0.04820075968169365,best,True
6667,N/A,N/A,13.11152114344636,80.10873833726606,470,13.111430413401779,80.1094692277156,0.10385444264317524,0.10385444264317524,best,True
1843,N/A,N/A,13.1109113,80.110055,470,13.111430413401779,80.1094692277156,0.11132200665204031,0.11132200665204031,best,True
5007,N/A,N/A,13.1109113,80.110055,470,13.111430413401779,80.1094692277156,0.11132200665204031,0.11132200665204031,best,True
7916,N/A,N/A,13.111331133491424,80.10877148892145,470,13.111430413401779,80.1094692277156,0.0993891562531779,0.0993891562531779,best,True
7353,N/A,N/A,13.106950645749825,80.10958702347673,470,13.111430413401779,80.1094692277156,0.644497917719438,0.644497917719438,best,True
1072,N/A,N/A,13.111497709696684,80.10867480437736,470,13.111430413401779,80.1094692277156,0.11240492066589784,0.11240492066589784,best,True
1399,N/A,N/A,13.11149915915457,80.10874048287384,470,13.111430413401779,80.1094692277156,0.10320364852669278,0.10320364852669278,best,True
3327,N/A,N/A,13.1115973,80.1086072,470,13.111430413401779,80.1094692277156,0.1238651206453527,0.1238651206453527,best,True
7917,N/A,N/A,13.11348700701088,80.10983812501334,470,13.111430413401779,80.1094692277156,0.3003176351979383,0.3003176351979383,best,True
5374,N/A,N/A,13.111515175378404,80.10870970963605,470,13.111430413401779,80.1094692277156,0.10775873184510244,0.10775873184510244,best,True
7910,N/A,N/A,13.111449,80.10850560000002,470,13.111430413401779,80.1094692277156,0.1358660001609245,0.1358660001609245,best,True
6984,N/A,N/A,13.11071238938124,80.10888730175793,470,13.111430413401779,80.1094692277156,0.13188391140831582,0.13188391140831582,best,True
2621,N/A,N/A,13.110153115820603,80.10931000616796,470,13.111430413401779,80.1094692277156,0.18506814633283486,0.18506814633283486,best,True
1359,N/A,N/A,13.111566864490165,80.10872594250888,470,13.111430413401779,80.1094692277156,0.10660060094904879,0.10660060094904879,best,True
6411,N/A,N/A,13.1114133,80.10850099999999,470,13.111430413401779,80.1094692277156,0.13651034877507096,0.13651034877507096,best,True
4017,N/A,N/A,13.1104605675309,80.11275185150159,470,13.111430413401779,80.1094692277156,0.4833078223279132,0.4833078223279132,best,True
4139,N/A,N/A,13.111479693301517,80.10872799971365,470,13.111430413401779,80.1094692277156,0.10472877195307496,0.10472877195307496,best,True
7838,N/A,N/A,13.1151382,80.10880259999999,470,13.111430413401779,80.1094692277156,0.5414738260824651,0.5414738260824651,best,True
8245,N/A,N/A,13.10989123599922,80.1061949644268,471,13.110993843279553,80.1058464412986,0.1660143360170807,0.1660143360170807,best,True
4012,N/A,N/A,13.10987598945018,80.10495324119928,471,13.110993843279553,80.1058464412986,0.20420849539456018,0.20420849539456018,best,True
4149,N/A,N/A,13.1120431,80.1070881,471,13.110993843279553,80.1058464412986,0.23110347730945918,0.23110347730945918,best,True
5468,N/A,N/A,13.1108322,80.1044982,471,13.110993843279553,80.1058464412986,0.19147446136480056,0.19147446136480056,best,True
672,N/A,N/A,13.1133990864893,80.10584670437153,471,13.110993843279553,80.1058464412986,0.34592418990229507,0.34592418990229507,best,True
5563,N/A,N/A,13.109921447738634,80.106497437794,471,13.110993843279553,80.1058464412986,0.17946974786859207,0.17946974786859207,best,True
8922,N/A,N/A,12.9301224,80.1130338,472,12.930101238995062,80.11234634305384,0.09702697658773472,0.09702697658773472,best,True
9223,N/A,N/A,12.93073761353406,80.10544179836425,472,12.930101238995062,80.11234634305384,0.9783102199414622,0.9783102199414622,best,True
8911,N/A,N/A,12.9301224,80.1130338,472,12.930101238995062,80.11234634305384,0.09702697658773472,0.09702697658773472,best,True
10095,N/A,N/A,12.9307388,80.11716229999999,472,12.930101238995062,80.11234634305384,0.6855437871983462,0.6855437871983462,best,True
8422,N/A,N/A,12.9257861,80.1178836,472,12.930101238995062,80.11234634305384,0.9976621618212339,0.9976621618212339,best,True
5694,N/A,N/A,12.931176093222223,80.11552166393207,472,12.930101238995062,80.11234634305384,0.47386354760028954,0.47386354760028954,best,True
752,N/A,N/A,12.9307167,80.1118791,472,12.930101238995062,80.11234634305384,0.11036078081689299,0.11036078081689299,best,True
8134,N/A,N/A,12.9307167,80.1118791,472,12.930101238995062,80.11234634305384,0.11036078081689299,0.11036078081689299,best,True
659,N/A,N/A,12.9307167,80.1118791,472,12.930101238995062,80.11234634305384,0.11036078081689299,0.11036078081689299,best,True
5831,N/A,N/A,12.9307167,80.1118791,472,12.930101238995062,80.11234634305384,0.11036078081689299,0.11036078081689299,best,True
5473,N/A,N/A,12.92981918300682,80.11148509472615,472,12.930101238995062,80.11234634305384,0.12808899218345723,0.12808899218345723,best,True
1940,N/A,N/A,12.9307167,80.1118791,472,12.930101238995062,80.11234634305384,0.11036078081689299,0.11036078081689299,best,True
7454,N/A,N/A,12.9307167,80.1118791,472,12.930101238995062,80.11234634305384,0.11036078081689299,0.11036078081689299,best,True
5754,N/A,N/A,12.9307167,80.1118791,472,12.930101238995062,80.11234634305384,0.11036078081689299,0.11036078081689299,best,True
7498,N/A,N/A,12.9307167,80.1118791,472,12.930101238995062,80.11234634305384,0.11036078081689299,0.11036078081689299,best,True
2559,N/A,N/A,12.9307167,80.1118791,472,12.930101238995062,80.11234634305384,0.11036078081689299,0.11036078081689299,best,True
5053,N/A,N/A,12.929111816847184,80.11274505301357,472,12.930101238995062,80.11234634305384,0.15301046425364778,0.15301046425364778,best,True
5592,N/A,N/A,12.927757595300854,80.10901516493297,472,12.930101238995062,80.11234634305384,0.5783110953335843,0.5783110953335843,best,True
9983,N/A,N/A,12.9230221,80.13531329999999,474,12.92399964976382,80.13710914485051,0.2897405404047554,0.2897405404047554,best,True
3495,N/A,N/A,12.92848406235061,80.13898738051456,474,12.92399964976382,80.13710914485051,0.6972505383737111,0.6972505383737111,best,True
7988,N/A,N/A,12.922401246785396,80.13793974373353,474,12.92399964976382,80.13710914485051,0.25802144754709483,0.25802144754709483,best,True
4342,N/A,N/A,12.922344023489584,80.13525186602324,474,12.92399964976382,80.13710914485051,0.35404393499493975,0.35404393499493975,best,True
6603,N/A,N/A,12.925399494272902,80.13946101222606,474,12.92399964976382,80.13710914485051,0.3880875662615733,0.3880875662615733,best,True
7769,N/A,N/A,12.922509391976096,80.13519345295309,474,12.92399964976382,80.13710914485051,0.3449244235725864,0.3449244235725864,best,True
2796,N/A,N/A,12.922456958027675,80.13525198437057,474,12.92399964976382,80.13710914485051,0.34331809304142136,0.34331809304142136,best,True
7116,N/A,N/A,12.925379921208297,80.13947441898316,474,12.92399964976382,80.13710914485051,0.3882589966446343,0.3882589966446343,best,True
8494,N/A,N/A,12.9270733,80.1451262,475,12.922919918772614,80.14303503220084,0.6662108439236307,0.6662108439236307,best,True
10216,N/A,N/A,12.9223725,80.1430328,475,12.922919918772614,80.14303503220084,0.07872972942593655,0.07872972942593655,best,True
9928,N/A,N/A,12.922377398452497,80.14157678498992,475,12.922919918772614,80.14303503220084,0.2200198009633394,0.2200198009633394,best,True
9811,N/A,N/A,12.9223725,80.1430328,475,12.922919918772614,80.14303503220084,0.07872972942593655,0.07872972942593655,best,True
6287,N/A,N/A,12.9223725,80.1430328,475,12.922919918772614,80.14303503220084,0.07872972942593655,0.07872972942593655,best,True
163,N/A,N/A,12.9240317,80.1446029,475,12.922919918772614,80.14303503220084,0.27292652008232404,0.27292652008232404,best,True
5774,N/A,N/A,12.922439876171532,80.14203034041822,475,12.922919918772614,80.14303503220084,0.15765590283229064,0.15765590283229064,best,True
3390,N/A,N/A,12.923494934732908,80.14064079435485,475,12.922919918772614,80.14303503220084,0.3477398930916593,0.3477398930916593,best,True
6573,N/A,N/A,12.9267747,80.1433691,475,12.922919918772614,80.14303503220084,0.5563895452555865,0.5563895452555865,best,True
7138,N/A,N/A,12.922386583434289,80.14229871419778,475,12.922919918772614,80.14303503220084,0.1291258684114093,0.1291258684114093,best,True
1761,N/A,N/A,12.92000563215007,80.14457076189952,475,12.922919918772614,80.14303503220084,0.4718128427439769,0.4718128427439769,best,True
4158,N/A,N/A,12.9199237,80.1440795,475,12.922919918772614,80.14303503220084,0.45540851133603666,0.45540851133603666,best,True
7344,N/A,N/A,12.92233361910269,80.14206192275068,475,12.922919918772614,80.14303503220084,0.16110824357390982,0.16110824357390982,best,True
1422,N/A,N/A,12.8079544,80.0785275,476,12.80110455,80.07784805,0.9897847749769565,0.9897847749769565,best,True
31,N/A,N/A,12.7942547,80.0771686,476,12.80110455,80.07784805,0.9897845169575107,0.9897845169575107,best,True
11239,N/A,N/A,13.1215226,80.0545503,477,13.122684777365233,80.05522746279192,0.19248112999494604,0.19248112999494604,best,True
9780,N/A,N/A,13.121002601526037,80.05326102368164,477,13.122684777365233,80.05522746279192,0.3679214976782819,0.3679214976782819,best,True
8203,N/A,N/A,13.117117117117116,80.05268158260809,477,13.122684777365233,80.05522746279192,0.8774874688651348,0.8774874688651348,best,True
10439,N/A,N/A,13.1231361,80.0579673,477,13.122684777365233,80.05522746279192,0.39162537090373634,0.39162537090373634,best,True
9212,N/A,N/A,13.1228447,80.06006119999999,477,13.122684777365233,80.05522746279192,0.6817542996780458,0.6817542996780458,best,True
9764,N/A,N/A,13.124440868591542,80.05284415335039,477,13.122684777365233,80.05522746279192,0.42029915830891645,0.42029915830891645,best,True
3225,N/A,N/A,13.123097,80.0593473,477,13.122684777365233,80.05522746279192,0.5837525638559572,0.5837525638559572,best,True
4957,N/A,N/A,13.123805811898,80.05284803545523,477,13.122684777365233,80.05522746279192,0.3721436398017351,0.3721436398017351,best,True
7125,N/A,N/A,13.1222724,80.0585565,477,13.122684777365233,80.05522746279192,0.4729964758413986,0.4729964758413986,best,True
4227,N/A,N/A,13.123097,80.0593473,477,13.122684777365233,80.05522746279192,0.5837525638559572,0.5837525638559572,best,True
1895,N/A,N/A,13.1240131,80.0535524,477,13.122684777365233,80.05522746279192,0.30372335722871596,0.30372335722871596,best,True
7899,N/A,N/A,13.123731158681403,80.0528503769292,477,13.122684777365233,80.05522746279192,0.36731836895205,0.36731836895205,best,True
2892,N/A,N/A,13.1238916110335,80.05278954924867,477,13.122684777365233,80.05522746279192,0.38499404599684034,0.38499404599684034,best,True
6887,N/A,N/A,13.123614814265649,80.0525274578138,477,13.122684777365233,80.05522746279192,0.403414044923406,0.403414044923406,best,True
8615,N/A,N/A,12.8920017,80.0832117,479,12.8948554109797,80.08193753907113,0.4480617679320459,0.4480617679320459,best,True
9334,N/A,N/A,12.89361465822624,80.08214737691723,479,12.8948554109797,80.08193753907113,0.1808824852354185,0.1808824852354185,best,True
10249,N/A,N/A,12.89361665293224,80.08214585990233,479,12.8948554109797,80.08193753907113,0.18056452082873922,0.18056452082873922,best,True
9476,N/A,N/A,12.896250253967663,80.08392147471152,479,12.8948554109797,80.08193753907113,0.34437248560374145,0.34437248560374145,best,True
3960,N/A,N/A,12.89160173132712,80.0804085863065,479,12.8948554109797,80.08193753907113,0.515269178356294,0.515269178356294,best,True
4686,N/A,N/A,12.898935808074176,80.07784136982004,479,12.8948554109797,80.08193753907113,0.8236321354129019,0.8236321354129019,best,True
1520,N/A,N/A,12.8912856,80.080168,479,12.8948554109797,80.08193753907113,0.5708913297460948,0.5708913297460948,best,True
7941,N/A,N/A,12.893324655559065,80.08299336366905,479,12.8948554109797,80.08193753907113,0.2658143963626561,0.2658143963626561,best,True
460,N/A,N/A,12.9016245,80.0812191,479,12.8948554109797,80.08193753907113,0.9787830123928778,0.9787830123928778,best,True
10559,N/A,N/A,13.03625330983822,80.1453461958899,480,13.04014849119427,80.14821837568714,0.6912716397003196,0.6912716397003196,best,True
10725,N/A,N/A,13.0400182,80.1532458,480,13.04014849119427,80.14821837568714,0.7091522238204545,0.7091522238204545,best,True
10509,N/A,N/A,13.0379366,80.1481354,480,13.04014849119427,80.14821837568714,0.318329428047332,0.318329428047332,best,True
7416,N/A,N/A,13.045609667133665,80.15127048725722,480,13.04014849119427,80.14821837568714,0.8956060384591543,0.8956060384591543,best,True
6797,N/A,N/A,13.03684042297716,80.14247810628665,480,13.04014849119427,80.14821837568714,0.9388954894553225,0.9388954894553225,best,True
5676,N/A,N/A,13.0448798,80.1507777,480,13.04014849119427,80.14821837568714,0.7702316869109102,0.7702316869109102,best,True
7533,N/A,N/A,13.0431,80.149755,480,13.04014849119427,80.14821837568714,0.47658820535434426,0.47658820535434426,best,True
3547,N/A,N/A,13.036148858512725,80.14622335525092,480,13.04014849119427,80.14821837568714,0.6403317202552431,0.6403317202552431,best,True
4155,N/A,N/A,13.036461475954262,80.14867336702754,480,13.04014849119427,80.14821837568714,0.5341338954222488,0.5341338954222488,best,True
2812,N/A,N/A,13.043695199579268,80.14783021957284,480,13.04014849119427,80.14821837568714,0.5130159414835469,0.5130159414835469,best,True
4388,N/A,N/A,13.037548020612428,80.14892740288197,480,13.04014849119427,80.14821837568714,0.3871325517413555,0.3871325517413555,best,True
6780,N/A,N/A,13.043387776285384,80.14918389975315,480,13.04014849119427,80.14821837568714,0.48536004634490576,0.48536004634490576,best,True
7066,N/A,N/A,13.03597004582665,80.14704882569951,480,13.04014849119427,80.14821837568714,0.6231624862465899,0.6231624862465899,best,True
8047,N/A,N/A,13.0442295,80.14616149999999,480,13.04014849119427,80.14821837568714,0.6546807939833735,0.6546807939833735,best,True
8944,N/A,N/A,12.8973268,80.22746769999999,481,12.895794231737844,80.22827135073886,0.24786615498448591,0.24786615498448591,best,True
6492,N/A,N/A,12.88913939521353,80.22949745221659,481,12.895794231737844,80.22827135073886,0.9725965160745781,0.9725965160745781,best,True
4083,N/A,N/A,12.9009165,80.2278489,481,12.895794231737844,80.22827135073886,0.7390842026567804,0.7390842026567804,best,True
10141,N/A,N/A,12.964605420659575,80.21133559038302,482,12.966547005320306,80.20810458313821,0.5344766967595751,0.5344766967595751,best,True
10486,N/A,N/A,12.9698513798036,80.2083983123967,482,12.966547005320306,80.20810458313821,0.47703523912713036,0.47703523912713036,best,True
3539,N/A,N/A,12.96949826089218,80.20706361575749,482,12.966547005320306,80.20810458313821,0.4491254664996651,0.4491254664996651,best,True
1707,N/A,N/A,12.965680662678643,80.20473333582076,482,12.966547005320306,80.20810458313821,0.49156490842842027,0.49156490842842027,best,True
1952,N/A,N/A,12.964780858815654,80.21091546300062,482,12.966547005320306,80.20810458313821,0.4708610002436364,0.4708610002436364,best,True
4243,N/A,N/A,12.9698259,80.21083589999999,482,12.966547005320306,80.20810458313821,0.6089269101359056,0.6089269101359056,best,True
7189,N/A,N/A,12.965600859847896,80.20464486384034,482,12.966547005320306,80.20810458313821,0.5066077061920603,0.5066077061920603,best,True
3869,N/A,N/A,12.9640567,80.203685,482,12.966547005320306,80.20810458313821,0.7189423915487512,0.7189423915487512,best,True
6078,N/A,N/A,12.96551259976574,80.20465864219983,482,12.966547005320306,80.20810458313821,0.5083051355526874,0.5083051355526874,best,True
6897,N/A,N/A,12.96564522476419,80.20453574330121,482,12.966547005320306,80.20810458313821,0.5198213053882252,0.5198213053882252,best,True
1139,N/A,N/A,12.966030367302563,80.20479703136616,482,12.966547005320306,80.20810458313821,0.4724074292299546,0.4724074292299546,best,True
975,N/A,N/A,12.9732831,80.2065137,482,12.966547005320306,80.20810458313821,0.9944275564346747,0.9944275564346747,best,True
7928,N/A,N/A,12.965312975135427,80.20705920596284,482,12.966547005320306,80.20810458313821,0.2307371710561932,0.2307371710561932,best,True
8442,N/A,N/A,13.0524406,80.2376891,483,13.052670688619239,80.2378829451481,0.04291960418613263,0.04291960418613263,best,True
8621,N/A,N/A,13.052556949151656,80.23982829181618,483,13.052670688619239,80.2378829451481,0.2747820240880076,0.2747820240880076,best,True
11099,N/A,N/A,13.0557379,80.2366701,483,13.052670688619239,80.2378829451481,0.47311488439452726,0.47311488439452726,best,True
9126,N/A,N/A,13.0474886,80.2395082,483,13.052670688619239,80.2378829451481,0.7797254221489124,0.7797254221489124,best,True
9520,N/A,N/A,13.0528406,80.2369378,483,13.052670688619239,80.2378829451481,0.13548771363052087,0.13548771363052087,best,True
3140,N/A,N/A,13.052629347217506,80.24026948490472,483,13.052670688619239,80.2378829451481,0.3365555707654987,0.3365555707654987,best,True
4064,N/A,N/A,13.04658586969395,80.23756357727659,483,13.052670688619239,80.2378829451481,0.8762776030467375,0.8762776030467375,best,True
2109,N/A,N/A,13.058181374454565,80.23876775939533,483,13.052670688619239,80.2378829451481,0.802307382117439,0.802307382117439,best,True
4962,N/A,N/A,13.05820567458088,80.23726195200707,483,13.052670688619239,80.2378829451481,0.8008440267926521,0.8008440267926521,best,True
2329,N/A,N/A,13.052521898714437,80.24042775392061,483,13.052670688619239,80.2378829451481,0.35945664057843757,0.35945664057843757,best,True
2807,N/A,N/A,13.0525710991147,80.23667482347471,483,13.052670688619239,80.2378829451481,0.17094674355531111,0.17094674355531111,best,True
648,N/A,N/A,13.054539369706236,80.23797728599439,483,13.052670688619239,80.2378829451481,0.2690831279284766,0.2690831279284766,best,True
2873,N/A,N/A,13.053711311590298,80.23419575101377,483,13.052670688619239,80.2378829451481,0.5410077602008756,0.5410077602008756,best,True
2787,N/A,N/A,13.053666204102663,80.23472456068494,483,13.052670688619239,80.2378829451481,0.46778222848692425,0.46778222848692425,best,True
383,N/A,N/A,13.053281507546451,80.23710843212478,483,13.052670688619239,80.2378829451481,0.1401547360633276,0.1401547360633276,best,True
3549,N/A,N/A,13.0519612,80.2357768,483,13.052670688619239,80.2378829451481,0.31400912311699736,0.31400912311699736,best,True
11233,N/A,N/A,13.148387805833735,80.1099182203818,484,13.151171042243755,80.10438460444114,0.8766592951482965,0.8766592951482965,best,True
11217,N/A,N/A,13.1563551,80.10710999999999,484,13.151171042243755,80.10438460444114,0.8387125833905731,0.8387125833905731,best,True
8594,N/A,N/A,13.153143,80.1022136,484,13.151171042243755,80.10438460444114,0.4172097764382575,0.4172097764382575,best,True
8616,N/A,N/A,13.153143,80.1022136,484,13.151171042243755,80.10438460444114,0.4172097764382575,0.4172097764382575,best,True
8224,N/A,N/A,13.154747926141546,80.09927307421044,484,13.151171042243755,80.10438460444114,0.885250549738231,0.885250549738231,best,True
8265,N/A,N/A,13.1485751,80.1079704,484,13.151171042243755,80.10438460444114,0.628347788645253,0.628347788645253,best,True
7721,N/A,N/A,13.1472361,80.1037228,484,13.151171042243755,80.10438460444114,0.5735641892603995,0.5735641892603995,best,True
6758,N/A,N/A,13.150075062509464,80.10378062339028,484,13.151171042243755,80.10438460444114,0.17914372428416123,0.17914372428416123,best,True
7909,N/A,N/A,13.1499583,80.1038765,484,13.151171042243755,80.10438460444114,0.18854801086528625,0.18854801086528625,best,True
2514,N/A,N/A,13.150089027952792,80.10376722642894,484,13.151171042243755,80.10438460444114,0.17829292119333465,0.17829292119333465,best,True
10999,N/A,N/A,13.1306471,80.21389769999999,485,13.131942361697245,80.21437215022807,0.19792653911233532,0.19792653911233532,best,True
10171,N/A,N/A,13.13526698627168,80.21632553724825,485,13.131942361697245,80.21437215022807,0.5517606636384941,0.5517606636384941,best,True
11337,N/A,N/A,13.1306471,80.21389769999999,485,13.131942361697245,80.21437215022807,0.19792653911233532,0.19792653911233532,best,True
11062,N/A,N/A,13.1306471,80.21389769999999,485,13.131942361697245,80.21437215022807,0.19792653911233532,0.19792653911233532,best,True
8830,N/A,N/A,13.13077108568724,80.20983665547587,485,13.131942361697245,80.21437215022807,0.6611247086292272,0.6611247086292272,best,True
6851,N/A,N/A,13.130632997853706,80.21565171337946,485,13.131942361697245,80.21437215022807,0.2607538209992295,0.2607538209992295,best,True
1034,N/A,N/A,13.135235702890038,80.21645228946093,485,13.131942361697245,80.21437215022807,0.5570594454196907,0.5570594454196907,best,True
189,N/A,N/A,13.129528569664188,80.21329494359574,485,13.131942361697245,80.21437215022807,0.3789076805108062,0.3789076805108062,best,True
5422,N/A,N/A,13.1354933,80.2163983,485,13.131942361697245,80.21437215022807,0.5851312915407291,0.5851312915407291,best,True
7026,N/A,N/A,13.130026775242872,80.21386400506964,485,13.131942361697245,80.21437215022807,0.2846603054656747,0.2846603054656747,best,True
6185,N/A,N/A,13.1355795,80.2194086,485,13.131942361697245,80.21437215022807,0.8818172846201493,0.8818172846201493,best,True
4311,N/A,N/A,13.1306041,80.212698,485,13.131942361697245,80.21437215022807,0.30451901790440444,0.30451901790440444,best,True
6037,N/A,N/A,13.13536786982266,80.21640559799137,485,13.131942361697245,80.21437215022807,0.5699712025609092,0.5699712025609092,best,True
3112,N/A,N/A,13.129980828743031,80.21399737982333,485,13.131942361697245,80.21437215022807,0.28701312673586393,0.28701312673586393,best,True
734,N/A,N/A,13.130010896485468,80.21406794696381,485,13.131942361697245,80.21437215022807,0.2810753831519262,0.2810753831519262,best,True
2028,N/A,N/A,13.130377865897858,80.21092625050127,485,13.131942361697245,80.21437215022807,0.5353052428255555,0.5353052428255555,best,True
2828,N/A,N/A,13.130119746194003,80.21400894064091,485,13.131942361697245,80.21437215022807,0.267083327804858,0.267083327804858,best,True
1219,N/A,N/A,13.1289205,80.2157575,485,13.131942361697245,80.21437215022807,0.47646131275505804,0.47646131275505804,best,True
2768,N/A,N/A,13.13041210748622,80.21147981597173,485,13.131942361697245,80.21437215022807,0.4633017465080644,0.4633017465080644,best,True
1962,N/A,N/A,13.138577101705929,80.21517642843948,485,13.131942361697245,80.21437215022807,0.9609264552911498,0.9609264552911498,best,True
9577,N/A,N/A,12.948693628631691,80.25196980567276,486,12.948672697127373,80.25402826984082,0.2903807130382404,0.2903807130382404,best,True
5144,N/A,N/A,12.949550255422276,80.25467946715037,486,12.948672697127373,80.25402826984082,0.1560980588949949,0.1560980588949949,best,True
369,N/A,N/A,12.954432946246596,80.25526652081784,486,12.948672697127373,80.25402826984082,0.8466465153326495,0.8466465153326495,best,True
7221,N/A,N/A,12.94961965784366,80.25464935943847,486,12.948672697127373,80.25402826984082,0.16193682371847917,0.16193682371847917,best,True
10992,N/A,N/A,13.144232082719624,80.13342346096104,487,13.140316203403975,80.13673965425569,0.7318854410325856,0.7318854410325856,best,True
9643,N/A,N/A,13.142212329447457,80.1359852366194,487,13.140316203403975,80.13673965425569,0.29270148710047206,0.29270148710047206,best,True
3003,N/A,N/A,13.1410038,80.1376562,487,13.140316203403975,80.13673965425569,0.16269239334740213,0.16269239334740213,best,True
6140,N/A,N/A,13.1389433,80.1353638,487,13.140316203403975,80.13673965425569,0.27675904178362126,0.27675904178362126,best,True
5480,N/A,N/A,13.1389433,80.1353638,487,13.140316203403975,80.13673965425569,0.27675904178362126,0.27675904178362126,best,True
8087,N/A,N/A,13.1389433,80.1353638,487,13.140316203403975,80.13673965425569,0.27675904178362126,0.27675904178362126,best,True
3168,N/A,N/A,13.1389433,80.1353638,487,13.140316203403975,80.13673965425569,0.27675904178362126,0.27675904178362126,best,True
4501,N/A,N/A,13.1417175,80.1416732,487,13.140316203403975,80.13673965425569,0.7239997399419299,0.7239997399419299,best,True
6268,N/A,N/A,13.141426986045472,80.13539587293623,487,13.140316203403975,80.13673965425569,0.24778236907157758,0.24778236907157758,best,True
336,N/A,N/A,13.138058138893085,80.13550776320744,487,13.140316203403975,80.13673965425569,0.36826222168037237,0.36826222168037237,best,True
2920,N/A,N/A,13.1389433,80.1353638,487,13.140316203403975,80.13673965425569,0.27675904178362126,0.27675904178362126,best,True
5024,N/A,N/A,13.13908931395401,80.13739538011119,487,13.140316203403975,80.13673965425569,0.19919327036639922,0.19919327036639922,best,True
3977,N/A,N/A,13.0312957,80.0388219,488,13.032657796628252,80.03522376651007,0.5438845203310237,0.5438845203310237,best,True
1497,N/A,N/A,13.031399583141257,80.03909903255033,488,13.032657796628252,80.03522376651007,0.5756413277990998,0.5756413277990998,best,True
5838,N/A,N/A,13.0285814,80.03452829999999,488,13.032657796628252,80.03522376651007,0.5944131166564568,0.5944131166564568,best,True
4190,N/A,N/A,13.0312957,80.0388219,488,13.032657796628252,80.03522376651007,0.5438845203310237,0.5438845203310237,best,True
9116,N/A,N/A,13.041664,80.1767424,489,13.042292783407335,80.1791400539834,0.34997017830243227,0.34997017830243227,best,True
8643,N/A,N/A,13.041841304364636,80.17579789735804,489,13.042292783407335,80.1791400539834,0.47571761964481907,0.47571761964481907,best,True
9683,N/A,N/A,13.042567959261488,80.1810193409055,489,13.042292783407335,80.1791400539834,0.267930062375431,0.267930062375431,best,True
10228,N/A,N/A,13.0420346,80.18017859999999,489,13.042292783407335,80.1791400539834,0.15107586146887125,0.15107586146887125,best,True
9278,N/A,N/A,13.0417017,80.1757876,489,13.042292783407335,80.1791400539834,0.4803004755461118,0.4803004755461118,best,True
10576,N/A,N/A,13.04202787410986,80.180300587628,489,13.042292783407335,80.1791400539834,0.16801921261280767,0.16801921261280767,best,True
9601,N/A,N/A,13.0425229,80.18174789999999,489,13.042292783407335,80.1791400539834,0.36920875849603035,0.36920875849603035,best,True
10298,N/A,N/A,13.0420346,80.18017859999999,489,13.042292783407335,80.1791400539834,0.15107586146887125,0.15107586146887125,best,True
9979,N/A,N/A,13.046196033122513,80.18190699024353,489,13.042292783407335,80.1791400539834,0.6836303253936413,0.6836303253936413,best,True
8742,N/A,N/A,13.0420346,80.18017859999999,489,13.042292783407335,80.1791400539834,0.15107586146887125,0.15107586146887125,best,True
4649,N/A,N/A,13.041874394851954,80.17956366593869,489,13.042292783407335,80.1791400539834,0.08478597945278218,0.08478597945278218,best,True
1063,N/A,N/A,13.0421578,80.1805052,489,13.042292783407335,80.1791400539834,0.19347064622472943,0.19347064622472943,best,True
1436,N/A,N/A,13.041847921114618,80.17749504364727,489,13.042292783407335,80.1791400539834,0.24061897949426136,0.24061897949426136,best,True
2651,N/A,N/A,13.0417701,80.17882879999999,489,13.042292783407335,80.1791400539834,0.08704661906048404,0.08704661906048404,best,True
6033,N/A,N/A,13.04177842001326,80.17885319138254,489,13.042292783407335,80.1791400539834,0.08431237896841448,0.08431237896841448,best,True
3887,N/A,N/A,13.042654871845352,80.1817083626826,489,13.042292783407335,80.1791400539834,0.36587234236980926,0.36587234236980926,best,True
7445,N/A,N/A,13.040859238009268,80.184255594003,489,13.042292783407335,80.1791400539834,0.7502114947369927,0.7502114947369927,best,True
7443,N/A,N/A,13.04183493631421,80.17874466581497,489,13.042292783407335,80.1791400539834,0.08627990882109729,0.08627990882109729,best,True
314,N/A,N/A,13.041677718534403,80.17597126144801,489,13.042292783407335,80.1791400539834,0.45549224371188146,0.45549224371188146,best,True
6656,N/A,N/A,13.041727037809975,80.17566734304955,489,13.042292783407335,80.1791400539834,0.49638848042948297,0.49638848042948297,best,True
1062,N/A,N/A,13.0463947,80.1763031,489,13.042292783407335,80.1791400539834,0.7127741629590918,0.7127741629590918,best,True
5567,N/A,N/A,13.044480923429251,80.18003440626701,489,13.042292783407335,80.1791400539834,0.33902593183594826,0.33902593183594826,best,True
906,N/A,N/A,13.0417434811329,80.17606782072698,489,13.042292783407335,80.1791400539834,0.44034911846210995,0.44034911846210995,best,True
5728,N/A,N/A,13.042166188501952,80.18036171778694,489,13.042292783407335,80.1791400539834,0.17322178906898283,0.17322178906898283,best,True
2763,N/A,N/A,13.0417701,80.17882879999999,489,13.042292783407335,80.1791400539834,0.08704661906048404,0.08704661906048404,best,True
474,N/A,N/A,13.0419,80.17795199999999,489,13.042292783407335,80.1791400539834,0.17679127372568496,0.17679127372568496,best,True
4099,N/A,N/A,13.0417701,80.17882879999999,489,13.042292783407335,80.1791400539834,0.08704661906048404,0.08704661906048404,best,True
316,N/A,N/A,13.041164432989722,80.18211322265324,489,13.042292783407335,80.1791400539834,0.44954837982358764,0.44954837982358764,best,True
7503,N/A,N/A,13.0373013,80.1776691,490,13.03700938555211,80.1784839381705,0.12232953803628654,0.12232953803628654,best,True
3188,N/A,N/A,13.0373013,80.1776691,490,13.03700938555211,80.1784839381705,0.12232953803628654,0.12232953803628654,best,True
2958,N/A,N/A,13.0373013,80.1776691,490,13.03700938555211,80.1784839381705,0.12232953803628654,0.12232953803628654,best,True
5899,N/A,N/A,13.0373013,80.1776691,490,13.03700938555211,80.1784839381705,0.12232953803628654,0.12232953803628654,best,True
2549,N/A,N/A,13.038014667302356,80.17796950740967,490,13.03700938555211,80.1784839381705,0.16175672547905476,0.16175672547905476,best,True
1605,N/A,N/A,13.037644,80.179502,490,13.03700938555211,80.1784839381705,0.1701134234575988,0.1701134234575988,best,True
2962,N/A,N/A,13.034201831562418,80.18123965978384,490,13.03700938555211,80.1784839381705,0.5603910847194004,0.5603910847194004,best,True
8495,N/A,N/A,13.0537519,80.22798949999999,491,13.053701744745123,80.22753783842398,0.06409140070677902,0.06409140070677902,best,True
8808,N/A,N/A,13.054096,80.23093279999999,491,13.053701744745123,80.22753783842398,0.4820350608977756,0.4820350608977756,best,True
10696,N/A,N/A,13.052551924302511,80.2277346669213,491,13.053701744745123,80.22753783842398,0.16768007320248493,0.16768007320248493,best,True
8503,N/A,N/A,13.055907580780175,80.22553199697681,491,13.053701744745123,80.22753783842398,0.4250081708029356,0.4250081708029356,best,True
9588,N/A,N/A,13.0537519,80.22798949999999,491,13.053701744745123,80.22753783842398,0.06409140070677902,0.06409140070677902,best,True
9909,N/A,N/A,13.0537519,80.22798949999999,491,13.053701744745123,80.22753783842398,0.06409140070677902,0.06409140070677902,best,True
9681,N/A,N/A,13.05383429908343,80.22789029401778,491,13.053701744745123,80.22753783842398,0.053227283065214466,0.053227283065214466,best,True
10796,N/A,N/A,13.053793361657426,80.22790603097829,491,13.053701744745123,80.22753783842398,0.05356109317868248,0.05356109317868248,best,True
3508,N/A,N/A,13.0531863,80.22306499999999,491,13.053701744745123,80.22753783842398,0.6350118661399647,0.6350118661399647,best,True
3502,N/A,N/A,13.053317,80.227831,491,13.053701744745123,80.22753783842398,0.06906883933078792,0.06906883933078792,best,True
8021,N/A,N/A,13.053919473706245,80.22798365316153,491,13.053701744745123,80.22753783842398,0.070227525657093,0.070227525657093,best,True
3499,N/A,N/A,13.0537861,80.2279923,491,13.053701744745123,80.22753783842398,0.06521733552977046,0.06521733552977046,best,True
2317,N/A,N/A,13.0539253813465,80.2279261234003,491,13.053701744745123,80.22753783842398,0.06349677726808334,0.06349677726808334,best,True
6625,N/A,N/A,13.0537861,80.2279923,491,13.053701744745123,80.22753783842398,0.06521733552977046,0.06521733552977046,best,True
2675,N/A,N/A,13.0531863,80.22306499999999,491,13.053701744745123,80.22753783842398,0.6350118661399647,0.6350118661399647,best,True
483,N/A,N/A,13.0537519,80.22798949999999,491,13.053701744745123,80.22753783842398,0.06409140070677902,0.06409140070677902,best,True
6460,N/A,N/A,13.052582084535906,80.22988242617575,491,13.053701744745123,80.22753783842398,0.36772061276864765,0.36772061276864765,best,True
4514,N/A,N/A,13.0537519,80.22798949999999,491,13.053701744745123,80.22753783842398,0.06409140070677902,0.06409140070677902,best,True
10856,N/A,N/A,13.091726199548122,80.17884529255983,492,13.088213108154132,80.17957134896314,0.5155191235896681,0.5155191235896681,best,True
9119,N/A,N/A,13.08741396014998,80.18217535725486,492,13.088213108154132,80.17957134896314,0.3846851464252034,0.3846851464252034,best,True
10010,N/A,N/A,13.0883754,80.179361,492,13.088213108154132,80.17957134896314,0.03773882655147072,0.03773882655147072,best,True
11354,N/A,N/A,13.088119758087796,80.17909763243323,492,13.088213108154132,80.17957134896314,0.06812077621199364,0.06812077621199364,best,True
9268,N/A,N/A,13.088277100514516,80.17966418700468,492,13.088213108154132,80.17957134896314,0.016000224558668032,0.016000224558668032,best,True
8534,N/A,N/A,13.088367251930991,80.17965857788116,492,13.088213108154132,80.17957134896314,0.025351460250512485,0.025351460250512485,best,True
2957,N/A,N/A,13.0868645,80.1796196,492,13.088213108154132,80.17957134896314,0.194076888196964,0.194076888196964,best,True
7619,N/A,N/A,13.088117743616722,80.17935027830397,492,13.088213108154132,80.17957134896314,0.03405096679252556,0.03405096679252556,best,True
7263,N/A,N/A,13.088125406246949,80.17883509814759,492,13.088213108154132,80.17957134896314,0.10456038553409824,0.10456038553409824,best,True
4430,N/A,N/A,13.08812504578928,80.1794638843724,492,13.088213108154132,80.17957134896314,0.019746922837771713,0.019746922837771713,best,True
4179,N/A,N/A,13.0885034,80.1815751,492,13.088213108154132,80.17957134896314,0.285557582265459,0.285557582265459,best,True
576,N/A,N/A,13.0876656,80.17891019999999,492,13.088213108154132,80.17957134896314,0.12201792662222045,0.12201792662222045,best,True
162,N/A,N/A,13.0868645,80.1796196,492,13.088213108154132,80.17957134896314,0.194076888196964,0.194076888196964,best,True
3430,N/A,N/A,13.088066972440991,80.17928744702806,492,13.088213108154132,80.17957134896314,0.04520723245974283,0.04520723245974283,best,True
6333,N/A,N/A,13.088097110897843,80.17937744548675,492,13.088213108154132,80.17957134896314,0.03202503891041174,0.03202503891041174,best,True
2587,N/A,N/A,13.0889225,80.181116,492,13.088213108154132,80.17957134896314,0.24048012762199245,0.24048012762199245,best,True
4567,N/A,N/A,13.088088021487737,80.17928053372954,492,13.088213108154132,80.17957134896314,0.04477249295535568,0.04477249295535568,best,True
1421,N/A,N/A,13.0868645,80.1796196,492,13.088213108154132,80.17957134896314,0.194076888196964,0.194076888196964,best,True
7126,N/A,N/A,13.089301792371725,80.17720914506074,492,13.088213108154132,80.17957134896314,0.3679949698172885,0.3679949698172885,best,True
7427,N/A,N/A,13.0883754,80.179361,492,13.088213108154132,80.17957134896314,0.03773882655147072,0.03773882655147072,best,True
11407,N/A,N/A,13.08552127163073,80.1834232383751,493,13.085215872561875,80.18022600273446,0.45288703384316037,0.45288703384316037,best,True
9824,N/A,N/A,13.0855227,80.1766705,493,13.085215872561875,80.18022600273446,0.5031998969501271,0.5031998969501271,best,True
3403,N/A,N/A,13.0852022,80.1797022,493,13.085215872561875,80.18022600273446,0.07387288800181824,0.07387288800181824,best,True
141,N/A,N/A,13.084941629982197,80.17961842198487,493,13.085215872561875,80.18022600273446,0.09430234737196846,0.09430234737196846,best,True
2423,N/A,N/A,13.08484881643364,80.17973559639744,493,13.085215872561875,80.18022600273446,0.08698813799250606,0.08698813799250606,best,True
885,N/A,N/A,13.085128789438617,80.17955620996422,493,13.085215872561875,80.18022600273446,0.0952556294147934,0.0952556294147934,best,True
4907,N/A,N/A,13.083431496057136,80.18232501435546,493,13.085215872561875,80.18022600273446,0.3917012030368343,0.3917012030368343,best,True
5159,N/A,N/A,13.0846196,80.1824195,493,13.085215872561875,80.18022600273446,0.3209141127041394,0.3209141127041394,best,True
7117,N/A,N/A,13.0852022,80.1797022,493,13.085215872561875,80.18022600273446,0.07387288800181824,0.07387288800181824,best,True
5212,N/A,N/A,13.085296318866332,80.17970674917619,493,13.085215872561875,80.18022600273446,0.07411399204594589,0.07411399204594589,best,True
5295,N/A,N/A,13.084444582573653,80.17839335846972,493,13.085215872561875,80.18022600273446,0.2811760737792686,0.2811760737792686,best,True
575,N/A,N/A,13.0852608,80.1791694,493,13.085215872561875,80.18022600273446,0.14910193162599944,0.14910193162599944,best,True
2029,N/A,N/A,13.0869841,80.1822485,493,13.085215872561875,80.18022600273446,0.3820654364170929,0.3820654364170929,best,True
6544,N/A,N/A,13.0852022,80.1797022,493,13.085215872561875,80.18022600273446,0.07387288800181824,0.07387288800181824,best,True
7367,N/A,N/A,13.085460815206735,80.17970126508301,493,13.085215872561875,80.18022600273446,0.08193785973340059,0.08193785973340059,best,True
5829,N/A,N/A,13.0852022,80.1797022,493,13.085215872561875,80.18022600273446,0.07387288800181824,0.07387288800181824,best,True
1207,N/A,N/A,13.0851575,80.1801517,493,13.085215872561875,80.18022600273446,0.013424297942371013,0.013424297942371013,best,True
7107,N/A,N/A,13.0863966,80.1826713,493,13.085215872561875,80.18022600273446,0.38429594453546745,0.38429594453546745,best,True
5330,N/A,N/A,13.085277758486608,80.17969449814855,493,13.085215872561875,80.18022600273446,0.0754592688608487,0.0754592688608487,best,True
8670,N/A,N/A,13.132506557832995,79.90283586184246,494,13.132584029518284,79.90862300280477,0.8158023432139215,0.8158023432139215,best,True
11289,N/A,N/A,13.134402037966472,79.9088981448614,494,13.132584029518284,79.90862300280477,0.26432857809337085,0.26432857809337085,best,True
5610,N/A,N/A,13.134466509812992,79.90888953102478,494,13.132584029518284,79.90862300280477,0.27333450447627294,0.27333450447627294,best,True
7463,N/A,N/A,13.131271888054629,79.90965312639621,494,13.132584029518284,79.90862300280477,0.2381098023787522,0.2381098023787522,best,True
3411,N/A,N/A,13.134397058955503,79.90887266308643,494,13.132584029518284,79.90862300280477,0.26311584458047516,0.26311584458047516,best,True
4009,N/A,N/A,13.129696584331892,79.90964608404218,494,13.132584029518284,79.90862300280477,0.4396021401615305,0.4396021401615305,best,True
820,N/A,N/A,13.134455086144015,79.90884411639654,494,13.132584029518284,79.90862300280477,0.270896318453622,0.270896318453622,best,True
3938,N/A,N/A,13.131610506798491,79.90952179249133,494,13.132584029518284,79.90862300280477,0.18882213298611858,0.18882213298611858,best,True
2019,N/A,N/A,13.131487700701715,79.90957862601742,494,13.132584029518284,79.90862300280477,0.20737790139582982,0.20737790139582982,best,True
4176,N/A,N/A,13.13154636458414,79.90949008188899,494,13.132584029518284,79.90862300280477,0.19289785022271494,0.19289785022271494,best,True
10952,N/A,N/A,13.133325742238403,79.91402132335867,495,13.133191688062372,79.91186922750818,0.30395978426843945,0.30395978426843945,best,True
10953,N/A,N/A,13.133360619865073,79.91402427310867,495,13.133191688062372,79.91186922750818,0.3047335635260457,0.3047335635260457,best,True
8806,N/A,N/A,13.130277098465305,79.91181063744878,495,13.133191688062372,79.91186922750818,0.41926081356460587,0.41926081356460587,best,True
10285,N/A,N/A,13.13284085894914,79.91091243714273,495,13.133191688062372,79.91186922750818,0.1439937358809275,0.1439937358809275,best,True
8363,N/A,N/A,13.13318096665542,79.91075743978685,495,13.133191688062372,79.91186922750818,0.15671917875186483,0.15671917875186483,best,True
9960,N/A,N/A,13.133351988756363,79.91160729145382,495,13.133191688062372,79.91186922750818,0.043527942208777606,0.043527942208777606,best,True
864,N/A,N/A,13.13318096665542,79.91075743978685,495,13.133191688062372,79.91186922750818,0.15671917875186483,0.15671917875186483,best,True
6391,N/A,N/A,13.13318096665542,79.91075743978685,495,13.133191688062372,79.91186922750818,0.15671917875186483,0.15671917875186483,best,True
6899,N/A,N/A,13.13551302831956,79.91159462942387,495,13.133191688062372,79.91186922750818,0.3360939408370306,0.3360939408370306,best,True
7015,N/A,N/A,13.13318096665542,79.91075743978685,495,13.133191688062372,79.91186922750818,0.15671917875186483,0.15671917875186483,best,True
373,N/A,N/A,13.13318096665542,79.91075743978685,495,13.133191688062372,79.91186922750818,0.15671917875186483,0.15671917875186483,best,True
7548,N/A,N/A,13.13318096665542,79.91075743978685,495,13.133191688062372,79.91186922750818,0.15671917875186483,0.15671917875186483,best,True
5502,N/A,N/A,13.132720587835513,79.91568765661421,495,13.133191688062372,79.91186922750818,0.5424734758321873,0.5424734758321873,best,True
4026,N/A,N/A,13.134207908511328,79.91196629784247,495,13.133191688062372,79.91186922750818,0.14679301855684945,0.14679301855684945,best,True
9797,N/A,N/A,12.982583643859586,80.22203081255032,496,12.984252777640434,80.22163072108384,0.24659698914485154,0.24659698914485154,best,True
9572,N/A,N/A,12.98408636923818,80.21800278404433,496,12.984252777640434,80.22163072108384,0.5122404289648447,0.5122404289648447,best,True
10939,N/A,N/A,12.982265858750113,80.22463015006763,496,12.984252777640434,80.22163072108384,0.510508413067515,0.510508413067515,best,True
8646,N/A,N/A,12.987022167817452,80.22227589857943,496,12.984252777640434,80.22163072108384,0.4085544596053426,0.4085544596053426,best,True
705,N/A,N/A,12.98713915519578,80.2230418338385,496,12.984252777640434,80.22163072108384,0.46036038597753554,0.46036038597753554,best,True
6416,N/A,N/A,12.986125,80.2253514,496,12.984252777640434,80.22163072108384,0.589808594879527,0.589808594879527,best,True
3552,N/A,N/A,12.984405285305266,80.21789721796874,496,12.984252777640434,80.22163072108384,0.527026252577003,0.527026252577003,best,True
2900,N/A,N/A,12.987107802787207,80.22301730859606,496,12.984252777640434,80.22163072108384,0.4548005722278294,0.4548005722278294,best,True
6962,N/A,N/A,12.982855289492406,80.22192021818617,496,12.984252777640434,80.22163072108384,0.2050914285286325,0.2050914285286325,best,True
1793,N/A,N/A,12.982887668666264,80.21776983218466,496,12.984252777640434,80.22163072108384,0.5788492287376715,0.5788492287376715,best,True
5227,N/A,N/A,12.982923763535648,80.22193211191406,496,12.984252777640434,80.22163072108384,0.1958078003408195,0.1958078003408195,best,True
6311,N/A,N/A,12.98260819174282,80.22405443760617,496,12.984252777640434,80.22163072108384,0.4156895679384397,0.4156895679384397,best,True
4165,N/A,N/A,12.9802901401132,80.218105194669,496,12.984252777640434,80.22163072108384,0.7563328768354527,0.7563328768354527,best,True
3946,N/A,N/A,12.982937911057808,80.22196870809837,496,12.984252777640434,80.22163072108384,0.19501916096189653,0.19501916096189653,best,True
6559,N/A,N/A,12.988553417044798,80.22246290795445,496,12.984252777640434,80.22163072108384,0.6295533263229415,0.6295533263229415,best,True
11245,N/A,N/A,13.09764482559838,80.24028585408905,497,13.097319023743335,80.23871682064028,0.22610294510318973,0.22610294510318973,best,True
10069,N/A,N/A,13.0968569,80.2413831,497,13.097319023743335,80.23871682064028,0.3817099267808652,0.3817099267808652,best,True
10152,N/A,N/A,13.09764853069331,80.23932991332178,497,13.097319023743335,80.23871682064028,0.09857013241196012,0.09857013241196012,best,True
9255,N/A,N/A,13.09456218545112,80.23662407136817,497,13.097319023743335,80.23871682064028,0.494212086967118,0.494212086967118,best,True
3758,N/A,N/A,13.093525088344736,80.23850648069754,497,13.097319023743335,80.23871682064028,0.5464515506317987,0.5464515506317987,best,True
2758,N/A,N/A,13.0980461,80.2388117,497,13.097319023743335,80.23871682064028,0.10542060771858087,0.10542060771858087,best,True
1112,N/A,N/A,13.097823820301684,80.23783390094948,497,13.097319023743335,80.23871682064028,0.1440952677099237,0.1440952677099237,best,True
5615,N/A,N/A,13.097818833361009,80.23805792760027,497,13.097319023743335,80.23871682064028,0.11745308020373063,0.11745308020373063,best,True
256,N/A,N/A,13.095055891874276,80.23668902549947,497,13.097319023743335,80.23871682064028,0.43319989933661707,0.43319989933661707,best,True
2778,N/A,N/A,13.0986486,80.2396062,497,13.097319023743335,80.23871682064028,0.22866012605149552,0.22866012605149552,best,True
7508,N/A,N/A,13.0980435,80.2379826,497,13.097319023743335,80.23871682064028,0.14686781633487878,0.14686781633487878,best,True
6099,N/A,N/A,13.098097119698773,80.23695072304,497,13.097319023743335,80.23871682064028,0.27296832852347586,0.27296832852347586,best,True
6137,N/A,N/A,13.0983715,80.2368442,497,13.097319023743335,80.23871682064028,0.30430923975484564,0.30430923975484564,best,True
1061,N/A,N/A,13.0980461,80.2388117,497,13.097319023743335,80.23871682064028,0.10542060771858087,0.10542060771858087,best,True
1378,N/A,N/A,13.097794,80.239926,497,13.097319023743335,80.23871682064028,0.1836420503366922,0.1836420503366922,best,True
471,N/A,N/A,13.0948827,80.2425143,497,13.097319023743335,80.23871682064028,0.6398265280268143,0.6398265280268143,best,True
6789,N/A,N/A,13.101557708313406,80.23802825431896,497,13.097319023743335,80.23871682064028,0.6172906880117142,0.6172906880117142,best,True
8269,N/A,N/A,13.098415,80.234931,498,13.098232167591886,80.23424156403131,0.10068705988837397,0.10068705988837397,best,True
11030,N/A,N/A,13.098407934253572,80.23438889577028,498,13.098232167591886,80.23424156403131,0.03271720648864778,0.03271720648864778,best,True
11331,N/A,N/A,13.098663,80.234472,498,13.098232167591886,80.23424156403131,0.06996198672889169,0.06996198672889169,best,True
10420,N/A,N/A,13.095592920107142,80.23373383802854,498,13.098232167591886,80.23424156403131,0.38626808076682734,0.38626808076682734,best,True
10006,N/A,N/A,13.098289163856926,80.2350651610849,498,13.098232167591886,80.23424156403131,0.11639518531288462,0.11639518531288462,best,True
8464,N/A,N/A,13.098415,80.234931,498,13.098232167591886,80.23424156403131,0.10068705988837397,0.10068705988837397,best,True
6891,N/A,N/A,13.097885506166024,80.23272874150285,498,13.098232167591886,80.23424156403131,0.21901971679776494,0.21901971679776494,best,True
2057,N/A,N/A,13.098498536364431,80.23435443340964,498,13.098232167591886,80.23424156403131,0.041482385976705345,0.041482385976705345,best,True
6157,N/A,N/A,13.0985872,80.2339812,498,13.098232167591886,80.23424156403131,0.06288449720993462,0.06288449720993462,best,True
5179,N/A,N/A,13.099228583994227,80.23296278088266,498,13.098232167591886,80.23424156403131,0.2302947265357444,0.2302947265357444,best,True
8053,N/A,N/A,13.0985872,80.2339812,498,13.098232167591886,80.23424156403131,0.06288449720993462,0.06288449720993462,best,True
4410,N/A,N/A,13.0985872,80.2339812,498,13.098232167591886,80.23424156403131,0.06288449720993462,0.06288449720993462,best,True
3610,N/A,N/A,13.0985872,80.2339812,498,13.098232167591886,80.23424156403131,0.06288449720993462,0.06288449720993462,best,True
4512,N/A,N/A,13.0985872,80.2339812,498,13.098232167591886,80.23424156403131,0.06288449720993462,0.06288449720993462,best,True
121,N/A,N/A,13.098572891850408,80.2344729425142,498,13.098232167591886,80.23424156403131,0.05886660787527577,0.05886660787527577,best,True
6465,N/A,N/A,13.097988709752718,80.23546718411313,498,13.098232167591886,80.23424156403131,0.17629341652093644,0.17629341652093644,best,True
8045,N/A,N/A,13.098754112413776,80.2326573294713,498,13.098232167591886,80.23424156403131,0.2356144066939558,0.2356144066939558,best,True
1217,N/A,N/A,13.09568798568628,80.23548966978397,498,13.098232167591886,80.23424156403131,0.4060127301591786,0.4060127301591786,best,True
3465,N/A,N/A,13.09836577498404,80.23554946809591,498,13.098232167591886,80.23424156403131,0.1853796644509437,0.1853796644509437,best,True
4601,N/A,N/A,13.0985872,80.2339812,498,13.098232167591886,80.23424156403131,0.06288449720993462,0.06288449720993462,best,True
5036,N/A,N/A,13.0985872,80.2339812,498,13.098232167591886,80.23424156403131,0.06288449720993462,0.06288449720993462,best,True
10644,N/A,N/A,13.1180275,80.1455188,499,13.118131172782352,80.14227731656025,0.45717312152531386,0.45717312152531386,best,True
9900,N/A,N/A,13.1198698,80.14463889999999,499,13.118131172782352,80.14227731656025,0.41634684036970465,0.41634684036970465,best,True
10537,N/A,N/A,13.113449433266682,80.14422808660466,499,13.118131172782352,80.14227731656025,0.7273205767590064,0.7273205767590064,best,True
3582,N/A,N/A,13.1199157,80.1402856,499,13.118131172782352,80.14227731656025,0.3803884035508582,0.3803884035508582,best,True
3953,N/A,N/A,13.1158792,80.1384696,499,13.118131172782352,80.14227731656025,0.6268968426766763,0.6268968426766763,best,True
7885,N/A,N/A,13.116700267865504,80.1433704490514,499,13.118131172782352,80.14227731656025,0.25709047412186226,0.25709047412186226,best,True
3192,N/A,N/A,13.1196904,80.1439051,499,13.118131172782352,80.14227731656025,0.32083996715289537,0.32083996715289537,best,True
1438,N/A,N/A,13.11983926696876,80.1436952720607,499,13.118131172782352,80.14227731656025,0.316702147851655,0.316702147851655,best,True
1916,N/A,N/A,13.119932053710048,80.14358832463246,499,13.118131172782352,80.14227731656025,0.31817527629424636,0.31817527629424636,best,True
5493,N/A,N/A,13.11634762435957,80.1385047829343,499,13.118131172782352,80.14227731656025,0.5904227961535798,0.5904227961535798,best,True
5736,N/A,N/A,13.1194322,80.1444001,499,13.118131172782352,80.14227731656025,0.35292026263394205,0.35292026263394205,best,True
7629,N/A,N/A,13.1163697,80.14364359999999,499,13.118131172782352,80.14227731656025,0.31823390052218486,0.31823390052218486,best,True
9108,N/A,N/A,13.1255449,80.1440334,500,13.123647935717198,80.14346779212178,0.2842342190773509,0.2842342190773509,best,True
6452,N/A,N/A,13.1219161,80.1428431,500,13.123647935717198,80.14346779212178,0.264181847188762,0.264181847188762,best,True
1296,N/A,N/A,13.127087001623435,80.14372981381987,500,13.123647935717198,80.14346779212178,0.4959870733376637,0.4959870733376637,best,True
2782,N/A,N/A,13.12218,80.1391947,500,13.123647935717198,80.14346779212178,0.638264461592999,0.638264461592999,best,True
2205,N/A,N/A,13.124205918033034,80.1438798413207,500,13.123647935717198,80.14346779212178,0.09906341759545545,0.09906341759545545,best,True
7157,N/A,N/A,13.12444029035599,80.14282569968184,500,13.123647935717198,80.14346779212178,0.14552722776019408,0.14552722776019408,best,True
7759,N/A,N/A,13.124276729200783,80.1438121696985,500,13.123647935717198,80.14346779212178,0.10263878160414955,0.10263878160414955,best,True
278,N/A,N/A,13.12156873989978,80.14489202862522,500,13.123647935717198,80.14346779212178,0.3601738897906376,0.3601738897906376,best,True
3606,N/A,N/A,13.1209422,80.1456273,500,13.123647935717198,80.14346779212178,0.49405887756404504,0.49405887756404504,best,True
7224,N/A,N/A,13.124317478058966,80.14383986807167,500,13.123647935717198,80.14346779212178,0.10965104634151482,0.10965104634151482,best,True
9608,N/A,N/A,12.8305078,79.68980859999999,501,12.833440404104884,79.69335524178136,0.6545228712776769,0.6545228712776769,best,True
11288,N/A,N/A,12.8381192,79.6936269,501,12.833440404104884,79.69335524178136,0.6739854709355483,0.6739854709355483,best,True
10465,N/A,N/A,12.8316682,79.69745549999999,501,12.833440404104884,79.69335524178136,0.6322906632065723,0.6322906632065723,best,True
4128,N/A,N/A,12.8314653,79.6978562,501,12.833440404104884,79.69335524178136,0.6958152223605141,0.6958152223605141,best,True
2143,N/A,N/A,12.8288174,79.6951278,501,12.833440404104884,79.69335524178136,0.7103720458381557,0.7103720458381557,best,True
6773,N/A,N/A,12.8342943,79.6923583,501,12.833440404104884,79.69335524178136,0.18674946164510028,0.18674946164510028,best,True
2715,N/A,N/A,12.8352078,79.6868726,501,12.833440404104884,79.69335524178136,0.9495056569574674,0.9495056569574674,best,True
5662,N/A,N/A,12.83393190757768,79.6892181229385,501,12.833440404104884,79.69335524178136,0.5881082179846948,0.5881082179846948,best,True
3202,N/A,N/A,12.8320059,79.6952388,501,12.833440404104884,79.69335524178136,0.33648248651588814,0.33648248651588814,best,True
3531,N/A,N/A,12.832842911510555,79.69456491774788,501,12.833440404104884,79.69335524178136,0.19112109362365778,0.19112109362365778,best,True
4023,N/A,N/A,12.831537519995894,79.69836708263982,501,12.833440404104884,79.69335524178136,0.7583905959865651,0.7583905959865651,best,True
2422,N/A,N/A,12.832109118247818,79.69450439358401,501,12.833440404104884,79.69335524178136,0.2509142851206258,0.2509142851206258,best,True
2531,N/A,N/A,12.832150304241331,79.6937585098103,501,12.833440404104884,79.69335524178136,0.19407131969370126,0.19407131969370126,best,True
3761,N/A,N/A,12.8386228,79.6947023,501,12.833440404104884,79.69335524178136,0.7691821834115556,0.7691821834115556,best,True
8599,N/A,N/A,12.924108300250248,80.13329060038242,502,12.92419318062557,80.128533765205,0.6711715028061229,0.6711715028061229,best,True
8653,N/A,N/A,12.92286770610264,80.12742876585416,502,12.92419318062557,80.128533765205,0.24625085095294222,0.24625085095294222,best,True
8863,N/A,N/A,12.922839123066884,80.12726194033277,502,12.92419318062557,80.128533765205,0.2647922737207361,0.2647922737207361,best,True
8055,N/A,N/A,12.91912965084352,80.1307347534837,502,12.92419318062557,80.128533765205,0.7916639764784,0.7916639764784,best,True
1100,N/A,N/A,12.9228114,80.1273503,502,12.92419318062557,80.128533765205,0.25954979635639597,0.25954979635639597,best,True
7984,N/A,N/A,12.9222942,80.1306316,502,12.92419318062557,80.128533765205,0.4027085751126935,0.4027085751126935,best,True
6061,N/A,N/A,12.92480575680598,80.12836431216164,502,12.92419318062557,80.128533765205,0.09128561405947067,0.09128561405947067,best,True
5361,N/A,N/A,12.926539034018528,80.12645263343678,502,12.92419318062557,80.128533765205,0.44723462278381637,0.44723462278381637,best,True
8022,N/A,N/A,12.9222942,80.1306316,502,12.92419318062557,80.128533765205,0.4027085751126935,0.4027085751126935,best,True
7994,N/A,N/A,12.92271754642804,80.13072910609023,502,12.92419318062557,80.128533765205,0.3754404368523659,0.3754404368523659,best,True
6469,N/A,N/A,12.9222942,80.1306316,502,12.92419318062557,80.128533765205,0.4027085751126935,0.4027085751126935,best,True
5191,N/A,N/A,12.928609431616694,80.12987982131312,502,12.92419318062557,80.128533765205,0.6629186718012186,0.6629186718012186,best,True
2220,N/A,N/A,12.92485262221892,80.12612196172154,502,12.92419318062557,80.128533765205,0.3532104415705807,0.3532104415705807,best,True
6206,N/A,N/A,12.9269297,80.1326742,502,12.92419318062557,80.128533765205,0.7043183954350051,0.7043183954350051,best,True
6161,N/A,N/A,12.924326431123871,80.12600722249366,502,12.92419318062557,80.128533765205,0.3569413434671054,0.3569413434671054,best,True
6126,N/A,N/A,12.9228114,80.1273503,502,12.92419318062557,80.128533765205,0.25954979635639597,0.25954979635639597,best,True
1591,N/A,N/A,12.9228114,80.1273503,502,12.92419318062557,80.128533765205,0.25954979635639597,0.25954979635639597,best,True
5164,N/A,N/A,12.928740081079363,80.12983249755612,502,12.92419318062557,80.128533765205,0.6791109797522729,0.6791109797522729,best,True
7684,N/A,N/A,12.92744290232696,80.12676947632667,502,12.92419318062557,80.128533765205,0.5295118807318445,0.5295118807318445,best,True
943,N/A,N/A,12.928596366413888,80.12812781904691,502,12.92419318062557,80.128533765205,0.6358451399403223,0.6358451399403223,best,True
1461,N/A,N/A,12.92265974469907,80.13065516449454,502,12.92419318062557,80.128533765205,0.37175357994261693,0.37175357994261693,best,True
7348,N/A,N/A,12.928535410470866,80.12677099136106,502,12.92419318062557,80.128533765205,0.672185744407868,0.672185744407868,best,True
442,N/A,N/A,12.921650642236768,80.12903503009743,502,12.92419318062557,80.128533765205,0.37243975592139883,0.37243975592139883,best,True
6026,N/A,N/A,12.922755441010803,80.13045099969119,502,12.92419318062557,80.128533765205,0.34045526090846756,0.34045526090846756,best,True
4715,N/A,N/A,12.925925431298612,80.12640435593835,502,12.92419318062557,80.128533765205,0.39026468790075175,0.39026468790075175,best,True
6558,N/A,N/A,12.9229102,80.1287234,502,12.92419318062557,80.128533765205,0.18644599892259958,0.18644599892259958,best,True
3114,N/A,N/A,12.9228114,80.1273503,502,12.92419318062557,80.128533765205,0.25954979635639597,0.25954979635639597,best,True
6569,N/A,N/A,12.927485932955657,80.1267888968784,502,12.92419318062557,80.128533765205,0.5337130421443753,0.5337130421443753,best,True
6602,N/A,N/A,12.927505756982566,80.12680043359394,502,12.92419318062557,80.128533765205,0.5354992608876975,0.5354992608876975,best,True
398,N/A,N/A,12.924348887442823,80.12602273910102,502,12.92419318062557,80.128533765205,0.35494464879775156,0.35494464879775156,best,True
8145,N/A,N/A,12.9233649,80.1207251,503,12.92429691456994,80.12027023686554,0.14860921417119508,0.14860921417119508,best,True
6064,N/A,N/A,12.925013841280082,80.12032716820906,503,12.92429691456994,80.12027023686554,0.10341986786082177,0.10341986786082177,best,True
2641,N/A,N/A,12.923288067119952,80.11973197613816,503,12.92429691456994,80.12027023686554,0.16376034522623592,0.16376034522623592,best,True
6063,N/A,N/A,12.924986464449676,80.12040113998046,503,12.92429691456994,80.12027023686554,0.10087497345249936,0.10087497345249936,best,True
1547,N/A,N/A,12.9248313,80.1201658,503,12.92429691456994,80.12027023686554,0.07825412002622222,0.07825412002622222,best,True
8533,N/A,N/A,13.067180151938794,80.01950171370258,506,13.063168183979599,80.01980470456752,0.5785819142610329,0.5785819142610329,best,True
7806,N/A,N/A,13.0611622,80.0199562,506,13.063168183979599,80.01980470456752,0.2892909093891104,0.2892909093891104,best,True
703,N/A,N/A,13.0611622,80.0199562,506,13.063168183979599,80.01980470456752,0.2892909093891104,0.2892909093891104,best,True
8904,N/A,N/A,13.043046180458347,80.19830844452812,507,13.041419486930128,80.20011247702614,0.34560429859536046,0.34560429859536046,best,True
560,N/A,N/A,13.0410254,80.2000596,507,13.041419486930128,80.20011247702614,0.05716593889026341,0.05716593889026341,best,True
3310,N/A,N/A,13.0410254,80.2000596,507,13.041419486930128,80.20011247702614,0.05716593889026341,0.05716593889026341,best,True
2648,N/A,N/A,13.0410254,80.2000596,507,13.041419486930128,80.20011247702614,0.05716593889026341,0.05716593889026341,best,True
1711,N/A,N/A,13.0410254,80.2000596,507,13.041419486930128,80.20011247702614,0.05716593889026341,0.05716593889026341,best,True
4671,N/A,N/A,13.0410254,80.2000596,507,13.041419486930128,80.20011247702614,0.05716593889026341,0.05716593889026341,best,True
6385,N/A,N/A,13.0410254,80.2000596,507,13.041419486930128,80.20011247702614,0.05716593889026341,0.05716593889026341,best,True
7229,N/A,N/A,13.0410254,80.2000596,507,13.041419486930128,80.20011247702614,0.05716593889026341,0.05716593889026341,best,True
1437,N/A,N/A,13.0410254,80.2000596,507,13.041419486930128,80.20011247702614,0.05716593889026341,0.05716593889026341,best,True
2779,N/A,N/A,13.042570136563464,80.20063093383789,507,13.041419486930128,80.20011247702614,0.18091502280311061,0.18091502280311061,best,True
3731,N/A,N/A,13.0410254,80.2000596,507,13.041419486930128,80.20011247702614,0.05716593889026341,0.05716593889026341,best,True
3308,N/A,N/A,13.0444448,80.2000092,507,13.041419486930128,80.20011247702614,0.4353444854789208,0.4353444854789208,best,True
1566,N/A,N/A,13.0410254,80.2000596,507,13.041419486930128,80.20011247702614,0.05716593889026341,0.05716593889026341,best,True
3997,N/A,N/A,13.0395577,80.2020301,507,13.041419486930128,80.20011247702614,0.38054196906879834,0.38054196906879834,best,True
9938,N/A,N/A,13.0416229,80.2092764,508,13.04216838760966,80.2049446707428,0.6158195588871088,0.6158195588871088,best,True
9870,N/A,N/A,13.04289282458842,80.20387694973579,508,13.04216838760966,80.2049446707428,0.1830905091986598,0.1830905091986598,best,True
6322,N/A,N/A,13.0417753,80.2049487,508,13.04216838760966,80.2049446707428,0.05653675278792587,0.05653675278792587,best,True
1145,N/A,N/A,13.040205573506068,80.20443602530007,508,13.04216838760966,80.2049446707428,0.29126095969743043,0.29126095969743043,best,True
1196,N/A,N/A,13.0417753,80.2049487,508,13.04216838760966,80.2049446707428,0.05653675278792587,0.05653675278792587,best,True
5335,N/A,N/A,13.0417753,80.2049487,508,13.04216838760966,80.2049446707428,0.05653675278792587,0.05653675278792587,best,True
6043,N/A,N/A,13.04300528256123,80.20381046053656,508,13.04216838760966,80.2049446707428,0.2001621091472108,0.2001621091472108,best,True
2726,N/A,N/A,13.0411430828632,80.20495509877756,508,13.04216838760966,80.2049446707428,0.14746675515842494,0.14746675515842494,best,True
6398,N/A,N/A,13.0445392,80.2028227,508,13.04216838760966,80.2049446707428,0.45363800838336477,0.45363800838336477,best,True
7240,N/A,N/A,13.041382268806611,80.205016530743,508,13.04216838760966,80.2049446707428,0.11351283443925737,0.11351283443925737,best,True
3592,N/A,N/A,13.043301308154124,80.20565755217025,508,13.04216838760966,80.2049446707428,0.19144913065919159,0.19144913065919159,best,True
379,N/A,N/A,13.0417753,80.2049487,508,13.04216838760966,80.2049446707428,0.05653675278792587,0.05653675278792587,best,True
395,N/A,N/A,13.0417753,80.2049487,508,13.04216838760966,80.2049446707428,0.05653675278792587,0.05653675278792587,best,True
3757,N/A,N/A,13.0417753,80.2049487,508,13.04216838760966,80.2049446707428,0.05653675278792587,0.05653675278792587,best,True
1500,N/A,N/A,13.042005245965797,80.20488432698365,508,13.04216838760966,80.2049446707428,0.02495826911541334,0.02495826911541334,best,True
1471,N/A,N/A,13.041486178408304,80.20549821545335,508,13.04216838760966,80.2049446707428,0.12537530110969303,0.12537530110969303,best,True
47,N/A,N/A,13.044626924510467,80.20413294292764,508,13.04216838760966,80.2049446707428,0.37165102368486824,0.37165102368486824,best,True
8804,N/A,N/A,12.956178005655406,80.17404602506652,510,12.963004094451636,80.17346913350733,0.9850891222486878,0.9850891222486878,best,True
965,N/A,N/A,12.9667047,80.1775673,510,12.963004094451636,80.17346913350733,0.7857441944196523,0.7857441944196523,best,True
3826,N/A,N/A,12.96553400696074,80.17490194935749,510,12.963004094451636,80.17346913350733,0.41621022690006015,0.41621022690006015,best,True
2634,N/A,N/A,12.961969,80.174191,510,12.963004094451636,80.17346913350733,0.18035683220421922,0.18035683220421922,best,True
6414,N/A,N/A,12.9652392,80.1762932,510,12.963004094451636,80.17346913350733,0.5118615284588394,0.5118615284588394,best,True
10033,N/A,N/A,13.1418821,79.9009599,512,13.144138370505457,79.89910243917471,0.4169448462557446,0.4169448462557446,best,True
7722,N/A,N/A,13.1441076,79.8988313,512,13.144138370505457,79.89910243917471,0.03847200028449903,0.03847200028449903,best,True
7582,N/A,N/A,13.143283429644995,79.90082233165141,512,13.144138370505457,79.89910243917471,0.2718171305533406,0.2718171305533406,best,True
5873,N/A,N/A,13.1441076,79.8988313,512,13.144138370505457,79.89910243917471,0.03847200028449903,0.03847200028449903,best,True
5689,N/A,N/A,13.147199,79.895017,512,13.144138370505457,79.89910243917471,0.7248064947572245,0.7248064947572245,best,True
5424,N/A,N/A,13.144250493387748,79.90015280339689,512,13.144138370505457,79.89910243917471,0.14892270410929292,0.14892270410929292,best,True
8437,N/A,N/A,13.0918386,80.2237442,513,13.09192201395613,80.2236706215112,0.01585931392433377,0.01585931392433377,best,True
10618,N/A,N/A,13.0916682,80.2209665,513,13.09192201395613,80.2236706215112,0.38296580856143325,0.38296580856143325,best,True
11013,N/A,N/A,13.091769149249076,80.22359291433813,513,13.09192201395613,80.2236706215112,0.024563326291556428,0.024563326291556428,best,True
10301,N/A,N/A,13.093773448390662,80.22629063063724,513,13.09192201395613,80.2236706215112,0.4553359166128522,0.4553359166128522,best,True
8156,N/A,N/A,13.0922633,80.22249099999999,513,13.09192201395613,80.2236706215112,0.1733930628681441,0.1733930628681441,best,True
6169,N/A,N/A,13.092020838484196,80.22330319104748,513,13.09192201395613,80.2236706215112,0.05371416991795183,0.05371416991795183,best,True
7185,N/A,N/A,13.091961670459188,80.22359872212857,513,13.09192201395613,80.2236706215112,0.011630664428821763,0.011630664428821763,best,True
5124,N/A,N/A,13.09213794889839,80.22528387541428,513,13.09192201395613,80.2236706215112,0.22954390848533401,0.22954390848533401,best,True
6125,N/A,N/A,13.092006221142547,80.2236330690484,513,13.09192201395613,80.2236706215112,0.01321730147688908,0.01321730147688908,best,True
2992,N/A,N/A,13.092051043682911,80.22362895128802,513,13.09192201395613,80.2236706215112,0.01946479385186655,0.01946479385186655,best,True
2642,N/A,N/A,13.092012399759112,80.22350209376705,513,13.09192201395613,80.2236706215112,0.027082458935812185,0.027082458935812185,best,True
1960,N/A,N/A,13.0894134,80.224353,513,13.09192201395613,80.2236706215112,0.37339572749609723,0.37339572749609723,best,True
682,N/A,N/A,13.092004520349697,80.22342112683738,513,13.09192201395613,80.2236706215112,0.0371209431026656,0.0371209431026656,best,True
4148,N/A,N/A,13.091987454970033,80.22357942665032,513,13.09192201395613,80.2236706215112,0.015933310526839252,0.015933310526839252,best,True
10517,N/A,N/A,13.095398934519146,80.22388406092864,514,13.095797663522287,80.2214760616536,0.3442796377506537,0.3442796377506537,best,True
2348,N/A,N/A,13.095742717858784,80.2213871772395,514,13.095797663522287,80.2214760616536,0.014814239037881816,0.014814239037881816,best,True
3588,N/A,N/A,13.095771872296504,80.22140089231107,514,13.095797663522287,80.2214760616536,0.011227501921654068,0.011227501921654068,best,True
3951,N/A,N/A,13.095754802122308,80.22143807746163,514,13.095797663522287,80.2214760616536,0.00816540079351357,0.00816540079351357,best,True
3950,N/A,N/A,13.0957723109455,80.22140714874308,514,13.095797663522287,80.2214760616536,0.010376769364192663,0.010376769364192663,best,True
1336,N/A,N/A,13.0958325433613,80.22137627959644,514,13.095797663522287,80.2214760616536,0.014934569027822944,0.014934569027822944,best,True
6291,N/A,N/A,13.095817750419384,80.22135642500807,514,13.095797663522287,80.2214760616536,0.017111510680716802,0.017111510680716802,best,True
4496,N/A,N/A,13.09629037665538,80.21955843194044,514,13.095797663522287,80.2214760616536,0.2794723711398898,0.2794723711398898,best,True
9474,N/A,N/A,13.1864645,80.1998776,515,13.184208103640636,80.19826293526347,0.39634547610670917,0.39634547610670917,best,True
9152,N/A,N/A,13.186486297841904,80.19765051741814,515,13.184208103640636,80.19826293526347,0.33882961513707655,0.33882961513707655,best,True
11118,N/A,N/A,13.1793628,80.1984322,515,13.184208103640636,80.19826293526347,0.6972677334650756,0.6972677334650756,best,True
8255,N/A,N/A,13.177435689152848,80.1981610678507,515,13.184208103640636,80.19826293526347,0.9741255711287043,0.9741255711287043,best,True
2381,N/A,N/A,13.1864645,80.1998776,515,13.184208103640636,80.19826293526347,0.39634547610670917,0.39634547610670917,best,True
1549,N/A,N/A,13.184160134614274,80.19176643901542,515,13.184208103640636,80.19826293526347,0.9155476994083553,0.9155476994083553,best,True
8206,N/A,N/A,13.197816396879954,80.31530456892797,516,13.198057275566294,80.31587020082982,0.08691065636537744,0.08691065636537744,best,True
11271,N/A,N/A,13.198909473196329,80.3158201427542,516,13.198057275566294,80.31587020082982,0.12276745778744676,0.12276745778744676,best,True
8838,N/A,N/A,13.1974459566226,80.31648589080733,516,13.198057275566294,80.31587020082982,0.12352198436524928,0.12352198436524928,best,True
8899,N/A,N/A,12.989776,80.14408999999999,517,12.985617312113211,80.14604794487224,0.6587708214183706,0.6587708214183706,best,True
10371,N/A,N/A,12.9877657,80.1452691,517,12.985617312113211,80.14604794487224,0.3279251664581319,0.3279251664581319,best,True
2905,N/A,N/A,12.988069,80.143324,517,12.985617312113211,80.14604794487224,0.5214598332369207,0.5214598332369207,best,True
3799,N/A,N/A,12.9852117,80.14146749999999,517,12.985617312113211,80.14604794487224,0.6486471286933891,0.6486471286933891,best,True
7903,N/A,N/A,12.8242347,79.70975039999999,518,12.82432200223311,79.70967830727457,0.016160469446497898,0.016160469446497898,best,True
3244,N/A,N/A,12.82096658883565,79.70809576892903,518,12.82432200223311,79.70967830727457,0.5317459943287266,0.5317459943287266,best,True
7318,N/A,N/A,12.8234959,79.7099242,518,12.82432200223311,79.70967830727457,0.12377252895945354,0.12377252895945354,best,True
7496,N/A,N/A,12.8242347,79.70975039999999,518,12.82432200223311,79.70967830727457,0.016160469446497898,0.016160469446497898,best,True
741,N/A,N/A,12.823927258324852,79.71013676679266,518,12.82432200223311,79.70967830727457,0.08607726098707794,0.08607726098707794,best,True
1528,N/A,N/A,12.8242347,79.70975039999999,518,12.82432200223311,79.70967830727457,0.016160469446497898,0.016160469446497898,best,True
7657,N/A,N/A,12.824021578959078,79.71024989978888,518,12.82432200223311,79.70967830727457,0.09151026025941675,0.09151026025941675,best,True
5387,N/A,N/A,12.8242347,79.70975039999999,518,12.82432200223311,79.70967830727457,0.016160469446497898,0.016160469446497898,best,True
6123,N/A,N/A,12.8242347,79.70975039999999,518,12.82432200223311,79.70967830727457,0.016160469446497898,0.016160469446497898,best,True
7017,N/A,N/A,12.8242347,79.70975039999999,518,12.82432200223311,79.70967830727457,0.016160469446497898,0.016160469446497898,best,True
7030,N/A,N/A,12.8242347,79.70975039999999,518,12.82432200223311,79.70967830727457,0.016160469446497898,0.016160469446497898,best,True
5638,N/A,N/A,12.8242347,79.70975039999999,518,12.82432200223311,79.70967830727457,0.016160469446497898,0.016160469446497898,best,True
6472,N/A,N/A,12.8242347,79.70975039999999,518,12.82432200223311,79.70967830727457,0.016160469446497898,0.016160469446497898,best,True
5748,N/A,N/A,12.824039371248256,79.71021354585393,518,12.82432200223311,79.70967830727457,0.08577955367890676,0.08577955367890676,best,True
7519,N/A,N/A,12.830267036128776,79.7088008277543,518,12.82432200223311,79.70967830727457,0.8639228084732484,0.8639228084732484,best,True
9853,N/A,N/A,12.823572960463904,79.70478953982531,519,12.823238406202405,79.70466023406878,0.05145926143653021,0.05145926143653021,best,True
8711,N/A,N/A,12.821425593064204,79.70562321629511,519,12.823238406202405,79.70466023406878,0.2940108881764246,0.2940108881764246,best,True
7141,N/A,N/A,12.82286444565069,79.70661565711072,519,12.823238406202405,79.70466023406878,0.28115958175719497,0.28115958175719497,best,True
6688,N/A,N/A,12.82362890054416,79.70383517087423,519,12.823238406202405,79.70466023406878,0.12927621633756398,0.12927621633756398,best,True
1031,N/A,N/A,12.82397351540484,79.70375290262217,519,12.823238406202405,79.70466023406878,0.16605453956903063,0.16605453956903063,best,True
845,N/A,N/A,12.8207457,79.7075451,519,12.823238406202405,79.70466023406878,0.542478351800696,0.542478351800696,best,True
1495,N/A,N/A,12.8242089,79.7038006,519,12.823238406202405,79.70466023406878,0.18493062267843616,0.18493062267843616,best,True
6831,N/A,N/A,12.826256134708016,79.7006310470362,519,12.823238406202405,79.70466023406878,0.7153334735416039,0.7153334735416039,best,True
3650,N/A,N/A,12.823246679034304,79.70611274117414,519,12.823238406202405,79.70466023406878,0.20499479586415398,0.20499479586415398,best,True
2039,N/A,N/A,12.82100845807231,79.7041580001788,519,12.823238406202405,79.70466023406878,0.3284453125401417,0.3284453125401417,best,True
935,N/A,N/A,12.824691181284026,79.70439859963983,519,12.823238406202405,79.70466023406878,0.21217241322592376,0.21217241322592376,best,True
8506,N/A,N/A,12.83324154224149,79.70436678043951,520,12.831401480281317,79.70432724984825,0.26469243988071833,0.26469243988071833,best,True
3057,N/A,N/A,12.82999022561887,79.7034710200528,520,12.831401480281317,79.70432724984825,0.23621053922218657,0.23621053922218657,best,True
4618,N/A,N/A,12.8337305,79.7069559,520,12.831401480281317,79.70432724984825,0.49981020405676196,0.49981020405676196,best,True
6055,N/A,N/A,12.8301941,79.7012218,520,12.831401480281317,79.70432724984825,0.47140318497972783,0.47140318497972783,best,True
212,N/A,N/A,12.8302487,79.7036408,520,12.831401480281317,79.70432724984825,0.19201886705929955,0.19201886705929955,best,True
4315,N/A,N/A,12.830153401473185,79.7035713023807,520,12.831401480281317,79.70432724984825,0.2088063315920007,0.2088063315920007,best,True
2454,N/A,N/A,12.832940219570215,79.70514335499729,520,12.831401480281317,79.70432724984825,0.24947444887164463,0.24947444887164463,best,True
346,N/A,N/A,12.830039336819766,79.70359911195634,520,12.831401480281317,79.70432724984825,0.2212155191977831,0.2212155191977831,best,True
4704,N/A,N/A,12.83189642076691,79.70864947472195,520,12.831401480281317,79.70432724984825,0.6141116511174907,0.6141116511174907,best,True
5327,N/A,N/A,12.83012291707745,79.70359438777848,520,12.831401480281317,79.70432724984825,0.21097080192496218,0.21097080192496218,best,True
3942,N/A,N/A,12.832858919526585,79.70338581600383,520,12.831401480281317,79.70432724984825,0.24816552265074113,0.24816552265074113,best,True
11399,N/A,N/A,12.8374008632431,79.70392702827759,521,12.836946257832698,79.70408780694235,0.06920548134851558,0.06920548134851558,best,True
9655,N/A,N/A,12.83527665615576,79.70503636931154,521,12.836946257832698,79.70408780694235,0.27491132363421217,0.27491132363421217,best,True
10399,N/A,N/A,12.83730335543299,79.70405487358313,521,12.836946257832698,79.70408780694235,0.05156687266297056,0.05156687266297056,best,True
8219,N/A,N/A,12.8356114,79.7051222,521,12.836946257832698,79.70408780694235,0.24117176610917787,0.24117176610917787,best,True
8821,N/A,N/A,12.8379575,79.7024005,521,12.836946257832698,79.70408780694235,0.2790162254186574,0.2790162254186574,best,True
11264,N/A,N/A,12.8371959,79.7038472,521,12.836946257832698,79.70408780694235,0.04941615531611796,0.04941615531611796,best,True
8168,N/A,N/A,12.8371959,79.7038472,521,12.836946257832698,79.70408780694235,0.04941615531611796,0.04941615531611796,best,True
1710,N/A,N/A,12.837042205904668,79.70371570624431,521,12.836946257832698,79.70408780694235,0.054294270457178585,0.054294270457178585,best,True
8143,N/A,N/A,12.83735722508859,79.70402786693573,521,12.836946257832698,79.70408780694235,0.059706655503548645,0.059706655503548645,best,True
7832,N/A,N/A,12.837451710331496,79.70373625243943,521,12.836946257832698,79.70408780694235,0.08800924412905292,0.08800924412905292,best,True
1097,N/A,N/A,12.837618320108032,79.70344884708267,521,12.836946257832698,79.70408780694235,0.13218511880552208,0.13218511880552208,best,True
2897,N/A,N/A,12.837486871204218,79.70368664482692,521,12.836946257832698,79.70408780694235,0.0961770604132982,0.0961770604132982,best,True
4257,N/A,N/A,12.8358507,79.7055922,521,12.836946257832698,79.70408780694235,0.2643821668464189,0.2643821668464189,best,True
7669,N/A,N/A,12.8358507,79.7055922,521,12.836946257832698,79.70408780694235,0.2643821668464189,0.2643821668464189,best,True
3052,N/A,N/A,12.837573277183482,79.70366599349832,521,12.836946257832698,79.70408780694235,0.10805217114186087,0.10805217114186087,best,True
5205,N/A,N/A,12.8371787,79.7041698,521,12.836946257832698,79.70408780694235,0.035375246086211544,0.035375246086211544,best,True
6276,N/A,N/A,12.837426534402448,79.7036957503435,521,12.836946257832698,79.70408780694235,0.08849935232693823,0.08849935232693823,best,True
2110,N/A,N/A,12.83748529522838,79.70362651326043,521,12.836946257832698,79.70408780694235,0.10123071117800725,0.10123071117800725,best,True
2564,N/A,N/A,12.8358507,79.7055922,521,12.836946257832698,79.70408780694235,0.2643821668464189,0.2643821668464189,best,True
5717,N/A,N/A,12.835703652676887,79.70514721083374,521,12.836946257832698,79.70408780694235,0.2329992311406492,0.2329992311406492,best,True
4678,N/A,N/A,12.8365737,79.705455,521,12.836946257832698,79.70408780694235,0.2002423296057937,0.2002423296057937,best,True
3171,N/A,N/A,12.8374724,79.70306529999999,521,12.836946257832698,79.70408780694235,0.16293428999691423,0.16293428999691423,best,True
673,N/A,N/A,12.837555196324027,79.70350317836593,521,12.836946257832698,79.70408780694235,0.12031811982230284,0.12031811982230284,best,True
1820,N/A,N/A,12.837437593225642,79.703771364845,521,12.836946257832698,79.70408780694235,0.08359103071905645,0.08359103071905645,best,True
1873,N/A,N/A,12.8372632,79.7038469,521,12.836946257832698,79.70408780694235,0.0568640556609601,0.0568640556609601,best,True
903,N/A,N/A,12.8372632,79.7038469,521,12.836946257832698,79.70408780694235,0.0568640556609601,0.0568640556609601,best,True
4713,N/A,N/A,12.8371959,79.7038472,521,12.836946257832698,79.70408780694235,0.04941615531611796,0.04941615531611796,best,True
4694,N/A,N/A,12.8371959,79.7038472,521,12.836946257832698,79.70408780694235,0.04941615531611796,0.04941615531611796,best,True
4013,N/A,N/A,12.837546271136771,79.70357856534515,521,12.836946257832698,79.70408780694235,0.11229864958204507,0.11229864958204507,best,True
7340,N/A,N/A,12.83468661884094,79.70403526071136,521,12.836946257832698,79.70408780694235,0.3250609649181103,0.3250609649181103,best,True
5463,N/A,N/A,12.837326546326208,79.70399258930836,521,12.836946257832698,79.70408780694235,0.056318775657381796,0.056318775657381796,best,True
10024,N/A,N/A,12.836886,79.7078499,522,12.838335622309701,79.70712989917666,0.23192377458126662,0.23192377458126662,best,True
11167,N/A,N/A,12.839215905713177,79.70758385421809,522,12.838335622309701,79.70712989917666,0.1418861380403925,0.1418861380403925,best,True
9894,N/A,N/A,12.836774856527072,79.70645017215541,522,12.838335622309701,79.70712989917666,0.24410322745000493,0.24410322745000493,best,True
10016,N/A,N/A,12.84016952468866,79.70670146913261,522,12.838335622309701,79.70712989917666,0.2705889986350629,0.2705889986350629,best,True
10484,N/A,N/A,12.837378551354565,79.70684676059362,522,12.838335622309701,79.70712989917666,0.14332616485139982,0.14332616485139982,best,True
804,N/A,N/A,12.8402366,79.7062361,522,12.838335622309701,79.70712989917666,0.301088336241995,0.301088336241995,best,True
5434,N/A,N/A,12.8407782,79.7071493,522,12.838335622309701,79.70712989917666,0.35129698657196334,0.35129698657196334,best,True
1834,N/A,N/A,12.83767829478917,79.70671022957725,522,12.838335622309701,79.70712989917666,0.11155472904814634,0.11155472904814634,best,True
1884,N/A,N/A,12.836917948492331,79.70664037369706,522,12.838335622309701,79.70712989917666,0.21527241870569266,0.21527241870569266,best,True
4917,N/A,N/A,12.8342269,79.7084541,522,12.838335622309701,79.70712989917666,0.6197528452093968,0.6197528452093968,best,True
790,N/A,N/A,12.837261511668755,79.70708464703849,522,12.838335622309701,79.70712989917666,0.15460822528581866,0.15460822528581866,best,True
2144,N/A,N/A,12.839414096337896,79.70610613085765,522,12.838335622309701,79.70712989917666,0.2119673738793247,0.2119673738793247,best,True
4086,N/A,N/A,12.8382534,79.7089682,522,12.838335622309701,79.70712989917666,0.25969209035399266,0.25969209035399266,best,True
4310,N/A,N/A,12.8393402,79.7070027,522,12.838335622309701,79.70712989917666,0.1455870681598649,0.1455870681598649,best,True
83,N/A,N/A,12.840502345073917,79.70716455037972,522,12.838335622309701,79.70712989917666,0.31165181248736357,0.31165181248736357,best,True
5673,N/A,N/A,12.836159029022326,79.71950707900885,524,12.838211984507641,79.7224177687965,0.5058637851903167,0.5058637851903167,best,True
7719,N/A,N/A,12.841096700023009,79.71889423058624,524,12.838211984507641,79.7224177687965,0.6475878822005708,0.6475878822005708,best,True
3832,N/A,N/A,12.8390596,79.7228102,524,12.838211984507641,79.7224177687965,0.1338922027626371,0.1338922027626371,best,True
1615,N/A,N/A,12.8392405,79.7191293,524,12.838211984507641,79.7224177687965,0.48707482253754386,0.48707482253754386,best,True
1616,N/A,N/A,12.841356,79.7187787,524,12.838211984507641,79.7224177687965,0.6842389839218521,0.6842389839218521,best,True
3659,N/A,N/A,12.839795969021408,79.72478768808078,524,12.838211984507641,79.7224177687965,0.40465814727894944,0.40465814727894944,best,True
10658,N/A,N/A,13.1035823,80.2537349,525,13.104147882253068,80.25509872320758,0.2087593894592419,0.2087593894592419,best,True
10005,N/A,N/A,13.102242812924825,80.2503993460531,525,13.104147882253068,80.25509872320758,0.7169018811440421,0.7169018811440421,best,True
2153,N/A,N/A,13.102360290477025,80.25277733839945,525,13.104147882253068,80.25509872320758,0.4161597423566662,0.4161597423566662,best,True
5604,N/A,N/A,13.10496287834464,80.25291573397617,525,13.104147882253068,80.25509872320758,0.32930478661699664,0.32930478661699664,best,True
7120,N/A,N/A,13.1048277,80.25332159999999,525,13.104147882253068,80.25509872320758,0.26892563305524947,0.26892563305524947,best,True
3590,N/A,N/A,13.108963469356611,80.25433063165423,525,13.104147882253068,80.25509872320758,0.7009945874699738,0.7009945874699738,best,True
5236,N/A,N/A,13.103223855858175,80.25198633554125,525,13.104147882253068,80.25509872320758,0.45844209845677686,0.45844209845677686,best,True
5346,N/A,N/A,13.109682603357854,80.25728743922474,525,13.104147882253068,80.25509872320758,0.853713831730642,0.853713831730642,best,True
1541,N/A,N/A,13.1022289,80.2528038,525,13.104147882253068,80.25509872320758,0.425246855152657,0.425246855152657,best,True
920,N/A,N/A,13.103440780555204,80.25304383792043,525,13.104147882253068,80.25509872320758,0.30701226168690093,0.30701226168690093,best,True
1119,N/A,N/A,13.110072204646023,80.25729631027787,525,13.104147882253068,80.25509872320758,0.9066119328645768,0.9066119328645768,best,True
3091,N/A,N/A,13.1000424,80.26008089999999,525,13.104147882253068,80.25509872320758,0.9175671837772646,0.9175671837772646,best,True
1651,N/A,N/A,13.102765690199682,80.25292759117032,525,13.104147882253068,80.25509872320758,0.36495774373747114,0.36495774373747114,best,True
2741,N/A,N/A,13.109461161670676,80.25724181506504,525,13.104147882253068,80.25509872320758,0.8217127039741564,0.8217127039741564,best,True
4736,N/A,N/A,13.102881587261018,80.25285965385827,525,13.104147882253068,80.25509872320758,0.36441634641114545,0.36441634641114545,best,True
7337,N/A,N/A,13.103540128156574,80.25307400780329,525,13.104147882253068,80.25509872320758,0.29851056347669935,0.29851056347669935,best,True
7679,N/A,N/A,13.066433453633868,79.67326823849311,526,13.066094083518239,79.6725463999744,0.11287244466573454,0.11287244466573454,best,True
6889,N/A,N/A,13.064472890892144,79.67280737427839,526,13.066094083518239,79.6725463999744,0.23604604498419837,0.23604604498419837,best,True
7819,N/A,N/A,13.063000774553975,79.66945939930926,526,13.066094083518239,79.6725463999744,0.6223819309370491,0.6223819309370491,best,True
6379,N/A,N/A,13.067540673155424,79.67285879914112,526,13.066094083518239,79.6725463999744,0.2126604154545783,0.2126604154545783,best,True
7217,N/A,N/A,13.066017702431992,79.67364739271716,526,13.066094083518239,79.6725463999744,0.155620241827988,0.155620241827988,best,True
7308,N/A,N/A,13.067461389960268,79.67293269588168,526,13.066094083518239,79.6725463999744,0.20404966649568176,0.20404966649568176,best,True
2858,N/A,N/A,13.0677317,79.6728509,526,13.066094083518239,79.6725463999744,0.23940357550221147,0.23940357550221147,best,True
9097,N/A,N/A,13.0830447,80.1029526,527,13.082891390627589,80.10857294518912,0.7926808932884577,0.7926808932884577,best,True
9744,N/A,N/A,13.0823253,80.1116375,527,13.082891390627589,80.10857294518912,0.4396553542677468,0.4396553542677468,best,True
8954,N/A,N/A,13.0827875,80.1089844,527,13.082891390627589,80.10857294518912,0.05990164954444593,0.05990164954444593,best,True
3474,N/A,N/A,13.082799759897371,80.10887722615654,527,13.082891390627589,80.10857294518912,0.0448770868585849,0.0448770868585849,best,True
4237,N/A,N/A,13.083117273717283,80.1088528426112,527,13.082891390627589,80.10857294518912,0.05111299125095886,0.05111299125095886,best,True
1172,N/A,N/A,13.082853250151944,80.10887029822086,527,13.082891390627589,80.10857294518912,0.0422791471067119,0.0422791471067119,best,True
3025,N/A,N/A,13.082860060293354,80.1088772785736,527,13.082891390627589,80.10857294518912,0.043141863212490875,0.043141863212490875,best,True
5715,N/A,N/A,13.08287487816932,80.10887908442803,527,13.082891390627589,80.10857294518912,0.04322578649428857,0.04322578649428857,best,True
2015,N/A,N/A,13.0833042,80.10858759999999,527,13.082891390627589,80.10857294518912,0.05940641101637791,0.05940641101637791,best,True
3871,N/A,N/A,13.083015436800752,80.10887694167414,527,13.082891390627589,80.10857294518912,0.04642328705238982,0.04642328705238982,best,True
4857,N/A,N/A,13.082822937873468,80.10890662541604,527,13.082891390627589,80.10857294518912,0.04806242337961881,0.04806242337961881,best,True
10963,N/A,N/A,13.089011,80.1098805,528,13.088608865728046,80.11013695756894,0.06820645031484508,0.06820645031484508,best,True
11089,N/A,N/A,13.089176861809229,80.10874608636794,528,13.088608865728046,80.11013695756894,0.21242038456806103,0.21242038456806103,best,True
10345,N/A,N/A,13.0877277,80.1097413,528,13.088608865728046,80.11013695756894,0.13846240279896418,0.13846240279896418,best,True
10452,N/A,N/A,13.0893683,80.1102639,528,13.088608865728046,80.11013695756894,0.11067877109270366,0.11067877109270366,best,True
11004,N/A,N/A,13.0879297,80.1095315,528,13.088608865728046,80.11013695756894,0.12971855166462332,0.12971855166462332,best,True
6042,N/A,N/A,13.08660060430384,80.10876544389225,528,13.088608865728046,80.11013695756894,0.34757623572040164,0.34757623572040164,best,True
10,N/A,N/A,13.088952183368802,80.1153163276001,528,13.088608865728046,80.11013695756894,0.7318545201600849,0.7318545201600849,best,True
1329,N/A,N/A,13.089891971670978,80.10991920055883,528,13.088608865728046,80.11013695756894,0.18707321072530142,0.18707321072530142,best,True
1753,N/A,N/A,13.088847305607027,80.10924234647736,528,13.088608865728046,80.11013695756894,0.13070114122067072,0.13070114122067072,best,True
5533,N/A,N/A,13.08677506482296,80.10873043461514,528,13.088608865728046,80.11013695756894,0.32996630267481836,0.32996630267481836,best,True
953,N/A,N/A,13.0879297,80.1095315,528,13.088608865728046,80.11013695756894,0.12971855166462332,0.12971855166462332,best,True
113,N/A,N/A,13.092322383556557,80.11354498023212,528,13.088608865728046,80.11013695756894,0.7183892977532069,0.7183892977532069,best,True
4670,N/A,N/A,13.086558205329236,80.1087773708374,528,13.088608865728046,80.11013695756894,0.3517406497070721,0.3517406497070721,best,True
7510,N/A,N/A,13.0890365,80.10951469999999,528,13.088608865728046,80.11013695756894,0.1071372306531339,0.1071372306531339,best,True
2777,N/A,N/A,13.089436366370114,80.1088074955885,528,13.088608865728046,80.11013695756894,0.2220196702769047,0.2220196702769047,best,True
3599,N/A,N/A,13.089011,80.1098805,528,13.088608865728046,80.11013695756894,0.06820645031484508,0.06820645031484508,best,True
537,N/A,N/A,13.08662627395459,80.10870372461436,528,13.088608865728046,80.11013695756894,0.3494722307659001,0.3494722307659001,best,True
3856,N/A,N/A,13.0890365,80.10951469999999,528,13.088608865728046,80.11013695756894,0.1071372306531339,0.1071372306531339,best,True
7175,N/A,N/A,13.08926784807529,80.10867378559742,528,13.088608865728046,80.11013695756894,0.22700843683925745,0.22700843683925745,best,True
2069,N/A,N/A,13.088680537983748,80.11694577453544,528,13.088608865728046,80.11013695756894,0.9599620953999605,0.9599620953999605,best,True
4494,N/A,N/A,13.088600173436625,80.10884453803052,528,13.088608865728046,80.11013695756894,0.18220957437459495,0.18220957437459495,best,True
6454,N/A,N/A,12.797696886064529,79.78496261419215,529,12.79779605279204,79.78936853244863,0.6220302964293194,0.6220302964293194,best,True
2048,N/A,N/A,12.799047,79.7837884,529,12.79779605279204,79.78936853244863,0.8078839943442864,0.8078839943442864,best,True
10309,N/A,N/A,13.12467538184462,80.20891239922034,530,13.124063783109792,80.20686654962135,0.30149856351253296,0.30149856351253296,best,True
10596,N/A,N/A,13.12222445489988,80.20878122368566,530,13.124063783109792,80.20686654962135,0.37791602456401,0.37791602456401,best,True
8334,N/A,N/A,13.12259342276309,80.20536392209016,530,13.124063783109792,80.20686654962135,0.2993038345001016,0.2993038345001016,best,True
9864,N/A,N/A,13.122590175808709,80.20536453346507,530,13.124063783109792,80.20686654962135,0.2995730417148712,0.2995730417148712,best,True
8722,N/A,N/A,13.126014442133028,80.20697479084387,530,13.124063783109792,80.20686654962135,0.2809603599924386,0.2809603599924386,best,True
9756,N/A,N/A,13.125246975489,80.20817284506677,530,13.124063783109792,80.20686654962135,0.2507243785482586,0.2507243785482586,best,True
10542,N/A,N/A,13.122495490142231,80.2091130326492,530,13.124063783109792,80.20686654962135,0.3887813818633774,0.3887813818633774,best,True
585,N/A,N/A,13.1238302,80.2052872,530,13.124063783109792,80.20686654962135,0.22514532925350436,0.22514532925350436,best,True
966,N/A,N/A,13.12620847462595,80.20724773450638,530,13.124063783109792,80.20686654962135,0.31309669684121166,0.31309669684121166,best,True
7177,N/A,N/A,13.125566359250822,80.20678223757326,530,13.124063783109792,80.20686654962135,0.21642858026362594,0.21642858026362594,best,True
6317,N/A,N/A,13.1251978,80.20573069999999,530,13.124063783109792,80.20686654962135,0.22854966045779104,0.22854966045779104,best,True
3302,N/A,N/A,13.123961908684944,80.20803502796093,530,13.124063783109792,80.20686654962135,0.16535889543954366,0.16535889543954366,best,True
8141,N/A,N/A,13.121569649787226,80.20846903707346,530,13.124063783109792,80.20686654962135,0.42390694551908703,0.42390694551908703,best,True
3877,N/A,N/A,13.124904608931072,80.20735504037009,530,13.124063783109792,80.20686654962135,0.13915829313460834,0.13915829313460834,best,True
6048,N/A,N/A,13.121284,80.2074117,530,13.124063783109792,80.20686654962135,0.4071094327604095,0.4071094327604095,best,True
7534,N/A,N/A,13.125019779631655,80.20529343031211,530,13.124063783109792,80.20686654962135,0.2609128489573831,0.2609128489573831,best,True
4463,N/A,N/A,13.12491273644266,80.2051887689144,530,13.124063783109792,80.20686654962135,0.26615717656383914,0.26615717656383914,best,True
2326,N/A,N/A,13.1238302,80.2052872,530,13.124063783109792,80.20686654962135,0.22514532925350436,0.22514532925350436,best,True
7295,N/A,N/A,13.125085818651153,80.20569361907407,530,13.124063783109792,80.20686654962135,0.22122842066519408,0.22122842066519408,best,True
10840,N/A,N/A,13.1284455,80.21033609999999,531,13.12370415779957,80.21181349282254,0.7129955557594811,0.7129955557594811,best,True
10192,N/A,N/A,13.1238043,80.2120047,531,13.12370415779957,80.21181349282254,0.030559351416586337,0.030559351416586337,best,True
9949,N/A,N/A,13.1239409,80.2119896,531,13.12370415779957,80.21181349282254,0.042137088856161485,0.042137088856161485,best,True
9758,N/A,N/A,13.12387474143817,80.21220496324308,531,13.12370415779957,80.21181349282254,0.06038963518056247,0.06038963518056247,best,True
8589,N/A,N/A,13.12153785128744,80.21124700869935,531,13.12370415779957,80.21181349282254,0.32163051629537054,0.32163051629537054,best,True
8535,N/A,N/A,13.12384173365035,80.21219322942389,531,13.12370415779957,80.21181349282254,0.05706757213781964,0.05706757213781964,best,True
8377,N/A,N/A,13.121542561206647,80.21276762583467,531,13.12370415779957,80.21181349282254,0.3387287624531958,0.3387287624531958,best,True
5624,N/A,N/A,13.1236853,80.2095183,531,13.12370415779957,80.21181349282254,0.32354177310708276,0.32354177310708276,best,True
3402,N/A,N/A,13.124701809003598,80.2097579648913,531,13.12370415779957,80.21181349282254,0.32332730762900547,0.32332730762900547,best,True
3743,N/A,N/A,13.1216769,80.2149027,531,13.12370415779957,80.21181349282254,0.5240523360827912,0.5240523360827912,best,True
646,N/A,N/A,13.124006524511072,80.21214909059873,531,13.12370415779957,80.21181349282254,0.06425678047366543,0.06425678047366543,best,True
1109,N/A,N/A,13.124460956364471,80.21259061299808,531,13.12370415779957,80.21181349282254,0.15442317573121406,0.15442317573121406,best,True
5460,N/A,N/A,13.12728045798311,80.21050874107316,531,13.12370415779957,80.21181349282254,0.5462401239925919,0.5462401239925919,best,True
7951,N/A,N/A,13.1239583,80.2121332,531,13.12370415779957,80.21181349282254,0.058025082634143695,0.058025082634143695,best,True
7688,N/A,N/A,13.120553707066794,80.21230893379557,531,13.12370415779957,80.21181349282254,0.45845149984221384,0.45845149984221384,best,True
724,N/A,N/A,13.1238068355804,80.2121000341218,531,13.12370415779957,80.21181349282254,0.04300572037814739,0.04300572037814739,best,True
484,N/A,N/A,13.1211176,80.21342489999999,531,13.12370415779957,80.21181349282254,0.4358668279499914,0.4358668279499914,best,True
3561,N/A,N/A,13.1239583,80.2121332,531,13.12370415779957,80.21181349282254,0.058025082634143695,0.058025082634143695,best,True
5301,N/A,N/A,13.124184720099809,80.21018545894862,531,13.12370415779957,80.21181349282254,0.23966927731705429,0.23966927731705429,best,True
8467,N/A,N/A,12.9760238,80.2198136,532,12.976428340585606,80.22185361390945,0.2935542031236026,0.2935542031236026,best,True
5143,N/A,N/A,12.9760238,80.2198136,532,12.976428340585606,80.22185361390945,0.2935542031236026,0.2935542031236026,best,True
958,N/A,N/A,12.9755397,80.22064379999999,532,12.976428340585606,80.22185361390945,0.2131916152815804,0.2131916152815804,best,True
4828,N/A,N/A,12.978120268252972,80.21897696542418,532,12.976428340585606,80.22185361390945,0.47310486989183026,0.47310486989183026,best,True
1640,N/A,N/A,12.978520820551056,80.22560601739322,532,12.976428340585606,80.22185361390945,0.6088265574077906,0.6088265574077906,best,True
639,N/A,N/A,12.977219479393536,80.22350408641462,532,12.976428340585606,80.22185361390945,0.2591069240977886,0.2591069240977886,best,True
1044,N/A,N/A,12.9740128,80.2245699,532,12.976428340585606,80.22185361390945,0.5171710496759659,0.5171710496759659,best,True
4742,N/A,N/A,12.97746148747352,80.22389297404213,532,12.976428340585606,80.22185361390945,0.3237491276663532,0.3237491276663532,best,True
6549,N/A,N/A,12.97614085522245,80.22123120377425,532,12.976428340585606,80.22185361390945,0.09703626108131465,0.09703626108131465,best,True
2703,N/A,N/A,12.976006248853269,80.21996922443275,532,12.976428340585606,80.22185361390945,0.2726255174675786,0.2726255174675786,best,True
5183,N/A,N/A,12.9756547037202,80.2200322563446,532,12.976428340585606,80.22185361390945,0.279951173608971,0.279951173608971,best,True
1860,N/A,N/A,12.976134730296994,80.21993261229606,532,12.976428340585606,80.22185361390945,0.27421570418443464,0.27421570418443464,best,True
3220,N/A,N/A,12.974994848194504,80.22717235127713,532,12.976428340585606,80.22185361390945,0.7779888690803811,0.7779888690803811,best,True
2240,N/A,N/A,12.9779481,80.22356099999999,532,12.976428340585606,80.22185361390945,0.3252154017228488,0.3252154017228488,best,True
3333,N/A,N/A,12.975978343510434,80.21996669299976,532,12.976428340585606,80.22185361390945,0.27389407290208845,0.27389407290208845,best,True
1512,N/A,N/A,12.97786804507202,80.22341786597131,532,12.976428340585606,80.22185361390945,0.3025706653635877,0.3025706653635877,best,True
321,N/A,N/A,12.9759341,80.2219201,532,12.976428340585606,80.22185361390945,0.07169726210114412,0.07169726210114412,best,True
4722,N/A,N/A,12.976128,80.2193408,532,12.976428340585606,80.22185361390945,0.3570387321951908,0.3570387321951908,best,True
11392,N/A,N/A,13.145775927402925,80.2332790604976,533,13.147110405348043,80.23182096883829,0.28119669816303017,0.28119669816303017,best,True
10364,N/A,N/A,13.1479319,80.2309647,533,13.147110405348043,80.23182096883829,0.1688924077256164,0.1688924077256164,best,True
8125,N/A,N/A,13.1449235,80.23279769999999,533,13.147110405348043,80.23182096883829,0.3433327555215612,0.3433327555215612,best,True
2809,N/A,N/A,13.147728001265447,80.23100334601261,533,13.147110405348043,80.23182096883829,0.1454994942127524,0.1454994942127524,best,True
7293,N/A,N/A,13.145454837900845,80.23233698174762,533,13.147110405348043,80.23182096883829,0.24896606002868665,0.24896606002868665,best,True
4508,N/A,N/A,13.14778626274732,80.2310571835662,533,13.147110405348043,80.23182096883829,0.14504306600477093,0.14504306600477093,best,True
5726,N/A,N/A,13.147976857943515,80.2327575996726,533,13.147110405348043,80.23182096883829,0.18153958654448543,0.18153958654448543,best,True
3259,N/A,N/A,13.148565,80.23126,533,13.147110405348043,80.23182096883829,0.22364444194500693,0.22364444194500693,best,True
3356,N/A,N/A,13.147851360872322,80.23093214804797,533,13.147110405348043,80.23182096883829,0.16446957978094695,0.16446957978094695,best,True
9713,N/A,N/A,13.140915335761592,80.23743897580066,534,13.145031971953342,80.23881806143243,0.6231520670689134,0.6231520670689134,best,True
9179,N/A,N/A,13.145791208342343,80.24022561899945,534,13.145031971953342,80.23881806143243,0.22645693670371056,0.22645693670371056,best,True
10689,N/A,N/A,13.143437,80.2351374,534,13.145031971953342,80.23881806143243,0.5672353214301451,0.5672353214301451,best,True
9908,N/A,N/A,13.143020482382497,80.23532506130041,534,13.145031971953342,80.23881806143243,0.5710369160861412,0.5710369160861412,best,True
8107,N/A,N/A,13.145377612545111,80.24004333036434,534,13.145031971953342,80.23881806143243,0.17971097926061355,0.17971097926061355,best,True
7804,N/A,N/A,13.1460465,80.23960960000001,534,13.145031971953342,80.23881806143243,0.18367572828145717,0.18367572828145717,best,True
566,N/A,N/A,13.1418469,80.23699719999999,534,13.145031971953342,80.23881806143243,0.5250775437074294,0.5250775437074294,best,True
8138,N/A,N/A,13.145423113672416,80.23983808734461,534,13.145031971953342,80.23881806143243,0.15438418609331522,0.15438418609331522,best,True
7188,N/A,N/A,13.14232250536059,80.2369590355667,534,13.145031971953342,80.23881806143243,0.4695825679682223,0.4695825679682223,best,True
6975,N/A,N/A,13.145471,80.239789,534,13.145031971953342,80.23881806143243,0.1507156579843169,0.1507156579843169,best,True
1676,N/A,N/A,13.145496367992644,80.2399353196496,534,13.145031971953342,80.23881806143243,0.17105343362438913,0.17105343362438913,best,True
3656,N/A,N/A,13.14729879893059,80.24076101255918,534,13.145031971953342,80.23881806143243,0.42577390340747234,0.42577390340747234,best,True
4287,N/A,N/A,13.14552155852247,80.23993078007709,534,13.145031971953342,80.23881806143243,0.17191638356574446,0.17191638356574446,best,True
1305,N/A,N/A,13.144961976717626,80.23965699189608,534,13.145031971953342,80.23881806143243,0.11867319761226429,0.11867319761226429,best,True
115,N/A,N/A,13.145471,80.239789,534,13.145031971953342,80.23881806143243,0.1507156579843169,0.1507156579843169,best,True
2649,N/A,N/A,12.948029,80.0360224,535,12.949173250000001,80.04211194999999,0.8746083966583432,0.8746083966583432,best,True
4159,N/A,N/A,12.9503175,80.0482015,535,12.949173250000001,80.04211194999999,0.8746045500134604,0.8746045500134604,best,True
10750,N/A,N/A,12.99548270218419,80.18859626580772,536,12.994120443379542,80.1926836642747,0.6088422626817311,0.6088422626817311,best,True
9174,N/A,N/A,12.997041214914503,80.19333559755324,536,12.994120443379542,80.1926836642747,0.4300087969427656,0.4300087969427656,best,True
11073,N/A,N/A,12.99620610583922,80.19424198679559,536,12.994120443379542,80.1926836642747,0.37185535689623445,0.37185535689623445,best,True
8873,N/A,N/A,12.991429,80.1926613,536,12.994120443379542,80.1926836642747,0.38709503176701,0.38709503176701,best,True
2955,N/A,N/A,12.9924082,80.1902444,536,12.994120443379542,80.1926836642747,0.42307240252929257,0.42307240252929257,best,True
6520,N/A,N/A,12.991323850173943,80.19645784478796,536,12.994120443379542,80.1926836642747,0.6671582493829323,0.6671582493829323,best,True
6156,N/A,N/A,12.994446659706254,80.18867273936348,536,12.994120443379542,80.1926836642747,0.5676166701000835,0.5676166701000835,best,True
4428,N/A,N/A,12.997232,80.19328999999999,536,12.994120443379542,80.1926836642747,0.4555998581767212,0.4555998581767212,best,True
2739,N/A,N/A,12.997232,80.19328999999999,536,12.994120443379542,80.1926836642747,0.4555998581767212,0.4555998581767212,best,True
7937,N/A,N/A,12.995431,80.1925425,536,12.994120443379542,80.1926836642747,0.18953222740347445,0.18953222740347445,best,True
5705,N/A,N/A,12.991169031115936,80.19462980126329,536,12.994120443379542,80.1926836642747,0.5054803664909301,0.5054803664909301,best,True
3432,N/A,N/A,12.992082,80.19346259999999,536,12.994120443379542,80.1926836642747,0.31307496717926125,0.31307496717926125,best,True
7242,N/A,N/A,12.992082,80.19346259999999,536,12.994120443379542,80.1926836642747,0.31307496717926125,0.31307496717926125,best,True
8479,N/A,N/A,13.054152664307592,80.17700221301996,537,13.05141852928531,80.17951392834229,0.5291966868296395,0.5291966868296395,best,True
10599,N/A,N/A,13.0486029,80.1832234,537,13.05141852928531,80.17951392834229,0.6614781791125326,0.6614781791125326,best,True
8652,N/A,N/A,13.0471009,80.1816126,537,13.05141852928531,80.17951392834229,0.6878671896943963,0.6878671896943963,best,True
9159,N/A,N/A,13.04794605102467,80.17610636326158,537,13.05141852928531,80.17951392834229,0.6930135839611361,0.6930135839611361,best,True
8978,N/A,N/A,13.0538999,80.176299,537,13.05141852928531,80.17951392834229,0.5769259626767406,0.5769259626767406,best,True
10927,N/A,N/A,13.052851645421072,80.1751063748035,537,13.05141852928531,80.17951392834229,0.6547551731032836,0.6547551731032836,best,True
8738,N/A,N/A,13.0536505,80.1829305,537,13.05141852928531,80.17951392834229,0.5788905572834776,0.5788905572834776,best,True
8725,N/A,N/A,13.0531959,80.1751791,537,13.05141852928531,80.17951392834229,0.6625136056089016,0.6625136056089016,best,True
6010,N/A,N/A,13.0525419,80.1808125,537,13.05141852928531,80.17951392834229,0.24418886546232166,0.24418886546232166,best,True
4492,N/A,N/A,13.0476386,80.1821011,537,13.05141852928531,80.17951392834229,0.6546834384374504,0.6546834384374504,best,True
5625,N/A,N/A,13.0466012,80.1805655,537,13.05141852928531,80.17951392834229,0.7085177842204882,0.7085177842204882,best,True
3666,N/A,N/A,13.0533729,80.1831473,537,13.05141852928531,80.17951392834229,0.5843489365204877,0.5843489365204877,best,True
338,N/A,N/A,13.0511401,80.1840835,537,13.05141852928531,80.17951392834229,0.6455581037912772,0.6455581037912772,best,True
11297,N/A,N/A,13.02379404067551,79.67759617158426,538,13.023671244533912,79.67748358853734,0.023747520488998464,0.023747520488998464,best,True
8344,N/A,N/A,13.020457217551815,79.67738179551831,538,13.023671244533912,79.67748358853734,0.4624637954004963,0.4624637954004963,best,True
3266,N/A,N/A,13.024686,79.67744309999999,538,13.023671244533912,79.67748358853734,0.14605367107962242,0.14605367107962242,best,True
6197,N/A,N/A,13.024732964442231,79.67755377558419,538,13.023671244533912,79.67748358853734,0.15301688532126642,0.15301688532126642,best,True
3245,N/A,N/A,13.024686,79.67744309999999,538,13.023671244533912,79.67748358853734,0.14605367107962242,0.14605367107962242,best,True
10174,N/A,N/A,12.9908583,80.1084013,539,12.994440676064965,80.10861470176401,0.5160940438027191,0.5160940438027191,best,True
9145,N/A,N/A,12.9968928,80.1084884,539,12.994440676064965,80.10861470176401,0.35311300767180165,0.35311300767180165,best,True
4983,N/A,N/A,12.9917825,80.1089089,539,12.994440676064965,80.10861470176401,0.38454273639999176,0.38454273639999176,best,True
5575,N/A,N/A,12.9917825,80.1089089,539,12.994440676064965,80.10861470176401,0.38454273639999176,0.38454273639999176,best,True
2831,N/A,N/A,12.99610140801239,80.1093590999096,539,12.994440676064965,80.10861470176401,0.26090049268403975,0.26090049268403975,best,True
1899,N/A,N/A,12.995965874106655,80.10984033941959,539,12.994440676064965,80.10861470176401,0.27927551884607016,0.27927551884607016,best,True
3918,N/A,N/A,12.995607575675605,80.10269420990322,539,12.994440676064965,80.10861470176401,0.8516830268354905,0.8516830268354905,best,True
5287,N/A,N/A,12.993793802855004,80.11137056840768,539,12.994440676064965,80.10861470176401,0.399648778391488,0.399648778391488,best,True
5606,N/A,N/A,12.9957888,80.1079296,539,12.994440676064965,80.10861470176401,0.2166282861192077,0.2166282861192077,best,True
2961,N/A,N/A,12.9958332,80.1102457,539,12.994440676064965,80.10861470176401,0.30499214235669836,0.30499214235669836,best,True
8144,N/A,N/A,12.981280912460583,80.24280544523745,540,12.982519406577957,80.24342662003583,0.19849988728051712,0.19849988728051712,best,True
5544,N/A,N/A,12.9862535,80.2457295,540,12.982519406577957,80.24342662003583,0.627613949611918,0.627613949611918,best,True
426,N/A,N/A,12.981252617567574,80.24262451858122,540,12.982519406577957,80.24342662003583,0.2144548720956013,0.2144548720956013,best,True
2223,N/A,N/A,12.981290596283667,80.24254701632462,540,12.982519406577957,80.24342662003583,0.21592396558009583,0.21592396558009583,best,True
8694,N/A,N/A,13.0915772,80.0702555,541,13.092204196756862,80.07191489331055,0.2507161736295012,0.2507161736295012,best,True
6009,N/A,N/A,13.0915772,80.0702555,541,13.092204196756862,80.07191489331055,0.2507161736295012,0.2507161736295012,best,True
5400,N/A,N/A,13.093458190270589,80.07523367993164,541,13.092204196756862,80.07191489331055,0.5014306959613813,0.5014306959613813,best,True
9264,N/A,N/A,13.0160465,80.15127439999999,542,13.01683165027333,80.15392215449255,0.39008984913438033,0.39008984913438033,best,True
9793,N/A,N/A,13.02147076609238,80.15363204857321,542,13.01683165027333,80.15392215449255,0.6684499928480552,0.6684499928480552,best,True
10601,N/A,N/A,13.018603543464344,80.15131729922912,542,13.01683165027333,80.15392215449255,0.4470756313306817,0.4470756313306817,best,True
11196,N/A,N/A,13.0214398,80.1506211,542,13.01683165027333,80.15392215449255,0.8098955373535974,0.8098955373535974,best,True
9222,N/A,N/A,13.011934828026629,80.15346145309933,542,13.01683165027333,80.15392215449255,0.7072503506815203,0.7072503506815203,best,True
8319,N/A,N/A,13.0173453,80.1575111,542,13.01683165027333,80.15392215449255,0.5114778617309037,0.5114778617309037,best,True
7892,N/A,N/A,13.018974479916851,80.15829123779555,542,13.01683165027333,80.15392215449255,0.6889049288730268,0.6889049288730268,best,True
4429,N/A,N/A,13.0187187,80.14988679999999,542,13.01683165027333,80.15392215449255,0.6304694570006133,0.6304694570006133,best,True
267,N/A,N/A,13.011015723576724,80.15559086693902,542,13.01683165027333,80.15392215449255,0.8689182795605368,0.8689182795605368,best,True
9980,N/A,N/A,13.08618543160191,80.20470628505457,543,13.084979450155828,80.20269580057852,0.33229843222815875,0.33229843222815875,best,True
9542,N/A,N/A,13.0850088,80.2031159,543,13.084979450155828,80.20269580057852,0.059376701976743905,0.059376701976743905,best,True
11360,N/A,N/A,13.0861501,80.2021105,543,13.084979450155828,80.20269580057852,0.18749742327723395,0.18749742327723395,best,True
10886,N/A,N/A,13.084475760127122,80.2041793081688,543,13.084979450155828,80.20269580057852,0.22133830059664839,0.22133830059664839,best,True
1819,N/A,N/A,13.0861782,80.2017906,543,13.084979450155828,80.20269580057852,0.21449819642662674,0.21449819642662674,best,True
4667,N/A,N/A,13.084978287442416,80.20545994266821,543,13.084979450155828,80.20269580057852,0.3896944393500382,0.3896944393500382,best,True
1265,N/A,N/A,13.08268170658553,80.20311560550253,543,13.084979450155828,80.20269580057852,0.33572091663938936,0.33572091663938936,best,True
7786,N/A,N/A,13.085128585922112,80.20331443673226,543,13.084979450155828,80.20269580057852,0.08981525258931534,0.08981525258931534,best,True
5798,N/A,N/A,13.085270109944828,80.20043351685791,543,13.084979450155828,80.20269580057852,0.3216690318144373,0.3216690318144373,best,True
6493,N/A,N/A,13.08311762857157,80.20054809969909,543,13.084979450155828,80.20269580057852,0.40420370860932425,0.40420370860932425,best,True
1128,N/A,N/A,13.085359228622108,80.19890893028773,543,13.084979450155828,80.20269580057852,0.5366670489485684,0.5366670489485684,best,True
381,N/A,N/A,13.085141963675635,80.20079538428517,543,13.084979450155828,80.20269580057852,0.2689420338653119,0.2689420338653119,best,True
1408,N/A,N/A,13.0850234,80.2031057,543,13.084979450155828,80.20269580057852,0.05813311453832021,0.05813311453832021,best,True
519,N/A,N/A,13.0849252,80.2053372,543,13.084979450155828,80.20269580057852,0.3724716585285718,0.3724716585285718,best,True
1144,N/A,N/A,13.0850234,80.2031057,543,13.084979450155828,80.20269580057852,0.05813311453832021,0.05813311453832021,best,True
1851,N/A,N/A,13.0850234,80.2031057,543,13.084979450155828,80.20269580057852,0.05813311453832021,0.05813311453832021,best,True
11389,N/A,N/A,12.919609,80.1710552,544,12.917841107312096,80.1732578547225,0.4015052738813841,0.4015052738813841,best,True
11379,N/A,N/A,12.9114845,80.1743216,544,12.917841107312096,80.1732578547225,0.9264346192098643,0.9264346192098643,best,True
10610,N/A,N/A,12.92047043048726,80.16853656407666,544,12.917841107312096,80.1732578547225,0.7659173653321076,0.7659173653321076,best,True
8917,N/A,N/A,12.91967088014218,80.17120751955406,544,12.917841107312096,80.1732578547225,0.39104747315340405,0.39104747315340405,best,True
2303,N/A,N/A,12.91966549276752,80.17109390738798,544,12.917841107312096,80.1732578547225,0.402542037020258,0.402542037020258,best,True
6624,N/A,N/A,12.918277210070045,80.17674390556893,544,12.917841107312096,80.1732578547225,0.4957824131434028,0.4957824131434028,best,True
5883,N/A,N/A,12.918284546383832,80.17670423344259,544,12.917841107312096,80.1732578547225,0.4903671913128086,0.4903671913128086,best,True
887,N/A,N/A,12.915266798645924,80.17639990774974,544,12.917841107312096,80.1732578547225,0.5775491376352777,0.5775491376352777,best,True
10118,N/A,N/A,13.113810231843456,80.13122363254665,545,13.11579693649284,80.12740991894965,0.6088149653746404,0.6088149653746404,best,True
9606,N/A,N/A,13.113036339134702,80.1262782675674,545,13.11579693649284,80.12740991894965,0.4278806644399841,0.4278806644399841,best,True
5449,N/A,N/A,13.120041874777572,80.12687773574154,545,13.11579693649284,80.12740991894965,0.6151027950953905,0.6151027950953905,best,True
8094,N/A,N/A,13.1163648,80.1258306,545,13.11579693649284,80.12740991894965,0.23713534935746491,0.23713534935746491,best,True
7874,N/A,N/A,13.1120684,80.1280768,545,13.11579693649284,80.12740991894965,0.5444192049521283,0.5444192049521283,best,True
3120,N/A,N/A,13.11467562075012,80.12617893850512,545,13.11579693649284,80.12740991894965,0.23689340645107868,0.23689340645107868,best,True
2579,N/A,N/A,13.118083016010784,80.13050934822787,545,13.11579693649284,80.12740991894965,0.5467983756868661,0.5467983756868661,best,True
8436,N/A,N/A,12.891169321974578,80.14071955111272,546,12.892463710030539,80.14127194679463,0.20181358649333778,0.20181358649333778,best,True
8456,N/A,N/A,12.889704,80.143089,546,12.892463710030539,80.14127194679463,0.4724968429824596,0.4724968429824596,best,True
8216,N/A,N/A,12.8933794,80.1381562,546,12.892463710030539,80.14127194679463,0.45890408738406285,0.45890408738406285,best,True
8859,N/A,N/A,12.8910528,80.1410439,546,12.892463710030539,80.14127194679463,0.20544999967981137,0.20544999967981137,best,True
8262,N/A,N/A,12.8910528,80.1410439,546,12.892463710030539,80.14127194679463,0.20544999967981137,0.20544999967981137,best,True
6542,N/A,N/A,12.888592,80.13797360000001,546,12.892463710030539,80.14127194679463,0.7256864949444738,0.7256864949444738,best,True
5955,N/A,N/A,12.891108535580464,80.14077096245023,546,12.892463710030539,80.14127194679463,0.20732084854876343,0.20732084854876343,best,True
7170,N/A,N/A,12.891112492982344,80.14072554644932,546,12.892463710030539,80.14127194679463,0.2090629736508036,0.2090629736508036,best,True
1025,N/A,N/A,12.891266203865625,80.14078431517488,546,12.892463710030539,80.14127194679463,0.18545733384734334,0.18545733384734334,best,True
921,N/A,N/A,12.8910528,80.1410439,546,12.892463710030539,80.14127194679463,0.20544999967981137,0.20544999967981137,best,True
8757,N/A,N/A,12.9122017760894,80.19538841401166,548,12.915284464200315,80.19545218112326,0.4434394029571007,0.4434394029571007,best,True
8763,N/A,N/A,12.9173006,80.1935118,548,12.915284464200315,80.19545218112326,0.3987622079492225,0.3987622079492225,best,True
8989,N/A,N/A,12.9171412,80.1940972,548,12.915284464200315,80.19545218112326,0.328401977000876,0.328401977000876,best,True
2299,N/A,N/A,12.9171412,80.1940972,548,12.915284464200315,80.19545218112326,0.328401977000876,0.328401977000876,best,True
7980,N/A,N/A,12.916743820915787,80.19308868941039,548,12.915284464200315,80.19545218112326,0.39399232336653184,0.39399232336653184,best,True
3152,N/A,N/A,12.9171412,80.1940972,548,12.915284464200315,80.19545218112326,0.328401977000876,0.328401977000876,best,True
5306,N/A,N/A,12.911457573238785,80.19777182635039,548,12.915284464200315,80.19545218112326,0.6403209827300529,0.6403209827300529,best,True
7058,N/A,N/A,12.91476787175918,80.19608858146009,548,12.915284464200315,80.19545218112326,0.11653612283412394,0.11653612283412394,best,True
1580,N/A,N/A,12.9171412,80.1940972,548,12.915284464200315,80.19545218112326,0.328401977000876,0.328401977000876,best,True
9016,N/A,N/A,12.921023692195066,80.19711138722381,549,12.921774091464037,80.1968066718608,0.11616788983378452,0.11616788983378452,best,True
10905,N/A,N/A,12.9213919,80.1975877,549,12.921774091464037,80.1968066718608,0.12313242026918295,0.12313242026918295,best,True
8383,N/A,N/A,12.9213919,80.1975877,549,12.921774091464037,80.1968066718608,0.12313242026918295,0.12313242026918295,best,True
6324,N/A,N/A,12.9200089,80.1919901,549,12.921774091464037,80.1968066718608,0.7253718351260168,0.7253718351260168,best,True
3901,N/A,N/A,12.9213919,80.1975877,549,12.921774091464037,80.1968066718608,0.12313242026918295,0.12313242026918295,best,True
1456,N/A,N/A,12.9204224,80.2029568,549,12.921774091464037,80.1968066718608,0.8891384677594043,0.8891384677594043,best,True
6441,N/A,N/A,12.92160644256398,80.19738022383422,549,12.921774091464037,80.1968066718608,0.08442941198219935,0.08442941198219935,best,True
6904,N/A,N/A,12.921891857970598,80.19739084849549,549,12.921774091464037,80.1968066718608,0.08413466172387894,0.08413466172387894,best,True
5255,N/A,N/A,12.9227730774814,80.19730907848957,549,12.921774091464037,80.1968066718608,0.1602042171843707,0.1602042171843707,best,True
7774,N/A,N/A,12.9213919,80.1975877,549,12.921774091464037,80.1968066718608,0.12313242026918295,0.12313242026918295,best,True
3885,N/A,N/A,12.9213919,80.1975877,549,12.921774091464037,80.1968066718608,0.12313242026918295,0.12313242026918295,best,True
7494,N/A,N/A,12.922581565658064,80.1945563084664,549,12.921774091464037,80.1968066718608,0.3380413309321831,0.3380413309321831,best,True
908,N/A,N/A,12.9264037,80.1963187,549,12.921774091464037,80.1968066718608,0.669373926029523,0.669373926029523,best,True
2940,N/A,N/A,12.9214538,80.1919417,549,12.921774091464037,80.1968066718608,0.6878666603300952,0.6878666603300952,best,True
6168,N/A,N/A,12.921486436091431,80.19720643140273,549,12.921774091464037,80.1968066718608,0.06994271227777957,0.06994271227777957,best,True
10042,N/A,N/A,12.915265943524185,80.06818794719356,550,12.915736808783532,80.07037121053926,0.31536640721154546,0.31536640721154546,best,True
8883,N/A,N/A,12.9157224,80.0746894,550,12.915736808783532,80.07037121053926,0.6092033933978496,0.6092033933978496,best,True
7845,N/A,N/A,12.916674983588798,80.07275268210854,550,12.915736808783532,80.07037121053926,0.36205289278230013,0.36205289278230013,best,True
803,N/A,N/A,12.9149904,80.0720171,550,12.915736808783532,80.07037121053926,0.2558117208015989,0.2558117208015989,best,True
7339,N/A,N/A,12.915701131074458,80.07584887147144,550,12.915736808783532,80.07037121053926,0.7727924058817552,0.7727924058817552,best,True
1567,N/A,N/A,12.91578674425514,80.07470116581868,550,12.915736808783532,80.07037121053926,0.6109018989925301,0.6109018989925301,best,True
6439,N/A,N/A,12.915618539111358,80.07477055814381,550,12.915736808783532,80.07037121053926,0.6208826285698463,0.6208826285698463,best,True
3497,N/A,N/A,12.9156413,80.0741573,550,12.915736808783532,80.07037121053926,0.534309146454471,0.534309146454471,best,True
1477,N/A,N/A,12.91205401855691,80.07018204776335,550,12.915736808783532,80.07037121053926,0.5303259276920761,0.5303259276920761,best,True
7514,N/A,N/A,12.9167773784559,80.06926248739087,550,12.915736808783532,80.07037121053926,0.21647633589686577,0.21647633589686577,best,True
695,N/A,N/A,12.915539067192276,80.07502168958813,550,12.915736808783532,80.07037121053926,0.6566948103698356,0.6566948103698356,best,True
7239,N/A,N/A,12.915762331846365,80.07469609441267,550,12.915736808783532,80.07037121053926,0.6101552937942035,0.6101552937942035,best,True
9051,N/A,N/A,13.039910194981822,80.05597713126454,551,13.038186681664625,80.05336469461177,0.44400715451596506,0.44400715451596506,best,True
9063,N/A,N/A,13.0399468,80.0562489,551,13.038186681664625,80.05336469461177,0.4790426958714969,0.4790426958714969,best,True
10968,N/A,N/A,13.0406428,80.05584019999999,551,13.038186681664625,80.05336469461177,0.49661333007494507,0.49661333007494507,best,True
9139,N/A,N/A,13.037527307669972,80.04980819537734,551,13.038186681664625,80.05336469461177,0.5103849558723668,0.5103849558723668,best,True
4510,N/A,N/A,13.0330574,80.0526412,551,13.038186681664625,80.05336469461177,0.7447144876492678,0.7447144876492678,best,True
7483,N/A,N/A,13.04034084293088,80.05598299354244,551,13.038186681664625,80.05336469461177,0.4819674747113317,0.4819674747113317,best,True
7589,N/A,N/A,13.039958698378427,80.05614851203515,551,13.038186681664625,80.05336469461177,0.46801450110252224,0.46801450110252224,best,True
1449,N/A,N/A,13.0356534,80.0503489,551,13.038186681664625,80.05336469461177,0.5599849248626667,0.5599849248626667,best,True
5797,N/A,N/A,13.035981496326189,80.0498543496825,551,13.038186681664625,80.05336469461177,0.5878776188376699,0.5878776188376699,best,True
4810,N/A,N/A,13.040969413586955,80.05840763630997,551,13.038186681664625,80.05336469461177,0.815981037543638,0.815981037543638,best,True
10855,N/A,N/A,12.961175411351856,80.18762171598175,552,12.959410464545062,80.18412311543568,0.5549417348781457,0.5549417348781457,best,True
10449,N/A,N/A,12.9562727,80.1791368,552,12.959410464545062,80.18412311543568,0.8356624089874461,0.8356624089874461,best,True
8782,N/A,N/A,12.95778712011647,80.18438913047692,552,12.959410464545062,80.18412311543568,0.23646407929670346,0.23646407929670346,best,True
10512,N/A,N/A,12.961041340109157,80.18535939401828,552,12.959410464545062,80.18412311543568,0.29227172990534783,0.29227172990534783,best,True
9933,N/A,N/A,12.956685798765946,80.18346154541013,552,12.959410464545062,80.18412311543568,0.40281716422108915,0.40281716422108915,best,True
3236,N/A,N/A,12.9548992,80.179773,552,12.959410464545062,80.18412311543568,0.8930049195477229,0.8930049195477229,best,True
7686,N/A,N/A,12.960591415136255,80.18702894490558,552,12.959410464545062,80.18412311543568,0.4436715442032227,0.4436715442032227,best,True
5828,N/A,N/A,12.95727568350817,80.18148122296614,552,12.959410464545062,80.18412311543568,0.482835142554562,0.482835142554562,best,True
2304,N/A,N/A,12.961577780141742,80.18727361967494,552,12.959410464545062,80.18412311543568,0.5428048617484681,0.5428048617484681,best,True
3626,N/A,N/A,12.95864102078879,80.18100000959235,552,12.959410464545062,80.18412311543568,0.45421084732650197,0.45421084732650197,best,True
1967,N/A,N/A,12.961348295152211,80.18718220612321,552,12.959410464545062,80.18412311543568,0.5136709917889308,0.5136709917889308,best,True
7614,N/A,N/A,12.9615838,80.1820336,552,12.959410464545062,80.18412311543568,0.4296101505043426,0.4296101505043426,best,True
4050,N/A,N/A,12.957703198964532,80.18353814555951,552,12.959410464545062,80.18412311543568,0.2590307309978668,0.2590307309978668,best,True
1798,N/A,N/A,12.9615838,80.1820336,552,12.959410464545062,80.18412311543568,0.4296101505043426,0.4296101505043426,best,True
5888,N/A,N/A,12.959528408034886,80.18695820003364,552,12.959410464545062,80.18412311543568,0.4002568727582502,0.4002568727582502,best,True
1996,N/A,N/A,12.960773953261588,80.18456198316413,552,12.959410464545062,80.18412311543568,0.2056346760494656,0.2056346760494656,best,True
8049,N/A,N/A,12.961508971934476,80.18725984450002,552,12.959410464545062,80.18412311543568,0.5355770812623911,0.5355770812623911,best,True
8274,N/A,N/A,13.0326988,80.22741250000001,553,13.029734032143702,80.2261581199433,0.46162600140085197,0.46162600140085197,best,True
9346,N/A,N/A,13.028022,80.2244478,553,13.029734032143702,80.2261581199433,0.34466457020444824,0.34466457020444824,best,True
6299,N/A,N/A,13.0312395,80.223916,553,13.029734032143702,80.2261581199433,0.3831990272094141,0.3831990272094141,best,True
7142,N/A,N/A,13.0312395,80.223916,553,13.029734032143702,80.2261581199433,0.3831990272094141,0.3831990272094141,best,True
3835,N/A,N/A,13.0283317,80.2303835,553,13.029734032143702,80.2261581199433,0.6290450180921466,0.6290450180921466,best,True
5528,N/A,N/A,13.027233841851544,80.2239927370736,553,13.029734032143702,80.2261581199433,0.4717351920288929,0.4717351920288929,best,True
6636,N/A,N/A,13.02857818742476,80.22404252024099,553,13.029734032143702,80.2261581199433,0.3415164837660765,0.3415164837660765,best,True
6247,N/A,N/A,13.031161454276337,80.2240743098401,553,13.029734032143702,80.2261581199433,0.3584538611026222,0.3584538611026222,best,True
3570,N/A,N/A,13.0300327,80.2306347,553,13.029734032143702,80.2261581199433,0.6327170261137344,0.6327170261137344,best,True
2663,N/A,N/A,13.031147016609149,80.22428541708075,553,13.029734032143702,80.2261581199433,0.33321510882595085,0.33321510882595085,best,True
4593,N/A,N/A,13.033570690178951,80.2226449243283,553,13.029734032143702,80.2261581199433,0.7415490381247284,0.7415490381247284,best,True
2235,N/A,N/A,13.0311989,80.2277232,553,13.029734032143702,80.2261581199433,0.3051096197542355,0.3051096197542355,best,True
1691,N/A,N/A,13.0263621,80.2256691,553,13.029734032143702,80.2261581199433,0.4898294343084398,0.4898294343084398,best,True
490,N/A,N/A,13.02734037909186,80.23039807393656,553,13.029734032143702,80.2261581199433,0.689918612949893,0.689918612949893,best,True
6560,N/A,N/A,13.028774394577022,80.22411143656504,553,13.029734032143702,80.2261581199433,0.31991255958763765,0.31991255958763765,best,True
427,N/A,N/A,13.028448820624886,80.22413511058957,553,13.029734032143702,80.2261581199433,0.3399200727361776,0.3399200727361776,best,True
3099,N/A,N/A,13.031187084085117,80.2243023857485,553,13.029734032143702,80.2261581199433,0.33488733614219574,0.33488733614219574,best,True
7924,N/A,N/A,13.028346842010738,80.23027986351966,553,13.029734032143702,80.2261581199433,0.6145097141472143,0.6145097141472143,best,True
3568,N/A,N/A,13.0300327,80.2306347,553,13.029734032143702,80.2261581199433,0.6327170261137344,0.6327170261137344,best,True
10066,N/A,N/A,13.0674463,80.1614803,554,13.069078930224958,80.16012424689585,0.3028002885926283,0.3028002885926283,best,True
9884,N/A,N/A,13.0706433,80.1632332,554,13.069078930224958,80.16012424689585,0.49270252696576283,0.49270252696576283,best,True
10776,N/A,N/A,13.067469169629485,80.16394442256801,554,13.069078930224958,80.16012424689585,0.5862620398839122,0.5862620398839122,best,True
2793,N/A,N/A,13.06969102861243,80.15977993815758,554,13.069078930224958,80.16012424689585,0.10052976261838976,0.10052976261838976,best,True
6284,N/A,N/A,13.064462353641677,80.16081342483857,554,13.069078930224958,80.16012424689585,0.671030320673732,0.671030320673732,best,True
612,N/A,N/A,13.06969102861243,80.15977993815758,554,13.069078930224958,80.16012424689585,0.10052976261838976,0.10052976261838976,best,True
801,N/A,N/A,13.06969102861243,80.15977993815758,554,13.069078930224958,80.16012424689585,0.10052976261838976,0.10052976261838976,best,True
770,N/A,N/A,13.06969102861243,80.15977993815758,554,13.069078930224958,80.16012424689585,0.10052976261838976,0.10052976261838976,best,True
438,N/A,N/A,13.06969102861243,80.15977993815758,554,13.069078930224958,80.16012424689585,0.10052976261838976,0.10052976261838976,best,True
4348,N/A,N/A,13.070463,80.159953,554,13.069078930224958,80.16012424689585,0.20051638789154824,0.20051638789154824,best,True
1518,N/A,N/A,13.069866515077758,80.16068787303193,554,13.069078930224958,80.16012424689585,0.13836593854280885,0.13836593854280885,best,True
5204,N/A,N/A,13.06969102861243,80.15977993815758,554,13.069078930224958,80.16012424689585,0.10052976261838976,0.10052976261838976,best,True
5231,N/A,N/A,13.064726819576029,80.16117724211091,554,13.069078930224958,80.16012424689585,0.6432885817755113,0.6432885817755113,best,True
8086,N/A,N/A,13.06969102861243,80.15977993815758,554,13.069078930224958,80.16012424689585,0.10052976261838976,0.10052976261838976,best,True
479,N/A,N/A,13.06969102861243,80.15977993815758,554,13.069078930224958,80.16012424689585,0.10052976261838976,0.10052976261838976,best,True
7204,N/A,N/A,13.06969102861243,80.15977993815758,554,13.069078930224958,80.16012424689585,0.10052976261838976,0.10052976261838976,best,True
2191,N/A,N/A,13.06969102861243,80.15977993815758,554,13.069078930224958,80.16012424689585,0.10052976261838976,0.10052976261838976,best,True
9961,N/A,N/A,13.064009778901507,80.2207958121152,555,13.063167094644946,80.22219872222867,0.2319783636633045,0.2319783636633045,best,True
11021,N/A,N/A,13.065176822933791,80.21916936120608,555,13.063167094644946,80.22219872222867,0.5157292119308766,0.5157292119308766,best,True
9828,N/A,N/A,13.0603396,80.2232674,555,13.063167094644946,80.22219872222867,0.43366943418385684,0.43366943418385684,best,True
8296,N/A,N/A,13.0639083,80.219772,555,13.063167094644946,80.22219872222867,0.3583753246950725,0.3583753246950725,best,True
6551,N/A,N/A,13.06237106033445,80.22475657109383,555,13.063167094644946,80.22219872222867,0.3783786628800904,0.3783786628800904,best,True
8039,N/A,N/A,13.0635202,80.2234146,555,13.063167094644946,80.22219872222867,0.17879561997995966,0.17879561997995966,best,True
835,N/A,N/A,13.0635202,80.2234146,555,13.063167094644946,80.22219872222867,0.17879561997995966,0.17879561997995966,best,True
2255,N/A,N/A,13.0652823,80.2235281,555,13.063167094644946,80.22219872222867,0.35731636514869236,0.35731636514869236,best,True
5946,N/A,N/A,13.0605816,80.2261151,555,13.063167094644946,80.22219872222867,0.665720730973944,0.665720730973944,best,True
1505,N/A,N/A,13.061405358863,80.22112481827304,555,13.063167094644946,80.22219872222867,0.2951687475975802,0.2951687475975802,best,True
2183,N/A,N/A,13.0635202,80.2234146,555,13.063167094644946,80.22219872222867,0.17879561997995966,0.17879561997995966,best,True
3883,N/A,N/A,13.064349345201803,80.22263474543841,555,13.063167094644946,80.22219872222867,0.180804189256158,0.180804189256158,best,True
2052,N/A,N/A,13.061255608672829,80.2213680982614,555,13.063167094644946,80.22219872222867,0.2988167336606083,0.2988167336606083,best,True
2380,N/A,N/A,13.064299313488426,80.22025038344276,555,13.063167094644946,80.22219872222867,0.3193400093353382,0.3193400093353382,best,True
6393,N/A,N/A,13.06396673127837,80.219954643599,555,13.063167094644946,80.22219872222867,0.33665441776333105,0.33665441776333105,best,True
8576,N/A,N/A,13.0580064,80.2209145,556,13.058422735077205,80.22061471416215,0.07329374074734808,0.07329374074734808,best,True
8841,N/A,N/A,13.0572648,80.2201925,556,13.058422735077205,80.22061471416215,0.17685504444940697,0.17685504444940697,best,True
8581,N/A,N/A,13.058945226490865,80.2237158649074,556,13.058422735077205,80.22061471416215,0.44366295825725577,0.44366295825725577,best,True
10096,N/A,N/A,13.0588903,80.2186767,556,13.058422735077205,80.22061471416215,0.2814067680833695,0.2814067680833695,best,True
9024,N/A,N/A,13.060000119539394,80.21775479729816,556,13.058422735077205,80.22061471416215,0.4626736539300384,0.4626736539300384,best,True
1783,N/A,N/A,13.057821777440294,80.22072377006327,556,13.058422735077205,80.22061471416215,0.08778704816814013,0.08778704816814013,best,True
5954,N/A,N/A,13.057955394168337,80.22079500076015,556,13.058422735077205,80.22061471416215,0.07185939552431056,0.07185939552431056,best,True
2325,N/A,N/A,13.0580952,80.2194678,556,13.058422735077205,80.22061471416215,0.16843297515581898,0.16843297515581898,best,True
3383,N/A,N/A,13.05802303313317,80.22105050859255,556,13.058422735077205,80.22061471416215,0.084143572566871,0.084143572566871,best,True
2193,N/A,N/A,13.0592251,80.2228557,556,13.058422735077205,80.22061471416215,0.33638467383593307,0.33638467383593307,best,True
11321,N/A,N/A,13.069447,80.181378,557,13.068796481899863,80.18182930268269,0.11314498532124583,0.11314498532124583,best,True
9260,N/A,N/A,13.07054743349472,80.1832201925539,557,13.068796481899863,80.18182930268269,0.3191721014350323,0.3191721014350323,best,True
9181,N/A,N/A,13.069353714691935,80.18114897159496,557,13.068796481899863,80.18182930268269,0.12499365834208447,0.12499365834208447,best,True
9676,N/A,N/A,13.06941799755226,80.18122803441916,557,13.068796481899863,80.18182930268269,0.12319296650667629,0.12319296650667629,best,True
9530,N/A,N/A,13.0692767238186,80.18085904811637,557,13.068796481899863,80.18182930268269,0.15324476790815977,0.15324476790815977,best,True
6430,N/A,N/A,13.069989384699635,80.1828229086899,557,13.068796481899863,80.18182930268269,0.2214930334819831,0.2214930334819831,best,True
5004,N/A,N/A,13.069762,80.181714,557,13.068796481899863,80.18182930268269,0.13980955187198332,0.13980955187198332,best,True
2654,N/A,N/A,13.06941949628405,80.18125127725474,557,13.068796481899863,80.18182930268269,0.12112066710622602,0.12112066710622602,best,True
6659,N/A,N/A,13.0627489,80.18225369999999,557,13.068796481899863,80.18182930268269,0.8718212765962045,0.8718212765962045,best,True
7004,N/A,N/A,13.069762,80.181714,557,13.068796481899863,80.18182930268269,0.13980955187198332,0.13980955187198332,best,True
3752,N/A,N/A,13.069329391925944,80.18114488243332,557,13.068796481899863,80.18182930268269,0.12323108697343774,0.12323108697343774,best,True
5029,N/A,N/A,13.069762,80.181714,557,13.068796481899863,80.18182930268269,0.13980955187198332,0.13980955187198332,best,True
589,N/A,N/A,13.069421475003365,80.18118850478348,557,13.068796481899863,80.18182930268269,0.1274447666613856,0.1274447666613856,best,True
4018,N/A,N/A,13.069414781565678,80.18116833390484,557,13.068796481899863,80.18182930268269,0.12880994005648558,0.12880994005648558,best,True
996,N/A,N/A,13.063063063063064,80.18309584928826,557,13.068796481899863,80.18182930268269,0.8436970886338665,0.8436970886338665,best,True
1577,N/A,N/A,13.069762,80.181714,557,13.068796481899863,80.18182930268269,0.13980955187198332,0.13980955187198332,best,True
1620,N/A,N/A,13.069762,80.181714,557,13.068796481899863,80.18182930268269,0.13980955187198332,0.13980955187198332,best,True
3181,N/A,N/A,13.069512402430782,80.18134385318567,557,13.068796481899863,80.18182930268269,0.12363723129201724,0.12363723129201724,best,True
7780,N/A,N/A,13.069424881301158,80.18120878842556,557,13.068796481899863,80.18182930268269,0.12578516418842628,0.12578516418842628,best,True
7852,N/A,N/A,13.06928199354014,80.1809106140943,557,13.068796481899863,80.18182930268269,0.14714944063472518,0.14714944063472518,best,True
6915,N/A,N/A,13.0678391,80.1859183,557,13.068796481899863,80.18182930268269,0.59272851407193,0.59272851407193,best,True
3175,N/A,N/A,13.06950474432552,80.18125960295771,557,13.068796481899863,80.18182930268269,0.12972161971819576,0.12972161971819576,best,True
4752,N/A,N/A,13.0665166,80.18210309999999,557,13.068796481899863,80.18182930268269,0.3301580596064584,0.3301580596064584,best,True
10344,N/A,N/A,13.067102714008602,80.17579397100336,558,13.067603021159526,80.17660780425352,0.13543862464518092,0.13543862464518092,best,True
11170,N/A,N/A,13.066677274356254,80.17510225111783,558,13.067603021159526,80.17660780425352,0.2505706698807155,0.2505706698807155,best,True
8602,N/A,N/A,13.066611339452392,80.17511033198188,558,13.067603021159526,80.17660780425352,0.2547906889030276,0.2547906889030276,best,True
10757,N/A,N/A,13.07429146132393,80.17588241347447,558,13.067603021159526,80.17660780425352,0.9673558081574378,0.9673558081574378,best,True
11149,N/A,N/A,13.066560772840766,80.17491747950046,558,13.067603021159526,80.17660780425352,0.28154332721316433,0.28154332721316433,best,True
8488,N/A,N/A,13.0684429,80.1783068,558,13.067603021159526,80.17660780425352,0.26827613488544183,0.26827613488544183,best,True
8315,N/A,N/A,13.0661619,80.1787726,558,13.067603021159526,80.17660780425352,0.36894006150110215,0.36894006150110215,best,True
6805,N/A,N/A,13.066953948244771,80.17832282890653,558,13.067603021159526,80.17660780425352,0.25919843027600015,0.25919843027600015,best,True
6309,N/A,N/A,13.066772761375274,80.17748813779258,558,13.067603021159526,80.17660780425352,0.17223280598552063,0.17223280598552063,best,True
6737,N/A,N/A,13.066507527448296,80.17497967743982,558,13.067603021159526,80.17660780425352,0.27842062279084406,0.27842062279084406,best,True
5773,N/A,N/A,13.066668345146216,80.17508844151078,558,13.067603021159526,80.17660780425352,0.2529024849265336,0.2529024849265336,best,True
4628,N/A,N/A,13.067298830877307,80.17773252256795,558,13.067603021159526,80.17660780425352,0.16450043106006473,0.16450043106006473,best,True
6199,N/A,N/A,13.0687895,80.178404,558,13.067603021159526,80.17660780425352,0.3053731231097496,0.3053731231097496,best,True
10410,N/A,N/A,13.1101374,79.9208442,559,13.109738462813658,79.9208235618374,0.057449199467187184,0.057449199467187184,best,True
947,N/A,N/A,13.1097015071468,79.92088234496676,559,13.109738462813658,79.9208235618374,0.009844587168239573,0.009844587168239573,best,True
914,N/A,N/A,13.109643302732293,79.92086719702897,559,13.109738462813658,79.9208235618374,0.01500478358043667,0.01500478358043667,best,True
3822,N/A,N/A,13.109692169835808,79.92051636491142,559,13.109738462813658,79.9208235618374,0.04381374657494203,0.04381374657494203,best,True
1900,N/A,N/A,13.109673646329604,79.92083178618843,559,13.109738462813658,79.9208235618374,0.009393780423811608,0.009393780423811608,best,True
3733,N/A,N/A,13.109582750837436,79.9209994779288,559,13.109738462813658,79.9208235618374,0.03341387437997351,0.03341387437997351,best,True
10551,N/A,N/A,13.081169076574216,80.18749857119363,561,13.082829017927894,80.18889770578389,0.30968271754655036,0.30968271754655036,best,True
11063,N/A,N/A,13.083733652147629,80.18898090907143,561,13.082829017927894,80.18889770578389,0.1306327243689678,0.1306327243689678,best,True
690,N/A,N/A,13.081416154786847,80.18780194876358,561,13.082829017927894,80.18889770578389,0.25525474950703847,0.25525474950703847,best,True
939,N/A,N/A,13.082716454903084,80.19080853603772,561,13.082829017927894,80.18889770578389,0.2698811356922412,0.2698811356922412,best,True
1534,N/A,N/A,13.082675400055084,80.18779097200671,561,13.082829017927894,80.18889770578389,0.15758740054023218,0.15758740054023218,best,True
1168,N/A,N/A,13.0842624,80.1898496,561,13.082829017927894,80.18889770578389,0.2459829062484847,0.2459829062484847,best,True
2004,N/A,N/A,13.0826774,80.1877556,561,13.082829017927894,80.18889770578389,0.16248766341237136,0.16248766341237136,best,True
1303,N/A,N/A,13.0827783,80.19178939999999,561,13.082829017927894,80.18889770578389,0.4077457872496179,0.4077457872496179,best,True
5952,N/A,N/A,13.08400849765556,80.1862862093936,561,13.082829017927894,80.18889770578389,0.40537559636030124,0.40537559636030124,best,True
6086,N/A,N/A,13.0827729,80.1915682,561,13.082829017927894,80.18889770578389,0.37658153770329506,0.37658153770329506,best,True
6665,N/A,N/A,13.082360334779125,80.18833450365332,561,13.082829017927894,80.18889770578389,0.10415520349342458,0.10415520349342458,best,True
5750,N/A,N/A,13.081939,80.1879783,561,13.082829017927894,80.18889770578389,0.1821712190507081,0.1821712190507081,best,True
7078,N/A,N/A,13.08426766216108,80.18922742507061,561,13.082829017927894,80.18889770578389,0.2120640978207533,0.2120640978207533,best,True
11366,N/A,N/A,13.08686975071557,80.18659018169045,562,13.08657913060714,80.18850189583766,0.27273722211180795,0.27273722211180795,best,True
10390,N/A,N/A,13.087715449100529,80.18797889499788,562,13.08657913060714,80.18850189583766,0.17928922671442069,0.17928922671442069,best,True
6502,N/A,N/A,13.085424458874671,80.18850767743743,562,13.08657913060714,80.18850189583766,0.1660675649231247,0.1660675649231247,best,True
7165,N/A,N/A,13.086479934619897,80.18879398275568,562,13.08657913060714,80.18850189583766,0.04358004862468138,0.04358004862468138,best,True
7163,N/A,N/A,13.087600061484371,80.1901746763736,562,13.08657913060714,80.18850189583766,0.2778040769888047,0.2778040769888047,best,True
6686,N/A,N/A,13.08512082812959,80.18752538274082,562,13.08657913060714,80.18850189583766,0.2508813149027259,0.2508813149027259,best,True
7220,N/A,N/A,13.0865328,80.1892501,562,13.08657913060714,80.18850189583766,0.10569293120499335,0.10569293120499335,best,True
6828,N/A,N/A,13.087757022544473,80.18931024941514,562,13.08657913060714,80.18850189583766,0.20417029524299596,0.20417029524299596,best,True
7359,N/A,N/A,13.0865328,80.1892501,562,13.08657913060714,80.18850189583766,0.10569293120499335,0.10569293120499335,best,True
3262,N/A,N/A,13.085230245109186,80.18749577825207,562,13.08657913060714,80.18850189583766,0.2403221718910852,0.2403221718910852,best,True
6858,N/A,N/A,13.0852308,80.1891504,562,13.08657913060714,80.18850189583766,0.21438980302497423,0.21438980302497423,best,True
7499,N/A,N/A,13.087675966781024,80.19020744593962,562,13.08657913060714,80.18850189583766,0.28757685980889347,0.28757685980889347,best,True
7349,N/A,N/A,13.085269706948004,80.18749241264072,562,13.08657913060714,80.18850189583766,0.23605031068517698,0.23605031068517698,best,True
7354,N/A,N/A,13.086535412549951,80.18872438703306,562,13.08657913060714,80.18850189583766,0.031991031224024,0.031991031224024,best,True
3708,N/A,N/A,13.0852637,80.18608309999999,562,13.08657913060714,80.18850189583766,0.3899693377696819,0.3899693377696819,best,True
627,N/A,N/A,13.0873938,80.186049,562,13.08657913060714,80.18850189583766,0.3651212145696255,0.3651212145696255,best,True
4096,N/A,N/A,13.0865328,80.1892501,562,13.08657913060714,80.18850189583766,0.10569293120499335,0.10569293120499335,best,True
7358,N/A,N/A,13.086499531791008,80.18848652831733,562,13.08657913060714,80.18850189583766,0.011651153924105172,0.011651153924105172,best,True
7764,N/A,N/A,13.087623359560832,80.18882073183391,562,13.08657913060714,80.18850189583766,0.1567641672361178,0.1567641672361178,best,True
6772,N/A,N/A,13.08500129103474,80.1875507614916,562,13.08657913060714,80.18850189583766,0.26358319524851254,0.26358319524851254,best,True
6823,N/A,N/A,13.0865328,80.1892501,562,13.08657913060714,80.18850189583766,0.10569293120499335,0.10569293120499335,best,True
3819,N/A,N/A,13.0850457,80.1875866,562,13.08657913060714,80.18850189583766,0.2555164987992734,0.2555164987992734,best,True
7193,N/A,N/A,13.087774808041864,80.18749420007984,562,13.08657913060714,80.18850189583766,0.22305597003378108,0.22305597003378108,best,True
6433,N/A,N/A,13.0879293,80.1899962,562,13.08657913060714,80.18850189583766,0.2865096403733133,0.2865096403733133,best,True
7542,N/A,N/A,13.0865328,80.1892501,562,13.08657913060714,80.18850189583766,0.10569293120499335,0.10569293120499335,best,True
6918,N/A,N/A,13.087667807473956,80.18976880027188,562,13.08657913060714,80.18850189583766,0.23752205195255946,0.23752205195255946,best,True
2960,N/A,N/A,13.087863591633116,80.18951329634594,562,13.08657913060714,80.18850189583766,0.23336074878629356,0.23336074878629356,best,True
3994,N/A,N/A,12.9948978,80.00147059999999,563,12.993633848755756,79.9977792507994,0.5514276142384453,0.5514276142384453,best,True
2930,N/A,N/A,12.996178859340503,79.99173684169871,563,12.993633848755756,79.9977792507994,0.9274600499375838,0.9274600499375838,best,True
4403,N/A,N/A,12.98856093568252,79.99643896149887,563,12.993633848755756,79.9977792507994,0.7536739206049651,0.7536739206049651,best,True
4930,N/A,N/A,12.9948978,80.00147059999999,563,12.993633848755756,79.9977792507994,0.5514276142384453,0.5514276142384453,best,True
7583,N/A,N/A,13.132260032320216,79.95858894191963,564,13.136637120740302,79.96107667905432,0.7205917067768268,0.7205917067768268,best,True
683,N/A,N/A,13.132291606211393,79.95864403441679,564,13.136637120740302,79.96107667905432,0.7128604379755117,0.7128604379755117,best,True
11370,N/A,N/A,12.807749238903138,79.71218175496698,565,12.803399674950313,79.71147670975803,0.6334087852340865,0.6334087852340865,best,True
1868,N/A,N/A,12.8008364,79.708794,565,12.803399674950313,79.71147670975803,0.5284570395768529,0.5284570395768529,best,True
3261,N/A,N/A,12.803606612847217,79.71198432631547,565,12.803399674950313,79.71147670975803,0.07758068628763178,0.07758068628763178,best,True
6600,N/A,N/A,12.803543243672568,79.71055248618633,565,12.803399674950313,79.71147670975803,0.13206923227589054,0.13206923227589054,best,True
6592,N/A,N/A,12.800225629229264,79.71389660083749,565,12.803399674950313,79.71147670975803,0.5701147929910498,0.5701147929910498,best,True
5812,N/A,N/A,12.8034161,79.7116678,565,12.803399674950313,79.71147670975803,0.027073795373480463,0.027073795373480463,best,True
6253,N/A,N/A,12.8044205,79.71126,565,12.803399674950313,79.71147670975803,0.14996478232930996,0.14996478232930996,best,True
10928,N/A,N/A,13.1336087,80.2565256,566,13.13613249788784,80.25750794381045,0.3884890286976622,0.3884890286976622,best,True
9303,N/A,N/A,13.136390165546723,80.25538982464523,566,13.13613249788784,80.25750794381045,0.3008460433257363,0.3008460433257363,best,True
9234,N/A,N/A,13.133547106896334,80.2625167604121,566,13.13613249788784,80.25750794381045,0.7979423319780599,0.7979423319780599,best,True
9423,N/A,N/A,13.1362021,80.2585897,566,13.13613249788784,80.25750794381045,0.15280490958065182,0.15280490958065182,best,True
9508,N/A,N/A,13.1351985,80.25956719999999,566,13.13613249788784,80.25750794381045,0.3198348128873612,0.3198348128873612,best,True
808,N/A,N/A,13.1362021,80.2585897,566,13.13613249788784,80.25750794381045,0.15280490958065182,0.15280490958065182,best,True
62,N/A,N/A,13.1362021,80.2585897,566,13.13613249788784,80.25750794381045,0.15280490958065182,0.15280490958065182,best,True
104,N/A,N/A,13.136347758645371,80.25777727401727,566,13.13613249788784,80.25750794381045,0.04898613685405601,0.04898613685405601,best,True
348,N/A,N/A,13.1362021,80.2585897,566,13.13613249788784,80.25750794381045,0.15280490958065182,0.15280490958065182,best,True
230,N/A,N/A,13.1362021,80.2585897,566,13.13613249788784,80.25750794381045,0.15280490958065182,0.15280490958065182,best,True
2293,N/A,N/A,13.1336032,80.2597005,566,13.13613249788784,80.25750794381045,0.47732294949091325,0.47732294949091325,best,True
5913,N/A,N/A,13.1362021,80.2585897,566,13.13613249788784,80.25750794381045,0.15280490958065182,0.15280490958065182,best,True
780,N/A,N/A,13.136586668860607,80.25557827492045,566,13.13613249788784,80.25750794381045,0.27972555543648375,0.27972555543648375,best,True
4028,N/A,N/A,13.1362021,80.2585897,566,13.13613249788784,80.25750794381045,0.15280490958065182,0.15280490958065182,best,True
5725,N/A,N/A,13.1362021,80.2585897,566,13.13613249788784,80.25750794381045,0.15280490958065182,0.15280490958065182,best,True
6112,N/A,N/A,13.1396725,80.2529169,566,13.13613249788784,80.25750794381045,0.8233894285838875,0.8233894285838875,best,True
7639,N/A,N/A,13.1362021,80.2585897,566,13.13613249788784,80.25750794381045,0.15280490958065182,0.15280490958065182,best,True
1779,N/A,N/A,13.13510779289016,80.25867071138843,566,13.13613249788784,80.25750794381045,0.2204109966743814,0.2204109966743814,best,True
4511,N/A,N/A,13.13642969787218,80.25242718462523,566,13.13613249788784,80.25750794381045,0.7174218610414705,0.7174218610414705,best,True
8585,N/A,N/A,12.948529673026648,80.23544183993977,567,12.945892563675004,80.2372041956741,0.4534798551199847,0.4534798551199847,best,True
11104,N/A,N/A,12.944955317998367,80.23863074708251,567,12.945892563675004,80.2372041956741,0.24220475631325766,0.24220475631325766,best,True
6090,N/A,N/A,12.9441927,80.23754,567,12.945892563675004,80.2372041956741,0.24901955000515522,0.24901955000515522,best,True
8778,N/A,N/A,13.085789476748952,80.2088952408156,568,13.084906664256014,80.21002293541602,0.20346148258334282,0.20346148258334282,best,True
10281,N/A,N/A,13.084873,80.2101753,568,13.084906664256014,80.21002293541602,0.022019553860982168,0.022019553860982168,best,True
9364,N/A,N/A,13.083286582781309,80.21211936391798,568,13.084906664256014,80.21002293541602,0.3763576657600942,0.3763576657600942,best,True
8284,N/A,N/A,13.084810298371297,80.20794370209961,568,13.084906664256014,80.21002293541602,0.2934621594307413,0.2934621594307413,best,True
8113,N/A,N/A,13.084873,80.2101753,568,13.084906664256014,80.21002293541602,0.022019553860982168,0.022019553860982168,best,True
5681,N/A,N/A,13.084873,80.2101753,568,13.084906664256014,80.21002293541602,0.022019553860982168,0.022019553860982168,best,True
5837,N/A,N/A,13.084873,80.2101753,568,13.084906664256014,80.21002293541602,0.022019553860982168,0.022019553860982168,best,True
2030,N/A,N/A,13.084873,80.2101753,568,13.084906664256014,80.21002293541602,0.022019553860982168,0.022019553860982168,best,True
3857,N/A,N/A,13.0848065,80.2078935,568,13.084906664256014,80.21002293541602,0.3005577362556246,0.3005577362556246,best,True
7069,N/A,N/A,13.084873,80.2101753,568,13.084906664256014,80.21002293541602,0.022019553860982168,0.022019553860982168,best,True
8121,N/A,N/A,13.084882846171656,80.20795941147213,568,13.084906664256014,80.21002293541602,0.29094009021346695,0.29094009021346695,best,True
4353,N/A,N/A,13.085009,80.208891,568,13.084906664256014,80.21002293541602,0.160259851035942,0.160259851035942,best,True
4458,N/A,N/A,13.084873,80.2101753,568,13.084906664256014,80.21002293541602,0.022019553860982168,0.022019553860982168,best,True
6426,N/A,N/A,13.084873,80.2101753,568,13.084906664256014,80.21002293541602,0.022019553860982168,0.022019553860982168,best,True
889,N/A,N/A,13.0848065,80.2078935,568,13.084906664256014,80.21002293541602,0.3005577362556246,0.3005577362556246,best,True
4746,N/A,N/A,13.084873,80.2101753,568,13.084906664256014,80.21002293541602,0.022019553860982168,0.022019553860982168,best,True
3858,N/A,N/A,13.0868511942859,80.21341003059278,568,13.084906664256014,80.21002293541602,0.5533850009304784,0.5533850009304784,best,True
2633,N/A,N/A,13.084781388526345,80.21056424811891,568,13.084906664256014,80.21002293541602,0.07841340927997258,0.07841340927997258,best,True
4705,N/A,N/A,13.084873,80.2101753,568,13.084906664256014,80.21002293541602,0.022019553860982168,0.022019553860982168,best,True
4173,N/A,N/A,13.08481233480397,80.20831651171204,568,13.084906664256014,80.21002293541602,0.2409574363598639,0.2409574363598639,best,True
7099,N/A,N/A,13.084858733158844,80.20976366868837,568,13.084906664256014,80.21002293541602,0.0371963219699679,0.0371963219699679,best,True
3149,N/A,N/A,13.0852696,80.2098457,568,13.084906664256014,80.21002293541602,0.0578700483946227,0.0578700483946227,best,True
5721,N/A,N/A,13.084851528900034,80.20999495947245,568,13.084906664256014,80.21002293541602,0.00885632625003918,0.00885632625003918,best,True
7530,N/A,N/A,13.084821362128675,80.20932432154974,568,13.084906664256014,80.21002293541602,0.09925318140568035,0.09925318140568035,best,True
6794,N/A,N/A,13.0864341,80.2147026,568,13.084906664256014,80.21002293541602,0.6953587182988573,0.6953587182988573,best,True
2269,N/A,N/A,13.08486668903911,80.209741785243,568,13.084906664256014,80.21002293541602,0.040051927781823676,0.040051927781823676,best,True
7284,N/A,N/A,13.084873,80.2101753,568,13.084906664256014,80.21002293541602,0.022019553860982168,0.022019553860982168,best,True
3921,N/A,N/A,13.084873,80.2101753,568,13.084906664256014,80.21002293541602,0.022019553860982168,0.022019553860982168,best,True
7053,N/A,N/A,13.082986719026191,80.21112748420029,568,13.084906664256014,80.21002293541602,0.31701081189751223,0.31701081189751223,best,True
6513,N/A,N/A,13.084873,80.2101753,568,13.084906664256014,80.21002293541602,0.022019553860982168,0.022019553860982168,best,True
7935,N/A,N/A,13.084873,80.2101753,568,13.084906664256014,80.21002293541602,0.022019553860982168,0.022019553860982168,best,True
933,N/A,N/A,13.084866402250164,80.20989270542967,568,13.084906664256014,80.21002293541602,0.01925157374959177,0.01925157374959177,best,True
405,N/A,N/A,13.092355017730409,80.21065600704385,569,13.092176318595389,80.21173005765662,0.15358304599395448,0.15358304599395448,best,True
6751,N/A,N/A,13.09241457862562,80.21392697147941,569,13.092176318595389,80.21173005765662,0.3116061180583097,0.3116061180583097,best,True
7162,N/A,N/A,13.090410102074896,80.20985690202022,569,13.092176318595389,80.21173005765662,0.36641606779510777,0.36641606779510777,best,True
1806,N/A,N/A,13.093317168399912,80.2103362828278,569,13.092176318595389,80.21173005765662,0.2559887814987753,0.2559887814987753,best,True
6948,N/A,N/A,13.092384726146104,80.2138741249118,569,13.092176318595389,80.21173005765662,0.30374855772267473,0.30374855772267473,best,True
8775,N/A,N/A,13.0770571,80.2716388,570,13.076337109339995,80.2692540081794,0.35180831278795816,0.35180831278795816,best,True
10299,N/A,N/A,13.0752237,80.2662823,570,13.076337109339995,80.2692540081794,0.44853132569800247,0.44853132569800247,best,True
8972,N/A,N/A,13.0806861,80.2674806,570,13.076337109339995,80.2692540081794,0.6735951044555151,0.6735951044555151,best,True
10989,N/A,N/A,13.0749979,80.2711009,570,13.076337109339995,80.2692540081794,0.32388123991740186,0.32388123991740186,best,True
8665,N/A,N/A,13.074362,80.2681067,570,13.076337109339995,80.2692540081794,0.32688802502028347,0.32688802502028347,best,True
8354,N/A,N/A,13.074946350909318,80.27186086170197,570,13.076337109339995,80.2692540081794,0.41843588399281856,0.41843588399281856,best,True
6700,N/A,N/A,13.07574889972749,80.26822462855442,570,13.076337109339995,80.2692540081794,0.16798537813724268,0.16798537813724268,best,True
7226,N/A,N/A,13.074986421802665,80.27047427541355,570,13.076337109339995,80.2692540081794,0.2594881939746583,0.2594881939746583,best,True
7889,N/A,N/A,13.07678766977416,80.27011417736097,570,13.076337109339995,80.2692540081794,0.1374992407969827,0.1374992407969827,best,True
860,N/A,N/A,13.081058476513144,80.26587605495602,570,13.076337109339995,80.2692540081794,0.829390226069391,0.829390226069391,best,True
3211,N/A,N/A,13.0767304,80.26910079999999,570,13.076337109339995,80.2692540081794,0.06054730387223581,0.06054730387223581,best,True
7216,N/A,N/A,13.0750799,80.2675607,570,13.076337109339995,80.2692540081794,0.29947875166178534,0.29947875166178534,best,True
4288,N/A,N/A,13.080639248869993,80.2674280913048,570,13.076337109339995,80.2692540081794,0.6701517476389818,0.6701517476389818,best,True
3837,N/A,N/A,13.0752459,80.269791,570,13.076337109339995,80.2692540081794,0.17424541802519283,0.17424541802519283,best,True
7794,N/A,N/A,13.07498936361757,80.27131941283751,570,13.076337109339995,80.2692540081794,0.34980916165428255,0.34980916165428255,best,True
5455,N/A,N/A,13.075115881228038,80.26971983208455,570,13.076337109339995,80.2692540081794,0.1875148168658377,0.1875148168658377,best,True
181,N/A,N/A,13.075770234043322,80.2681830642509,570,13.076337109339995,80.2692540081794,0.1715943666473237,0.1715943666473237,best,True
4296,N/A,N/A,13.074642421634186,80.27230994876427,570,13.076337109339995,80.2692540081794,0.49501085647471194,0.49501085647471194,best,True
9004,N/A,N/A,13.0855524,80.2775143,571,13.084911798208362,80.27782063963065,0.10175208446720196,0.10175208446720196,best,True
7660,N/A,N/A,13.0873157,80.278173,571,13.084911798208362,80.27782063963065,0.34928119746074304,0.34928119746074304,best,True
3219,N/A,N/A,13.08186729462509,80.27777461889195,571,13.084911798208362,80.27782063963065,0.4379102665333317,0.4379102665333317,best,True
8342,N/A,N/A,13.05679809017464,80.11626266772413,572,13.05645666647736,80.11226816171019,0.5653543913273019,0.5653543913273019,best,True
8891,N/A,N/A,13.062204056012176,80.11302338005582,572,13.05645666647736,80.11226816171019,0.8334216996186198,0.8334216996186198,best,True
4626,N/A,N/A,13.063223206798533,80.11270511184831,572,13.05645666647736,80.11226816171019,0.9751139985545256,0.9751139985545256,best,True
7441,N/A,N/A,13.052598112841595,80.11278434149624,572,13.05645666647736,80.11226816171019,0.5596904166136422,0.5596904166136422,best,True
6903,N/A,N/A,13.052430975032784,80.11279161881687,572,13.05645666647736,80.11226816171019,0.583661350468259,0.583661350468259,best,True
6724,N/A,N/A,13.0535098,80.1112458,572,13.05645666647736,80.11226816171019,0.44766326439988324,0.44766326439988324,best,True
6628,N/A,N/A,13.052672369036712,80.11280760500524,572,13.05645666647736,80.11226816171019,0.5495476931183505,0.5495476931183505,best,True
6611,N/A,N/A,13.0619186,80.1131518,572,13.05645666647736,80.11226816171019,0.7953557871298927,0.7953557871298927,best,True
8038,N/A,N/A,13.053393958622308,80.11300905790496,572,13.05645666647736,80.11226816171019,0.45269765424907665,0.45269765424907665,best,True
7236,N/A,N/A,13.052488633768718,80.10869160323863,572,13.05645666647736,80.11226816171019,0.761571023826462,0.761571023826462,best,True
901,N/A,N/A,13.05163328929577,80.1126632390267,572,13.05645666647736,80.11226816171019,0.6959322774687762,0.6959322774687762,best,True
1276,N/A,N/A,13.061981585101288,80.11310391031996,572,13.05645666647736,80.11226816171019,0.8032854842082214,0.8032854842082214,best,True
1426,N/A,N/A,13.052397347676855,80.11273017062634,572,13.05645666647736,80.11226816171019,0.5874353339515215,0.5874353339515215,best,True
6068,N/A,N/A,13.062018086261494,80.11308916523768,572,13.05645666647736,80.11226816171019,0.8081782637563352,0.8081782637563352,best,True
5980,N/A,N/A,13.05238227288142,80.1124952903818,572,13.05645666647736,80.11226816171019,0.5868547059727826,0.5868547059727826,best,True
1674,N/A,N/A,13.061973248544003,80.11323686882453,572,13.05645666647736,80.11226816171019,0.8050672022924735,0.8050672022924735,best,True
522,N/A,N/A,13.0528066,80.1107544,572,13.05645666647736,80.11226816171019,0.5666854796285506,0.5666854796285506,best,True
7214,N/A,N/A,13.05247844064199,80.11274165191548,572,13.05645666647736,80.11226816171019,0.576031290577248,0.576031290577248,best,True
97,N/A,N/A,13.0566037,80.1053735,572,13.05645666647736,80.11226816171019,0.9723648184346062,0.9723648184346062,best,True
8862,N/A,N/A,12.9484848,80.20999410000002,573,12.947015910645064,80.20860386032805,0.28824677722892056,0.28824677722892056,best,True
11172,N/A,N/A,12.94278327195209,80.20770178764418,573,12.947015910645064,80.20860386032805,0.621891440261895,0.621891440261895,best,True
4135,N/A,N/A,12.9428728,80.2057423,573,12.947015910645064,80.20860386032805,0.7197113258582829,0.7197113258582829,best,True
694,N/A,N/A,12.948436042061012,80.20536099602361,573,12.947015910645064,80.20860386032805,0.5009627113549093,0.5009627113549093,best,True
292,N/A,N/A,12.9428557,80.2079669,573,12.947015910645064,80.20860386032805,0.605026320467301,0.605026320467301,best,True
1885,N/A,N/A,12.9490313,80.2089704,573,12.947015910645064,80.20860386032805,0.29442677592709654,0.29442677592709654,best,True
6974,N/A,N/A,12.942789840488372,80.20750010613486,573,12.947015910645064,80.20860386032805,0.6274148131279876,0.6274148131279876,best,True
11022,N/A,N/A,12.9693159,80.1896127,574,12.969335308755188,80.18754704694972,0.2913685347082158,0.2913685347082158,best,True
9404,N/A,N/A,12.971001519746547,80.18544841728915,574,12.969335308755188,80.18754704694972,0.3808455557321758,0.3808455557321758,best,True
8886,N/A,N/A,12.9674624,80.1855049,574,12.969335308755188,80.18754704694972,0.39436340812472587,0.39436340812472587,best,True
8307,N/A,N/A,12.96953212487672,80.18555993044701,574,12.969335308755188,80.18754704694972,0.2817033793725595,0.2817033793725595,best,True
732,N/A,N/A,12.9683317,80.1896926,574,12.969335308755188,80.18754704694972,0.33528451826466893,0.33528451826466893,best,True
3527,N/A,N/A,12.974383858165288,80.18869584728456,574,12.969335308755188,80.18754704694972,0.7439392303528459,0.7439392303528459,best,True
5185,N/A,N/A,12.96939584892299,80.1861950602837,574,12.969335308755188,80.18754704694972,0.19089295382275875,0.19089295382275875,best,True
6314,N/A,N/A,12.97069637775388,80.18631121485573,574,12.969335308755188,80.18754704694972,0.26210958719277466,0.26210958719277466,best,True
7497,N/A,N/A,12.9691796,80.1832051,574,12.969335308755188,80.18754704694972,0.6128301494388445,0.6128301494388445,best,True
8073,N/A,N/A,12.96934370699665,80.18615764871825,574,12.969335308755188,80.18754704694972,0.1959748347036716,0.1959748347036716,best,True
4328,N/A,N/A,12.969231281877136,80.1896785638744,574,12.969335308755188,80.18754704694972,0.3010171735426973,0.3010171735426973,best,True
3507,N/A,N/A,12.966011,80.188698,574,12.969335308755188,80.18754704694972,0.5049095049113681,0.5049095049113681,best,True
492,N/A,N/A,12.96857394817821,80.18913571010762,574,12.969335308755188,80.18754704694972,0.24940029984220374,0.24940029984220374,best,True
2606,N/A,N/A,12.968570166384064,80.1895514484947,574,12.969335308755188,80.18754704694972,0.3033772411514847,0.3033772411514847,best,True
5702,N/A,N/A,12.969000198426327,80.18975856289062,574,12.969335308755188,80.18754704694972,0.3156302616957196,0.3156302616957196,best,True
8769,N/A,N/A,12.972616815788252,80.19280569660113,575,12.97066673040299,80.19360112656423,0.3020677230637611,0.3020677230637611,best,True
10313,N/A,N/A,12.966836444707194,80.19297400039882,575,12.97066673040299,80.19360112656423,0.5579254920138397,0.5579254920138397,best,True
10167,N/A,N/A,12.971843500662262,80.19364862683078,575,12.97066673040299,80.19360112656423,0.16937485041711453,0.16937485041711453,best,True
127,N/A,N/A,12.96639846142448,80.19251710390338,575,12.97066673040299,80.19360112656423,0.6326148133800399,0.6326148133800399,best,True
4754,N/A,N/A,12.972100576527904,80.19647205213758,575,12.97066673040299,80.19360112656423,0.4544179443956359,0.4544179443956359,best,True
6363,N/A,N/A,12.9750278,80.19190900000001,575,12.97066673040299,80.19360112656423,0.6710807485613894,0.6710807485613894,best,True
1268,N/A,N/A,12.969365798398156,80.19316632450527,575,12.97066673040299,80.19360112656423,0.1968937668729778,0.1968937668729778,best,True
4529,N/A,N/A,12.96991933970177,80.19473207657998,575,12.97066673040299,80.19360112656423,0.19235284084799853,0.19235284084799853,best,True
7436,N/A,N/A,12.971891836416868,80.19418525812115,575,12.97066673040299,80.19360112656423,0.19450538885633722,0.19450538885633722,best,True
11386,N/A,N/A,13.041447992986118,80.26496488508307,576,13.040424317904012,80.26933118927282,0.633037578026543,0.633037578026543,best,True
10758,N/A,N/A,13.03642911329938,80.26717813141768,576,13.040424317904012,80.26933118927282,0.6498668140369106,0.6498668140369106,best,True
8236,N/A,N/A,13.0429239,80.27377170000001,576,13.040424317904012,80.26933118927282,0.7220015126997101,0.7220015126997101,best,True
9015,N/A,N/A,13.0400833,80.2721408,576,13.040424317904012,80.26933118927282,0.39920022751918316,0.39920022751918316,best,True
9904,N/A,N/A,13.044464110489578,80.26844774658272,576,13.040424317904012,80.26933118927282,0.5942077346860617,0.5942077346860617,best,True
3833,N/A,N/A,13.0368548,80.2676463,576,13.040424317904012,80.26933118927282,0.5656791258809672,0.5656791258809672,best,True
6228,N/A,N/A,13.041659,80.2681459,576,13.040424317904012,80.26933118927282,0.2438557704514255,0.2438557704514255,best,True
5192,N/A,N/A,13.035495996997208,80.26574729601744,576,13.040424317904012,80.26933118927282,0.8705022277427623,0.8705022277427623,best,True
7127,N/A,N/A,13.0368548,80.2676463,576,13.040424317904012,80.26933118927282,0.5656791258809672,0.5656791258809672,best,True
3315,N/A,N/A,13.041805317548402,80.26805930624822,576,13.040424317904012,80.26933118927282,0.2676051162268929,0.2676051162268929,best,True
7734,N/A,N/A,13.044481745155515,80.26636276872095,576,13.040424317904012,80.26933118927282,0.7181334450771353,0.7181334450771353,best,True
6994,N/A,N/A,13.043339181333565,80.27410195954104,576,13.040424317904012,80.26933118927282,0.7926412863705844,0.7926412863705844,best,True
6935,N/A,N/A,13.043423862003156,80.27399651471724,576,13.040424317904012,80.26933118927282,0.7866741995578768,0.7866741995578768,best,True
7958,N/A,N/A,13.0368548,80.2676463,576,13.040424317904012,80.26933118927282,0.5656791258809672,0.5656791258809672,best,True
5976,N/A,N/A,13.044137590554593,80.27028017368897,576,13.040424317904012,80.26933118927282,0.5505524854002979,0.5505524854002979,best,True
5720,N/A,N/A,13.04332107741674,80.27381461534424,576,13.040424317904012,80.26933118927282,0.7571213639046759,0.7571213639046759,best,True
2162,N/A,N/A,13.039280046155426,80.2719716740653,576,13.040424317904012,80.26933118927282,0.40707687509142854,0.40707687509142854,best,True
5579,N/A,N/A,13.03771722011831,80.26427496176548,576,13.040424317904012,80.26933118927282,0.8123462843862107,0.8123462843862107,best,True
5019,N/A,N/A,13.037488186118242,80.27109526299118,576,13.040424317904012,80.26933118927282,0.490093707081369,0.490093707081369,best,True
10273,N/A,N/A,13.1261096,80.2491749,578,13.127295676120578,80.24870624374978,0.18292761243447103,0.18292761243447103,best,True
10771,N/A,N/A,13.1320451,80.2483917,578,13.127295676120578,80.24870624374978,0.6845046501476192,0.6845046501476192,best,True
10827,N/A,N/A,13.1320426,80.2483865,578,13.127295676120578,80.24870624374978,0.6841937452361235,0.6841937452361235,best,True
10821,N/A,N/A,13.1320433,80.2483874,578,13.127295676120578,80.24870624374978,0.6842858575738335,0.6842858575738335,best,True
11086,N/A,N/A,13.132492893942338,80.24692644373454,578,13.127295676120578,80.24870624374978,0.7884468999057361,0.7884468999057361,best,True
10571,N/A,N/A,13.1261096,80.2491749,578,13.127295676120578,80.24870624374978,0.18292761243447103,0.18292761243447103,best,True
8551,N/A,N/A,13.1299664,80.2501027,578,13.127295676120578,80.24870624374978,0.43160617002275065,0.43160617002275065,best,True
4961,N/A,N/A,13.1246439,80.24864079999999,578,13.127295676120578,80.24870624374978,0.3814927239709606,0.3814927239709606,best,True
6049,N/A,N/A,13.1247427,80.246617,578,13.127295676120578,80.24870624374978,0.47068412036337076,0.47068412036337076,best,True
3223,N/A,N/A,13.124937583275605,80.24868770053482,578,13.127295676120578,80.24870624374978,0.33915341943314736,0.33915341943314736,best,True
8135,N/A,N/A,13.12680475722635,80.24926570783428,578,13.127295676120578,80.24870624374978,0.10584917132846874,0.10584917132846874,best,True
4819,N/A,N/A,13.124591659605551,80.24869059164244,578,13.127295676120578,80.24870624374978,0.3889006995101117,0.3889006995101117,best,True
3436,N/A,N/A,13.1251568,80.2490782,578,13.127295676120578,80.24870624374978,0.3120515459570863,0.3120515459570863,best,True
5234,N/A,N/A,13.1261096,80.2491749,578,13.127295676120578,80.24870624374978,0.18292761243447103,0.18292761243447103,best,True
2854,N/A,N/A,13.130039,80.250143,578,13.127295676120578,80.24870624374978,0.4434892610744013,0.4434892610744013,best,True
1125,N/A,N/A,13.122231,80.251063,578,13.127295676120578,80.24870624374978,0.8005860530001093,0.8005860530001093,best,True
5653,N/A,N/A,13.12396,80.2461007,578,13.127295676120578,80.24870624374978,0.6041866040914946,0.6041866040914946,best,True
10534,N/A,N/A,12.9769622,80.2538252,581,12.979133138146144,80.25882541086533,0.7712653876818343,0.7712653876818343,best,True
8399,N/A,N/A,12.976991803997322,80.25908458860454,581,12.979133138146144,80.25882541086533,0.3101273029475541,0.3101273029475541,best,True
6941,N/A,N/A,12.98340406242792,80.2594114772427,581,12.979133138146144,80.25882541086533,0.6197786950295944,0.6197786950295944,best,True
4701,N/A,N/A,12.9747569,80.2561617,581,12.979133138146144,80.25882541086533,0.732992670015031,0.732992670015031,best,True
674,N/A,N/A,12.9781879,80.2643721,581,12.979133138146144,80.25882541086533,0.7940410018648034,0.7940410018648034,best,True
5939,N/A,N/A,12.9811194,80.2599079,581,12.979133138146144,80.25882541086533,0.32390314951372035,0.32390314951372035,best,True
7707,N/A,N/A,12.97888928714726,80.25781768301293,581,12.979133138146144,80.25882541086533,0.14639480546826905,0.14639480546826905,best,True
3100,N/A,N/A,12.977949897498018,80.25911022817232,581,12.979133138146144,80.25882541086533,0.1748501256494374,0.1748501256494374,best,True
2738,N/A,N/A,12.977969388341798,80.25908720203964,581,12.979133138146144,80.25882541086533,0.17139428709141638,0.17139428709141638,best,True
2895,N/A,N/A,12.9769676,80.2567983,581,12.979133138146144,80.25882541086533,0.4227797934968954,0.4227797934968954,best,True
7866,N/A,N/A,12.9830615,80.25947409999999,581,12.979133138146144,80.25882541086533,0.5723348468442477,0.5723348468442477,best,True
2407,N/A,N/A,12.9785775,80.2522848,581,12.979133138146144,80.25882541086533,0.9259562673934922,0.9259562673934922,best,True
9226,N/A,N/A,13.0587341,80.2740342,582,13.058613424552673,80.27406032296757,0.017742109461261632,0.017742109461261632,best,True
9086,N/A,N/A,13.058264225238494,80.27621270270849,582,13.058613424552673,80.27406032296757,0.30760680358536,0.30760680358536,best,True
11377,N/A,N/A,13.0587341,80.2740342,582,13.058613424552673,80.27406032296757,0.017742109461261632,0.017742109461261632,best,True
11079,N/A,N/A,13.0587341,80.2740342,582,13.058613424552673,80.27406032296757,0.017742109461261632,0.017742109461261632,best,True
11270,N/A,N/A,13.0587341,80.2740342,582,13.058613424552673,80.27406032296757,0.017742109461261632,0.017742109461261632,best,True
8205,N/A,N/A,13.0587341,80.2740342,582,13.058613424552673,80.27406032296757,0.017742109461261632,0.017742109461261632,best,True
8774,N/A,N/A,13.0587341,80.2740342,582,13.058613424552673,80.27406032296757,0.017742109461261632,0.017742109461261632,best,True
8648,N/A,N/A,13.0587341,80.2740342,582,13.058613424552673,80.27406032296757,0.017742109461261632,0.017742109461261632,best,True
1848,N/A,N/A,13.0587341,80.2740342,582,13.058613424552673,80.27406032296757,0.017742109461261632,0.017742109461261632,best,True
7171,N/A,N/A,13.057614427414888,80.27318050093339,582,13.058613424552673,80.27406032296757,0.18982053424452214,0.18982053424452214,best,True
7568,N/A,N/A,13.057484871753603,80.27480363804455,582,13.058613424552673,80.27406032296757,0.19320538038855853,0.19320538038855853,best,True
4098,N/A,N/A,13.0587341,80.2740342,582,13.058613424552673,80.27406032296757,0.017742109461261632,0.017742109461261632,best,True
1232,N/A,N/A,13.0587341,80.2740342,582,13.058613424552673,80.27406032296757,0.017742109461261632,0.017742109461261632,best,True
2477,N/A,N/A,13.0587341,80.2740342,582,13.058613424552673,80.27406032296757,0.017742109461261632,0.017742109461261632,best,True
2919,N/A,N/A,13.0587341,80.2740342,582,13.058613424552673,80.27406032296757,0.017742109461261632,0.017742109461261632,best,True
4389,N/A,N/A,13.058716760305744,80.27417901617476,582,13.058613424552673,80.27406032296757,0.022381811879241462,0.022381811879241462,best,True
3369,N/A,N/A,13.0587341,80.2740342,582,13.058613424552673,80.27406032296757,0.017742109461261632,0.017742109461261632,best,True
5091,N/A,N/A,13.058731249696883,80.27412441974849,582,13.058613424552673,80.27406032296757,0.019204958924084328,0.019204958924084328,best,True
3247,N/A,N/A,13.0587341,80.2740342,582,13.058613424552673,80.27406032296757,0.017742109461261632,0.017742109461261632,best,True
3807,N/A,N/A,13.0587341,80.2740342,582,13.058613424552673,80.27406032296757,0.017742109461261632,0.017742109461261632,best,True
362,N/A,N/A,13.0587341,80.2740342,582,13.058613424552673,80.27406032296757,0.017742109461261632,0.017742109461261632,best,True
7037,N/A,N/A,13.058787379736234,80.27417472909147,582,13.058613424552673,80.27406032296757,0.02976778404304882,0.02976778404304882,best,True
7635,N/A,N/A,13.0569349,80.2739821,582,13.058613424552673,80.27406032296757,0.2416576756288294,0.2416576756288294,best,True
3484,N/A,N/A,13.058896155657084,80.27421121793449,582,13.058613424552673,80.27406032296757,0.04589218706167535,0.04589218706167535,best,True
6450,N/A,N/A,13.058828322421974,80.27421459213816,582,13.058613424552673,80.27406032296757,0.037793509950840104,0.037793509950840104,best,True
1068,N/A,N/A,13.058807095597338,80.27421580550993,582,13.058613424552673,80.27406032296757,0.035446218501025,0.035446218501025,best,True
2872,N/A,N/A,13.058806741577548,80.27419946150857,582,13.058613424552673,80.27406032296757,0.034027518770359866,0.034027518770359866,best,True
7557,N/A,N/A,13.0593115,80.2715742,582,13.058613424552673,80.27406032296757,0.3646295662124852,0.3646295662124852,best,True
7549,N/A,N/A,13.0587341,80.2740342,582,13.058613424552673,80.27406032296757,0.017742109461261632,0.017742109461261632,best,True
5644,N/A,N/A,13.058739407180427,80.27415590523407,582,13.058613424552673,80.27406032296757,0.022581350831914995,0.022581350831914995,best,True
11229,N/A,N/A,13.0559645,80.2788557,583,13.056577551620563,80.27825242477722,0.1225118592039307,0.1225118592039307,best,True
10373,N/A,N/A,13.055734554861692,80.27769847433166,583,13.056577551620563,80.27825242477722,0.14422103546362056,0.14422103546362056,best,True
6466,N/A,N/A,13.0580336,80.2782031,583,13.056577551620563,80.27825242477722,0.20952472018617205,0.20952472018617205,best,True
